Session_ID,Trial_ID,Subject_ID,Timestamp,Vicon_Recv_Timestamp,Vicon_Recv_Timestamp_Mono,Vicon_Frame_Num,Vicon_Subject_Name,Vicon_Gap_Flag,Vicon_Gap_Size,Vicon_Original_Valid_Flag,Vicon_LTOE_X,Vicon_LTOE_Y,Vicon_LTOE_Z,Vicon_LANK_X,Vicon_LANK_Y,Vicon_LANK_Z,Vicon_LHEE_X,Vicon_LHEE_Y,Vicon_LHEE_Z,Vicon_RTOE_X,Vicon_RTOE_Y,Vicon_RTOE_Z,Vicon_RANK_X,Vicon_RANK_Y,Vicon_RANK_Z,Vicon_RHEE_X,Vicon_RHEE_Y,Vicon_RHEE_Z
independent_20260508_164641,trial_001,subject_001,1778230002.0020769,1778230002.0020769,952799.9655215,191916,BBS05,0,0,1,-107.33994379221859,620.849550449995,49.49678391109823,-144.87711223889195,409.107259606245,56.457442620132056,-87.73400481910319,338.957207698341,63.730896850638146,190.42884828972242,602.5864457320043,43.36797332805353,164.91801339926997,379.9492538943293,56.78918962729967,95.68494841178233,332.40248982380774,62.29959193404519
independent_20260508_164641,trial_001,subject_001,1778230002.0120804,1778230002.0120804,952799.9758801,191917,BBS05,0,0,1,-107.34401628221173,620.837723839881,49.490046251746,-144.87154981040698,409.0948528457539,56.44567473384477,-87.73173040942892,338.9501597698628,63.73421174456356,190.42632437358284,602.5497305068611,43.35385438546787,164.91412193375442,379.9405558439686,56.789703889306054,95.70914133035646,332.41448689717123,62.29536076699684
independent_20260508_164641,trial_001,subject_001,1778230002.0250793,1778230002.0250793,952799.9888318,191918,BBS05,0,0,1,-107.33927783770214,620.83062036291,49.48633991289771,-144.89333136855277,409.0864870053702,56.48310975560954,-87.7354279257191,338.9465665700118,63.7275922003874,190.44918976091972,602.5556429115372,43.36161609665882,164.90829804526666,379.94886863763395,56.77528894191174,95.74026474286133,332.4442850665766,62.281975766989376
independent_20260508_164641,trial_001,subject_001,1778230002.0350773,1778230002.0350773,952799.9990851,191919,BBS05,0,0,1,-107.33253540131588,620.8413241651112,49.50543845270379,-144.91599143742826,409.07879875791116,56.47763953834494,-87.73358638514368,338.95011577588315,63.7189770295791,190.45380416729915,602.565212593021,43.371354762899664,164.92893970489368,379.9618602221743,56.80839384595212,95.67201803747031,332.3977743432746,62.29397829315235
independent_20260508_164641,trial_001,subject_001,1778230002.045593,1778230002.045593,952800.0093507,191920,BBS05,0,0,1,-107.33504008388131,620.8329973801425,49.486624547702725,-144.90893143958291,409.0829485007433,56.48040284648695,-87.69729870729516,338.95636926489635,63.703343600270095,190.42808413473665,602.5653979330655,43.37927927794249,164.8998071594779,379.92732211473646,56.7759709228603,95.68282070387384,332.40363102449857,62.293844455783784
independent_20260508_164641,trial_001,subject_001,1778230002.0545998,1778230002.0545998,952800.0184194,191921,BBS05,0,0,1,-107.33556584993381,620.8284557179844,49.47981579619817,-144.8910286968177,409.0784891228486,56.444140788237284,-87.73322932235259,338.94199492882154,63.719979342563434,190.43931353670243,602.5660483603946,43.372240765587,164.90606530016763,379.94095144498203,56.783703601911945,95.70141540123632,332.41285673683035,62.293924310033205
independent_20260508_164641,trial_001,subject_001,1778230002.0635908,1778230002.0635908,952800.0269561,191922,BBS05,0,0,1,-107.34362205786746,620.8359595497536,49.50219350559358,-144.90256493399838,409.0858014773744,56.46705445403581,-87.73426474687315,338.9418791643489,63.70834562665506,190.43222462989382,602.5396705770315,43.363746498001646,164.89002672733602,379.92818436219767,56.75812992832217,95.72817638466682,332.4497988162375,62.26753054475536
independent_20260508_164641,trial_001,subject_001,1778230002.0725937,1778230002.0725937,952800.0366532,191923,BBS05,0,0,1,-107.33542071359815,620.823549093413,49.47239520722622,-144.8942429116264,409.0919153783602,56.45445812316253,-87.7099394618514,338.9495148062429,63.683854879913845,190.4401804426953,602.5659029160522,43.372479692734494,164.91970479031005,379.95288909902376,56.79030458271817,95.71259755643031,332.4238759213695,62.28468825347837
independent_20260508_164641,trial_001,subject_001,1778230002.0821054,1778230002.0821054,952800.0460221,191924,BBS05,0,0,1,-107.34634926389293,620.8198445974729,49.47859305445118,-144.911593797212,409.05788447337966,56.4459333902855,-87.73759740216542,338.94317768644083,63.712773954962294,190.4414754570787,602.5458958939442,43.36115368764236,164.90410550184902,379.93857246848694,56.780278122436,95.68945321203121,332.39818848281874,62.29297684956286
independent_20260508_164641,trial_001,subject_001,1778230002.0913393,1778230002.0913393,952800.0554392,191925,BBS05,0,0,1,-107.33338868948427,620.8243054227569,49.468794544503204,-144.89569811626433,409.0740205145806,56.43615677583203,-87.72802448301633,338.93515639200166,63.708234036858116,190.44320821104148,602.566051783196,43.36009537165092,164.89231157484872,379.92749363352544,56.75974739584248,95.70304580576344,332.42608358452725,62.27251383538616
independent_20260508_164641,trial_001,subject_001,1778230002.1013389,1778230002.1013389,952800.0655221,191926,BBS05,0,0,1,-107.33809261743255,620.8082723796681,49.4621506781923,-144.9275227463591,409.015598827868,56.426286863927274,-87.73292448421167,338.93630218683865,63.713319260170536,190.4487301977938,602.5453187592941,43.356310677355275,164.90106476564856,379.93059080441856,56.77341395461727,95.69230523808402,332.3999825380839,62.284700309170134
independent_20260508_164641,trial_001,subject_001,1778230002.1123388,1778230002.1123388,952800.0757066,191927,BBS05,0,0,1,-107.36665649901366,620.8087849061897,49.479674849666985,-144.8916870502162,409.0773501144245,56.42258745279393,-87.74541657434308,338.94372944192,63.70779881224774,190.4389242715444,602.5543219969696,43.361346034366576,164.9136822924774,379.93220795716195,56.7766003811562,95.71063767048223,332.4299907784115,62.283259870462864
independent_20260508_164641,trial_001,subject_001,1778230002.1213388,1778230002.1213388,952800.0855544,191928,BBS05,0,0,1,-107.3522870768992,620.804103200617,49.45905981167948,-144.94214075725964,408.99075548464083,56.42082465533303,-87.73567513844047,338.93462914707493,63.70402594174855,190.4204547126762,602.5537317471748,43.37553201608907,164.90109089582842,379.93028391888345,56.76396584323934,95.73859066941361,332.44323186231276,62.2844900674852
independent_20260508_164641,trial_001,subject_001,1778230002.1318429,1778230002.1318429,952800.0954879,191929,BBS05,0,0,1,-107.36273259023689,620.8231442045295,49.4936217592948,-144.89721534951423,409.01550604651965,56.38343404850168,-87.73391698099422,338.9382075504146,63.712788160805346,190.42439281440753,602.5622545533968,43.36615417351741,164.89783939359162,379.92455566396785,56.76218808361427,95.69360757547796,332.4151746770419,62.29176265633529
independent_20260508_164641,trial_001,subject_001,1778230002.1418474,1778230002.1418474,952800.1057039,191930,BBS05,0,0,1,-107.35723998930082,620.8131343444777,49.473577318920356,-144.90812863476523,409.07047388409643,56.44202206586084,-87.72601517049512,338.94386014146585,63.686418846916375,190.4169585353209,602.5607152444784,43.37036937623984,164.90237576097837,379.9291270989931,56.77503590520844,95.69153510458658,332.419661539605,62.293306170435784
independent_20260508_164641,trial_001,subject_001,1778230002.1550817,1778230002.1550817,952800.1188294,191931,BBS05,0,0,1,-107.35362820442136,620.813773348627,49.47774349988801,-144.88125513267664,409.04458915898005,56.38518774617748,-87.72098491224645,338.9463953879715,63.68227107589623,190.4249510590093,602.5661506003672,43.36372400901273,164.90215700553043,379.92166929378755,56.77043097309596,95.68989019631695,332.4070243417081,62.28884427503776
independent_20260508_164641,trial_001,subject_001,1778230002.1656067,1778230002.1656067,952800.1290621,191932,BBS05,0,0,1,-107.36191276379967,620.8151007113706,49.47763417944211,-144.93267480834618,409.0531126298046,56.455713552642116,-87.732947093933,338.93396811899805,63.69858838842555,190.43875674968987,602.5672083710006,43.35392713167011,164.9049435583503,379.93338770376704,56.764951126075914,95.70494460035424,332.4163820490014,62.28592007607414
independent_20260508_164641,trial_001,subject_001,1778230002.175724,1778230002.175724,952800.1390343,191933,BBS05,0,0,1,-107.3489826861589,620.807893542114,49.459255978198115,-144.89125453438828,409.02750709659244,56.401283854132714,-87.73920219769624,338.93733580055033,63.699566206252584,190.42658419545788,602.5733113791164,43.37284447548694,164.9051375299662,379.9201910483537,56.76888589145929,95.71885193973074,332.436605649325,62.284197687198976
independent_20260508_164641,trial_001,subject_001,1778230002.1846626,1778230002.1846626,952800.1486195,191934,BBS05,0,0,1,-107.38020853098944,620.8217139938581,49.49486665743376,-144.87188367824356,409.07391204103254,56.407033194176215,-87.71906745464534,338.94572025137563,63.686035857938435,190.4226973925627,602.5593394444945,43.33687116956069,164.9080473132438,379.92179610986256,56.76586753067006,95.69537449403788,332.4113205200604,62.29064250444372
independent_20260508_164641,trial_001,subject_001,1778230002.19424,1778230002.19424,952800.1576295,191935,BBS05,0,0,1,-107.3790827150905,620.8132396356381,49.46954900289353,-144.887621296187,409.0800202173645,56.42184956157912,-87.70297349581458,338.9481087330036,63.67010959743585,190.4332847380913,602.5661693346976,43.34656154089733,164.90178884965567,379.92460503556026,56.76412311159299,95.68760919057347,332.3969648149315,62.294359200813965
independent_20260508_164641,trial_001,subject_001,1778230002.2032397,1778230002.2032397,952800.166971,191936,BBS05,0,0,1,-107.3694882922812,620.8368307500419,49.50351535560212,-144.87548146217918,409.0382554047725,56.38946659873951,-87.7357401405661,338.93827312105554,63.70540322950935,190.4401164102513,602.5713451251447,43.338620235429225,164.90647406272174,379.9298736951838,56.76819176137803,95.69027689187476,332.41307111777587,62.29286799659453
independent_20260508_164641,trial_001,subject_001,1778230002.2137213,1778230002.2137213,952800.1769728,191937,BBS05,0,0,1,-107.36033864082601,620.8145893311031,49.464812103631246,-144.89063081388346,409.07524073464236,56.42309800949357,-87.72269169041148,338.94297007778596,63.687554005102214,190.42190278856606,602.5618270415692,43.33915081407017,164.90350725551397,379.92359544865803,56.75943660437995,95.71974187024719,332.4270261311541,62.28933205672486
independent_20260508_164641,trial_001,subject_001,1778230002.2227213,1778230002.2227213,952800.1866767,191938,BBS05,0,0,1,-107.37089126792938,620.812624872625,49.47635372022563,-144.89912904225503,409.0548384468803,56.40530771174257,-87.72566592251574,338.9387922418571,63.70492825327962,190.4211272743329,602.5895613691837,43.349809752846305,164.90381279999445,379.9331258903164,56.77084303470234,95.7309987578446,332.4287804337894,62.294164168267926
independent_20260508_164641,trial_001,subject_001,1778230002.2327206,1778230002.2327206,952800.1967116,191939,BBS05,0,0,1,-107.37819989307314,620.8080999791877,49.47493301273517,-144.90259726125515,409.0814901741155,56.44153898491183,-87.73809433523088,338.9362379331748,63.70562289974459,190.4211302753488,602.5672487101112,43.3274186894775,164.91178838098637,379.93255495528854,56.78807864844396,95.68291816089037,332.4163698054842,62.29915716291515
independent_20260508_164641,trial_001,subject_001,1778230002.2412279,1778230002.2412279,952800.2054448,191940,BBS05,0,0,1,-107.3948220069679,620.8187256319355,49.510439700681694,-144.89466468594523,409.06147955432385,56.41140238760602,-87.74094341647408,338.92922494793174,63.69689584946492,190.4261985955571,602.5743639116846,43.32445769952941,164.9184733515922,379.9328941676056,56.7824710425568,95.73954072869687,332.42774096682535,62.29819498619065
independent_20260508_164641,trial_001,subject_001,1778230002.2521095,1778230002.2521095,952800.2155421,191941,BBS05,0,0,1,-107.3867636510861,620.8010685892531,49.47884682210646,-144.9002925939909,409.0703381352043,56.41807788034174,-87.72200800895757,338.94016157226866,63.68566752156429,190.4285918916042,602.5678242544465,43.32440457964554,164.9340606172541,379.9609882187393,56.81004891607435,95.70795711514985,332.4325630586521,62.30039080722415
independent_20260508_164641,trial_001,subject_001,1778230002.2620633,1778230002.2620633,952800.2256464,191942,BBS05,0,0,1,-107.38786879903623,620.8038743188328,49.48619707541916,-144.90129815126224,409.0299025250189,56.38627823136384,-87.73354092636723,338.93460439463945,63.699321636439414,190.42294575189348,602.5745360997755,43.33908857353159,164.90262228344804,379.937674307138,56.77524675736787,95.70097993799591,332.42724901426766,62.30375518818883
independent_20260508_164641,trial_001,subject_001,1778230002.2720659,1778230002.2720659,952800.2355069,191943,BBS05,0,0,1,-107.37483005062445,620.8077458167148,49.47122212455883,-144.89585207416053,409.040240185733,56.3954437026582,-87.72596102570333,338.9314895249013,63.69047146658285,190.42682915804716,602.5680708770732,43.33733509649331,164.90615492384939,379.92111419229366,56.761968126697674,95.74187193738365,332.44632075737405,62.29117468796471
independent_20260508_164641,trial_001,subject_001,1778230002.2818878,1778230002.2818878,952800.2456693,191944,BBS05,0,0,1,-107.35403282208556,620.7967912394658,49.436856221568334,-144.89281350656273,409.08272538608105,56.435122285012056,-87.73543615736024,338.93452537473183,63.701187419834085,190.42934737470196,602.5811365949606,43.329194016278805,164.90135675736133,379.93369704481864,56.76658673425534,95.7196646431469,332.4316929643302,62.291240041514094
independent_20260508_164641,trial_001,subject_001,1778230002.2915034,1778230002.2915034,952800.255568,191945,BBS05,0,0,1,-107.35781158203851,620.7911258374829,49.45060825674494,-144.93150085866804,408.9854741148728,56.410417327495594,-87.71350892968131,338.94333861195526,63.68708354180527,190.4279392160646,602.5696978787024,43.31487701849426,164.90338159447674,379.9257810247143,56.766003397151074,95.74497012253964,332.45540786940745,62.277550641191304
independent_20260508_164641,trial_001,subject_001,1778230002.301581,1778230002.301581,952800.2654299,191946,BBS05,0,0,1,-107.36403418442866,620.7768816719989,49.42543026558083,-144.9183307215318,409.04464400178114,56.42691878844402,-87.73533212389252,338.94648350723656,63.704785401153764,190.44185274378592,602.567497739948,43.33157645876032,164.91090865922675,379.9463872281348,56.792121536842345,95.70862329042045,332.4232807828509,62.30020147979656
independent_20260508_164641,trial_001,subject_001,1778230002.311581,1778230002.311581,952800.2756264,191947,BBS05,0,0,1,-107.37207288902367,620.764846886524,49.41656000405829,-144.93318074147584,409.0046281878151,56.42392947946391,-87.7400049319256,338.9408742494125,63.6882077667894,190.43798919883739,602.563575986973,43.333228934347915,164.8928111282915,379.93327280359404,56.76400248863701,95.73132877652012,332.4313093317258,62.29488769142251
independent_20260508_164641,trial_001,subject_001,1778230002.3218727,1778230002.3218727,952800.2855771,191948,BBS05,0,0,1,-107.35776508063067,620.7795048505311,49.428739295219145,-144.89635079886432,409.053947876618,56.4160380365247,-87.73930617028803,338.9393171985216,63.701895615660874,190.44367479283545,602.5663209529622,43.33335543786808,164.91509212401562,379.957964209866,56.793878708576784,95.69462883078431,332.423178671726,62.299879557379015
independent_20260508_164641,trial_001,subject_001,1778230002.3308723,1778230002.3308723,952800.295462,191949,BBS05,0,0,1,-107.36901221758409,620.7530429268315,49.41330658698549,-144.89875510924583,409.00602894765785,56.39781584402628,-87.72980747755558,338.93836145919136,63.698885425773014,190.4380249880884,602.5600150065069,43.33532756998443,164.89919394366845,379.92377875545674,56.76554052919639,95.72822278082967,332.4480984045667,62.28620241882963
independent_20260508_164641,trial_001,subject_001,1778230002.34197,1778230002.34197,952800.3054833,191950,BBS05,0,0,1,-107.36660292554322,620.7479038149958,49.407985450894884,-144.93351913082856,408.99730921149273,56.42450439243369,-87.7368613917966,338.9360227288902,63.71481117539883,190.4497348804703,602.5550644150055,43.350504704823145,164.91931038011063,379.9315985565446,56.77318781240187,95.69072743439911,332.41846088629075,62.29919355874409
independent_20260508_164641,trial_001,subject_001,1778230002.3515775,1778230002.3515775,952800.3157341,191951,BBS05,0,0,1,-107.37242940472676,620.7428686619824,49.41759391931665,-144.95532882375707,409.00339289187747,56.451265209244994,-87.73223664531572,338.9459791632267,63.6968313710971,190.4390488755401,602.5519906049423,43.356665776816826,164.89760594498802,379.94399464873686,56.765680501574884,95.7219685182607,332.4356498634775,62.289878560969626
independent_20260508_164641,trial_001,subject_001,1778230002.3615777,1778230002.3615777,952800.3257329,191952,BBS05,0,0,1,-107.36703420838514,620.7528728996211,49.41709716835381,-144.89375510496959,409.0713696827705,56.438122900633594,-87.73049595364779,338.93004529890203,63.706332364447356,190.44210723724441,602.555080329003,43.35938079882203,164.914385923894,379.94446610339753,56.79531631013606,95.68118616625804,332.4095094764268,62.29730351488576
independent_20260508_164641,trial_001,subject_001,1778230002.3720384,1778230002.3720384,952800.3355571,191953,BBS05,0,0,1,-107.36415356287289,620.7359087253067,49.42511455593949,-144.9017499070311,409.04253066946904,56.42222363042034,-87.73607132277397,338.92615470059536,63.703698575278125,190.43982588261125,602.5487501735505,43.36503069249271,164.9024593018159,379.9236589841318,56.76104950210812,95.74164853934552,332.449434960254,62.28197726993852
independent_20260508_164641,trial_001,subject_001,1778230002.3822312,1778230002.3822312,952800.3455695,191954,BBS05,0,0,1,-107.36119176041863,620.739359422279,49.43107271067407,-144.89312052768815,409.08693354868853,56.43759948648649,-87.7408912211926,338.9327941354723,63.697165095268865,190.4431528882386,602.5344448253912,43.34057376546837,164.90240191289527,379.93821486685954,56.77406490540877,95.71588184207883,332.4276581338407,62.28954232239735
independent_20260508_164641,trial_001,subject_001,1778230002.3953,1778230002.3953,952800.3588605,191955,BBS05,0,0,1,-107.36519734321554,620.7479997531104,49.431027086893394,-144.87588360197455,409.07928332212015,56.42388949808287,-87.73019955355355,338.9249290951862,63.69220929836567,190.43502538113606,602.5480601086907,43.35906066401713,164.9082220869215,379.9307163608903,56.77430052020465,95.74292495329827,332.4464691961724,62.28458160168671
independent_20260508_164641,trial_001,subject_001,1778230002.4056385,1778230002.4056385,952800.3692711,191956,BBS05,0,0,1,-107.36454219386556,620.7311083587854,49.42448425669439,-144.91510272678715,409.02019437788067,56.424301652612755,-87.73270043225736,338.92506824550503,63.69643317343091,190.44704472932756,602.5428577201494,43.349968207526345,164.92399555645562,379.94337221321797,56.79141211607541,95.7062839162972,332.4178934975543,62.29343938941897
independent_20260508_164641,trial_001,subject_001,1778230002.4146383,1778230002.4146383,952800.3788241,191957,BBS05,0,0,1,-107.35835657251981,620.73607519022,49.42901062156564,-144.89836147762892,408.99696681024653,56.382043027287445,-87.69839346442438,338.93113776824725,63.65620271952606,190.43558572073215,602.5445706022017,43.34862671392186,164.8923274740009,379.92706343265553,56.75396058986281,95.74533686292916,332.43783651772077,62.27881369778329
independent_20260508_164641,trial_001,subject_001,1778230002.424999,1778230002.424999,952800.3886365,191958,BBS05,0,0,1,-107.34541114690221,620.7445105806377,49.42725566377399,-144.88818861163668,408.9889171692929,56.387349060263105,-87.7154074264561,338.9289401049792,63.66452990913419,190.446404587525,602.5486448599557,43.349125936470024,164.91976040713163,379.9332846394133,56.77418464041285,95.7044682191882,332.4199591310399,62.28336844284157
independent_20260508_164641,trial_001,subject_001,1778230002.4349992,1778230002.4349992,952800.3985989,191959,BBS05,0,0,1,-107.36043827218529,620.7332426102399,49.43200054178986,-144.88159128706894,408.99084331194763,56.37246905608387,-87.74558099353348,338.92567034970784,63.677840651803606,190.45433106253105,602.5268641392652,43.331698573092986,164.9034689386106,379.92482958566734,56.75915112253117,95.70221296644866,332.41472669572755,62.29202231907846
independent_20260508_164641,trial_001,subject_001,1778230002.4435077,1778230002.4435077,952800.406828,191960,BBS05,0,0,1,-107.34587744253015,620.7383415050664,49.42572625923993,-144.9291618924175,408.9531961667991,56.39215252846517,-87.74187705495822,338.92493062078347,63.67373150060962,190.44740355364962,602.5418589857852,43.33459663241956,164.89921878454004,379.93175237390744,56.74978227226641,95.71422669151545,332.4110745928612,62.293308849885065
independent_20260508_164641,trial_001,subject_001,1778230002.451697,1778230002.451697,952800.4155211,191961,BBS05,0,0,1,-107.3602903336376,620.7428426866408,49.44179242026416,-144.91281006487029,409.03604667702916,56.42914053189982,-87.73739057488766,338.9187690663114,63.67777949177604,190.43453790690566,602.5457836770398,43.3490276852267,164.9003029792013,379.92381859631627,56.749580794052605,95.74551123722802,332.43166274236034,62.28266680569629
independent_20260508_164641,trial_001,subject_001,1778230002.461697,1778230002.461697,952800.4255246,191962,BBS05,0,0,1,-107.34754923192384,620.7373369840426,49.4246718484209,-144.94944733167407,408.9662775262533,56.417123460201324,-87.74191207941477,338.9264904125982,63.67428663770471,190.44178655105273,602.5495688371718,43.35706200337624,164.90857363381744,379.92754088669557,56.76017441056232,95.71721623017831,332.4232182463467,62.28688002086015
independent_20260508_164641,trial_001,subject_001,1778230002.47216,1778230002.47216,952800.435556,191963,BBS05,0,0,1,-107.36241595166517,620.7354783644702,49.424689469586575,-144.9165363896493,408.9844788946736,56.39233616666936,-87.7265836134285,338.92325924039113,63.67354135435282,190.45463765897378,602.5423982792362,43.346083927231135,164.9115172746384,379.92134671741735,56.75919166480143,95.70871125918728,332.41554996628673,62.2971771805641
independent_20260508_164641,trial_001,subject_001,1778230002.4821594,1778230002.4821594,952800.4454991,191964,BBS05,0,0,1,-107.36011527609821,620.739939498883,49.42394409510223,-144.89560772338933,409.0027407894051,56.38837755999692,-87.70732985906885,338.9397063494994,63.6645450594111,190.4429911471953,602.5622124805186,43.33371252501788,164.9055962716961,379.9328902376856,56.75507844705639,95.70587671535439,332.4227132278017,62.29117909705815
independent_20260508_164641,trial_001,subject_001,1778230002.4922326,1778230002.4922326,952800.4554698,191965,BBS05,0,0,1,-107.36504677097619,620.7415395239436,49.43118996145398,-144.89576162802356,408.99655756855503,56.38029960080354,-87.7252630482278,338.92797220659793,63.6675805212138,190.45300127806442,602.5501627934652,43.33438197364483,164.91520165078222,379.9256305892745,56.763974305638826,95.7167260421223,332.4299279917516,62.29095476731702
independent_20260508_164641,trial_001,subject_001,1778230002.502231,1778230002.502231,952800.4655765,191966,BBS05,0,0,1,-107.36228788617917,620.7403494733189,49.42400109739874,-144.90878583851975,408.98351698835154,56.37874655423667,-87.73599338770086,338.91974061329194,63.67875493651107,190.45404240303463,602.5691695530601,43.33767877517597,164.9338607921443,379.94851568722817,56.783873367096305,95.71311918401132,332.42991107902753,62.28454028531036
independent_20260508_164641,trial_001,subject_001,1778230002.5115674,1778230002.5115674,952800.4756329,191967,BBS05,0,0,1,-107.3632369630565,620.7374948591928,49.41734807880611,-144.90622715072476,409.0012146688754,56.390261678252386,-87.73558080793369,338.9208134987439,63.67900146604248,190.4461381712187,602.5488240064303,43.32950786594501,164.91708211419785,379.9280940735234,56.76932914204573,95.68195336597199,332.4073119600432,62.294708430343185
independent_20260508_164641,trial_001,subject_001,1778230002.522186,1778230002.522186,952800.485801,191968,BBS05,0,0,1,-107.36707513222277,620.7300943902341,49.41816151257778,-144.88438760552881,409.0697293771975,56.42128598777334,-87.72634859959103,338.9321260334264,63.68171154453418,190.45221337187078,602.5398315004522,43.30438199987789,164.91980894012497,379.9419743303201,56.775858744691654,95.71617477888748,332.4136003375508,62.29992872418508
independent_20260508_164641,trial_001,subject_001,1778230002.531186,1778230002.531186,952800.4954926,191969,BBS05,0,0,1,-107.36327859983534,620.7410265689213,49.41348211407933,-144.89857437866195,409.03612021301996,56.405688134933854,-87.72856328486135,338.9299097304183,63.683223857771566,190.43914289171437,602.549981920181,43.31553871269064,164.90863895869506,379.9255281664746,56.75923710045946,95.73999919823537,332.4505858001336,62.284093510093754
independent_20260508_164641,trial_001,subject_001,1778230002.5416958,1778230002.5416958,952800.505518,191970,BBS05,0,0,1,-107.35606880621538,620.7550811948774,49.415938928921214,-144.88922074034488,409.01915310062543,56.38250256299123,-87.72431816337333,338.93517803361885,63.668822470655044,190.44336404549654,602.5724879449093,43.31540737162226,164.91947121325924,379.93913400326113,56.77029430459298,95.71922437610122,332.43354452226924,62.295278531236704
independent_20260508_164641,trial_001,subject_001,1778230002.551695,1778230002.551695,952800.5157733,191971,BBS05,0,0,1,-107.36915220207632,620.7400155425297,49.41907245744321,-144.8652284642587,409.0319180953578,56.38410797420797,-87.71821944433643,338.9328017254278,63.672872125417385,190.4437862954432,602.5683782065091,43.31941649074543,164.91840360543614,379.9355775623095,56.76461063473878,95.73854790441845,332.4563750442337,62.28617856332491
independent_20260508_164641,trial_001,subject_001,1778230002.5616946,1778230002.5616946,952800.5256455,191972,BBS05,0,0,1,-107.3656140108831,620.7366236316976,49.415746711493675,-144.9177078846863,409.0376062024515,56.430478333338876,-87.72512097714015,338.93409516012866,63.69062703077197,190.44664976854676,602.5877699729596,43.30895509337455,164.9080739186284,379.93547655738627,56.76483291631308,95.73832242510768,332.46195532029776,62.29338091843679
independent_20260508_164641,trial_001,subject_001,1778230002.5717018,1778230002.5717018,952800.5356688,191973,BBS05,0,0,1,-107.35546775773955,620.7434379744874,49.41959656918121,-144.91453399527583,408.9768533458955,56.38514710463607,-87.74115884615178,338.9246385387285,63.684724452966655,190.44898084629054,602.5652389916879,43.293818838823405,164.93074303856372,379.9539814509247,56.78330250675013,95.74342842459032,332.4578917840366,62.30105476424102
independent_20260508_164641,trial_001,subject_001,1778230002.581208,1778230002.581208,952800.5454058,191974,BBS05,0,0,1,-107.35797288545982,620.7432276035828,49.41780145708922,-144.88498244967693,409.00378536768926,56.36711147172556,-87.726924243593,338.93200167656215,63.68051787188531,190.4496241128412,602.5809889102776,43.31018409235059,164.9316733387689,379.95477117682105,56.78347749595974,95.74968609243368,332.4527173692523,62.304446047755654
independent_20260508_164641,trial_001,subject_001,1778230002.5923502,1778230002.5923502,952800.5556684,191975,BBS05,0,0,1,-107.35510680112954,620.7483698320659,49.41474215910172,-144.8684173258628,409.04949941764005,56.39926058176624,-87.74005495413512,338.92162711769686,63.678205214263954,190.44860427313083,602.6014537874473,43.31463766713502,164.9274831939138,379.94793088032316,56.77071108459481,95.74031104178883,332.46258005490796,62.28883684030627
independent_20260508_164641,trial_001,subject_001,1778230002.6013496,1778230002.6013496,952800.5654134,191976,BBS05,0,0,1,-107.37078720465485,620.7438290952481,49.41230342027847,-144.8759792573188,409.0613777740885,56.40708425385997,-87.71302272611523,338.94028640629875,63.666418921123636,190.45784794337482,602.5800693880057,43.28825304458118,164.91091943017307,379.9344120646989,56.75123621833985,95.74798720835513,332.463304562779,62.30623850935533
independent_20260508_164641,trial_001,subject_001,1778230002.6123497,1778230002.6123497,952800.5758753,191977,BBS05,0,0,1,-107.35615467869239,620.7450934510338,49.412427233176516,-144.88516484509864,408.99310502348186,56.38781110280772,-87.72256222742323,338.93694578481177,63.68741265173702,190.46893551669288,602.5728554775457,43.281917366131985,164.9171746182089,379.9437049658227,56.755816063849295,95.75521848877486,332.4602819367781,62.298541425482576
independent_20260508_164641,trial_001,subject_001,1778230002.6214323,1778230002.6214323,952800.5855616,191978,BBS05,0,0,1,-107.33645851974624,620.7475628320112,49.40751407894495,-144.89408821206774,409.04006016866197,56.42463817284541,-87.70485049461983,338.9436598681977,63.66621581908532,190.4678661121118,602.5782795357308,43.29357714790368,164.92411834055162,379.94652109020876,56.761265146855145,95.75462479192417,332.464546686971,62.30127726336407
independent_20260508_164641,trial_001,subject_001,1778230002.631644,1778230002.631644,952800.5953812,191979,BBS05,0,0,1,-107.36448761955712,620.7523549407174,49.419829520526186,-144.87018452255765,409.02680508892746,56.391527234455474,-87.73409966047973,338.92832782984686,63.68193629194161,190.45938231862957,602.5689537543649,43.26793430635371,164.91194510380788,379.940253946201,56.75251849151765,95.70982889659714,332.4103905126388,62.320774276051594
independent_20260508_164641,trial_001,subject_001,1778230002.64185,1778230002.64185,952800.6053387,191980,BBS05,0,0,1,-107.32478060412829,620.7617148532003,49.411908564851075,-144.89082326619157,409.0563544646657,56.44962658536339,-87.70380257244352,338.9381034572944,63.6594857787968,190.46084816391337,602.5807865948814,43.27926373710466,164.94917573706002,379.9739060247232,56.78860672756869,95.72667882458931,332.4433037105792,62.30785860483829
independent_20260508_164641,trial_001,subject_001,1778230002.6515987,1778230002.6515987,952800.6154029,191981,BBS05,0,0,1,-107.31390854290602,620.7628480278704,49.396840735944444,-144.89836789025213,409.0049560937209,56.38763175498497,-87.73227199268011,338.9327514347578,63.68332942465791,190.45235300622397,602.5642665688104,43.26416754353135,164.928206630749,379.9559245201294,56.76908375915698,95.7546470808047,332.46497665717874,62.30349207542434
independent_20260508_164641,trial_001,subject_001,1778230002.6616175,1778230002.6616175,952800.6257183,191982,BBS05,0,0,1,-107.33600540237501,620.7601921401721,49.41162302783706,-144.91985401831104,408.9996508130143,56.395695663000446,-87.72537918954689,338.92863476153855,63.678303631498565,190.45490978998868,602.5710468975235,43.259316501255206,164.93030124046746,379.95405924967235,56.772096762520576,95.75397414620666,332.4633945274595,62.3046209913616
independent_20260508_164641,trial_001,subject_001,1778230002.6716352,1778230002.6716352,952800.635585,191983,BBS05,0,0,1,-107.31612388114594,620.7701161198637,49.393081613124075,-144.9035298547086,408.99051075145474,56.378606211833095,-87.73037394753099,338.92137010032803,63.672676543578795,190.4564985142439,602.5800666324685,43.25545105110884,164.91642439471087,379.94060132280345,56.74062497247501,95.75604473190543,332.4634762211218,62.30677170629577
independent_20260508_164641,trial_001,subject_001,1778230002.681458,1778230002.681458,952800.6455809,191984,BBS05,0,0,1,-107.30669266185188,620.7674249268092,49.38380706771143,-144.89506283063238,409.05576340176225,56.429825361785845,-87.73208719206022,338.9201659876462,63.676918044875435,190.46254726216478,602.5789507830199,43.26032638102895,164.91156619642993,379.95194318391225,56.74290324449575,95.75489873582622,332.4629937774945,62.31517028882141
independent_20260508_164641,trial_001,subject_001,1778230002.69163,1778230002.69163,952800.6553911,191985,BBS05,0,0,1,-107.32851580635915,620.7639165174936,49.40608714842541,-144.9259171058675,408.94949372696686,56.38578167024309,-87.7096584517602,338.9311673195735,63.66591368600462,190.47664072535196,602.5795726770774,43.264947575750256,164.91080018249104,379.9429411502913,56.740660924247884,95.73817861672187,332.4595690631317,62.30246781433264
independent_20260508_164641,trial_001,subject_001,1778230002.701692,1778230002.701692,952800.6657038,191986,BBS05,0,0,1,-107.3133064932557,620.8095372230794,49.432619555374984,-144.87583246827919,408.9919323756136,56.358757795004664,-87.71786959825849,338.92995042954874,63.64799909634951,190.46550154263662,602.5747504260829,43.254365986055596,164.93413506258145,379.9675893013216,56.77031328101719,95.71015010023999,332.4310302748826,62.31819533183725
independent_20260508_164641,trial_001,subject_001,1778230002.7117512,1778230002.7117512,952800.6756118,191987,BBS05,0,0,1,-107.30085808011037,620.8032585895307,49.42280164690711,-144.87665624547196,409.0351304598278,56.390693113107396,-87.72904864518233,338.93012135077004,63.66796836492173,190.47042672056867,602.5759457260891,43.260930213477174,164.90885348843233,379.94818625164174,56.739061671411086,95.71874289544992,332.4468657657165,62.312704870682424
independent_20260508_164641,trial_001,subject_001,1778230002.7216058,1778230002.7216058,952800.6852212,191988,BBS05,0,0,1,-107.30127044594887,620.8009296621536,49.427530049438886,-144.90156934645142,409.0454393215714,56.43083631111951,-87.7078101808376,338.9352911464691,63.654477878595465,190.46031262811297,602.5873094594565,43.254487540819234,164.91986792486387,379.95029130710276,56.74972610419751,95.70774864629621,332.4416798311961,62.31603318858247
independent_20260508_164641,trial_001,subject_001,1778230002.7316089,1778230002.7316089,952800.6955768,191989,BBS05,0,0,1,-107.31119829806677,620.7653876849216,49.393064251621105,-144.88986742677704,408.9963076963651,56.36267815915317,-87.7010962807681,338.92835365543834,63.64557131593327,190.46809525885914,602.5730926208893,43.239324677466286,164.92578102887236,379.96031098352216,56.75829946042727,95.75367355091369,332.4611208245307,62.312873241576675
independent_20260508_164641,trial_001,subject_001,1778230002.7421176,1778230002.7421176,952800.7054009,191990,BBS05,0,0,1,-107.3006131171509,620.8055011596017,49.42679609280126,-144.90976058879588,408.9718683173082,56.375692886157125,-87.73059081101601,338.925869192999,63.68079644439105,190.47043747602663,602.5757030238216,43.24723959091823,164.91732884685595,379.95311825899364,56.735242080984825,95.73922867437071,332.4555993891546,62.31779887121013
independent_20260508_164641,trial_001,subject_001,1778230002.752127,1778230002.752127,952800.7155936,191991,BBS05,0,0,1,-107.30034017843586,620.801549934031,49.41658947569395,-144.8947402183398,408.99002161606984,56.37685636844641,-87.70765215171328,338.9484426895659,63.65665848987543,190.47795590274106,602.5804410233042,43.24747811526023,164.93684170455526,379.9717418208169,56.76597650643957,95.76082083317903,332.47068585822086,62.311787684328095
independent_20260508_164641,trial_001,subject_001,1778230002.7618852,1778230002.7618852,952800.7257184,191992,BBS05,0,0,1,-107.30162038418841,620.8010547034052,49.4041974656222,-144.89213104979254,409.0158167140808,56.374701922178474,-87.71061191446357,338.9359438425698,63.66134695843001,190.47150149112522,602.5771283726133,43.23944583684357,164.9229241399355,379.95082902786606,56.74008653391134,95.74533077305362,332.45636698697274,62.31744522602342
independent_20260508_164641,trial_001,subject_001,1778230002.7718897,1778230002.7718897,952800.7355287,191993,BBS05,0,0,1,-107.28468608236643,620.8156102827556,49.413753090983995,-144.8965201324037,409.0167148076434,56.41354840590985,-87.73803104670367,338.91966240185747,63.675269347834714,190.46270390894898,602.5764099532604,43.23438809666363,164.92133520811328,379.96417669257977,56.750608117473185,95.7586309282306,332.4747614017212,62.3165142646466
independent_20260508_164641,trial_001,subject_001,1778230002.7822735,1778230002.7822735,952800.7456576,191994,BBS05,0,0,1,-107.31303408636899,620.7710031180428,49.381306096281826,-144.89701229729124,408.97789657815326,56.38316419421253,-87.72171329249718,338.9291182146807,63.661298354154766,190.46301016115143,602.5630691061856,43.226404772100736,164.9196518523317,379.9613691928228,56.739161842489146,95.75275222665618,332.4773826767784,62.309428643761585
independent_20260508_164641,trial_001,subject_001,1778230002.792286,1778230002.792286,952800.7555553,191995,BBS05,0,0,1,-107.30675800652912,620.778342822518,49.39108162806568,-144.89161106314893,409.0085896408733,56.38983555517379,-87.7134765148418,338.9384423459844,63.671000072819034,190.4659566086309,602.5849700584799,43.22901216191737,164.92392378597708,379.9530049130889,56.73325086313592,95.76885656195122,332.46963192717203,62.32278074215856
independent_20260508_164641,trial_001,subject_001,1778230002.8022954,1778230002.8022954,952800.7655936,191996,BBS05,0,0,1,-107.30629342869952,620.8083486905257,49.40286606480168,-144.87440460576246,408.99466047438557,56.377487815012984,-87.71998966789083,338.9360543342272,63.67990244894594,190.465480135919,602.6002011502997,43.235211927199806,164.91766596891745,379.95221681832686,56.73672964825047,95.76176769474951,332.4734958912237,62.31518899989258
independent_20260508_164641,trial_001,subject_001,1778230002.8118038,1778230002.8118038,952800.7753918,191997,BBS05,0,0,1,-107.32445570537723,620.7749557862214,49.38460445514803,-144.89547772890737,409.0054908791295,56.393441325582906,-87.73578977656325,338.9228266820162,63.678811233582095,190.4583538497324,602.5863557453581,43.228414993861776,164.92382006992935,379.9550510232057,56.74859735740886,95.76317641901413,332.4739097177793,62.31619743665532
independent_20260508_164641,trial_001,subject_001,1778230002.8218307,1778230002.8218307,952800.7856307,191998,BBS05,0,0,1,-107.30282008924002,620.8021020724938,49.4173579532985,-144.89546633281577,409.00310088945,56.39199969170913,-87.71562489807481,338.9290815971376,63.66922484644316,190.4647235181971,602.5754510033488,43.23565966829535,164.93233265535034,379.96026004472293,56.7464704166238,95.73597137963702,332.4493572494706,62.32201692581863
independent_20260508_164641,trial_001,subject_001,1778230002.8322756,1778230002.8322756,952800.7956794,191999,BBS05,0,0,1,-107.30939457035991,620.7833842310046,49.39014222058989,-144.8999973476285,408.9723636242345,56.37721252431313,-87.7154235099997,338.93462406233823,63.65927544362764,190.46056982823362,602.5734780591264,43.219288947850075,164.92555012514856,379.95762644266745,56.7522722852233,95.76091349691167,332.46859388037626,62.31158036165184
independent_20260508_164641,trial_001,subject_001,1778230002.8422825,1778230002.8422825,952800.8055933,192000,BBS05,0,0,1,-107.31212549706254,620.8077285098943,49.40830500134153,-144.87411388431437,408.9932256627962,56.36724003054593,-87.70135411548964,338.9320263059695,63.65507571247669,190.47258804986012,602.5768886467987,43.22757089354048,164.93369205323557,379.9742007335009,56.746791814798044,95.75701807170931,332.4740754810305,62.31003965877863
independent_20260508_164641,trial_001,subject_001,1778230002.8519626,1778230002.8519626,952800.8153663,192001,BBS05,0,0,1,-107.32965922516873,620.7740344039274,49.37914521270418,-144.89799696278044,408.99625104584663,56.38587804405901,-87.72491277561399,338.93161054688125,63.67339457033901,190.4534062895619,602.5730450129723,43.215801431251386,164.91472106748424,379.9589202988924,56.72970544873429,95.7555745134178,332.46449168155556,62.30857008754906
independent_20260508_164641,trial_001,subject_001,1778230002.8618698,1778230002.8618698,952800.8256331,192002,BBS05,0,0,1,-107.32913808378883,620.7758173660364,49.39167837234845,-144.89394194061293,408.9873823824203,56.37482371858786,-87.71923925580839,338.93444263640447,63.65514504482275,190.48820746770969,602.6077844297731,43.22811779834164,164.92438939831266,379.9617907536655,56.729591496995006,95.7161932657049,332.432629339202,62.323054473622214
independent_20260508_164641,trial_001,subject_001,1778230002.8718784,1778230002.8718784,952800.8355843,192003,BBS05,0,0,1,-107.30338478307115,620.7786632440711,49.37894386037858,-144.9066584277269,408.9761324830204,56.391716646665785,-87.73226388737588,338.9250018612458,63.664566676547594,190.46037267306997,602.563589331246,43.20711065892479,164.94378728316656,379.98154720122034,56.75481851399619,95.76753031629046,332.4670720364757,62.311290621167636
independent_20260508_164641,trial_001,subject_001,1778230002.8813891,1778230002.8813891,952800.8456464,192004,BBS05,0,0,1,-107.30604557443819,620.7980380743882,49.41535623930902,-144.8855545771662,409.01920207208457,56.391034969427324,-87.70850536239658,338.9306356464367,63.637724622940375,190.47355151960662,602.5972567251099,43.213061898828606,164.9403154366839,379.9715220777942,56.74985329465591,95.76228987497515,332.4658733712884,62.30802236419749
independent_20260508_164641,trial_001,subject_001,1778230002.8952897,1778230002.8952897,952800.8590352,192005,BBS05,0,0,1,-107.3142103546233,620.7663062842596,49.37576979648848,-144.91953289332233,408.9536607549056,56.36828571069764,-87.70806910648395,338.93440033125415,63.64341061788751,190.45800346459825,602.5879228541945,43.20012852008234,164.9444569518768,379.9867833716202,56.75393980621619,95.75257636351336,332.47054787460064,62.309017389546256
independent_20260508_164641,trial_001,subject_001,1778230002.9052877,1778230002.9052877,952800.8690309,192006,BBS05,0,0,1,-107.30330154091477,620.7974820962788,49.42329550302585,-144.8747778527011,408.99063665520634,56.35625553281189,-87.7053516118888,338.93050671663485,63.644703030906236,190.46204706916143,602.577510801116,43.18086622555426,164.92443476430637,379.96183645669623,56.72880655157312,95.75804154959701,332.4668478454078,62.30198846454708
independent_20260508_164641,trial_001,subject_001,1778230002.9154708,1778230002.9154708,952800.8788257,192007,BBS05,0,0,1,-107.30919666226393,620.80663692398,49.422474976823615,-144.89103722006357,408.9805524536701,56.36111291113153,-87.7051879993263,338.9192029092659,63.63729059868753,190.45729943871703,602.5825311860074,43.17088988964389,164.92241565122563,379.9472870222266,56.716340197432736,95.76329830461223,332.46740409362314,62.302482103063205
independent_20260508_164641,trial_001,subject_001,1778230002.925498,1778230002.925498,952800.8890694,192008,BBS05,0,0,1,-107.305460686049,620.7998661518438,49.413750371143344,-144.90230883855656,408.97045446421083,56.37013158716029,-87.69836335523694,338.93162227043894,63.633712948778424,190.47260437968032,602.5804038128808,43.180680676589134,164.91924590943043,379.9505862769358,56.72066504816004,95.76025937650778,332.47951379019736,62.30525680547047
independent_20260508_164641,trial_001,subject_001,1778230002.9355183,1778230002.9355183,952800.8987849,192009,BBS05,0,0,1,-107.31671528638392,620.8210340168324,49.44961855435724,-144.88601085757864,408.97250679741035,56.360271387469936,-87.72669292698791,338.90672708706313,63.660409309606095,190.468609375103,602.6085688196151,43.181811324095406,164.93752123417602,379.97892540614544,56.751514086020464,95.76161712137566,332.47800023626024,62.308787192900944
independent_20260508_164641,trial_001,subject_001,1778230002.943028,1778230002.943028,952800.906902,192010,BBS05,0,0,1,-107.30361645768323,620.8066768835115,49.43498639154703,-144.8628263783337,408.9654194415766,56.333955058627616,-87.69356116070038,338.9231706029233,63.62829486190068,190.4542868338659,602.5692282838331,43.152889470712175,164.95565262550966,379.9783286689505,56.75990264708008,95.7627609702518,332.4792002604311,62.307254911611444
independent_20260508_164641,trial_001,subject_001,1778230002.9530282,1778230002.9530282,952800.9164578,192011,BBS05,0,0,1,-107.31563347147431,620.8061342314542,49.43522005336004,-144.88812128305983,408.9655619254366,56.37158535985034,-87.72054200896878,338.9161939310653,63.64946717463996,190.4642477300699,602.6040281678323,43.17304060826565,164.9518028821023,379.97625121640056,56.75355990137051,95.77901106462254,332.4895605826908,62.31249211328293
independent_20260508_164641,trial_001,subject_001,1778230002.96203,1778230002.96203,952800.9256558,192012,BBS05,0,0,1,-107.29847870771474,620.8304027433526,49.45400715909901,-144.87564621486348,408.9843688323897,56.36091335509312,-87.69492142725939,338.9223050627973,63.63209985269974,190.4860417441328,602.6100414698348,43.16640283203453,164.92999257966275,379.9481235113361,56.73130316222333,95.73105119768522,332.46859962962776,62.31686132505017
independent_20260508_164641,trial_001,subject_001,1778230002.972032,1778230002.972032,952800.9354266,192013,BBS05,0,0,1,-107.29951363285521,620.8004700753759,49.43803061807646,-144.8854799471516,408.9622104327602,56.37063497273221,-87.69174544469242,338.9169846776537,63.62388021097,190.4630942801873,602.5733784872608,43.13777441878493,164.94438368163662,379.96728854984565,56.74594406271925,95.76824173936782,332.47729079787314,62.31272260434821
independent_20260508_164641,trial_001,subject_001,1778230002.9820325,1778230002.9820325,952800.9456474,192014,BBS05,0,0,1,-107.31798325689923,620.8002517544827,49.450254257978116,-144.86349467906064,408.9923361845972,56.36121859438362,-87.70233257449607,338.91302037768037,63.63682030886096,190.45844066772457,602.5876157354063,43.15285070585371,164.92730822369268,379.9695239546335,56.73560694549027,95.75591943288875,332.4892512127094,62.31705011014333
independent_20260508_164641,trial_001,subject_001,1778230002.9916892,1778230002.9916892,952800.9554511,192015,BBS05,0,0,1,-107.31213349713072,620.8124845904662,49.44799783639008,-144.8732974079455,408.9775091828954,56.36317570244567,-87.68273931231317,338.92366679516044,63.608763956052016,190.45141759296757,602.5849740333432,43.14502597826272,164.93521826419112,379.9818593942311,56.748151495443594,95.76782022736664,332.48056031723286,62.32249678486932
independent_20260508_164641,trial_001,subject_001,1778230003.0023136,1778230003.0023136,952800.9657349,192016,BBS05,0,0,1,-107.31468948103921,620.8070866949238,49.45112184711458,-144.88320246420656,408.9668952547873,56.360872816998324,-87.70134622991306,338.91478219448055,63.62990139622092,190.46104735776603,602.5909549072609,43.162418681670225,164.942160654339,379.9606736671603,56.74539721199307,95.75504421006647,332.49084519333474,62.311384939789036
independent_20260508_164641,trial_001,subject_001,1778230003.011699,1778230003.011699,952800.9757001,192017,BBS05,0,0,1,-107.30026036792117,620.8220082880819,49.46218165623094,-144.85148448448993,408.99043172263464,56.34844959995112,-87.69531413232025,338.9113731847574,63.62495984885628,190.47054542086545,602.5988442429338,43.1496741510878,164.94214345062832,379.97473829112863,56.745485059889674,95.76772698017955,332.48196130131254,62.319910655638644
independent_20260508_164641,trial_001,subject_001,1778230003.0216966,1778230003.0216966,952800.985418,192018,BBS05,0,0,1,-107.30802037225568,620.7983489725141,49.445949031303854,-144.87549335729474,408.97415489155543,56.34648777812622,-87.68574655540259,338.91364502496447,63.622513274039854,190.4588501766113,602.5676568985192,43.12009512378654,164.91370587522837,379.95458499838617,56.72906638168044,95.75952576373136,332.4813412689094,62.31389212011424
independent_20260508_164641,trial_001,subject_001,1778230003.0316963,1778230003.0316963,952800.9956344,192019,BBS05,0,0,1,-107.3247792165044,620.8076642270945,49.477555392236944,-144.86449002894466,408.9830572387593,56.34924841995332,-87.6855498484173,338.911686821353,63.59509330110455,190.45999719018093,602.5966381384027,43.15158967871228,164.94815291982766,379.97445583595174,56.75860085894826,95.75735120418219,332.4886976079993,62.30916135147933
independent_20260508_164641,trial_001,subject_001,1778230003.0422058,1778230003.0422058,952801.0054539,192020,BBS05,0,0,1,-107.32830769035279,620.7968236098213,49.45970363602418,-144.84677022421752,409.0312089169301,56.374634255471456,-87.68355450665453,338.9139511176168,63.60818398692048,190.46746998390617,602.588968288722,43.150971934867634,164.95539898260535,379.9773703299374,56.77183614519933,95.75545967322466,332.4847601456305,62.30654870177968
independent_20260508_164641,trial_001,subject_001,1778230003.051666,1778230003.051666,952801.0154097,192021,BBS05,0,0,1,-107.30455642539172,620.8120280963606,49.46685960887078,-144.85261276304237,408.99331534480183,56.33988418552881,-87.70124816927392,338.90829973755086,63.6145688122261,190.45701341300912,602.5767883834309,43.13752538265159,164.9211217486483,379.9620012235854,56.72885295463147,95.75972286732272,332.48598999400116,62.314223084369814
independent_20260508_164641,trial_001,subject_001,1778230003.0617192,1778230003.0617192,952801.0259011,192022,BBS05,0,0,1,-107.35129932600113,620.7796380828486,49.465444923371564,-144.85273553257247,409.012079309009,56.34831600635536,-87.6869556952905,338.90951050046476,63.60547075308817,190.45015499964384,602.580272902871,43.14224744953504,164.92203168871063,379.9566560576476,56.723392049785154,95.75845453371294,332.484835243811,62.308928430576735
independent_20260508_164641,trial_001,subject_001,1778230003.0722282,1778230003.0722282,952801.0355353,192023,BBS05,0,0,1,-107.33192227021125,620.8078399414177,49.49587049182802,-144.86230654944254,408.9960659732578,56.34509076728108,-87.69105703805397,338.90812580518684,63.6044287982666,190.46076805043703,602.5593483229608,43.13106051504387,164.93461639401698,379.9728255207989,56.7329261759588,95.75167287896616,332.4807652939636,62.29844745122635
independent_20260508_164641,trial_001,subject_001,1778230003.0822275,1778230003.0822275,952801.0457206,192024,BBS05,0,0,1,-107.35155073458336,620.8825315743246,49.595480936515244,-144.8553648492336,408.9912378129879,56.326267201563894,-87.68715398585267,338.90662769448153,63.59522628818305,190.46385800904892,602.585255772918,43.16730330293898,164.91626322013266,379.946853803306,56.719308741949064,95.75120003731058,332.47851480251427,62.29375627592103
independent_20260508_164641,trial_001,subject_001,1778230003.091741,1778230003.091741,952801.0555689,192025,BBS05,0,0,1,-107.38147106241512,620.7795709573238,49.50983907005762,-144.86188430191316,408.9912752834525,56.32282099448848,-87.68827195407133,338.9099680419955,63.582347152646356,190.4615635774816,602.5913059441848,43.177143002750675,164.92981838267218,379.95887192560787,56.7287972886512,95.74933389144242,332.470158954206,62.28999055235441
independent_20260508_164641,trial_001,subject_001,1778230003.1022363,1778230003.1022363,952801.0655461,192026,BBS05,0,0,1,-107.35874663471067,620.8712036546667,49.59988193722713,-144.851812133178,408.98635223674734,56.30558879937357,-87.69449638773591,338.89843592184445,63.57769344313894,190.44727063012013,602.5892707930323,43.160424862652725,164.91909794052665,379.95715936619706,56.7144918891281,95.71260549801897,332.4502817169721,62.28951981976119
independent_20260508_164641,trial_001,subject_001,1778230003.112082,1778230003.112082,952801.0757124,192027,BBS05,0,0,1,-107.36007502123564,620.872832841141,49.6053039834944,-144.8771858950939,408.97713531834495,56.322845075127304,-87.69146927552825,338.9118788934778,63.5694578505989,190.4520863111974,602.5750766812496,43.150735853949016,164.92247397661183,379.96496954453227,56.724225130817835,95.75743865245994,332.4724606025259,62.285623128472366
independent_20260508_164641,trial_001,subject_001,1778230003.122184,1778230003.122184,952801.0855317,192028,BBS05,0,0,1,-107.35802046831121,620.8685005481041,49.59621071783279,-144.86221774214934,408.99662882432125,56.30580488707317,-87.68919485287759,338.8914462913975,63.564960278674384,190.45578658939596,602.6017757472333,43.17512816512861,164.92595863598032,379.9640137570278,56.71653643706189,95.72577245438733,332.4510930625024,62.29211750031762
independent_20260508_164641,trial_001,subject_001,1778230003.1313894,1778230003.1313894,952801.0956151,192029,BBS05,0,0,1,-107.367351489192,620.7506719662523,49.49691999880055,-144.86434548569994,409.016226181941,56.32635467858468,-87.68734321043344,338.90325116690866,63.56789674285289,190.45050860210605,602.5953901074868,43.17384652283937,164.90863512182997,379.95444522612075,56.7108016400383,95.7352485322945,332.452539967999,62.283009978413666
independent_20260508_164641,trial_001,subject_001,1778230003.1420338,1778230003.1420338,952801.1054012,192030,BBS05,0,0,1,-107.3662146233514,620.8643621099556,49.60030740814007,-144.864737967458,408.97760070106375,56.29067996859995,-87.70277636127005,338.90002975444025,63.55183180827697,190.45159567852699,602.5676505850884,43.176954805609874,164.9010635863435,379.9526939520307,56.69994982168177,95.74809139353961,332.46128170353757,62.28398077851708
independent_20260508_164641,trial_001,subject_001,1778230003.152039,1778230003.152039,952801.1158019,192031,BBS05,0,0,1,-107.34271802379136,620.767861444267,49.48693461918836,-144.86100188623672,408.9767254773828,56.300098103289876,-87.7047199837396,338.88383751112804,63.55797261947067,190.45609613181887,602.5976988496473,43.201884814045194,164.9095960553969,379.94752446025774,56.72140798631995,95.69821804012336,332.42544805474137,62.2932961178554
independent_20260508_164641,trial_001,subject_001,1778230003.1620402,1778230003.1620402,952801.1257048,192032,BBS05,0,0,1,-107.34574196711075,620.7628185314268,49.4955024805748,-144.86425813926888,408.98615397739417,56.2937081406188,-87.71100467417696,338.87335662984566,63.553747461259775,190.43963662586364,602.5785071188235,43.18031817803086,164.91117494480866,379.9417096518525,56.71556562494414,95.7428754316481,332.4656755091047,62.27256217056715
independent_20260508_164641,trial_001,subject_001,1778230003.1719239,1778230003.1719239,952801.1355937,192033,BBS05,0,0,1,-107.33964066848311,620.797340149021,49.54045191747137,-144.8772832718665,408.96466115819686,56.30960916781733,-87.68553704962963,338.8977607286991,63.55210880765483,190.4484465856558,602.5742938644186,43.21225826035657,164.90911362689573,379.9538400487346,56.723253750247125,95.7101597851428,332.43050929842565,62.29154391585782
independent_20260508_164641,trial_001,subject_001,1778230003.1819558,1778230003.1819558,952801.1457275,192034,BBS05,0,0,1,-107.33816467034138,620.8099931505772,49.543479159968356,-144.86062147091468,408.98549725380906,56.30102466812057,-87.71123831042676,338.8848810290172,63.56620701335865,190.43559112127332,602.5659001337233,43.19426140284205,164.91410966183057,379.9599603534436,56.725997752922424,95.71951063195279,332.4324561692334,62.28213619655425
independent_20260508_164641,trial_001,subject_001,1778230003.191466,1778230003.191466,952801.1554543,192035,BBS05,0,0,1,-107.33712824835656,620.7957228468762,49.534479996809765,-144.8637666594875,408.96640313264817,56.3024193715697,-87.70705540597264,338.8928192427954,63.54848944256981,190.44392268214276,602.5585237108147,43.20873284808702,164.91676514954673,379.95396894204754,56.736312516662515,95.70212214631087,332.4272046603025,62.286803597485296
independent_20260508_164641,trial_001,subject_001,1778230003.201466,1778230003.201466,952801.1654023,192036,BBS05,0,0,1,-107.34173785405176,620.7756871819172,49.51636417740209,-144.86394072409803,408.97163421933936,56.3086529891753,-87.70111300478143,338.88726676109343,63.554168318328024,190.44065681267236,602.5780409601815,43.22038160838963,164.91731452594865,379.96533726332126,56.74689382592188,95.7374999697047,332.450043271824,62.273353204280106
independent_20260508_164641,trial_001,subject_001,1778230003.2114682,1778230003.2114682,952801.1756939,192037,BBS05,0,0,1,-107.32031001518234,620.7851799908788,49.51332923139534,-144.86842443966881,408.96263036245307,56.30295256642363,-87.70844929217651,338.88742765076813,63.54443148428684,190.45735665874528,602.5766310160233,43.243822237859234,164.89652536435872,379.938891105789,56.712728897745755,95.73815819303529,332.4492830358588,62.265084279687024
independent_20260508_164641,trial_001,subject_001,1778230003.2224667,1778230003.2224667,952801.1858121,192038,BBS05,0,0,1,-107.3550430324376,620.8620210330098,49.640373250619255,-144.86127802630952,409.02646593262574,56.33159683243467,-87.72103222081319,338.8828869887159,63.55264822920583,190.44815974340045,602.5537976714683,43.24182554655935,164.89685053790743,379.93493996053957,56.71726959885263,95.70877147576101,332.42803280939944,62.261514756162825
independent_20260508_164641,trial_001,subject_001,1778230003.2324665,1778230003.2324665,952801.1957444,192039,BBS05,0,0,1,-107.3510283318742,620.8585532969349,49.64264395658676,-144.86954377362082,408.96744969386083,56.292819580393456,-87.72874167350234,338.8846577577342,63.54900911524867,190.44505843500284,602.554426151075,43.25236681242196,164.90237011464677,379.9450170834779,56.72303499213318,95.73665133091941,332.44373531645874,62.2543833337994
independent_20260508_164641,trial_001,subject_001,1778230003.24198,1778230003.24198,952801.2055837,192040,BBS05,0,0,1,-107.35635709704063,620.8580284947114,49.64590097316705,-144.87550467634358,408.96138747056006,56.29541325717969,-87.71933138562751,338.8807411745436,63.53889253650111,190.44957669891647,602.5674601049226,43.26483794277817,164.90097262634526,379.93232969874845,56.728299883457346,95.74171426449958,332.43635793017364,62.25027556425379
independent_20260508_164641,trial_001,subject_001,1778230003.2519786,1778230003.2519786,952801.2156363,192041,BBS05,0,0,1,-107.35800238359302,620.860651926991,49.63887973990288,-144.88220728908826,408.9623895557424,56.2971649325434,-87.71831014636733,338.87757917821574,63.54491354826745,190.45722924897896,602.5429674022243,43.265805296875676,164.9032819964557,379.9575011485412,56.72111087182473,95.69073077948863,332.40011312844786,62.25626843879036
independent_20260508_164641,trial_001,subject_001,1778230003.261979,1778230003.261979,952801.2255951,192042,BBS05,0,0,1,-107.35783307808855,620.8453431619665,49.643494023975705,-144.8867432900398,408.9646914749544,56.29578322562121,-87.71890171850104,338.87646077550124,63.550633620957015,190.45433877065605,602.5687989634914,43.29012788947859,164.88386064569474,379.9374372628857,56.70245644713178,95.6752553205883,332.3930049678694,62.253492374650726
independent_20260508_164641,trial_001,subject_001,1778230003.2719848,1778230003.2719848,952801.2355814,192043,BBS05,0,0,1,-107.35666183853772,620.8530586112478,49.63644051699587,-144.8771629063198,408.98346119853585,56.28649084497942,-87.71806664287013,338.88143420815567,63.541858131294454,190.45805068722237,602.5610974929696,43.2907405292383,164.8946687983725,379.94121746358684,56.7102917188259,95.68625124274176,332.39546494353067,62.24339169097254
independent_20260508_164641,trial_001,subject_001,1778230003.2819846,1778230003.2819846,952801.2457201,192044,BBS05,0,0,1,-107.3539094413082,620.8513323164897,49.644456093036084,-144.8874019840775,408.96294297556534,56.289974750813215,-87.72137488998395,338.87592862034955,63.541343570314105,190.44691114128105,602.5490330204082,43.29217616653946,164.8986688641147,379.9550817493814,56.721828605994205,95.71688217068835,332.4153362039572,62.231004925950565
independent_20260508_164641,trial_001,subject_001,1778230003.2916636,1778230003.2916636,952801.2555605,192045,BBS05,0,0,1,-107.35539786571181,620.8669916483826,49.64812711399567,-144.8818722302191,408.96605627412964,56.283080033308394,-87.73495591610283,338.87724228103673,63.54185178947355,190.45227566481674,602.5425247648833,43.30629018602881,164.88077409092935,379.93577369220753,56.70530906195521,95.65170401925451,332.363484708163,62.2351796060233
independent_20260508_164641,trial_001,subject_001,1778230003.3016627,1778230003.3016627,952801.2654296,192046,BBS05,0,0,1,-107.34844415236797,620.8671662168194,49.64641197268083,-144.87340542395748,409.0101961164083,56.320039310876226,-87.73605482494006,338.8811497271234,63.53889477227985,190.44357305113442,602.5425965884348,43.32103963536425,164.8915737719947,379.9351142340854,56.71736710454815,95.70861603452413,332.40436575483557,62.23526241081478
independent_20260508_164641,trial_001,subject_001,1778230003.3116624,1778230003.3116624,952801.2758631,192047,BBS05,0,0,1,-107.35827034426175,620.8565640432954,49.65577895817033,-144.8865974461957,408.96976559572295,56.287934365318556,-87.73603077453029,338.8768805686737,63.54346627848816,190.45688384470506,602.5344243706375,43.319551071351526,164.88995036652707,379.94182858475256,56.725464036936415,95.69517086163515,332.3962993246257,62.235360909822326
independent_20260508_164641,trial_001,subject_001,1778230003.3216624,1778230003.3216624,952801.2856073,192048,BBS05,0,0,1,-107.36043797518448,620.8587617023335,49.65386868204984,-144.89218260919134,408.9645290768307,56.28675762346577,-87.7495005319708,338.87294866711824,63.543559888490215,190.4567341996876,602.5463217770703,43.33946743877714,164.87805075313375,379.93545103259083,56.71342662642403,95.6790027285636,332.3842499495856,62.23372944827669
independent_20260508_164641,trial_001,subject_001,1778230003.3316631,1778230003.3316631,952801.2957579,192049,BBS05,0,0,1,-107.35818660083251,620.8690683381524,49.66027809097697,-144.89094250749747,408.9656064277764,56.28022375740603,-87.74558560301968,338.8704329884562,63.53961469553842,190.44674950922072,602.5248502145691,43.316802926959426,164.87406228558865,379.93935769241415,56.7021874223791,95.67816849684739,332.3939636830061,62.23130367492316
independent_20260508_164641,trial_001,subject_001,1778230003.3421752,1778230003.3421752,952801.3055258,192050,BBS05,0,0,1,-107.36110258541773,620.854229344365,49.65390611264074,-144.91928231330388,408.95998806996545,56.29096726559754,-87.76945974238724,338.8575670228535,63.52273992212318,190.44447093407513,602.5290906056717,43.34416951609803,164.87412199367702,379.9328242736598,56.71516817352411,95.65050385047796,332.3751362973223,62.2259959043825
independent_20260508_164641,trial_001,subject_001,1778230003.3521757,1778230003.3521757,952801.3155966,192051,BBS05,0,0,1,-107.37386953453034,620.846557251517,49.664126814604955,-144.89305775505676,408.9711129862945,56.268898959208265,-87.75258982803221,338.86523196787726,63.522562857193904,190.45518112272973,602.5254411422038,43.350566468836774,164.8621129783519,379.9297807606402,56.71439693447485,95.64995236625482,332.38021436509933,62.21733672197841
independent_20260508_164641,trial_001,subject_001,1778230003.3621747,1778230003.3621747,952801.3257714,192052,BBS05,0,0,1,-107.37825585727163,620.8503822895971,49.66514951364038,-144.93662013931467,408.9993971756548,56.334051631951986,-87.75969331661992,338.86125173169944,63.525460712492524,190.4485472843506,602.5281360604047,43.34470671398024,164.86360334495498,379.93684299442947,56.70826434742478,95.6756495979802,332.4028822794337,62.21562953730542
independent_20260508_164641,trial_001,subject_001,1778230003.3721795,1778230003.3721795,952801.3357773,192053,BBS05,0,0,1,-107.37755129551547,620.8507582502551,49.666852119004616,-144.91063465594755,408.9600939386032,56.26081276834776,-87.74908482431606,338.8558848971792,63.5239202077029,190.45935962817944,602.5364378362038,43.36152994964004,164.86977228891817,379.9301843762032,56.717006096508825,95.68547279546176,332.4068131944378,62.20857580403032
independent_20260508_164641,trial_001,subject_001,1778230003.3816917,1778230003.3816917,952801.3454158,192054,BBS05,0,0,1,-107.37704086015147,620.8479975046695,49.68289452220697,-144.92223341429712,408.9332619339453,56.27437313009839,-87.75430076668307,338.8535570954819,63.511829552775595,190.4440295821357,602.514814594526,43.355736337421924,164.86714039698006,379.92752565403674,56.71717231914131,95.66268244696126,332.3760313596846,62.22824670173554
independent_20260508_164641,trial_001,subject_001,1778230003.3917413,1778230003.3917413,952801.355601,192055,BBS05,0,0,1,-107.37634975197174,620.8452128645592,49.680051691276134,-144.92534054995548,408.94279459371313,56.26876996644122,-87.75414533410488,338.85207364546375,63.50320802877476,190.44061108954534,602.5250356419576,43.36312365069582,164.8537959165475,379.93571490187173,56.72443079535671,95.65262030076036,332.36905252736767,62.22783548734809
independent_20260508_164641,trial_001,subject_001,1778230003.4017415,1778230003.4017415,952801.3653697,192056,BBS05,0,0,1,-107.38765319697406,620.833138917912,49.69052778154044,-144.90021609552136,408.9485296266027,56.24630204391898,-87.76243587259773,338.8456250916272,63.49997270076172,190.44797739054104,602.5076280669941,43.350228879394884,164.8708954780314,379.92141932207176,56.72700867641677,95.63847810082656,332.38301740455114,62.22425814133181
independent_20260508_164641,trial_001,subject_001,1778230003.4117413,1778230003.4117413,952801.3756578,192057,BBS05,0,0,1,-107.39306126061551,620.8392240269919,49.70284814155627,-144.90454157985033,408.95099461187914,56.24438399354298,-87.76555272267969,338.8454840071005,63.503992748175996,190.4536736193133,602.5247964357595,43.37993559478078,164.86893218234212,379.9254798766969,56.72821720275237,95.64642636588046,332.38357288038867,62.21306876237365
independent_20260508_164641,trial_001,subject_001,1778230003.4217405,1778230003.4217405,952801.3855815,192058,BBS05,0,0,1,-107.39989202150439,620.8438646371043,49.702322118045856,-144.93409558603167,408.9191916946621,56.26990780185369,-87.77283046285041,338.853727411711,63.492165264655654,190.44062804338634,602.513510285878,43.375173488590704,164.86167692217435,379.9315214624393,56.72117004167157,95.67257728185578,332.40589102724954,62.223995076769796
independent_20260508_164641,trial_001,subject_001,1778230003.432252,1778230003.432252,952801.3955101,192059,BBS05,0,0,1,-107.40221094638746,620.8383341543566,49.71090112459358,-144.9091127101413,408.92837671112153,56.25390369013508,-87.77812119071858,338.8309341870226,63.49376058654846,190.44627291661075,602.5082258501429,43.35668835376089,164.87668551159695,379.9325486228644,56.73890408886484,95.65310575057268,332.3890013468813,62.23343522769317
independent_20260508_164641,trial_001,subject_001,1778230003.4412508,1778230003.4412508,952801.4054354,192060,BBS05,0,0,1,-107.41209532342069,620.8281983868559,49.721491532477614,-144.92434652325144,408.9171014776121,56.263254134782905,-87.77320346714505,338.83366636700265,63.494931386070924,190.44208635142047,602.5072618914111,43.35410783533728,164.8622760996231,379.9328087222181,56.73933630048859,95.64618832345016,332.3814041473526,62.242313233367994
independent_20260508_164641,trial_001,subject_001,1778230003.4522507,1778230003.4522507,952801.4156885,192061,BBS05,0,0,1,-107.41621181730663,620.823636605357,49.73113639745884,-144.90451312930907,408.93003785207054,56.2347878857577,-87.78668531852566,338.8230379235273,63.48788422747506,190.4388907640471,602.5262373482982,43.381776366274025,164.8506270391949,379.94081575980664,56.72652972690093,95.66209388953537,332.4089461846417,62.24059483112591
independent_20260508_164641,trial_001,subject_001,1778230003.462251,1778230003.462251,952801.4257448,192062,BBS05,0,0,1,-107.4211150173966,620.8176747197436,49.733613981112335,-144.8781112731435,408.94399549143986,56.20607523711261,-87.79668402366146,338.8209796721831,63.47752684904544,190.45290792096048,602.5200357283406,43.36215656731715,164.8564345165506,379.94286854385206,56.73129985159203,95.64582248880838,332.41316252318484,62.235375536360436
independent_20260508_164641,trial_001,subject_001,1778230003.4722567,1778230003.4722567,952801.4357046,192063,BBS05,0,0,1,-107.42281276047483,620.8242402204844,49.74443836194249,-144.90668031269917,408.91620539796804,56.21172006434283,-87.78175205114162,338.82894790922785,63.474646389498105,190.44982163097248,602.5340972196129,43.364315378796675,164.86258469498262,379.94027049767317,56.740710449771136,95.65108702304049,332.4031511284029,62.244888758200986
independent_20260508_164641,trial_001,subject_001,1778230003.4822543,1778230003.4822543,952801.4457296,192064,BBS05,0,0,1,-107.43761887788648,620.8114719376589,49.74123962306533,-144.9272392225337,408.91231478544313,56.21465674981176,-87.78238154869807,338.82888247058514,63.4637964228864,190.44242686176156,602.5225103408234,43.35407936109342,164.85520942386364,379.9505103542538,56.73220637822871,95.67774680247744,332.4266036567122,62.23617846383506
independent_20260508_164641,trial_001,subject_001,1778230003.492283,1778230003.492283,952801.4555365,192065,BBS05,0,0,1,-107.4275061476145,620.8087959900683,49.751998248442334,-144.98289835897523,408.8576613886827,56.253412898007895,-87.77807033762994,338.81878576166065,63.46207000135257,190.44520996204122,602.5256361222384,43.351086406399205,164.8590171247393,379.9486318365558,56.73120063051381,95.65499687487132,332.42675862309943,62.234842902193954
independent_20260508_164641,trial_001,subject_001,1778230003.5022843,1778230003.5022843,952801.4655456,192066,BBS05,0,0,1,-107.42974919058942,620.8161008467184,49.757379112380875,-144.9281606322894,408.89082804897765,56.22489979471615,-87.77696784074865,338.8209324631404,63.458897365375805,190.4518122330369,602.5253799919279,43.344292593625944,164.8576425441445,379.94184160864836,56.725479657763934,95.66620441942605,332.4233393668027,62.23910203824938
independent_20260508_164641,trial_001,subject_001,1778230003.512289,1778230003.512289,952801.4757745,192067,BBS05,0,0,1,-107.43820483089893,620.8100979895943,49.75649531286001,-144.93919709723303,408.9044479188984,56.22809515226506,-87.77773864977571,338.8211811177553,63.45135876525913,190.4362140435875,602.5426128568289,43.340418036640735,164.87331111325938,379.93639134174975,56.74068886724113,95.64103345610357,332.41679041065026,62.24333824831481
independent_20260508_164641,trial_001,subject_001,1778230003.5218015,1778230003.5218015,952801.4856155,192068,BBS05,0,0,1,-107.43021205703683,620.8102582960302,49.75431036746153,-144.93377446142716,408.8906891413058,56.222756461613535,-87.77988692222277,338.8139268932883,63.450717415583675,190.4330396637037,602.5559911792955,43.33484550042238,164.8642186609823,379.9464334151577,56.73415393394279,95.66572363072602,332.4118204181695,62.247924175011
independent_20260508_164641,trial_001,subject_001,1778230003.5318015,1778230003.5318015,952801.4955767,192069,BBS05,0,0,1,-107.44259136865344,620.802631819624,49.75627988886524,-144.92800567203852,408.8976467637285,56.22445584239002,-87.77978351766997,338.8172090027611,63.43970295203173,190.4304278227046,602.5372367311262,43.34972540145075,164.8717370063088,379.9465768144285,56.74058912688115,95.68106783464742,332.4425607400479,62.24165630864191
independent_20260508_164641,trial_001,subject_001,1778230003.542313,1778230003.542313,952801.5055986,192070,BBS05,0,0,1,-107.44807600225265,620.7981138970912,49.755557009760395,-144.94211827034673,408.8825652336385,56.21629837670033,-87.77967233006639,338.8181834970752,63.44873028558534,190.4456037708336,602.5505977244455,43.34461415309439,164.86845315664877,379.94753338516813,56.74562505566361,95.66496683101002,332.42416457934826,62.25442074845592
independent_20260508_164641,trial_001,subject_001,1778230003.5523126,1778230003.5523126,952801.5157352,192071,BBS05,0,0,1,-107.44067272609779,620.8020621493702,49.760955004721396,-144.9719827468689,408.8587009679127,56.23297549339236,-87.7700326571144,338.80830438684904,63.46026494130161,190.4406584332014,602.5572055967287,43.3462401765331,164.8623330814649,379.95670515590143,56.74797686963233,95.675555646074,332.4443372073285,62.240876839248685
independent_20260508_164641,trial_001,subject_001,1778230003.561313,1778230003.561313,952801.525467,192072,BBS05,0,0,1,-107.4399124903,620.8018235729232,49.76055462038363,-144.93623918021288,408.8893662086579,56.2203307538224,-87.7884717647075,338.8144056468481,63.44177479222918,190.43866217817282,602.5580218309378,43.337852624248555,164.86435507159166,379.9498957108925,56.74495206478891,95.64899733862583,332.4228847888117,62.2607554401967
independent_20260508_164641,trial_001,subject_001,1778230003.5713177,1778230003.5713177,952801.535514,192073,BBS05,0,0,1,-107.4452536225808,620.7998992485369,49.765553513186525,-144.9383846987129,408.88582738118305,56.222808859431325,-87.77258395119604,338.8182261474148,63.45227592098929,190.43397058253504,602.556971175594,43.327516793198065,164.86355775333342,379.95027959320475,56.74457137085036,95.66122898922414,332.4318373161555,62.25680371395975
independent_20260508_164641,trial_001,subject_001,1778230003.5823195,1778230003.5823195,952801.5455992,192074,BBS05,0,0,1,-107.44337260727166,620.7951927183516,49.7690502517192,-144.90121684518024,408.888514022719,56.19465878253553,-87.78648633854588,338.7950384566533,63.44712745787385,190.42831731151918,602.5577761569256,43.352365231725344,164.8739661576328,379.9491970144026,56.749620401921604,95.66435426663945,332.43923917919335,62.26298611415615
independent_20260508_164641,trial_001,subject_001,1778230003.5922422,1778230003.5922422,952801.5556099,192075,BBS05,0,0,1,-107.44339759804441,620.803153624434,49.77155523882037,-144.9273158513495,408.89501779887286,56.23264461000814,-87.77966901676076,338.81181520732514,63.44401045667211,190.4508333967478,602.5658092388804,43.34057205874022,164.87068690517694,379.9490074334615,56.75036705810682,95.68810178900522,332.4421899938776,62.26379603425416
independent_20260508_164641,trial_001,subject_001,1778230003.6022406,1778230003.6022406,952801.5657416,192076,BBS05,0,0,1,-107.44514572720644,620.7989862687247,49.77299545741008,-144.93920162565544,408.8899875263461,56.23396556056737,-87.76777494499838,338.80107909433434,63.45171094403263,190.4373402079289,602.555488598983,43.33818459745543,164.87044743557252,379.9512566237987,56.759584588185156,95.66865769273417,332.4467386622666,62.25625322171869
independent_20260508_164641,trial_001,subject_001,1778230003.6122386,1778230003.6122386,952801.575708,192077,BBS05,0,0,1,-107.44171968308686,620.7996765859032,49.770369793998185,-144.92034119492476,408.9007312392636,56.223451011859765,-87.78955512571055,338.78604766683605,63.441246685654804,190.42873878203255,602.554861932341,43.33097236254477,164.87327582623575,379.94993042906884,56.749350016105595,95.66691678106733,332.42897674438035,62.26213109418748
independent_20260508_164641,trial_001,subject_001,1778230003.6222386,1778230003.6222386,952801.5856333,192078,BBS05,0,0,1,-107.44322694440348,620.7928794963302,49.7750814480046,-144.9160439111162,408.8760111181939,56.20993411508515,-87.77024520744698,338.81085850728607,63.43314772347477,190.44529377086786,602.5607106641468,43.345112834781446,164.88839139858698,379.9706215552768,56.771655381465266,95.6992243121246,332.4489807338705,62.25384054686722
independent_20260508_164641,trial_001,subject_001,1778230003.632239,1778230003.632239,952801.5957504,192079,BBS05,0,0,1,-107.44551952531326,620.7795962893335,49.77554965732107,-144.93759034000965,408.87117456368304,56.2186782274617,-87.77564607280078,338.81156323943316,63.430736926086034,190.43182725815245,602.5526538936559,43.333210461412904,164.86904925240543,379.9665830209813,56.768516762339786,95.67004943352,332.43796424701856,62.26666381440698
independent_20260508_164641,trial_001,subject_001,1778230003.6417522,1778230003.6417522,952801.6056678,192080,BBS05,0,0,1,-107.44164629884277,620.790022575185,49.77978923047412,-144.92830512619634,408.87536024791586,56.2211385697387,-87.760809271581,338.808138687852,63.43768223007047,190.43527915780567,602.5462708285754,43.326956690935376,164.8738505417563,379.95506272249276,56.75579661902868,95.70788995007852,332.46983580866805,62.24698164920061
independent_20260508_164641,trial_001,subject_001,1778230003.6517515,1778230003.6517515,952801.6156801,192081,BBS05,0,0,1,-107.43841880712498,620.786403882519,49.769885231171244,-144.90116798704764,408.89830147638725,56.210408874771154,-87.76499900346899,338.80918854996656,63.42277897825197,190.43658622263823,602.5573852044141,43.34544282725914,164.87985366191492,379.95659558924956,56.76444796660331,95.67741594030306,332.44241399919,62.26309998227551
independent_20260508_164641,trial_001,subject_001,1778230003.66175,1778230003.66175,952801.6255266,192082,BBS05,0,0,1,-107.44977820954944,620.7891547715911,49.78078148988665,-144.93404427259551,408.89624874282646,56.21865604122142,-87.77438566657293,338.8120900611212,63.42879707604585,190.4540209759737,602.5497271268613,43.327110954251104,164.865133286375,379.95222873518526,56.752835935123066,95.71331137747947,332.47346468118394,62.254758698791655
independent_20260508_164641,trial_001,subject_001,1778230003.6717536,1778230003.6717536,952801.63555,192083,BBS05,0,0,1,-107.44605559959699,620.7818964027092,49.769911570176475,-144.87682647766673,408.8992679709377,56.17740330291149,-87.7780342848838,338.8085612095182,63.42662967714213,190.43934061404536,602.5497750968133,43.31823882600221,164.8675716621756,379.9467579650317,56.74985840821641,95.66844866175312,332.4402182840716,62.2616043701201
independent_20260508_164641,trial_001,subject_001,1778230003.6822655,1778230003.6822655,952801.6456884,192084,BBS05,0,0,1,-107.43671220548498,620.799800767108,49.776494834951905,-144.92257680021967,408.8812369118978,56.21983729900383,-87.77061905929786,338.8051284689121,63.424690920660034,190.4295616174906,602.5593201253345,43.32946345231935,164.8715555151971,379.9496275479089,56.760284491472696,95.68027116073758,332.44011330939287,62.26643184682267
independent_20260508_164641,trial_001,subject_001,1778230003.69141,1778230003.69141,952801.6556394,192085,BBS05,0,0,1,-107.44781879026159,620.7786840731017,49.765329238315985,-144.90071904699022,408.9065353691599,56.20168948913614,-87.76873741612742,338.80496075127445,63.43300210196101,190.44075654423057,602.5709922425635,43.32569106714126,164.88039868719667,379.96636763777326,56.76003136894034,95.65933134171668,332.42277636841686,62.26921614839369
independent_20260508_164641,trial_001,subject_001,1778230003.7014103,1778230003.7014103,952801.6655092,192086,BBS05,0,0,1,-107.43423825322513,620.7957737440056,49.76999330216321,-144.92259585098859,408.89645303900556,56.21628448958935,-87.7690899757915,338.8046668355017,63.42817821532597,190.4494209029945,602.5531992265012,43.333822316969105,164.8736177511427,379.95929045829655,56.75368568861372,95.6949287188781,332.4603588923394,62.2513345043181
independent_20260508_164641,trial_001,subject_001,1778230003.7114098,1778230003.7114098,952801.6754855,192087,BBS05,0,0,1,-107.43574250814275,620.7895320686906,49.773555270426776,-144.9039113839098,408.8912033673509,56.197253307411266,-87.77893499542645,338.8084366504658,63.419896678941505,190.44321003841324,602.5704397872344,43.335815036335816,164.86312129516685,379.954516164716,56.740603692167134,95.69382727673954,332.452099300168,62.264749943910246
independent_20260508_164641,trial_001,subject_001,1778230003.72141,1778230003.72141,952801.6854368,192088,BBS05,0,0,1,-107.4448473508459,620.7894396677515,49.771527400116625,-144.9145726795977,408.88061454454527,56.21145171220632,-87.7705084552598,338.81005028723234,63.4318536037085,190.43587454221603,602.5661203749682,43.329064448125216,164.86419060154702,379.9618802480195,56.74757051770372,95.7125130609615,332.476010352067,62.25517519834148
independent_20260508_164641,trial_001,subject_001,1778230003.731923,1778230003.731923,952801.6955274,192089,BBS05,0,0,1,-107.43135035890063,620.8026134946444,49.77776424289962,-144.92117969299625,408.8923444051163,56.22389805822297,-87.76378897292022,338.81777967767215,63.42428307726039,190.44506945014044,602.5623294551947,43.32181004606031,164.86968317163118,379.9516180804639,56.750242314822145,95.6518527718358,332.4222975383146,62.2780292819579
independent_20260508_164641,trial_001,subject_001,1778230003.7419233,1778230003.7419233,952801.7053787,192090,BBS05,0,0,1,-107.4391436280866,620.7950750112597,49.777231807097586,-144.898343458905,408.8822029707153,56.20686946741638,-87.76723150996503,338.81705044899036,63.42355283152522,190.4352070020359,602.5354265082043,43.325774446541374,164.9059956300072,379.9844990127035,56.8025873019159,95.7036543191153,332.4679350511151,62.26186015634246
independent_20260508_164641,trial_001,subject_001,1778230003.7519228,1778230003.7519228,952801.7156029,192091,BBS05,0,0,1,-107.43882293029775,620.7943062047301,49.776985817527354,-144.96701368810398,408.8376300795102,56.22166385176004,-87.7784115767165,338.81140836804013,63.417969361626064,190.4280238839015,602.5708011188625,43.33010176640918,164.9089472907049,379.99505137576455,56.8004053085654,95.67358578186544,332.4346863511897,62.27163207493065
independent_20260508_164641,trial_001,subject_001,1778230003.761431,1778230003.761431,952801.7254944,192092,BBS05,0,0,1,-107.43380626794952,620.8029008399529,49.77277452979867,-144.91126942575562,408.87765781069766,56.200220524260025,-87.76315480913837,338.8158187497372,63.41837712051826,190.44543880888054,602.5656637714181,43.3465531649362,164.87910176514137,379.9566698592168,56.76564939858084,95.673225529991,332.4570028643895,62.262788791654486
independent_20260508_164641,trial_001,subject_001,1778230003.7714398,1778230003.7714398,952801.7355419,192093,BBS05,0,0,1,-107.43231470802237,620.7910058906452,49.76596683682149,-144.9147528209067,408.89269156447773,56.21858716909555,-87.76235275234835,338.8137911339936,63.41850108381827,190.4433298648144,602.5659685385909,43.327749880966955,164.87899402789606,379.95900558847995,56.76729175244264,95.67412831421274,332.45536996641744,62.26566475208333
independent_20260508_164641,trial_001,subject_001,1778230003.7814388,1778230003.7814388,952801.7453579,192094,BBS05,0,0,1,-107.43767330829779,620.7852741170227,49.767658930689564,-144.90403756375449,408.8843890927478,56.19766506599645,-87.7727996014546,338.80749072239814,63.42384504887554,190.43225418387797,602.5718238105543,43.314592680269655,164.87274613683797,379.9511083973547,56.7649380303232,95.65589496787338,332.43233697412796,62.28282803300018
independent_20260508_164641,trial_001,subject_001,1778230003.7920005,1778230003.7920005,952801.755601,192095,BBS05,0,0,1,-107.43278182853716,620.8016183194189,49.77675644611303,-144.92379750915418,408.8690188776611,56.20909322707115,-87.78255447866596,338.80255680956094,63.42328243148299,190.43295884754085,602.5800870975792,43.34316351506088,164.90370338879518,379.9870243111287,56.80182476341552,95.71009932916984,332.4691518763892,62.274415590020375
independent_20260508_164641,trial_001,subject_001,1778230003.8019967,1778230003.8019967,952801.7656021,192096,BBS05,0,0,1,-107.43103766944195,620.793243543213,49.76719493828542,-144.94880418038466,408.85140745486865,56.22763842361028,-87.77120736801972,338.8091560749831,63.419188683339094,190.43586303862864,602.5612206117904,43.325613652261175,164.89640289226588,379.9661796530761,56.79002066039539,95.6847939940658,332.45263424069594,62.2769904492878
independent_20260508_164641,trial_001,subject_001,1778230003.8119981,1778230003.8119981,952801.7758264,192097,BBS05,0,0,1,-107.42625331257395,620.7973271338233,49.779729600203446,-144.90633873685815,408.87243253554567,56.202892488777636,-87.76947129620581,338.8125873392226,63.41605280311229,190.4396260184233,602.5730743299729,43.337048919776876,164.87922053439215,379.95520138915606,56.772657899376064,95.6505122463404,332.4353279190423,62.27671294748295
independent_20260508_164641,trial_001,subject_001,1778230003.8219965,1778230003.8219965,952801.7854808,192098,BBS05,0,0,1,-107.42946454664532,620.7967818176112,49.77731032355858,-144.9036960688483,408.89043835610266,56.21905118419889,-87.76185147688892,338.80209481682755,63.41892790618212,190.44643784579532,602.5775194498053,43.32912963794017,164.91351375919692,379.9933675107156,56.814784014154405,95.70039203631909,332.4620035628044,62.266772324609256
independent_20260508_164641,trial_001,subject_001,1778230003.8319964,1778230003.8319964,952801.7956414,192099,BBS05,0,0,1,-107.43330827302587,620.7889960480637,49.782553022992786,-144.91062166343903,408.89339736853736,56.21507974214974,-87.77010045864505,338.79742346438275,63.42068407406774,190.4295753088721,602.5495028408833,43.33217887644947,164.878475730281,379.9546374924919,56.78104255111069,95.66704112937028,332.438983353689,62.28132181155569
independent_20260508_164641,trial_001,subject_001,1778230003.8415055,1778230003.8415055,952801.8054884,192100,BBS05,0,0,1,-107.42580389970225,620.7796353030818,49.78194594047049,-144.88148913078135,408.89748956996834,56.207594936383664,-87.78682391848285,338.7961194791709,63.40637248154879,190.44446548128016,602.577811397299,43.33015935695932,164.8941090189772,379.9805254883469,56.80054614306581,95.68531112505862,332.4543913173749,62.27368339372687
independent_20260508_164641,trial_001,subject_001,1778230003.8515062,1778230003.8515062,952801.8155864,192101,BBS05,0,0,1,-107.42202395438653,620.7853542978149,49.78534399642046,-144.9192432346192,408.8781981210023,56.21451646564343,-87.78299240156771,338.7862526633482,63.39197230485058,190.44024302253843,602.5748464650273,43.32899190054545,164.90476894722448,379.9855029720457,56.80072703304083,95.70565548887413,332.45964778404584,62.270826052276455
independent_20260508_164641,trial_001,subject_001,1778230003.862509,1778230003.862509,952801.8257588,192102,BBS05,0,0,1,-107.42102384013197,620.7777243223888,49.786707954345175,-144.8626343121139,408.9008743948425,56.17989085536489,-87.7903729312558,338.78622981056276,63.384401049452364,190.43804977063135,602.5713907762535,43.33512228964839,164.90771966609557,379.9866519156027,56.80938155151837,95.68448348357623,332.4572066464955,62.276647814461214
independent_20260508_164641,trial_001,subject_001,1778230003.8715105,1778230003.8715105,952801.8356001,192103,BBS05,0,0,1,-107.42598542005615,620.7795829255662,49.78899693162605,-144.91579699958035,408.8768100323017,56.20630447979803,-87.76830891999946,338.77864783230496,63.365775663827996,190.42349894274003,602.584865093867,43.35087969187847,164.87167951248531,379.9614040968111,56.76826265198954,95.7194641531445,332.47999973090793,62.26624714741515
independent_20260508_164641,trial_001,subject_001,1778230003.881509,1778230003.881509,952801.8455466,192104,BBS05,0,0,1,-107.41793865978548,620.7865007280485,49.79452201564143,-144.89748986281697,408.86868329539425,56.18242053228597,-87.78518059155354,338.7894039852604,63.38320229701281,190.42157915716518,602.5596542484127,43.32428145396033,164.92388342224405,379.9916355459481,56.81779680994861,95.72205558204337,332.4758594918376,62.26966198354008
independent_20260508_164641,trial_001,subject_001,1778230003.8915284,1778230003.8915284,952801.8556338,192105,BBS05,0,0,1,-107.41237965181884,620.7772662844651,49.79118147836675,-144.84758535122492,408.90803002016867,56.156935968283896,-87.78227612720524,338.79339819869574,63.38429140811213,190.44043641065983,602.568521059433,43.33833610781048,164.92503743111985,379.97905658932604,56.82107530503968,95.72011728156086,332.48045462390695,62.26725980290274
independent_20260508_164641,trial_001,subject_001,1778230003.9015274,1778230003.9015274,952801.8655716,192106,BBS05,0,0,1,-107.41334670529652,620.7725865730131,49.79339105296135,-144.90599234338282,408.87018468938373,56.19408644130687,-87.78554985660887,338.79607365503574,63.382439403909196,190.43276369431223,602.5694423651875,43.32570878252136,164.89149253990269,379.9636655759658,56.79004474227442,95.66336403875543,332.4403595075898,62.27550658931221
independent_20260508_164641,trial_001,subject_001,1778230003.9115272,1778230003.9115272,952801.8757097,192107,BBS05,0,0,1,-107.41019623476141,620.7712010071394,49.789633142008626,-144.88799673879632,408.887853611397,56.16979619549545,-87.77735398889595,338.76836959397735,63.36549042209109,190.44399270433962,602.5696483937733,43.33872190635196,164.90530201882368,379.9822048762533,56.81757031309765,95.65857349209352,332.4229065510812,62.288028776482996
independent_20260508_164641,trial_001,subject_001,1778230003.9215295,1778230003.9215295,952801.8856329,192108,BBS05,0,0,1,-107.4105210291952,620.7809700842627,49.80009691325338,-144.8774694706548,408.88016752308414,56.17103847465876,-87.79276689069462,338.7676436726447,63.37441159122616,190.43018280619646,602.5630098542898,43.336486399814675,164.9117010508181,379.9793708652734,56.8160391878107,95.69015032373916,332.44746193145846,62.27209718774984
independent_20260508_164641,trial_001,subject_001,1778230003.93153,1778230003.93153,952801.8956211,192109,BBS05,0,0,1,-107.41926177193811,620.763778652207,49.79683606133652,-144.8900706146937,408.8625112702711,56.16555401849631,-87.78619236280908,338.7807397858684,63.36599059462723,190.42105488231616,602.5676976449041,43.34291765932754,164.8978687919804,379.9761160394509,56.79429789436259,95.66402940084858,332.434998073799,62.27700078417905
independent_20260508_164641,trial_001,subject_001,1778230003.9420452,1778230003.9420452,952801.9055835,192110,BBS05,0,0,1,-107.40927422366613,620.77513086236,49.80220658277562,-144.89427823963283,408.8691760127493,56.17311898335328,-87.78637616336181,338.76913095864774,63.3423057167852,190.43315168623144,602.558572974764,43.359157799348196,164.91243209781527,379.97611745304096,56.80916058488532,95.72975360072101,332.46566405778066,62.27753959108898
independent_20260508_164641,trial_001,subject_001,1778230003.9520464,1778230003.9520464,952801.9154659,192111,BBS05,0,0,1,-107.39568650058972,620.7714932595768,49.81938695456998,-144.90299814521467,408.85085709692635,56.16491958413103,-87.79358292316924,338.76015713900995,63.34316056069638,190.41329270000554,602.5677766035598,43.367048437516054,164.90654683185292,379.96626545195016,56.806374300243846,95.67622968436211,332.44834819742186,62.27655434061838
independent_20260508_164641,trial_001,subject_001,1778230003.9620445,1778230003.9620445,952801.9256674,192112,BBS05,0,0,1,-107.4028281392561,620.7701408462859,49.81727484024766,-144.9527100467938,408.79182053298615,56.1911013339047,-87.79329566191987,338.76159128697515,63.34193763172334,190.4228502441495,602.5521166010618,43.34786882054169,164.91666279515385,379.989363623873,56.82463025818015,95.70604944811026,332.45682994095955,62.27021350023185
independent_20260508_164641,trial_001,subject_001,1778230003.9720523,1778230003.9720523,952801.9356857,192113,BBS05,0,0,1,-107.40285739080325,620.7528296131215,49.821319496003206,-144.91738720098985,408.83958981636385,56.18518618169315,-87.76823799969043,338.7548988470488,63.31609264362294,190.43950076359508,602.5568266464537,43.367124850325666,164.90874763279288,379.96533532831097,56.813144028748596,95.67535017474555,332.4289031166695,62.27726371235528
independent_20260508_164641,trial_001,subject_001,1778230003.9815633,1778230003.9815633,952801.9457747,192114,BBS05,0,0,1,-107.39807588051612,620.7555265964854,49.82821971949637,-144.90644774560698,408.825027241385,56.15369594961417,-87.78846171415762,338.75292945130775,63.324033770967446,190.4193090988572,602.5630579880597,43.37619950871138,164.8917147535932,379.9601924785864,56.78779687727607,95.67512635891464,332.4234306933782,62.27556324066704
independent_20260508_164641,trial_001,subject_001,1778230003.9920766,1778230003.9920766,952801.9556571,192115,BBS05,0,0,1,-107.40283681559109,620.7562137326423,49.824627591403576,-144.91943970491133,408.8248392536711,56.151977447425146,-87.79956794325682,338.7557934452056,63.35102899349608,190.41385114617137,602.5561899709539,43.383220894668156,164.9136790862022,379.98518312439296,56.823946559433466,95.6800389739734,332.4357286452788,62.2686287868674
independent_20260508_164641,trial_001,subject_001,1778230004.002077,1778230004.002077,952801.9657652,192116,BBS05,0,0,1,-107.40164459374866,620.7537186348611,49.83646778127266,-144.91124347266847,408.82196811064085,56.1527402113393,-87.79289660348431,338.76273199640536,63.33048718882393,190.4156211615254,602.563739068841,43.38010638357671,164.8902287227638,379.9586482022275,56.78950076955525,95.68274285336315,332.4348700068967,62.266133582011115
independent_20260508_164641,trial_001,subject_001,1778230004.0120785,1778230004.0120785,952801.9753672,192117,BBS05,0,0,1,-107.39443654390674,620.7612260845759,49.83623675837749,-144.9126713949519,408.83272363048485,56.158047591619464,-87.79400659175181,338.74133307918265,63.30500466483568,190.4138960220363,602.5587937551902,43.39053677691806,164.91488375917902,379.9765262207787,56.81823935573661,95.7104178806677,332.44556113024765,62.259184273479526
independent_20260508_164641,trial_001,subject_001,1778230004.022076,1778230004.022076,952801.9854412,192118,BBS05,0,0,1,-107.39461889176926,620.7577828403373,49.83062917222392,-144.94312841067799,408.8051591259077,56.163111833306466,-87.76802420638457,338.7442553316651,63.279540101703255,190.4139082474803,602.5585047483418,43.39068150250179,164.8877093341846,379.9506267384753,56.784712959562015,95.6567568295528,332.4037135693159,62.27739323138579
independent_20260508_164641,trial_001,subject_001,1778230004.0315886,1778230004.0315886,952801.9956879,192119,BBS05,0,0,1,-107.39065341189401,620.7541344203403,49.831023204180966,-144.8915708026911,408.85003379851565,56.150323339781465,-87.78588037020666,338.7396658282894,63.2982597380641,190.4077619980142,602.5595533348683,43.396890949897916,164.88357988636525,379.9460029563617,56.77772818660376,95.67940401127439,332.43059709661867,62.26082179924507
independent_20260508_164641,trial_001,subject_001,1778230004.0415878,1778230004.0415878,952802.0055206,192120,BBS05,0,0,1,-107.39746103381385,620.7478716197982,49.82132460300526,-144.92094169355596,408.81985641205864,56.15338017226221,-87.77812347842276,338.73993187614525,63.29546450149241,190.4127480272842,602.5618611037202,43.38606561592895,164.88209354782026,379.95991388865946,56.782235889273124,95.69649812117437,332.4393398526026,62.25026738506091
independent_20260508_164641,trial_001,subject_001,1778230004.051587,1778230004.051587,952802.0156003,192121,BBS05,0,0,1,-107.38693105660998,620.768550843208,49.83379396415851,-144.9605956439947,408.80577178148184,56.171833909967134,-87.79511634447196,338.7526502381408,63.31503722695346,190.41565976358567,602.5623732592204,43.40011935079262,164.89494261629446,379.96128557505125,56.80304642386113,95.67706179909568,332.4302942238131,62.261666642670185
independent_20260508_164641,trial_001,subject_001,1778230004.0619836,1778230004.0619836,952802.0255215,192122,BBS05,0,0,1,-107.38861374576526,620.7605052404728,49.83365720288115,-144.95883761422508,408.8181201393408,56.17138851592583,-87.79895661496077,338.7445164631875,63.309463217286506,190.40617866126175,602.5372584450697,43.40207410142118,164.88154729406227,379.9359413275276,56.77969538854669,95.67870759276015,332.4247686181201,62.25559973731457
independent_20260508_164641,trial_001,subject_001,1778230004.0716252,1778230004.0716252,952802.0354349,192123,BBS05,0,0,1,-107.38697081071223,620.7557793145901,49.82506511805107,-144.90757754472233,408.8540478628472,56.15194839590466,-87.78213453275698,338.73904562625086,63.29082826399306,190.3989362355409,602.5466391168144,43.39606530893283,164.87654984865213,379.93090442350285,56.780821005119414,95.65706928457107,332.4005164911176,62.25990974483491
independent_20260508_164641,trial_001,subject_001,1778230004.0819917,1778230004.0819917,952802.0454943,192124,BBS05,0,0,1,-107.38614909684578,620.7518707038364,49.82986800369701,-144.94860463237836,408.8088585267356,56.147572198073306,-87.78213996534667,338.74525786989506,63.285499428677454,190.40218213264006,602.5500421453365,43.4054031288433,164.88775407299786,379.9603634289973,56.79945731146805,95.65370507246807,332.40971174388227,62.25545951923259
independent_20260508_164641,trial_001,subject_001,1778230004.0913048,1778230004.0913048,952802.0555384,192125,BBS05,0,0,1,-107.39155778285993,620.7528414179062,49.82353622291291,-144.9603918094198,408.8249385633436,56.17559764419944,-87.77827977091559,338.7317611724766,63.264135486502504,190.40348417122357,602.5497810734769,43.41012265899729,164.89703685599423,379.9472646475195,56.80679136452947,95.65515198561721,332.40564985255656,62.26077272790309
independent_20260508_164641,trial_001,subject_001,1778230004.1019926,1778230004.1019926,952802.0656882,192126,BBS05,0,0,1,-107.38793721381327,620.7512482469472,49.82409567486854,-144.9288127386709,408.82788040705907,56.13857303424973,-87.79151864664031,338.73669594424314,63.2900386742021,190.40580780232523,602.5597466979631,43.40274844264979,164.86751429047374,379.9266093460748,56.76482085416456,95.66187644027141,332.41732510485264,62.25615769437624
independent_20260508_164641,trial_001,subject_001,1778230004.1118653,1778230004.1118653,952802.0756108,192127,BBS05,0,0,1,-107.39554237822921,620.753663812819,49.82450808552391,-144.8797047509554,408.8663370766071,56.12001528870041,-87.81237483179483,338.7381885087514,63.27450969696473,190.41429355548422,602.5612890641663,43.42039251160075,164.8687022035554,379.9350958587224,56.762375994282955,95.65978308088613,332.4152467799895,62.23968271972571
independent_20260508_164641,trial_001,subject_001,1778230004.1223204,1778230004.1223204,952802.0856758,192128,BBS05,0,0,1,-107.37620404221231,620.7463669416194,49.8396522382134,-144.90899962016937,408.848720205731,56.11716440797712,-87.80048075161625,338.7269091347097,63.252753503280694,190.4157531465785,602.5622757158795,43.42495061848482,164.86701473406077,379.9306759546216,56.766529243116466,95.65636250461851,332.4135827039676,62.24230646630306
independent_20260508_164641,trial_001,subject_001,1778230004.1314566,1778230004.1314566,952802.0956742,192129,BBS05,0,0,1,-107.37936143103208,620.7464243927824,49.84981355152256,-144.88303248615694,408.87561268993693,56.115521615930334,-87.80979594162122,338.72741050458103,63.26295060773594,190.4003152277391,602.5453283597151,43.42032695988987,164.8716791909655,379.92971813665486,56.760713361292176,95.64020812636734,332.39214763583556,62.24678784740777
independent_20260508_164641,trial_001,subject_001,1778230004.1419685,1778230004.1419685,952802.1054727,192130,BBS05,0,0,1,-107.37974752723132,620.7507810462032,49.85499621872447,-144.93125596514508,408.8031235880756,56.12424858575964,-87.77726419292426,338.71841969494693,63.227439301070554,190.40628257539942,602.5335343951594,43.428275483169315,164.86145819516116,379.92762951504733,56.764314084781155,95.65015579183479,332.4139263183981,62.23494155568186
independent_20260508_164641,trial_001,subject_001,1778230004.1519685,1778230004.1519685,952802.1155169,192131,BBS05,0,0,1,-107.37485929202835,620.7317752060095,49.8547158329883,-144.8787288370908,408.85542537285266,56.09917027672182,-87.79995849330776,338.7209148439532,63.22458368892012,190.41227993010196,602.5284204547185,43.414837796063274,164.86401305626964,379.927603910534,56.76417738456581,95.64540725514655,332.3891169166651,62.24246894417248
independent_20260508_164641,trial_001,subject_001,1778230004.1619725,1778230004.1619725,952802.1258309,192132,BBS05,0,0,1,-107.37068244927292,620.7357639500977,49.86995402128278,-144.94325435942872,408.7730453310045,56.11448642209597,-87.79634809074683,338.70870221404925,63.22700847764462,190.4118357606055,602.5312866164211,43.430382018458694,164.864250855377,379.9223657812228,56.76148474642581,95.623303727456,332.37635771678873,62.23933125330794
independent_20260508_164641,trial_001,subject_001,1778230004.1719859,1778230004.1719859,952802.1356552,192133,BBS05,0,0,1,-107.36830837486288,620.7319352155055,49.869637849447244,-144.93613272675788,408.78918650430427,56.11528521873679,-87.81353336363544,338.6870628837003,63.20534135773614,190.4041610563376,602.5236641197856,43.448451505854145,164.8516646137611,379.93765615219064,56.77304913193984,95.63891973709504,332.3705538281865,62.232574092333884
independent_20260508_164641,trial_001,subject_001,1778230004.181496,1778230004.181496,952802.1453845,192134,BBS05,0,0,1,-107.37705708384493,620.7261307958701,49.87788696153582,-144.9290753077236,408.7416370520213,56.06176301188482,-87.81384840949285,338.6884185245179,63.19029283483671,190.4053156385646,602.5199794184706,43.45286983904769,164.84900940926093,379.91445140878835,56.76811062799309,95.60110151511391,332.3566132018651,62.23628351459034
independent_20260508_164641,trial_001,subject_001,1778230004.1914327,1778230004.1914327,952802.1555496,192135,BBS05,0,0,1,-107.36614853973978,620.7270901424256,49.882438421630596,-144.9303775660805,408.8093441927897,56.121182354402976,-87.80598642771349,338.6901308891298,63.20257189424137,190.40255126217897,602.519839098102,43.454517790028255,164.86695675991035,379.91898643133,56.7619815937053,95.63589274699233,332.37522034554013,62.2325336823329
independent_20260508_164641,trial_001,subject_001,1778230004.2013037,1778230004.2013037,952802.1654761,192136,BBS05,0,0,1,-107.3674093741168,620.7211102595645,49.877917366375044,-144.92017576771576,408.74620858899533,56.06263543963238,-87.82542866354046,338.6787044971643,63.190408492717104,190.40127176004566,602.5273144089055,43.459779593758675,164.86022139946226,379.91617523387623,56.75470050898668,95.62679419077753,332.357985537356,62.2121544400275
independent_20260508_164641,trial_001,subject_001,1778230004.212321,1778230004.212321,952802.1757586,192137,BBS05,0,0,1,-107.36619184770898,620.7156501560628,49.88889353417397,-144.9270655930638,408.798508263824,56.10368482798934,-87.8234292549518,338.6856117308675,63.19179242016609,190.3954157507384,602.5179429389966,43.45703919422893,164.85814568929806,379.90868145520017,56.768266693796775,95.62873665232446,332.33964771689716,62.23566552143183
independent_20260508_164641,trial_001,subject_001,1778230004.2218432,1778230004.2218432,952802.1857574,192138,BBS05,0,0,1,-107.36002208195896,620.733102529767,49.89063044827729,-144.90881967584812,408.8275960947614,56.08825444504734,-87.79205459407468,338.68024731801194,63.15763711199625,190.39463711784677,602.5020996470431,43.46727993661261,164.87612915725958,379.9268299272925,56.784198542640205,95.63371496327453,332.3528550772233,62.2352501341935
independent_20260508_164641,trial_001,subject_001,1778230004.2308412,1778230004.2308412,952802.1955431,192139,BBS05,0,0,1,-107.35721635761377,620.7170226450623,49.90783443956158,-144.90139384244978,408.83381478133595,56.09658272532604,-87.81265172952773,338.6715398463036,63.18509956689065,190.39840062696155,602.4991448213699,43.482286194089795,164.8571548194489,379.91385852699153,56.75644237864564,95.61988980395417,332.3416335814593,62.224446389892435
independent_20260508_164641,trial_001,subject_001,1778230004.2413597,1778230004.2413597,952802.2055233,192140,BBS05,0,0,1,-107.35577136709168,620.7145205205504,49.914315543065975,-144.93598242730098,408.80717173132507,56.11645866859782,-87.82599492572032,338.67209566538037,63.169859390720525,190.40469963350452,602.5124354175717,43.48585060072174,164.85430204154343,379.9102173195384,56.76593368945173,95.64993149829806,332.343615228623,62.236430810702316
independent_20260508_164641,trial_001,subject_001,1778230004.2513595,1778230004.2513595,952802.2155709,192141,BBS05,0,0,1,-107.36430661869393,620.7125779255293,49.91140619499506,-144.93622829659148,408.73871658333314,56.06902109839011,-87.80145243606283,338.67423113790767,63.15048036147279,190.39559925218236,602.5116753406302,43.48775708717995,164.86109869337238,379.9130294780682,56.756217694944745,95.6354031381498,332.3430470250509,62.22551061801457
independent_20260508_164641,trial_001,subject_001,1778230004.2616518,1778230004.2616518,952802.225559,192142,BBS05,0,0,1,-107.35358547270702,620.7047238741258,49.91951275905401,-144.941647957521,408.7751059486189,56.10124660662458,-87.83497729454233,338.6574382111803,63.1642811511013,190.39973161941427,602.4946132867901,43.49797550288581,164.86275553081276,379.9113062732221,56.758000803080584,95.63947515878841,332.341669181553,62.23668527957366
independent_20260508_164641,trial_001,subject_001,1778230004.2721686,1778230004.2721686,952802.2357379,192143,BBS05,0,0,1,-107.36368966737854,620.6987375482139,49.929882522580264,-144.93601481165183,408.76923454351424,56.09573334934819,-87.8275009886791,338.6614899754668,63.14890004762383,190.4035968793874,602.495105569628,43.51214350686119,164.847494004776,379.9103971913244,56.75767426138024,95.6410510323509,332.34376622746197,62.22384710109736
independent_20260508_164641,trial_001,subject_001,1778230004.2816758,1778230004.2816758,952802.2456656,192144,BBS05,0,0,1,-107.35426198316824,620.7064598366068,49.935293091587205,-144.93324833584896,408.7477265191325,56.070575042274456,-87.80322144592762,338.6606818010764,63.12399743534421,190.39675416428977,602.4885769129662,43.505901035466685,164.86142627799086,379.9066522321563,56.75761151856248,95.61010815179678,332.29788185520255,62.22283057514954
independent_20260508_164641,trial_001,subject_001,1778230004.291376,1778230004.291376,952802.2554682,192145,BBS05,0,0,1,-107.35073093888701,620.6997606370205,49.94206366616462,-144.937910161018,408.78272220956757,56.10795914086714,-87.80839677551727,338.65641283267155,63.12025910674545,190.41133871206955,602.4913551575454,43.51719160465031,164.85067103976561,379.9161262084578,56.74508659588317,95.61177382676756,332.31459058377146,62.22374173119242
independent_20260508_164641,trial_001,subject_001,1778230004.30538,1778230004.30538,952802.268657,192146,BBS05,0,0,1,-107.34362443999414,620.697484955731,49.94096151420195,-144.90059148413798,408.82033351822,56.070901237385115,-87.81689192984267,338.6471011009942,63.1177864874338,190.39774938180238,602.4751606021764,43.517913957046765,164.85582198179205,379.9117847312569,56.74567172646685,95.64498183714484,332.33186200413434,62.222665892087086
independent_20260508_164641,trial_001,subject_001,1778230004.3154147,1778230004.3154147,952802.2787984,192147,BBS05,0,0,1,-107.34897543886701,620.7001928488263,49.93493708461432,-144.94687503088707,408.7831326426129,56.1088985554181,-87.84757407836074,338.6352703818866,63.11287088946763,190.40194933260952,602.4796332238291,43.52482667475141,164.8636324410969,379.906384633035,56.75419180371562,95.60478452504255,332.31940183574034,62.20964908871544
independent_20260508_164641,trial_001,subject_001,1778230004.3252122,1778230004.3252122,952802.2886487,192148,BBS05,0,0,1,-107.3461849479663,620.69663390396,49.94509379393448,-144.9401499268311,408.780371140147,56.10154111501067,-87.81758621202532,338.65056201255385,63.11496198655351,190.41219457155208,602.4735367373464,43.53937624336637,164.8536213174802,379.90903380110393,56.74941531893466,95.63862204119906,332.34994931957317,62.21015542300574
independent_20260508_164641,trial_001,subject_001,1778230004.3352334,1778230004.3352334,952802.2985801,192149,BBS05,0,0,1,-107.34622533329441,620.6994159607157,49.94051169081388,-144.94586348855975,408.76039702866876,56.0567994819847,-87.83758420823159,338.65370391893566,63.11928946394531,190.40571393704568,602.4882369245204,43.54670222371771,164.84041412369285,379.90842919539443,56.731314718749665,95.63468464665691,332.31619172222133,62.21062655152252
independent_20260508_164641,trial_001,subject_001,1778230004.3431208,1778230004.3431208,952802.3067204,192150,BBS05,0,0,1,-107.3477929530123,620.6902767661023,49.94423056533238,-144.9514062269389,408.76277262542897,56.06747136706265,-87.84325442220049,338.64761746495174,63.11155407206931,190.40520687189291,602.4601351653272,43.54542412301283,164.85982138879407,379.8964484054846,56.7364700777498,95.61669862131026,332.3124811177537,62.19676783652932
independent_20260508_164641,trial_001,subject_001,1778230004.3531191,1778230004.3531191,952802.3166774,192151,BBS05,0,0,1,-107.34566255860773,620.6933552284717,49.94365637943268,-144.94413920098486,408.77954221609144,56.07484868267701,-87.82724711810728,338.644648433648,63.092453280296816,190.40295602910444,602.4620623445201,43.54861939530993,164.85212851886857,379.90478039085775,56.74375998337922,95.5986903031061,332.2896923554166,62.19660316659585
independent_20260508_164641,trial_001,subject_001,1778230004.3631418,1778230004.3631418,952802.3264752,192152,BBS05,0,0,1,-107.35377721208634,620.6904012949412,49.95010498673074,-144.9561347717939,408.7112989048319,56.049269372555855,-87.84736565008963,338.6566462807549,63.090923548105145,190.4055745887192,602.470014013788,43.55280507937822,164.83851173290756,379.88469051480763,56.72503477788095,95.63563153384376,332.30980888623714,62.18907607330404
independent_20260508_164641,trial_001,subject_001,1778230004.3721445,1778230004.3721445,952802.3363539,192153,BBS05,0,0,1,-107.35418615512798,620.6857274069074,49.951975136835166,-144.95967063711467,408.73051662555736,56.03837626163734,-87.85764499925524,338.64457632847433,63.09737874828704,190.39301292314914,602.4637160066327,43.54619449653351,164.8368366244763,379.90783554285264,56.72753136199354,95.63095129608605,332.3077112456285,62.19135572616618
independent_20260508_164641,trial_001,subject_001,1778230004.3831263,1778230004.3831263,952802.3465225,192154,BBS05,0,0,1,-107.34416197074134,620.6857884075789,49.96008000368003,-145.065820335008,408.3953689086781,55.89264119606445,-87.87462111859315,338.62882331300057,63.07440443812083,190.4071096553728,602.4626370583536,43.551717411795195,164.8543941121405,379.8941223444983,56.736195574900364,95.6395940071808,332.31483708680105,62.17935074019518
independent_20260508_164641,trial_001,subject_001,1778230004.3922243,1778230004.3922243,952802.3563655,192155,BBS05,0,0,1,-107.3453496021199,620.6852563533465,49.96650618089708,-144.97926579366612,408.63984385049554,55.99964035283486,-87.8763812859104,338.61224668068655,63.07348573601369,190.40246091591416,602.4605345012875,43.56132767578104,164.84685760630373,379.9020432882336,56.72851626899876,95.60651062272088,332.2816515133915,62.19293640329303
independent_20260508_164641,trial_001,subject_001,1778230004.4022245,1778230004.4022245,952802.3664528,192156,BBS05,0,0,1,-107.3475174740472,620.6859264488354,49.967669001253796,-144.97341480034115,408.64376266682285,55.98888562193445,-87.8782850006193,338.61516089840995,63.07202796276952,190.4047753423358,602.4765813045159,43.568360159627105,164.83606436107428,379.8879622180405,56.71672158938729,95.60343196821262,332.26223674083036,62.1911306726013
independent_20260508_164641,trial_001,subject_001,1778230004.4122245,1778230004.4122245,952802.3756049,192157,BBS05,0,0,1,-107.3405392603911,620.6773407650505,49.97439277505513,-144.9788317720646,408.6504515027991,55.98845733597233,-87.85238921300027,338.6298162828365,63.05870453069257,190.40128389292107,602.4629904055445,43.569259510644656,164.8431629881434,379.8966941377145,56.72119814474532,95.59598040702785,332.27361327659986,62.192806880073014
independent_20260508_164641,trial_001,subject_001,1778230004.4222243,1778230004.4222243,952802.3856081,192158,BBS05,0,0,1,-107.34103828159627,620.6804398351717,49.9708633730794,-144.9754250658856,408.6379666689551,55.98754933609604,-87.8820892492656,338.6084928127841,63.04917568450247,190.39578332465302,602.4631047158222,43.56515041841839,164.84136199782435,379.90301346992226,56.7306528746242,95.59880626161686,332.2631355613832,62.17961188159791
independent_20260508_164641,trial_001,subject_001,1778230004.4322276,1778230004.4322276,952802.3958314,192159,BBS05,0,0,1,-107.34664326659166,620.6581379026777,49.97971248438011,-145.0580372841541,408.3964564464262,55.89223926350025,-87.88200337974965,338.6050752481999,63.044396588175935,190.40672702880357,602.456876888373,43.570509303020884,164.83282047336832,379.9076308288922,56.719299447467236,95.6171420105829,332.283403608381,62.187613401307026
independent_20260508_164641,trial_001,subject_001,1778230004.4417791,1778230004.4417791,952802.4055158,192160,BBS05,0,0,1,-107.34314831466959,620.6809946628841,49.983379618878395,-144.96589517921117,408.6472483823791,56.004165275685736,-87.85450221705908,338.6216642751679,63.05254606123007,190.40004506326284,602.4529669074063,43.57204126497954,164.83865963731145,379.9058128208602,56.72884002406691,95.57008754928032,332.2403908134678,62.17897885792617
independent_20260508_164641,trial_001,subject_001,1778230004.45218,1778230004.45218,952802.4156517,192161,BBS05,0,0,1,-107.35033810032118,620.672292537606,49.99153707449978,-144.9695881644509,408.64389463421963,55.993838960042964,-87.89089393498523,338.6120962081256,63.07035927624473,190.39829170516148,602.4672538845259,43.57078920413267,164.8335371139591,379.892072514457,56.72817621058885,95.58190579656417,332.2580467846221,62.186886654696636
independent_20260508_164641,trial_001,subject_001,1778230004.4621794,1778230004.4621794,952802.425449,192162,BBS05,0,0,1,-107.34653177505128,620.6510386691739,49.9884534521759,-144.98528356268707,408.6363154792255,55.98944625204601,-87.86610423620772,338.6055310454835,63.050794564625924,190.4003322838498,602.4727431171294,43.58032520000248,164.8281526102997,379.90704087539285,56.72673947965849,95.59391502951526,332.26811254177323,62.18889464869645
independent_20260508_164641,trial_001,subject_001,1778230004.4713724,1778230004.4713724,952802.4356135,192163,BBS05,0,0,1,-107.33739715405694,620.6724416159241,49.993068416958366,-144.98301569592448,408.6560184896383,55.99492733163937,-87.88075460841094,338.5960471226407,63.04566945852601,190.3932955136625,602.4561364102871,43.56973496882298,164.85198382557408,379.8914950419194,56.738290794459665,95.62509875760043,332.30179353741937,62.18343641527736
independent_20260508_164641,trial_001,subject_001,1778230004.4818873,1778230004.4818873,952802.4455955,192164,BBS05,0,0,1,-107.33719450066516,620.6714393835505,49.99753786085779,-144.97861657391576,408.6497064452391,55.99456355658515,-87.88566778528222,338.614738005443,63.06549751723515,190.39445588587745,602.469838428471,43.57229751340033,164.83691438707402,379.8994343904632,56.72715517966698,95.60858680041794,332.27238657523685,62.192426820329175
independent_20260508_164641,trial_001,subject_001,1778230004.4924088,1778230004.4924088,952802.4556786,192165,BBS05,0,0,1,-107.3418579557712,620.6679830092029,49.99091452242214,-144.97375685714795,408.65878561534356,55.99898120758832,-87.87858268895879,338.60326007323806,63.04924434097066,190.40075556679895,602.4576516446675,43.57396573796831,164.8179586804672,379.88443844404475,56.719749983650104,95.59352115522171,332.26731151875447,62.18201513240787
independent_20260508_164641,trial_001,subject_001,1778230004.5015833,1778230004.5015833,952802.4656496,192166,BBS05,0,0,1,-107.33216229093522,620.6629359444945,49.99812293058976,-144.98009524401036,408.66530682956,56.005378498750396,-87.87070423492972,338.5932492805055,63.03388888255752,190.40014806060012,602.45326394181,43.58143015422867,164.82585024014895,379.891815623199,56.71908404927335,95.60132244153164,332.26096315555657,62.18521218482283
independent_20260508_164641,trial_001,subject_001,1778230004.5115883,1778230004.5115883,952802.475422,192167,BBS05,0,0,1,-107.34196309005898,620.6609669013787,49.98984246947557,-144.9658865926817,408.6684658056374,55.983657477465705,-87.8577493638879,338.6200492900416,63.04480419023588,190.3984274375144,602.4564745879566,43.57819190404488,164.82655607812865,379.8949719372583,56.71966786219709,95.60452138582423,332.2698583633511,62.18127875448362
independent_20260508_164641,trial_001,subject_001,1778230004.5223207,1778230004.5223207,952802.4857141,192168,BBS05,0,0,1,-107.34617910796885,620.6553683395449,49.98186621049144,-144.95153408419745,408.70365687285266,56.01643918992515,-87.87250460288189,338.61773291988374,63.03869357741848,190.39860922766653,602.473254622984,43.58033501268115,164.84295178019175,379.8995762147153,56.71128171410852,95.57112932372317,332.2343645773783,62.182614883891574
independent_20260508_164641,trial_001,subject_001,1778230004.532274,1778230004.532274,952802.495546,192169,BBS05,0,0,1,-107.34239830923588,620.6661698780129,49.97768696323265,-144.9612874496729,408.7138152984015,56.028708954394006,-87.87611068297589,338.59266029679037,63.03063853612669,190.40232778559383,602.4657381421806,43.58094583229116,164.8271191320136,379.88620191632754,56.712503490068,95.61208273858243,332.27625999938795,62.1776844112495
independent_20260508_164641,trial_001,subject_001,1778230004.5412714,1778230004.5412714,952802.5054625,192170,BBS05,0,0,1,-107.33921121189596,620.6741447645397,49.99012961087731,-144.96462881981293,408.71502266010395,56.03232207027074,-87.88592550121571,338.60554649226555,63.03792980036009,190.40488669547025,602.4630934892635,43.587473051445315,164.82451478825234,379.90914333579826,56.71726267663943,95.60899155763505,332.27084574934565,62.181768570373755
independent_20260508_164641,trial_001,subject_001,1778230004.5522768,1778230004.5522768,952802.5156508,192171,BBS05,0,0,1,-107.33691021367144,620.6709315991172,49.97876919372558,-144.9557331174415,408.7442135363594,56.0626841586849,-87.87077814938034,338.6027865399876,63.047730263722435,190.40041537382356,602.4655878597783,43.57539701034682,164.83653500847672,379.8998651439604,56.71715071745533,95.61334661648196,332.2795806242283,62.170081622497975
independent_20260508_164641,trial_001,subject_001,1778230004.562273,1778230004.562273,952802.5257101,192172,BBS05,0,0,1,-107.33666662365454,620.6709199047101,49.973645681600864,-144.95023424326678,408.73668083778375,56.0461583376037,-87.88465334690818,338.60576246879464,63.04689149683156,190.3971031899535,602.4727159501664,43.58258289922161,164.82217073806171,379.89716130008014,56.71521197314742,95.59543905477454,332.25478194587436,62.18122248335217
independent_20260508_164641,trial_001,subject_001,1778230004.572276,1778230004.572276,952802.535627,192173,BBS05,0,0,1,-107.33141815797894,620.6808959229301,49.98277936484832,-144.95189189460638,408.748363496583,56.03304134467823,-87.87509705232141,338.62003446482316,63.041178938792264,190.39224184236636,602.4717759896689,43.57686903001749,164.8296043321227,379.90167065965875,56.713816523558,95.64148761063689,332.2944775928442,62.1879475894381
independent_20260508_164641,trial_001,subject_001,1778230004.5822766,1778230004.5822766,952802.5456256,192174,BBS05,0,0,1,-107.33336457056296,620.6735123884473,49.966977891558265,-145.06931717998498,408.38248511680115,55.874325147241265,-87.8877949800168,338.61371191818125,63.041988017881124,190.4003056709833,602.4643724491921,43.58496654043677,164.80669254591433,379.8752134164996,56.690258502457844,95.63513904047637,332.2968595190704,62.17691836499696
independent_20260508_164641,trial_001,subject_001,1778230004.5912957,1778230004.5912957,952802.5554426,192175,BBS05,0,0,1,-107.32681502696566,620.6743542831634,49.96812838184478,-144.9744540162144,408.64880720060717,55.97424528123781,-87.90120591162902,338.59330929657625,63.03870529346927,190.41576706515465,602.4685058818166,43.59000318436164,164.8214164834795,379.8799963903181,56.705715753622435,95.57980615506443,332.2425462666176,62.17805327136224
independent_20260508_164641,trial_001,subject_001,1778230004.6022081,1778230004.6022081,952802.5655893,192176,BBS05,0,0,1,-107.3252252668685,620.6780695772105,49.9721466131626,-144.99215231832554,408.6402104925762,55.99306951998148,-87.89445484226323,338.59260441231595,63.04324611407142,190.40092985135084,602.4513217432949,43.571586379885375,164.83116285990062,379.90321705354694,56.720004796548146,95.59052827549958,332.262340638233,62.17346261651702
independent_20260508_164641,trial_001,subject_001,1778230004.6114988,1778230004.6114988,952802.5755001,192177,BBS05,0,0,1,-107.33104023408139,620.6705310330823,49.9659109355302,-144.98685261835243,408.6389122150917,56.0033838036496,-87.88908217504687,338.59709374597475,63.03664976756857,190.41128238391855,602.4725774842424,43.58159853784695,164.82005354730506,379.89223876391225,56.706145912070106,95.63583340288422,332.2921888262724,62.170517381543796
independent_20260508_164641,trial_001,subject_001,1778230004.622154,1778230004.622154,952802.5854852,192178,BBS05,0,0,1,-107.3280832193561,620.6700933924415,49.97766567552202,-144.98234150266998,408.64691339160555,55.98942141625941,-87.87264754604146,338.61805800332405,63.05111069340106,190.39762382977514,602.4553195921283,43.58289415419551,164.83736420501768,379.89621032122386,56.72040821839395,95.59009780670863,332.26246030111434,62.17283394392892
independent_20260508_164641,trial_001,subject_001,1778230004.6315567,1778230004.6315567,952802.5954913,192179,BBS05,0,0,1,-107.32697215145726,620.6740848455479,49.9768451514122,-144.982479174484,408.6521083536279,56.01158000788992,-87.8729806847383,338.6190083245241,63.04654591676154,190.4075342452177,602.4659978532985,43.59384579565738,164.8390034908921,379.8989947739496,56.720364144471624,95.60583494107863,332.2820817440738,62.16832289719011
independent_20260508_164641,trial_001,subject_001,1778230004.6417582,1778230004.6417582,952802.6054923,192180,BBS05,0,0,1,-107.32839097990781,620.6794099837435,49.97486254939513,-144.98121431214392,408.68434104271756,56.03527021446433,-87.8723512711853,338.6224296674975,63.05260524232549,190.41556193183033,602.4648768537304,43.600685606781504,164.83328496946515,379.90154201972194,56.72779499459201,95.56144897940497,332.2281940984759,62.174714809741246
independent_20260508_164641,trial_001,subject_001,1778230004.6524994,1778230004.6524994,952802.6157536,192181,BBS05,0,0,1,-107.3137376161622,620.6829351603636,49.96677730602841,-144.96771920844728,408.6941052098079,56.02406321047991,-87.89684552479983,338.6124078534668,63.077479591980065,190.41328429212865,602.4652044881939,43.589885227889056,164.8402541869243,379.8964588985939,56.72544414013256,95.59148110909447,332.2817722654305,62.175586150166794
independent_20260508_164641,trial_001,subject_001,1778230004.661497,1778230004.661497,952802.6256445,192182,BBS05,0,0,1,-107.31787098599263,620.6893841192187,49.9624214676891,-144.97628965459128,408.70428991584816,56.02542914725698,-87.8896543202055,338.59917393059993,63.04065226117125,190.39402541335716,602.4606186332956,43.583185938078365,164.8299802909245,379.9003350383415,56.7200368350821,95.5999593076522,332.2782773653765,62.17803778951297
independent_20260508_164641,trial_001,subject_001,1778230004.6720953,1778230004.6720953,952802.6355765,192183,BBS05,0,0,1,-107.32089318381233,620.6846769633052,49.95723791029054,-144.9613791555217,408.72426089754447,56.02864758442467,-87.89661770550762,338.5991410695599,63.03897291543859,190.40136590941782,602.4511553699563,43.576609058958276,164.8183269190981,379.89451123232925,56.72627351972005,95.57246478089107,332.26178447238357,62.17677109436692
independent_20260508_164641,trial_001,subject_001,1778230004.6811962,1778230004.6811962,952802.6454288,192184,BBS05,0,0,1,-107.32014329045987,620.6796528002798,49.95577708587718,-144.96725637635737,408.7074396897077,56.047112811180135,-87.89180467986782,338.59966193430057,63.050200372288636,190.4048802796141,602.4710816352753,43.5796720736366,164.8284471007506,379.905613504638,56.73527595407846,95.59523711744407,332.27883481216435,62.17552082442779
independent_20260508_164641,trial_001,subject_001,1778230004.69222,1778230004.69222,952802.6556727,192185,BBS05,0,0,1,-107.31724274136789,620.6904360182463,49.95725004974773,-144.9446953203977,408.76356025741904,56.02974039185479,-87.89878052169092,338.60066359714585,63.0435670292058,190.39614770568434,602.4585206747787,43.57446062368331,164.8291376854274,379.9055256984696,56.72236038647665,95.57505119633647,332.25027978337596,62.180242374553146
independent_20260508_164641,trial_001,subject_001,1778230004.7021415,1778230004.7021415,952802.6656184,192186,BBS05,0,0,1,-107.31207835372948,620.6911334887477,49.9526934688446,-144.95891148472947,408.7353778979937,56.047510793742276,-87.88832125241491,338.61809069628174,63.05288451672026,190.40447496537834,602.4552859035908,43.58088867692425,164.8293563635881,379.90370146727207,56.718220699977145,95.61140267654744,332.27993277971643,62.16809610726285
independent_20260508_164641,trial_001,subject_001,1778230004.712141,1778230004.712141,952802.6756034,192187,BBS05,0,0,1,-107.31589557598056,620.6827874085045,49.9528988119792,-144.91883307852095,408.8155020231168,56.0536212898234,-87.89227410458281,338.6027465873575,63.03858927924546,190.40211984464,602.457601312834,43.58125231287567,164.83511297640263,379.90286764432017,56.73057346749509,95.58961657770544,332.2684454939135,62.18018880122058
independent_20260508_164641,trial_001,subject_001,1778230004.7221627,1778230004.7221627,952802.6856032,192188,BBS05,0,0,1,-107.31702387420044,620.6781597888112,49.952388807363555,-144.9483966886924,408.7684564828314,56.05465325907311,-87.90217511031229,338.60434960359567,63.05480887467041,190.40719488411142,602.4632081472665,43.58379787203581,164.81607544356655,379.90116336930856,56.71780841855637,95.5748314034159,332.25626348527675,62.184332465506245
independent_20260508_164641,trial_001,subject_001,1778230004.7316437,1778230004.7316437,952802.69563,192189,BBS05,0,0,1,-107.31993601936821,620.6795407325312,49.93433994384455,-144.95538870774016,408.7853123790565,56.059920016295216,-87.89609491156847,338.60767261562455,63.055250938499974,190.40333671049405,602.4676753458615,43.5867277829281,164.81876728971264,379.8927216336504,56.7137550886987,95.57250523817726,332.25930947357915,62.184073758882626
independent_20260508_164641,trial_001,subject_001,1778230004.7416472,1778230004.7416472,952802.7053282,192190,BBS05,0,0,1,-107.31270822693607,620.680342959508,49.94581539886726,-144.9460265286328,408.7666955752026,56.045514734405955,-87.87936336218941,338.61602907779957,63.05353178091683,190.3994208466847,602.459938137577,43.57328525610759,164.82826215080377,379.9079017858606,56.72199918978028,95.61299072236396,332.28862601521,62.181292207457
independent_20260508_164641,trial_001,subject_001,1778230004.7521503,1778230004.7521503,952802.7156237,192191,BBS05,0,0,1,-107.3150395124271,620.6917197180029,49.943299638084525,-144.96045106194543,408.786082104947,56.06222020174294,-87.90478120246736,338.6031528498524,63.04122791225136,190.40410127031436,602.4599426659079,43.56813586485929,164.81333690221305,379.8897438321022,56.70521447493827,95.56041265535717,332.2412902220936,62.17648748555129
independent_20260508_164641,trial_001,subject_001,1778230004.762224,1778230004.762224,952802.7257067,192192,BBS05,0,0,1,-107.31300360689411,620.6871334799648,49.94659101673094,-144.93269195979664,408.7605572960827,56.00791095441765,-87.88901543843754,338.612782798992,63.03452244414079,190.4018861041659,602.4673986903915,43.58257418462838,164.79967059736364,379.8792233283211,56.72371061269567,95.56862533834008,332.24757874804044,62.17095104548761
independent_20260508_164641,trial_001,subject_001,1778230004.7722094,1778230004.7722094,952802.735632,192193,BBS05,0,0,1,-107.31348113964417,620.6726422167869,49.939843350705424,-144.9238922697743,408.79734143836424,56.027138575889644,-87.9091338460867,338.5930318227593,63.0413520612962,190.40634622860537,602.4472775996985,43.58733510851821,164.82740041435574,379.8987534524153,56.72971709509337,95.59766141498679,332.27221620597066,62.170274763894604
independent_20260508_164641,trial_001,subject_001,1778230004.7817192,1778230004.7817192,952802.7454723,192194,BBS05,0,0,1,-107.32025283513887,620.6836702574468,49.94687543429918,-144.95578917036937,408.7556133507072,56.0442914599762,-87.90331303206571,338.60349399813555,63.0215732652093,190.40600740308884,602.4575856427748,43.586568546121136,164.7993890556283,379.88094829746683,56.696106891714315,95.61051712029717,332.29235283172966,62.17037388835709
independent_20260508_164641,trial_001,subject_001,1778230004.792048,1778230004.792048,952802.7554826,192195,BBS05,0,0,1,-107.32062821691488,620.6821009463079,49.953719539256596,-144.9620130453039,408.7031638090815,56.01613538808558,-87.90884919112229,338.5834187714028,63.02321646676216,190.39012150341387,602.462280311618,43.56404330513529,164.84512493694515,379.89583468896103,56.73617424342147,95.59021428759067,332.2695820444326,62.177311799432196
independent_20260508_164641,trial_001,subject_001,1778230004.802321,1778230004.802321,952802.7655654,192196,BBS05,0,0,1,-107.3130155905072,620.689097841919,49.95502366141509,-144.90149070199305,408.7996468510551,56.01663468827938,-87.89974498831083,338.60216807067115,63.02595854614408,190.40090073226827,602.4686510865686,43.57928684097073,164.82571561623558,379.8967870390016,56.71696370519367,95.57816155150114,332.2537619717074,62.183791410577165
independent_20260508_164641,trial_001,subject_001,1778230004.8123178,1778230004.8123178,952802.7756664,192197,BBS05,0,0,1,-107.31055981978226,620.686809707738,49.966728328932376,-144.96252515784337,408.7014206309509,56.0130758948654,-87.91325147321069,338.59560327633363,63.029508954535586,190.399068364114,602.4663416748092,43.5891594034983,164.81536200590315,379.8823240395827,56.720476483371556,95.62145244841248,332.3036923355106,62.184486064067734
independent_20260508_164641,trial_001,subject_001,1778230004.8222094,1778230004.8222094,952802.7855946,192198,BBS05,0,0,1,-107.31745000072291,620.6808353526237,49.97207018385185,-144.95787819772133,408.7092072272679,55.999976616411004,-87.89759218966981,338.5894845358641,63.033639084727184,190.39544629447627,602.4716782421466,43.58711528622058,164.810441173382,379.892530233612,56.74683199004467,95.60416356706959,332.2992583273892,62.1884312304014
independent_20260508_164641,trial_001,subject_001,1778230004.8316984,1778230004.8316984,952802.7957899,192199,BBS05,0,0,1,-107.31219858722147,620.6796351839156,49.96515748326984,-144.9716289821722,408.70510835133007,56.006039320356805,-87.91430999998471,338.5911119767076,63.024532181658536,190.40339478547187,602.4684203053538,43.580299523856446,164.82735564627757,379.91455790924624,56.734871060578406,95.61893945996289,332.3007324568347,62.181850340018585
independent_20260508_164641,trial_001,subject_001,1778230004.842207,1778230004.842207,952802.8056433,192200,BBS05,0,0,1,-107.31238753818155,620.6797343799514,49.969966400396515,-144.96951979674068,408.7063611941327,55.99231796873393,-87.91476939235226,338.59059674531363,63.0227800641671,190.3884590965582,602.4688072742284,43.57896511998222,164.8298792682096,379.9098234437698,56.72826371715079,95.57759509944898,332.26823508051194,62.18858254123103
independent_20260508_164641,trial_001,subject_001,1778230004.8522077,1778230004.8522077,952802.815508,192201,BBS05,0,0,1,-107.31262636490004,620.6803966001511,49.97129255294427,-144.96226161624557,408.70045707745004,55.99693625906161,-87.93418660741519,338.5877333980392,63.015152428734545,190.40814639880148,602.4688583708833,43.592956688499584,164.82401778255667,379.9042363216274,56.73451907192515,95.58385202375938,332.27156972144036,62.17658748497907
independent_20260508_164641,trial_001,subject_001,1778230004.8622336,1778230004.8622336,952802.8256089,192202,BBS05,0,0,1,-107.31310542357963,620.6663548731337,49.975797489930336,-144.96232394338688,408.74479600857984,56.02713384497187,-87.91480339789159,338.58013657371794,63.025379744696885,190.40172374834586,602.4422273041125,43.583406550805584,164.825744301559,379.90928655943037,56.727314410092156,95.5801776030051,332.27488055277524,62.17243754118542
independent_20260508_164641,trial_001,subject_001,1778230004.8717225,1778230004.8717225,952802.8354874,192203,BBS05,0,0,1,-107.30108776057334,620.6859508564914,49.982982467881875,-144.9619516435622,408.72223289710104,56.008670184119936,-87.920851486652,338.58457703918265,63.01107025477524,190.39693724597265,602.4445293267263,43.57933525583337,164.8139800071838,379.88060888098136,56.71947174961376,95.56576956324714,332.25682328020713,62.17035258789256
independent_20260508_164641,trial_001,subject_001,1778230004.8824177,1778230004.8824177,952802.8458583,192204,BBS05,0,0,1,-107.31397010140242,620.6677293267788,49.98253171253453,-144.96841348029048,408.7187252476056,55.993164152422175,-87.91497314470887,338.5813401738329,63.00896040488497,190.4098420165042,602.4670127749351,43.59094087190124,164.82943268260243,379.9082977739597,56.73190490567898,95.5744584552736,332.2649234849465,62.177312213453924
independent_20260508_164641,trial_001,subject_001,1778230004.8917294,1778230004.8917294,952802.8554606,192205,BBS05,0,0,1,-107.30856956220933,620.6709766267502,49.984741400830835,-145.07582863198795,408.38896948846525,55.83951024612885,-87.92951464358741,338.57893742333846,63.009014659406944,190.4037355161445,602.4540038294072,43.58450966617403,164.82781435228313,379.90382952759614,56.727121684643464,95.57171816262813,332.2498966422281,62.17833168188036
independent_20260508_164641,trial_001,subject_001,1778230004.90178,1778230004.90178,952802.8654596,192206,BBS05,0,0,1,-107.30394759360978,620.6686090597475,49.98430208567725,-144.99326416220063,408.63955375918226,55.954635859279115,-87.91766406704575,338.58007176633396,63.011678776497135,190.39485419057573,602.4655689140221,43.585842005884274,164.8380618563594,379.89948531906424,56.7340307032362,95.59572677687082,332.2853180877612,62.18266327300609
independent_20260508_164641,trial_001,subject_001,1778230004.9117806,1778230004.9117806,952802.875825,192207,BBS05,0,0,1,-107.30333227897472,620.6642526422664,50.00281057359153,-145.0114999503609,408.615915855017,55.95189875545787,-87.92286077007178,338.56306301324895,63.000875199935386,190.40539237372343,602.4682935509525,43.58550090552512,164.8366320505375,379.90221111567706,56.73630941596751,95.58023838249726,332.27838782616385,62.17655062410364
independent_20260508_164641,trial_001,subject_001,1778230004.92178,1778230004.92178,952802.8856918,192208,BBS05,0,0,1,-107.30260102344877,620.6597293116489,49.99669050223394,-145.00602570668295,408.6380179676815,55.954097372675996,-87.92886981827036,338.57401736320764,62.99371260344271,190.3984320487219,602.4705147318291,43.58680136309955,164.83715663371055,379.89568892953514,56.744207665628515,95.56920169972376,332.2725672099417,62.1803249428357
independent_20260508_164641,trial_001,subject_001,1778230004.9317827,1778230004.9317827,952802.89572,192209,BBS05,0,0,1,-107.29721453920594,620.6604179255751,49.99917272943834,-145.08417253270977,408.3723375278498,55.83967409028404,-87.92791553132234,338.5894257511977,62.99028764042964,190.39979850859567,602.469690484539,43.59005200238412,164.8316852824468,379.9001991443957,56.742138535697926,95.56606956946642,332.26889375745924,62.17570155900241
independent_20260508_164641,trial_001,subject_001,1778230004.9422996,1778230004.9422996,952802.9055912,192210,BBS05,0,0,1,-107.30198856775421,620.6523421491005,50.002996383600156,-145.0802438172832,408.37610120148946,55.83958224487788,-87.93446539284191,338.5743649573036,62.98135746098349,190.38561496183362,602.4623231478306,43.589112237883846,164.81713563857647,379.90210079148926,56.718695891576886,95.59365558094235,332.29778799652087,62.17266639018699
independent_20260508_164641,trial_001,subject_001,1778230004.9518628,1778230004.9518628,952802.9156284,192211,BBS05,0,0,1,-107.30234495411453,620.6472577216401,50.005876396414486,-145.08338542425446,408.3694518907141,55.834133407376044,-87.93488234891322,338.5760586515249,62.981428003618944,190.3878094356727,602.4643937413967,43.58588733487699,164.79464857429474,379.8914840539534,56.74053196484036,95.61932855999166,332.3166822455237,62.16188772122474
independent_20260508_164641,trial_001,subject_001,1778230004.9618335,1778230004.9618335,952802.9257219,192212,BBS05,0,0,1,-107.29990099607046,620.6561171965502,50.00416336238961,-145.08529910299848,408.3691769261297,55.83198095174881,-87.948831881358,338.5791002553917,62.98816126823771,190.40005683327723,602.4437580339855,43.59230707230429,164.82460038663666,379.8962320930515,56.74038500110285,95.58144021803228,332.2851012364588,62.16840324509054
independent_20260508_164641,trial_001,subject_001,1778230004.9722354,1778230004.9722354,952802.9355746,192213,BBS05,0,0,1,-107.29807853989894,620.6614363516086,49.99912071171305,-145.08493792490245,408.3764975625174,55.82652315835282,-87.94565043810145,338.5688374459569,62.978148918268246,190.39669334179473,602.4591986851883,43.60729395116168,164.82534097876064,379.9018677953268,56.741905234212595,95.56973966552827,332.2824891754964,62.17198643995018
independent_20260508_164641,trial_001,subject_001,1778230004.9813654,1778230004.9813654,952802.9455562,192214,BBS05,0,0,1,-107.30259360795654,620.6442131583408,49.99457512567691,-144.99543152225294,408.64251815838736,55.93184463508048,-87.93926601405774,338.5648297929818,62.96822585346401,190.38858334352418,602.4707562953607,43.59004447316692,164.83583430603264,379.90021771931225,56.742288277290754,95.57832854150601,332.2738435856973,62.18157121258062
independent_20260508_164641,trial_001,subject_001,1778230004.9920585,1778230004.9920585,952802.9556178,192215,BBS05,0,0,1,-107.31239439835073,620.6531969136588,49.99228779119536,-145.08634264116336,408.3892099302502,55.82445539704663,-87.93617138839488,338.56392569704167,62.97853813298059,190.39685624872746,602.4624955888617,43.60132226364968,164.82399859262836,379.89881053388837,56.75706031540536,95.6077141097048,332.29850602582496,62.174462534322565
independent_20260508_164641,trial_001,subject_001,1778230005.0020516,1778230005.0020516,952802.9657062,192216,BBS05,0,0,1,-107.29274769387412,620.6688430102117,50.00662403940875,-145.01054885880677,408.63157265323196,55.94648201688117,-87.95394301867206,338.5730598646756,62.980131784622884,190.3976621301874,602.4658904637888,43.60289850954429,164.83702165877474,379.90168154435577,56.74053119257076,95.58960739228341,332.2984044353918,62.17985157811973
independent_20260508_164641,trial_001,subject_001,1778230005.0120475,1778230005.0120475,952802.9758186,192217,BBS05,0,0,1,-107.30350451262498,620.6614989473354,49.992803876463654,-145.08864622704218,408.37546132161856,55.8273251380743,-87.95411398640431,338.55774018745046,62.9833846891532,190.39314227695024,602.475535078396,43.59942478452502,164.82153323090935,379.8984025691534,56.753193084878454,95.56068354409442,332.2624065429964,62.17898305600445
independent_20260508_164641,trial_001,subject_001,1778230005.022052,1778230005.022052,952802.9855144,192218,BBS05,0,0,1,-107.30527767823749,620.662993159375,50.00207692304576,-145.10577584606312,408.371171801548,55.826422492946094,-87.95445561863143,338.5724257958253,62.99023713422364,190.3971850444818,602.4734592871464,43.59959761692243,164.81744079089648,379.9083380418236,56.755304496821815,95.60494611309369,332.30922921643776,62.186947549514116
independent_20260508_164641,trial_001,subject_001,1778230005.0318115,1778230005.0318115,952802.9957243,192219,BBS05,0,0,1,-107.3027566225015,620.6543357466574,50.007260942029085,-145.09403074541578,408.3802502485897,55.83058517359652,-87.96582097491378,338.5754033224804,62.996872469130665,190.3832407430396,602.465681891857,43.58795041056229,164.81446187950354,379.90458223648636,56.755191738899576,95.57580260157057,332.28254468800424,62.191418957847155
independent_20260508_164641,trial_001,subject_001,1778230005.0421336,1778230005.0421336,952803.0055006,192220,BBS05,0,0,1,-107.30508735326853,620.6547791441985,50.00018416759684,-145.10372283075617,408.3691449191347,55.82624087838283,-87.9674337102536,338.5710566328541,62.971536039583654,190.39617508427898,602.4901640556734,43.58681676687525,164.82549852785704,379.906923045476,56.75812010656319,95.5936422923931,332.30727889358366,62.191453164192595
independent_20260508_164641,trial_001,subject_001,1778230005.052189,1778230005.052189,952803.0156173,192221,BBS05,0,0,1,-107.29902977568571,620.6653486952654,50.01833727573578,-145.09582089819523,408.37878262485447,55.82364312022833,-87.96885626944993,338.571107484813,62.9799008282081,190.39495011299667,602.4656585281051,43.59033770059248,164.82043037672062,379.9061680791784,56.75334197517954,95.59676028206127,332.3181379119872,62.19039926435299
independent_20260508_164641,trial_001,subject_001,1778230005.0621893,1778230005.0621893,952803.0258612,192222,BBS05,0,0,1,-107.30811424055413,620.650234559751,50.02220938468175,-145.09732716498536,408.3614314278548,55.82904099116946,-87.97875892085466,338.571520322262,62.97597189927079,190.39950186021508,602.4676106516418,43.59824579404291,164.82527041716554,379.91037960391907,56.75619188727279,95.56651078835648,332.28129564261377,62.19515474808919
independent_20260508_164641,trial_001,subject_001,1778230005.0721924,1778230005.0721924,952803.0357021,192223,BBS05,0,0,1,-107.3081309473168,620.649062589166,50.02773876068829,-145.02161303210127,408.62582240339094,55.94439770457463,-87.95975737671039,338.56532468783263,62.9587486218318,190.3964969683503,602.4614542199317,43.58897375072295,164.80214799278195,379.89878812842863,56.78097285190768,95.59456434226891,332.3109312270711,62.19662634236089
independent_20260508_164641,trial_001,subject_001,1778230005.0819435,1778230005.0819435,952803.0459066,192224,BBS05,0,0,1,-107.31036850178162,620.6338377033243,50.023810169820536,-145.09991908326987,408.36663339046305,55.80922950411372,-87.9916436628603,338.56728163804576,62.962553980498086,190.39385428768483,602.4671805188871,43.58102134140412,164.83881999730096,379.90182236506337,56.75851843368036,95.56073701877325,332.2772968295423,62.19463164721781
independent_20260508_164641,trial_001,subject_001,1778230005.0913746,1778230005.0913746,952803.0554242,192225,BBS05,0,0,1,-107.31010474060851,620.642702701428,50.02833445801343,-145.0969027179417,408.3783755462083,55.800339234164106,-87.97868264502011,338.5572362611406,62.96119711711758,190.39993097993457,602.4733509365277,43.595088346945786,164.82767254526203,379.89716919444265,56.77447452295501,95.5579891747068,332.28578931281925,62.18823187766346
independent_20260508_164641,trial_001,subject_001,1778230005.1013796,1778230005.1013796,952803.0653337,192226,BBS05,0,0,1,-107.31573786622035,620.6316487845364,50.04094424382627,-145.10389497219106,408.35400843232526,55.803160236501455,-87.9788355059626,338.5544527914302,62.94861065271327,190.38496868335716,602.4703559791728,43.58206540737239,164.83394324590927,379.90524476251676,56.75393165906606,95.54578178038696,332.2566633637716,62.19443977942552
independent_20260508_164641,trial_001,subject_001,1778230005.1123793,1778230005.1123793,952803.0756534,192227,BBS05,0,0,1,-107.30330881397062,620.6488566288119,50.05028157936577,-145.10266298669566,408.3632847830238,55.8025528724984,-87.9840224664853,338.55886608577714,62.929456243875826,190.39415012121438,602.4682549660045,43.58745294457547,164.83165924150222,379.8975854362903,56.7533182755897,95.5728963939344,332.2880115275009,62.18930329643571
independent_20260508_164641,trial_001,subject_001,1778230005.1213794,1778230005.1213794,952803.0854952,192228,BBS05,0,0,1,-107.31483513915543,620.6239204798117,50.0448697763242,-145.11057164402908,408.3416890120562,55.79050640869782,-87.99079775774096,338.5433257869325,62.929103243794856,190.38304286126868,602.4775619791611,43.58466332301084,164.83561332594195,379.90236391025235,56.76229495131337,95.57323280992468,332.2906351639296,62.18651262685208
independent_20260508_164641,trial_001,subject_001,1778230005.1313818,1778230005.1313818,952803.0955546,192229,BBS05,0,0,1,-107.30713012754687,620.6345536987632,50.05311218029939,-145.09727226632756,408.3466038762667,55.78800320306465,-87.98784922108405,338.5369237215357,62.919704973813005,190.39639980244505,602.4612756415966,43.58901313818617,164.82696459051826,379.91069477485865,56.74160698490374,95.55875707859859,332.2798762737012,62.18584355591627
independent_20260508_164641,trial_001,subject_001,1778230005.1418903,1778230005.1418903,952803.1054846,192230,BBS05,0,0,1,-107.30505247560573,620.638657774255,50.061156039814605,-145.10717563346103,408.32952280355653,55.78701733201615,-87.99099548622479,338.53311641003444,62.90602308463443,190.40634268187543,602.4867249014964,43.603891545434635,164.83129921199796,379.90285823475153,56.75278202091243,95.56107776979518,332.2814132523968,62.18140870675089
independent_20260508_164641,trial_001,subject_001,1778230005.1522748,1778230005.1522748,952803.1157306,192231,BBS05,0,0,1,-107.30414857553706,620.6340366543856,50.07009230811751,-145.10929153354735,408.3170552638828,55.790425036351266,-88.02240159918146,338.5192633820309,62.93706493695102,190.3908773696471,602.4656496234161,43.586713106903105,164.83252299265658,379.90917498247626,56.74782826572606,95.57222797792788,332.2635677459114,62.193835293061824
independent_20260508_164641,trial_001,subject_001,1778230005.1622794,1778230005.1622794,952803.1255802,192232,BBS05,0,0,1,-107.31280360516081,620.6248743281543,50.07033008450699,-145.09895469501024,408.3251294637442,55.784250324779165,-87.98936058515964,338.518581245966,62.91767527253099,190.3905163980406,602.4711877105268,43.58634590886543,164.80664909035215,379.89738440888215,56.782159135172144,95.57365434134798,332.27946964424035,62.188562218674186
independent_20260508_164641,trial_001,subject_001,1778230005.172074,1778230005.172074,952803.1355031,192233,BBS05,0,0,1,-107.3172750636189,620.6225227385563,50.05689821811735,-145.1043605541379,408.3309284147012,55.78274379491736,-87.99550892504527,338.510740249177,62.91003763821992,190.3974872646579,602.4726715547281,43.60090521088296,164.8304592219131,379.9121116400471,56.74603521773904,95.57389732769433,332.28491336937634,62.18559200720288
independent_20260508_164641,trial_001,subject_001,1778230005.1822956,1778230005.1822956,952803.1456702,192234,BBS05,0,0,1,-107.31143336543654,620.6317280741653,50.07231500595661,-145.1031852425212,408.331023230423,55.777092225077034,-87.97630796792008,338.5295006725255,62.919519255848385,190.39057238381403,602.4632578137368,43.59319718516126,164.84316575159255,379.9212986023912,56.767548968177096,95.61456225117075,332.3093955201553,62.18302128323383
independent_20260508_164641,trial_001,subject_001,1778230005.1920965,1778230005.1920965,952803.1555822,192235,BBS05,0,0,1,-107.31557199744125,620.611446373355,50.05817990055623,-145.10872533568676,408.3052092046877,55.77637323748894,-87.99232589600439,338.5216818043573,62.90526487353461,190.3932887152467,602.464828413314,43.58906097921058,164.83673803346596,379.92792508866455,56.79087065909489,95.607231698624,332.31773730889813,62.17869120260301
independent_20260508_164641,trial_001,subject_001,1778230005.202097,1778230005.202097,952803.1655428,192236,BBS05,0,0,1,-107.31363155646109,620.6189838835037,50.0660637901957,-145.0986968189005,408.3175760359887,55.77440947245629,-88.00519033728932,338.50905855037996,62.901694245450834,190.39103054035274,602.46682880358,43.59736522845287,164.81666461604888,379.9146983909803,56.737069541048804,95.59120918087095,332.2976125609864,62.187430849169644
independent_20260508_164641,trial_001,subject_001,1778230005.212098,1778230005.212098,952803.1756692,192237,BBS05,0,0,1,-107.30961415410403,620.6294481089697,50.06453019240442,-145.0958051644495,408.32706654713155,55.78011743380743,-87.97604918001205,338.5223908307679,62.89230712057078,190.391270570564,602.4868471617744,43.604744820009394,164.81507583703112,379.9027990545809,56.766005790728634,95.58026427264765,332.2911108586247,62.18434556330641
independent_20260508_164641,trial_001,subject_001,1778230005.2220993,1778230005.2220993,952803.1854999,192238,BBS05,0,0,1,-107.30769627218326,620.6260757623993,50.06944097021018,-145.1009977992835,408.3316587911108,55.77563884583825,-87.98185904510456,338.5170018549606,62.88172601289542,190.39032377271025,602.4851127635906,43.59545575149448,164.8186922872582,379.90946425883766,56.75497937721041,95.57529188343987,332.27058666281215,62.18652905057371
independent_20260508_164641,trial_001,subject_001,1778230005.2313235,1778230005.2313235,952803.1956346,192239,BBS05,0,0,1,-107.30724804460085,620.6200990968088,50.07356118369603,-145.10563210763814,408.31222213911,55.7758932679349,-87.98717398296786,338.51266432155137,62.893754697129914,190.39139120178774,602.472139753186,43.604908623401414,164.81961307767384,379.897427918375,56.75574813716479,95.56989888619775,332.28650324823764,62.1828177735698
independent_20260508_164641,trial_001,subject_001,1778230005.2418187,1778230005.2418187,952803.2055571,192240,BBS05,0,0,1,-107.30410445183638,620.6213190638658,50.086724665255936,-145.0971590640867,408.3206491898894,55.78454086539005,-88.00710876666355,338.4969582557134,62.87361404125189,190.38841707922103,602.4615509095102,43.599505964835025,164.8188666286135,379.8980014258497,56.765501700698465,95.60732513623935,332.3195939074554,62.179780410271306
independent_20260508_164641,trial_001,subject_001,1778230005.252099,1778230005.252099,952803.2156779,192241,BBS05,0,0,1,-107.3051270553783,620.6151263681728,50.091203279222526,-145.0986396230773,408.3161673000382,55.78522487187402,-87.99862547796023,338.5041049564901,62.88402171661552,190.3887370721785,602.484789686808,43.600259079578706,164.82832095588932,379.9031204461591,56.76771053481019,95.586113332892,332.2915861965577,62.18879202395193
independent_20260508_164641,trial_001,subject_001,1778230005.2621293,1778230005.2621293,952803.225381,192242,BBS05,0,0,1,-107.30418531335594,620.6124112558033,50.078828388532145,-145.02234126081817,408.56815965257493,55.88740017225062,-87.98820301685329,338.50614387060784,62.87347914999909,190.3949460081285,602.4801135553555,43.59636311243915,164.8334366710833,379.9095350988083,56.74354848809596,95.5787737859735,332.2890882003912,62.17456012198711
independent_20260508_164641,trial_001,subject_001,1778230005.2721276,1778230005.2721276,952803.2356176,192243,BBS05,0,0,1,-107.31054458399566,620.6093488462463,50.09697465917353,-145.1035715669237,408.3145792041496,55.7754550128564,-87.98072022263541,338.5022570072296,62.88268263054158,190.3906172348513,602.4657604404742,43.60417341620746,164.82597821785356,379.905143943787,56.750783474585056,95.58721073596244,332.2981270888668,62.18100472983489
independent_20260508_164641,trial_001,subject_001,1778230005.2816362,1778230005.2816362,952803.2457552,192244,BBS05,0,0,1,-107.30350874706251,620.6098047251677,50.099330329044626,-145.09886322150996,408.3177775546536,55.77531042904114,-87.99417474514084,338.49381441667987,62.8685230549987,190.39127625952406,602.4652011501665,43.60354832831662,164.8324752806599,379.90329677557145,56.74884928185907,95.58479689229443,332.28368819096573,62.179781080104156
independent_20260508_164641,trial_001,subject_001,1778230005.2921476,1778230005.2921476,952803.2556071,192245,BBS05,0,0,1,-107.30137823665386,620.6081404384664,50.103031792329936,-145.1020657364219,408.3180759295917,55.76404675794916,-87.99765886993558,338.4952487369513,62.870371484693436,190.3848334350377,602.4654089933907,43.6003888676262,164.8141726979249,379.897432732346,56.759341041246905,95.5544622198066,332.27280644938924,62.1806811864306
independent_20260508_164641,trial_001,subject_001,1778230005.3019693,1778230005.3019693,952803.2656853,192246,BBS05,0,0,1,-107.30402019990964,620.6069580444198,50.1127551843507,-145.09678795990453,408.3247799485389,55.768593164850834,-88.0062212847497,338.4826451331059,62.87970388589959,190.3895991485115,602.4635383545818,43.615116477361894,164.83066351738972,379.908017257131,56.76870139436508,95.57823036793572,332.3048008159259,62.17945399490726
independent_20260508_164641,trial_001,subject_001,1778230005.3119905,1778230005.3119905,952803.275484,192247,BBS05,0,0,1,-107.30096989697144,620.6050139214412,50.11121988667402,-145.10272589657347,408.30957970834385,55.77094732786426,-87.98507773234648,338.48825655969875,62.87059094493625,190.39070018258332,602.4713996270926,43.61428716366466,164.82370161857474,379.89728930220684,56.760094022898464,95.56214443572345,332.2820166766044,62.17251075466219
independent_20260508_164641,trial_001,subject_001,1778230005.3219907,1778230005.3219907,952803.2856132,192248,BBS05,0,0,1,-107.30160908610343,620.6081519683504,50.12555957741816,-145.09999873658487,408.31291866392354,55.763462683260364,-87.990878257329,338.49781921969736,62.85983044982663,190.39360524352168,602.4527423020942,43.61742311778235,164.78892259612056,379.8901054567636,56.78710264671904,95.59860475532922,332.31015225748445,62.185215413203366
independent_20260508_164641,trial_001,subject_001,1778230005.3316345,1778230005.3316345,952803.2956693,192249,BBS05,0,0,1,-107.30219914648062,620.5979669720398,50.12951938440356,-145.1038033974604,408.2989146850507,55.77354844801526,-88.02013284912829,338.4678073314885,62.86938248244,190.3929291063373,602.4526680775247,43.62069943302762,164.79803035455586,379.89781677069254,56.774401568809786,95.56557917217229,332.2807421947943,62.17905040325526
independent_20260508_164641,trial_001,subject_001,1778230005.342011,1778230005.342011,952803.3055031,192250,BBS05,0,0,1,-107.3189131929742,620.5915564069586,50.128544188195484,-145.1157563049147,408.30361112638724,55.76700439547587,-88.0062826798063,338.4871444517412,62.867349860644104,190.39732702073778,602.4538142909078,43.635540926786135,164.79291022365462,379.8963227617966,56.77375547350242,95.57142701839662,332.27282865595475,62.18191062334649
independent_20260508_164641,trial_001,subject_001,1778230005.352012,1778230005.352012,952803.3156809,192251,BBS05,0,0,1,-107.3011273036235,620.6006108515186,50.1291243239461,-145.1110018247856,408.2966835963789,55.75247183403517,-88.03015105323006,338.45909067367444,62.86096842664688,190.40051287302404,602.459244700504,43.638702047922216,164.81944070100243,379.9049846683721,56.75472307071907,95.58596723658596,332.28619670728943,62.166094180509226
independent_20260508_164641,trial_001,subject_001,1778230005.3620117,1778230005.3620117,952803.3257145,192252,BBS05,0,0,1,-107.31869756000518,620.5931853592372,50.13247792821501,-145.11062264172182,408.28522477529685,55.7483792805938,-88.0048608298513,338.47194504254554,62.845745844304794,190.39807363775023,602.4503609385469,43.63615892421723,164.80312275906445,379.90329048232934,56.75045592153169,95.53615676370791,332.24631713972616,62.16827162022379
independent_20260508_164641,trial_001,subject_001,1778230005.3720136,1778230005.3720136,952803.3356132,192253,BBS05,0,0,1,-107.30890151813196,620.6007782002629,50.14456944204781,-145.11157129098356,408.28796836175826,55.756549822088374,-88.01536845232646,338.47670760449915,62.8461864721129,190.38577132767293,602.4625320536402,43.62758637537616,164.8053719693729,379.9100449985388,56.76210220931647,95.5975358020786,332.3118572015749,62.166158187367
independent_20260508_164641,trial_001,subject_001,1778230005.38203,1778230005.38203,952803.3456003,192254,BBS05,0,0,1,-107.31150135749434,620.5942694862212,50.14381372232501,-145.10653089773305,408.2885119960816,55.75478107474165,-88.05226246581368,338.44716861529093,62.85366108821099,190.39933145485472,602.4390902573085,43.64785482909742,164.79865159080637,379.89684695013943,56.762021962866676,95.56362886048078,332.2731765553164,62.176653818656945
independent_20260508_164641,trial_001,subject_001,1778230005.391563,1778230005.391563,952803.3554997,192255,BBS05,0,0,1,-107.31683539040299,620.5824928857004,50.133609958098525,-145.11207269358852,408.2893151416043,55.75135565129144,-88.02516850173569,338.4600061098338,62.84375674000761,190.39173041500996,602.4466851305568,43.63310130436002,164.81645160313613,379.90505573504,56.75152619605304,95.56466454775658,332.2826928812701,62.17348368469444
independent_20260508_164641,trial_001,subject_001,1778230005.4013278,1778230005.4013278,952803.3655041,192256,BBS05,0,0,1,-107.31212056945351,620.5938346467095,50.13905923006925,-145.11597193584862,408.27825026251077,55.75090506177043,-88.03539985612171,338.4623084390432,62.8503518251167,190.38721220396218,602.4462335594707,43.64037658709024,164.78362092316877,379.89639615712434,56.771874478681895,95.58254362955209,332.28401682226695,62.17126107673227
independent_20260508_164641,trial_001,subject_001,1778230005.4125166,1778230005.4125166,952803.3759158,192257,BBS05,0,0,1,-107.31560586527489,620.5951373675905,50.13887308113254,-145.12174216153,408.2758935530308,55.745349621876606,-87.9927393643102,338.47066056108224,62.8383662985447,190.38816759417324,602.4606619836682,43.639385708171105,164.77793543839562,379.8905185524716,56.78855317749972,95.58256707292028,332.28700234709817,62.17568146919026
independent_20260508_164641,trial_001,subject_001,1778230005.4220288,1778230005.4220288,952803.3857177,192258,BBS05,0,0,1,-107.32098929147884,620.5872954631722,50.132240685117665,-145.1171520028886,408.28560531576704,55.73079461956776,-88.05559949191384,338.4403057946657,62.83627750559125,190.38840437572955,602.4534768459979,43.626753602074906,164.80271825558873,379.90481069261244,56.765958545343985,95.58719713562449,332.29437508130843,62.16828620853089
independent_20260508_164641,trial_001,subject_001,1778230005.4325361,1778230005.4325361,952803.3957918,192259,BBS05,0,0,1,-107.32259942151722,620.589367989499,50.14341025583016,-145.0308870847269,408.50417995299506,55.8071432891255,-88.00902697271853,338.47492169498787,62.825691459773616,190.38573434893038,602.4582020875963,43.6319500980438,164.79007867851027,379.89780537329955,56.7808731758275,95.60538365427493,332.3124891760159,62.17434631523464
independent_20260508_164641,trial_001,subject_001,1778230005.4420478,1778230005.4420478,952803.4055889,192260,BBS05,0,0,1,-107.32107494412091,620.5798591007871,50.134808515371105,-145.11440174999146,408.28041671720746,55.73369308273444,-88.04409494232733,338.4354974783735,62.83066040789219,190.39447404697316,602.4609760033458,43.630188179973715,164.81600338741518,379.9042770716654,56.75666658927594,95.59030566069154,332.3098714658539,62.17129367257552
independent_20260508_164641,trial_001,subject_001,1778230005.4516943,1778230005.4516943,952803.4156613,192261,BBS05,0,0,1,-107.31451417997904,620.5857600371886,50.13810767470872,-145.1209651151787,408.27420939621516,55.71927489500191,-88.03534727900563,338.44490814374905,62.82165891706063,190.38865630814874,602.4572673173221,43.62243315931269,164.79122397405868,379.8953451778602,56.75336862076693,95.56274867507257,332.2894802375753,62.17514738939033
independent_20260508_164641,trial_001,subject_001,1778230005.4616995,1778230005.4616995,952803.4256956,192262,BBS05,0,0,1,-107.31283684101716,620.5906248142244,50.150376115523954,-145.12324356370243,408.2805943215432,55.716504530440034,-88.0169050299524,338.4551563247217,62.82535604142682,190.37954681748562,602.4614001358165,43.60984558377829,164.81700918916388,379.9153957381191,56.7495917488703,95.56542794999679,332.29320939359707,62.17991722598163
independent_20260508_164641,trial_001,subject_001,1778230005.472135,1778230005.472135,952803.4354894,192263,BBS05,0,0,1,-107.31558381114151,620.5941956932295,50.148637167497256,-145.1238175149941,408.2673437727557,55.72840298340145,-88.03107660976492,338.4402866666725,62.84034119435257,190.37761295277733,602.470458118289,43.61259172060784,164.7707863223618,379.8944286815926,56.79217477490596,95.58644918871373,332.31640911120274,62.19298756066086
independent_20260508_164641,trial_001,subject_001,1778230005.4858165,1778230005.4858165,952803.4493719,192264,BBS05,0,0,1,-107.32064168393178,620.5817735424837,50.1489650403065,-145.1222927946979,408.2698814838503,55.73361109075924,-88.04882638234085,338.42611369637075,62.834586215894454,190.39047308064227,602.4622803834748,43.6123499039393,164.79498674687608,379.90691350157846,56.77404025151978,95.53027095640581,332.28067583062494,62.18805419321392
independent_20260508_164641,trial_001,subject_001,1778230005.4948428,1778230005.4948428,952803.45905,192265,BBS05,0,0,1,-107.32082300039802,620.588277351431,50.15530406586065,-145.12964491842146,408.25990695170333,55.71842373730637,-88.00558297591759,338.4722143292872,62.826012160262174,190.38802376609223,602.4844520828544,43.62067664180652,164.77977678201262,379.9111131402396,56.7775447789841,95.55468117318841,332.2879350784438,62.207194088820195
independent_20260508_164641,trial_001,subject_001,1778230005.5038457,1778230005.5038457,952803.4676249,192266,BBS05,0,0,1,-107.31656225771863,620.5785083101722,50.149478941132784,-145.12105210956938,408.2770569677077,55.721200888964084,-88.01399259889551,338.4632004037764,62.8193990408849,190.39164923647346,602.4900198628269,43.5987708880125,164.7990594297405,379.91107749995757,56.78319476298824,95.58038298691059,332.32751553520836,62.20280788641705
independent_20260508_164641,trial_001,subject_001,1778230005.5138614,1778230005.5138614,952803.4777781,192267,BBS05,0,0,1,-107.32396384758258,620.5742829142016,50.15359296816631,-145.1256099371727,408.27053875517015,55.717767004579095,-88.02965145992053,338.4449580653732,62.816165626412065,190.38490168299217,602.4860820724123,43.595693606580504,164.80477799412327,379.9134541180016,56.77711696682784,95.60154631684678,332.3347584986414,62.20307432223453
independent_20260508_164641,trial_001,subject_001,1778230005.5233812,1778230005.5233812,952803.4869657,192268,BBS05,0,0,1,-107.32187417481553,620.587110839514,50.15229213057279,-145.0440913082305,408.4828950687283,55.789564632197255,-88.03925166965887,338.4475071032035,62.82854493082232,190.38115233969978,602.4743002289174,43.58049561075924,164.7967626019221,379.91430315898293,56.79441869752301,95.5590235795622,332.30674351906373,62.208944170744026
independent_20260508_164641,trial_001,subject_001,1778230005.5324,1778230005.5324,952803.496226,192269,BBS05,0,0,1,-107.31740448553336,620.5714992290966,50.13700785952605,-145.12735455565348,408.2724148607523,55.71135015936477,-88.01562026654834,338.4635420303237,62.81506762243924,190.3881461582497,602.4790169628162,43.582946326221474,164.81858453265912,379.92380363691154,56.77524167422674,95.61530531414199,332.3617596157733,62.20350143640591
independent_20260508_164641,trial_001,subject_001,1778230005.5419166,1778230005.5419166,952803.5055124,192270,BBS05,0,0,1,-107.31697829274597,620.5825340101383,50.148156202149245,-145.0280763978364,408.4927730178746,55.80578123072234,-88.0495490884094,338.44889877081266,62.82629737772539,190.37879419077484,602.4957729664887,43.57462868185021,164.78939748457276,379.9128902871147,56.79348209903199,95.57626429521875,332.3227320107964,62.197401979399245
independent_20260508_164641,trial_001,subject_001,1778230005.5519168,1778230005.5519168,952803.5154944,192271,BBS05,0,0,1,-107.32968728735139,620.591320645797,50.15075262528956,-145.1304243400201,408.27049741904614,55.71997490146626,-88.03565360445134,338.4478596497799,62.825333379642046,190.3866507676928,602.4801042836267,43.578834381922626,164.80239377819873,379.9178857902271,56.80307316249539,95.61400862986623,332.3667704354256,62.197113640360506
independent_20260508_164641,trial_001,subject_001,1778230005.5619154,1778230005.5619154,952803.5257503,192272,BBS05,0,0,1,-107.3251201527126,620.5796618252991,50.14378050332379,-145.12158192829236,408.26841495245674,55.72680331914482,-88.06548933661264,338.4261605369141,62.829484923999914,190.39062668894752,602.4881863020931,43.58168795263177,164.81168906903667,379.92058859471126,56.800390026433604,95.5681609410266,332.32204724949594,62.218199084678005
independent_20260508_164641,trial_001,subject_001,1778230005.5719204,1778230005.5719204,952803.5355508,192273,BBS05,0,0,1,-107.31774756542798,620.5859777341967,50.142657491641025,-145.1266765566543,408.2690692680936,55.729805810745496,-88.06054582862056,338.436922743623,62.838484065949714,190.38489834851586,602.4953308431226,43.57909899884388,164.821223995709,379.9212818484779,56.79558444730456,95.60534438014656,332.37094473516913,62.22066667252579
independent_20260508_164641,trial_001,subject_001,1778230005.581921,1778230005.581921,952803.5456605,192274,BBS05,0,0,1,-107.32887593652154,620.5925043656548,50.13574217694665,-145.12265383803324,408.27393319214303,55.73180031926052,-88.10705804095272,338.3964046616706,62.843884422486155,190.37965614700022,602.494949653547,43.57584819310183,164.7912704165633,379.92282318843695,56.80465404504177,95.606460587766,332.3619352608732,62.22237290314182
independent_20260508_164641,trial_001,subject_001,1778230005.5922146,1778230005.5922146,952803.5555899,192275,BBS05,0,0,1,-107.31651721358634,620.597544279713,50.14844188686478,-145.02212648863326,408.51162289857353,55.796893218048005,-88.04480204167257,338.4487322253424,62.831571134399624,190.39623715817152,602.4903070007089,43.59705269735366,164.81003770509622,379.920139208255,56.818603197662384,95.57783806127644,332.3446968152152,62.224566741651195
independent_20260508_164641,trial_001,subject_001,1778230005.6021206,1778230005.6021206,952803.5655392,192276,BBS05,0,0,1,-107.31647262799063,620.5903396244344,50.13446312716923,-145.1262365931899,408.2794871693908,55.71594077871788,-88.0175291376211,338.4692308665615,62.82002754399503,190.39270791341096,602.5148085028359,43.58272196903354,164.805008692588,379.92185488872957,56.80550123943152,95.6003441688234,332.3856785131284,62.21490412268002
independent_20260508_164641,trial_001,subject_001,1778230005.6122293,1778230005.6122293,952803.5757181,192277,BBS05,0,0,1,-107.3249764847343,620.5787739548178,50.130612571959816,-145.03988181507287,408.50980458098877,55.794728271874774,-88.06185342184517,338.4283449353677,62.82126106612914,190.38227938091342,602.5064745777479,43.58408668022889,164.81925591964395,379.9209260103846,56.815519459097175,95.60474734108953,332.3785495456721,62.21208938691844
independent_20260508_164641,trial_001,subject_001,1778230005.6223285,1778230005.6223285,952803.5856844,192278,BBS05,0,0,1,-107.32792751307781,620.575690473849,50.123350574846086,-145.04099639488535,408.48334485775945,55.77570785954138,-88.03838544960723,338.4567004693922,62.80304100346695,190.39639114926555,602.4863774502458,43.56951186937332,164.80835132911733,379.9139629102587,56.80022776411638,95.59406659408143,332.3706266354479,62.20818290477753
independent_20260508_164641,trial_001,subject_001,1778230005.6323328,1778230005.6323328,952803.5956929,192279,BBS05,0,0,1,-107.32563061143155,620.5756770580396,50.1274211366434,-145.12717949128486,408.2680139340712,55.70745564824466,-88.04443772705301,338.4472029588206,62.798561897464914,190.39171557965122,602.4860386676813,43.562957466624916,164.7817802238643,379.9073847219715,56.814810817806475,95.59902372809205,332.36249171249807,62.220727342053024
independent_20260508_164641,trial_001,subject_001,1778230005.6418426,1778230005.6418426,952803.6052042,192280,BBS05,0,0,1,-107.31060597393326,620.5830920228105,50.14672594513678,-145.13258556265092,408.2638950527859,55.693647872123776,-88.06311180804411,338.4300544134891,62.80401004911688,190.38865980456154,602.4912085782346,43.56586615799368,164.81000137233858,379.91199290516664,56.80724283515751,95.64915357143279,332.39758948750034,62.214579020068015
independent_20260508_164641,trial_001,subject_001,1778230005.6518412,1778230005.6518412,952803.6154285,192281,BBS05,0,0,1,-107.30438542907932,620.5819387964401,50.14692172353704,-145.1331319634529,408.26485930015684,55.69872383872344,-88.05821835383388,338.42058079897123,62.80178443611082,190.40759358162583,602.4939259219902,43.58342561582745,164.80414501893154,379.9217798695823,56.81877429203999,95.54974282286449,332.3244596127756,62.21558366449929
independent_20260508_164641,trial_001,subject_001,1778230005.6616614,1778230005.6616614,952803.6256625,192282,BBS05,0,0,1,-107.3114679763304,620.5779945973292,50.13761901874948,-145.131881257823,408.2566985005456,55.69884373572023,-88.04272257189011,338.4480876660151,62.80249142558243,190.39556842356507,602.4879785150229,43.578817541405066,164.79754450648997,379.9080176501043,56.81935548031287,95.60559618650406,332.3734009545395,62.22329339592924
independent_20260508_164641,trial_001,subject_001,1778230005.6716642,1778230005.6716642,952803.6356577,192283,BBS05,0,0,1,-107.31505278376297,620.5700339243874,50.15215443233421,-145.03223608988213,408.49458107065647,55.77327475544777,-88.10453034402703,338.3980768762928,62.818634694558455,190.3967617191223,602.4958401306553,43.57810815826374,164.79285892226858,379.9213278720462,56.820320946519814,95.611660452162,332.39336734677767,62.21912750196919
independent_20260508_164641,trial_001,subject_001,1778230005.6817265,1778230005.6817265,952803.6456213,192284,BBS05,0,0,1,-107.30641539585454,620.5831400051246,50.152820859439785,-145.130068692112,408.2673784420706,55.694257678143735,-88.06565569479356,338.4241034679547,62.79742950467899,190.39861799326442,602.4887363757454,43.570457330624365,164.7983765629983,379.9184098235542,56.82018940787344,95.60829620138757,332.3904240597644,62.22452852657716
independent_20260508_164641,trial_001,subject_001,1778230005.6920993,1778230005.6920993,952803.6554414,192285,BBS05,0,0,1,-107.30746038597529,620.5673886003199,50.15536099218794,-145.12441783540865,408.2661157773362,55.69655343955698,-88.04531182219375,338.43760611987346,62.79388975420425,190.3959172183269,602.4837854519375,43.573485146972914,164.81501490200543,379.9167846330765,56.807481691883815,95.58625549451702,332.3595664536442,62.21823859881623
independent_20260508_164641,trial_001,subject_001,1778230005.7022007,1778230005.7022007,952803.665778,192286,BBS05,0,0,1,-107.31860892911857,620.567768316278,50.14795577881396,-145.12949819183532,408.26463981567014,55.70044773352103,-88.11078307523393,338.3940855907583,62.81303629263133,190.39265192594738,602.4958173654704,43.576957899305256,164.7971179819372,379.91904271942997,56.82635264992599,95.60146677069005,332.3967481579273,62.21910587709383
independent_20260508_164641,trial_001,subject_001,1778230005.7122006,1778230005.7122006,952803.6759384,192287,BBS05,0,0,1,-107.31429701783837,620.5573404068829,50.142822098449074,-145.13169081993382,408.2579577301255,55.68995365536378,-88.10222644223035,338.40175600678634,62.79836910067671,190.3954445791036,602.488527185618,43.57434841437732,164.7833123781357,379.917099099695,56.86298787466365,95.58899834140212,332.38031756097274,62.22261758667953
independent_20260508_164641,trial_001,subject_001,1778230005.722385,1778230005.722385,952803.6857911,192288,BBS05,0,0,1,-107.31719669812047,620.5594075510733,50.1488992920513,-145.04710276438033,408.47367445467,55.770170132375526,-88.09089532929887,338.40819761164977,62.79806582743039,190.39581974135257,602.4876314391718,43.573023002581316,164.79182670577595,379.91870488083504,56.81377740222341,95.59433703880717,332.38789636172135,62.22608148199289
independent_20260508_164641,trial_001,subject_001,1778230005.732286,1778230005.732286,952803.6956285,192289,BBS05,0,0,1,-107.31080191359915,620.5611206169161,50.152374859876325,-145.12894815045132,408.25249106274265,55.69087759020748,-88.09237890099195,338.4028852685512,62.8042078811924,190.38734576848995,602.4909247024716,43.56695611485893,164.79038091705826,379.9179248005546,56.83098211418721,95.58880818161926,332.3757552522459,62.224531474199566
independent_20260508_164641,trial_001,subject_001,1778230005.74228,1778230005.74228,952803.7055597,192290,BBS05,0,0,1,-107.29966869084247,620.5657306208993,50.14874807359206,-145.12877586661475,408.2647107638283,55.6764734829245,-88.06903313723595,338.40843357659907,62.80414573760785,190.39187496976794,602.504641699193,43.57657103626155,164.79354330961064,379.9179225387336,56.81782616997492,95.59872725713458,332.3833047018523,62.221169673173314
independent_20260508_164641,trial_001,subject_001,1778230005.7518518,1778230005.7518518,952803.715458,192291,BBS05,0,0,1,-107.30433547034629,620.559541528717,50.160552287620476,-145.13242327857904,408.2596630487519,55.686788361432306,-88.04636813328442,338.4356819896842,62.79607245082031,190.39575364975605,602.4946799005245,43.57945180649109,164.81383864756182,379.91780733043646,56.812646002822916,95.59831215805674,332.36729962061025,62.244394036422804
independent_20260508_164641,trial_001,subject_001,1778230005.7615767,1778230005.7615767,952803.7256137,192292,BBS05,0,0,1,-107.29638343545314,620.5690847013392,50.16070088768158,-145.12972536632515,408.25581411349447,55.69231470561633,-88.08047933080465,338.41886235591454,62.795491317228205,190.39057457300981,602.4836026424291,43.56882464282615,164.8198475170605,379.9197701677122,56.80697634501107,95.58415890123408,332.37749657388525,62.22187684866424
independent_20260508_164641,trial_001,subject_001,1778230005.771581,1778230005.771581,952803.735631,192293,BBS05,0,0,1,-107.29818818987513,620.5635808588638,50.154438063936816,-145.14326434064967,408.25199288065636,55.684723243902226,-88.04935912713538,338.4340097982662,62.78331296057872,190.3956120079369,602.4847505262476,43.577772394828926,164.7840614573108,379.90349507808816,56.84373547113698,95.59954325365008,332.37774964183103,62.22611014830427
independent_20260508_164641,trial_001,subject_001,1778230005.7820895,1778230005.7820895,952803.7454516,192294,BBS05,0,0,1,-107.30524807715338,620.561019811707,50.16308938989296,-145.12732385624938,408.26142558672433,55.68760591467667,-88.11883281889219,338.3820891848996,62.814134234095285,190.3950675618759,602.4851700860992,43.579103556277104,164.7935186094726,379.9124129015625,56.82998813644098,95.585578417512,332.3609054754246,62.22433662394123
independent_20260508_164641,trial_001,subject_001,1778230005.792202,1778230005.792202,952803.7557709,192295,BBS05,0,0,1,-107.3012612506183,620.5614910914367,50.15919078059524,-145.06042338690756,408.47651681268314,55.77654933492974,-88.07139017602029,338.4205757708342,62.78505604755714,190.39465036452532,602.4954529953367,43.58525365637908,164.75891677273955,379.9154766596116,56.8345021292934,95.59229541550083,332.37360216047824,62.22677499135079
independent_20260508_164641,trial_001,subject_001,1778230005.8022497,1778230005.8022497,952803.7656401,192296,BBS05,0,0,1,-107.30160574566678,620.5597318619085,50.152696011377564,-145.12836106537,408.24590125414073,55.69342331939882,-88.11676211230777,338.3891918532842,62.798505878569316,190.40473878256233,602.4875019087671,43.59263328613484,164.78321681949583,379.91666398607174,56.81521088747762,95.60500850959897,332.39069183369133,62.22021639206109
independent_20260508_164641,trial_001,subject_001,1778230005.8114264,1778230005.8114264,952803.7756325,192297,BBS05,0,0,1,-107.30292726462542,620.5616537750007,50.15488089536154,-145.1359281180112,408.23616348450037,55.691320903298546,-88.08135524299597,338.4136987643169,62.79269944720514,190.41327813765125,602.5051220535771,43.61038931908589,164.79370964446505,379.9186727677458,56.81456601288608,95.59447695153787,332.3690297303671,62.226077570197724
independent_20260508_164641,trial_001,subject_001,1778230005.822009,1778230005.822009,952803.7856387,192298,BBS05,0,0,1,-107.29382650316525,620.5633475222681,50.167101678465635,-145.12755167521942,408.2451884699199,55.686730146565836,-88.11777198405844,338.390673176478,62.80215663153604,190.39755082805425,602.4740582233301,43.59190702194577,164.76297420576734,379.9158307036966,56.82372811635495,95.58571482481864,332.37379478130885,62.22568384067513
independent_20260508_164641,trial_001,subject_001,1778230005.8318093,1778230005.8318093,952803.7954666,192299,BBS05,0,0,1,-107.29388527925606,620.5570252541896,50.16321276099259,-145.12868906819173,408.25658794703327,55.684303787046844,-88.1000557685249,338.39526468824135,62.79886938103831,190.40378016356806,602.4829202300162,43.59775650513788,164.7638146238011,379.90710933481296,56.85121945228411,95.58561781560373,332.3734733403752,62.21957822815256
independent_20260508_164641,trial_001,subject_001,1778230005.842326,1778230005.842326,952803.8056478,192300,BBS05,0,0,1,-107.29200806936078,620.5567747627399,50.165453123033366,-145.0502588450519,408.48069424578125,55.76228639237443,-88.12061846529487,338.3882458327105,62.79248046338143,190.40174644712562,602.471174446928,43.59810332997,164.78670467661104,379.93162225834396,56.81411312817065,95.55548630635298,332.35313678295785,62.21178682783495
independent_20260508_164641,trial_001,subject_001,1778230005.8513267,1778230005.8513267,952803.8154351,192301,BBS05,0,0,1,-107.29700984686653,620.5606398749119,50.16429925348291,-145.12685886492068,408.26531731625664,55.67652996959858,-88.13605107223827,338.3644212743754,62.79565868190595,190.40344154148409,602.4816681000855,43.603084249504946,164.7639137634848,379.9160677089964,56.83241139494047,95.53887240704492,332.3244962003588,62.21578197746653
independent_20260508_164641,trial_001,subject_001,1778230005.8623264,1778230005.8623264,952803.8259051,192302,BBS05,0,0,1,-107.28438140892328,620.5514131788447,50.16770683259206,-145.1281896752801,408.2467437094463,55.676144296319585,-88.1341310169881,338.3669735096444,62.797383758996034,190.4054248193378,602.4795059182167,43.60812273549353,164.76796200172492,379.91277273076867,56.83526297844915,95.56737872301686,332.3630608806934,62.21418616711896
independent_20260508_164641,trial_001,subject_001,1778230005.8723958,1778230005.8723958,952803.835864,192303,BBS05,0,0,1,-107.29626979203073,620.5481608115228,50.159336319537566,-145.1318721345329,408.25686647612844,55.67631543617554,-88.13907913492318,338.3611830053547,62.790670672052755,190.4022264835787,602.4740922722738,43.60818714971438,164.75253530989866,379.89183005109567,56.8162377160866,95.5380725824167,332.3437243412974,62.202197606823574
independent_20260508_164641,trial_001,subject_001,1778230005.8823419,1778230005.8823419,952803.8456854,192304,BBS05,0,0,1,-107.2947739602243,620.5685770847562,50.17074804687722,-145.13053527522408,408.2446855670894,55.678632076982765,-88.11806098568735,338.3799877177537,62.79180580313953,190.40107165128165,602.4627154823039,43.60545612656072,164.81140843260252,379.93730942036876,56.82153235774153,95.57242468699823,332.36054397971475,62.21389674588078
independent_20260508_164641,trial_001,subject_001,1778230005.8919961,1778230005.8919961,952803.8556965,192305,BBS05,0,0,1,-107.2917524012014,620.5509087425278,50.17155990615698,-145.11535648475123,408.25532763874475,55.6674960357837,-88.12321298522923,338.3726333526503,62.790039935648686,190.40353423199,602.4737872470637,43.617207209460105,164.74174829062528,379.9195711912277,56.82894399888713,95.56295281343525,332.35711281154687,62.214817410710715
independent_20260508_164641,trial_001,subject_001,1778230005.9023385,1778230005.9023385,952803.865675,192306,BBS05,0,0,1,-107.28868509901146,620.5438147619049,50.15067486273994,-145.1271028648642,408.25435637218055,55.6703437714206,-88.11859453970456,338.3806952878307,62.78026776783926,190.40118338288184,602.4733712882171,43.60561551228539,164.77668377142794,379.91156873155023,56.811446083131926,95.58394039469704,332.37089448001086,62.21436857666776
independent_20260508_164641,trial_001,subject_001,1778230005.9123416,1778230005.9123416,952803.8756482,192307,BBS05,0,0,1,-107.2981632968766,620.5558987237879,50.16339395921524,-145.1373845736384,408.256928737189,55.672301488537116,-88.06190982041007,338.41341595329084,62.77119770705839,190.39850427022827,602.4695391112996,43.608921384173904,164.80413711055223,379.92184715596,56.808409263153315,95.57416078256118,332.3770731515251,62.209288351121096
independent_20260508_164641,trial_001,subject_001,1778230005.9223418,1778230005.9223418,952803.8856616,192308,BBS05,0,0,1,-107.30641879874213,620.5473672502003,50.1577741660405,-145.1314320446577,408.26190554650844,55.66933041704924,-88.07677818958301,338.4171065255353,62.781841579115955,190.3965161139401,602.4668397316632,43.60308912610394,164.75839082053938,379.92299299769167,56.83108773861799,95.55868047259969,332.356147497466,62.21083889515096
independent_20260508_164641,trial_001,subject_001,1778230005.931856,1778230005.931856,952803.8956859,192309,BBS05,0,0,1,-107.29675321548144,620.5575571438109,50.156900224252254,-145.1213303393173,408.2633432322111,55.67356805712178,-88.10329829762638,338.3858829276169,62.79234827737484,190.39922477491714,602.4704753784207,43.60641753716168,164.75223435533826,379.91840609791666,56.83090518509142,95.53505931994553,332.34203735985625,62.198217660784564
independent_20260508_164641,trial_001,subject_001,1778230005.9414454,1778230005.9414454,952803.9055207,192310,BBS05,0,0,1,-107.30168560791275,620.562442662371,50.15802690919313,-145.1209222084327,408.27106863426656,55.66831931574815,-88.08878392216633,338.4160514477238,62.757737024285426,190.4063824051749,602.4862634233351,43.61232198749946,164.7529044979285,379.9308688778739,56.82871304534289,95.54746653315932,332.3640090579484,62.2045593835249
independent_20260508_164641,trial_001,subject_001,1778230005.951445,1778230005.951445,952803.9156056,192311,BBS05,0,0,1,-107.30491465821058,620.5402349110635,50.14137407400384,-145.14363188098656,408.23928840248857,55.67170537718824,-88.11532367471736,338.385534010089,62.79125450861803,190.40307874642608,602.4731837188114,43.6066994334176,164.7570899399638,379.92693940288365,56.821040952788564,95.5605644393633,332.3654380789433,62.20710856489847
independent_20260508_164641,trial_001,subject_001,1778230005.9622538,1778230005.9622538,952803.9255824,192312,BBS05,0,0,1,-107.3085242047214,620.5591377084659,50.147190106353804,-145.13733736394633,408.2551642047474,55.66797888237397,-88.14250350518314,338.37192774977575,62.78876364227651,190.39938675140456,602.4609092446386,43.60422556499211,164.746586209316,379.91958709918055,56.81029591861475,95.54647805374228,332.36336965752054,62.20122076684292
independent_20260508_164641,trial_001,subject_001,1778230005.9716775,1778230005.9716775,952803.9357312,192313,BBS05,0,0,1,-107.30310538701329,620.5536699442331,50.152819310835845,-145.13208167451512,408.2510480084375,55.671129875115874,-88.13197070020098,338.3755458414603,62.789401829780566,190.39551894783568,602.4705029178921,43.60536384146198,164.74846274359328,379.9085441060102,56.83665059905759,95.5354205828563,332.35685169749877,62.20125060199984
independent_20260508_164641,trial_001,subject_001,1778230005.981676,1778230005.981676,952803.945707,192314,BBS05,0,0,1,-107.310042650099,620.5505778602751,50.156198344959904,-145.12172557039614,408.25353456322273,55.68349682820814,-88.05829435899669,338.42119388690344,62.780249982808094,190.39549821213836,602.4618012330706,43.605229324949754,164.76614317843973,379.9278478057863,56.81466359559357,95.50952952249058,332.32976679035636,62.20310015377295
independent_20260508_164641,trial_001,subject_001,1778230005.9921844,1778230005.9921844,952803.9555918,192315,BBS05,0,0,1,-107.30829467882972,620.5566093003616,50.15654602555722,-145.11775801961426,408.2608355799254,55.66899813116198,-88.11384509690677,338.38163375994793,62.78433073529449,190.40071367059593,602.4593396636516,43.60856950193858,164.78751043819608,379.927274378983,56.81521671645392,95.57774735077786,332.39959649199295,62.19839009035566
independent_20260508_164641,trial_001,subject_001,1778230006.002185,1778230006.002185,952803.9657042,192316,BBS05,0,0,1,-107.31510222972959,620.5539169319331,50.15545445648428,-145.1219891483898,408.2508675839408,55.66842700551368,-88.09601852636786,338.3956147365484,62.78254768513403,190.39948471232307,602.4723125436167,43.595799694830085,164.7612800017331,379.9254533322475,56.85341855058352,95.55058905267192,332.3701447244178,62.206013357818385
independent_20260508_164641,trial_001,subject_001,1778230006.0122576,1778230006.0122576,952803.9756606,192317,BBS05,0,0,1,-107.32127054062191,620.5516805191313,50.15754564959119,-145.12383671174308,408.25493719410775,55.67233193665086,-88.05955992308773,338.4133326305823,62.784477776921136,190.39966744764703,602.4661389755538,43.593120947646035,164.78809251382825,379.93033914615404,56.81348573027993,95.5571542195119,332.3676720206472,62.199177964748095
independent_20260508_164641,trial_001,subject_001,1778230006.0213535,1778230006.0213535,952803.9854827,192318,BBS05,0,0,1,-107.32251132392516,620.5459103566744,50.1518130124083,-145.1223452633423,408.2465225230621,55.676168447824054,-88.0666998770605,338.4058535668854,62.77731827234715,190.40223512713212,602.4940660823413,43.59001321110925,164.77372433098486,379.9199101686082,56.826068326172816,95.56439415849526,332.3951986734096,62.20327632985026
independent_20260508_164641,trial_001,subject_001,1778230006.0313861,1778230006.0313861,952803.9955247,192319,BBS05,0,0,1,-107.32811975922925,620.550846542315,50.15537380000962,-145.12472932722454,408.2471855401248,55.67644523164731,-88.0543312755972,338.41342887396576,62.78152705990259,190.40070253585333,602.4610395383276,43.587982634564,164.75721992803994,379.93393290308217,56.85827533887098,95.5607027322634,332.3731990808919,62.20760182319425
independent_20260508_164641,trial_001,subject_001,1778230006.0416331,1778230006.0416331,952804.0053121,192320,BBS05,0,0,1,-107.30775922074675,620.5740480215235,50.16692033037506,-145.11695838896733,408.2623407787793,55.685815731271376,-88.06054098909743,338.41168767804953,62.792474879496474,190.39926949471385,602.4869700016305,43.59074248238786,164.7487726377477,379.91621283496187,56.844915703545865,95.53817540027363,332.36173752113626,62.20471292047006
independent_20260508_164641,trial_001,subject_001,1778230006.0516331,1778230006.0516331,952804.0155934,192321,BBS05,0,0,1,-107.3264717493859,620.5571107321247,50.155882244413455,-145.01782144380272,408.49206947075066,55.75830053831156,-88.05201709953761,338.4196718711832,62.791978713501564,190.40986302278114,602.4678123850676,43.58904744077117,164.76330228377248,379.92348477752205,56.848382296844285,95.60687837289156,332.4098754340783,62.196856375265725
independent_20260508_164641,trial_001,subject_001,1778230006.0616343,1778230006.0616343,952804.0256941,192322,BBS05,0,0,1,-107.32240110848487,620.5662786682306,50.15554552861579,-145.119428075598,408.2525912163763,55.687413842993536,-88.0471469707938,338.4184394971367,62.797727496998064,190.40540678604077,602.4770961223916,43.57383950449899,164.7549179400193,379.92661363891295,56.831616711355366,95.52936685783018,332.36504329796963,62.20971226432159
independent_20260508_164641,trial_001,subject_001,1778230006.0716462,1778230006.0716462,952804.0357545,192323,BBS05,0,0,1,-107.33833774912456,620.5724487244427,50.15859117046549,-145.11806825930796,408.2531125357009,55.69334767084737,-88.06508649480713,338.4031715328245,62.79919627534343,190.41137674804148,602.4903895822773,43.58242054524348,164.79633179738119,379.928338908642,56.831706204251624,95.52469647611868,332.35130983268374,62.208608219808816
independent_20260508_164641,trial_001,subject_001,1778230006.0816514,1778230006.0816514,952804.0456776,192324,BBS05,0,0,1,-107.33223073451752,620.5695811876261,50.168281620298224,-145.1201499728823,408.2552582023195,55.69685422157134,-88.05047503463051,338.4135444842814,62.79777616818419,190.40600835603794,602.4905154575587,43.579955493279954,164.7982250289289,379.92793591957115,56.80783727123122,95.5664344999018,332.3961262049059,62.20740233256123
independent_20260508_164641,trial_001,subject_001,1778230006.0921657,1778230006.0921657,952804.0555703,192325,BBS05,0,0,1,-107.33670553926041,620.5600337572625,50.16383338340793,-145.0154910645882,408.49104382233037,55.759479828074056,-88.02807932419405,338.427330255008,62.79913195059955,190.3944874692015,602.4759348519412,43.55870049393267,164.78001301525475,379.9222788650666,56.8348403362325,95.56860723839816,332.395364489745,62.20590264397222
independent_20260508_164641,trial_001,subject_001,1778230006.102165,1778230006.102165,952804.0656555,192326,BBS05,0,0,1,-107.33772183059975,620.5578990263714,50.158752445838395,-145.10748068663224,408.26340786236057,55.68981709537894,-88.03163918947902,338.4237162945956,62.808782599118786,190.40654638546897,602.483817536551,43.56260987236915,164.7869576122827,379.9322969550436,56.82331128739588,95.52131541491862,332.3442143881731,62.20143569946648
independent_20260508_164641,trial_001,subject_001,1778230006.1121664,1778230006.1121664,952804.0756737,192327,BBS05,0,0,1,-107.3464615555024,620.5617534328715,50.14928786219461,-145.12225251741668,408.24320034546895,55.70087319804205,-88.03436673050163,338.4241935398147,62.79613149922654,190.40132376823576,602.4749564004256,43.55148732477782,164.77651707696512,379.9211768069756,56.81973471092517,95.55991940904909,332.38631562680797,62.20468991955725
independent_20260508_164641,trial_001,subject_001,1778230006.1224108,1778230006.1224108,952804.08566,192328,BBS05,0,0,1,-107.34280232470738,620.5656774541445,50.14964001672859,-145.11680650450646,408.2593994100746,55.70101266301443,-88.0550420912506,338.4149172651115,62.80624607107396,190.4038792877835,602.4789432565556,43.556480436201205,164.75717177609084,379.9181882876437,56.820999070983,95.52663520668041,332.357087742899,62.199795753675595
independent_20260508_164641,trial_001,subject_001,1778230006.1314113,1778230006.1314113,952804.0955897,192329,BBS05,0,0,1,-107.33975282751112,620.5735430118543,50.14793149726497,-145.10638147777163,408.2642138410564,55.70943964978639,-88.0349484619783,338.4199191136017,62.806200045711435,190.4036740706189,602.4899496454793,43.554430656176066,164.75758463836334,379.93095077204197,56.84293710293315,95.56530755634994,332.38160112079487,62.20371871690093
independent_20260508_164641,trial_001,subject_001,1778230006.1419218,1778230006.1419218,952804.1055102,192330,BBS05,0,0,1,-107.35124866526274,620.5600040385909,50.14629417507902,-145.11859962175086,408.26146151945005,55.70415255977296,-88.00809053211073,338.4455986033505,62.80482978686498,190.40087990709557,602.4891649045278,43.55132175409075,164.79698321224475,379.94595988370975,56.81945672925725,95.5290434014938,332.35889625818044,62.20051273135851
independent_20260508_164641,trial_001,subject_001,1778230006.1522973,1778230006.1522973,952804.1156426,192331,BBS05,0,0,1,-107.34839318452609,620.5610145453834,50.149976240484605,-145.11481271296947,408.26015473701415,55.70808781304334,-88.01378368824662,338.4455153660064,62.817609375073715,190.39877542592512,602.4855465611726,43.54558473733035,164.75898273985365,379.91817416205123,56.820285380608354,95.55330280185045,332.37919114790367,62.21376115861291
independent_20260508_164641,trial_001,subject_001,1778230006.1619778,1778230006.1619778,952804.1257179,192332,BBS05,0,0,1,-107.35254132169145,620.5663749651362,50.1509264361251,-145.10904847766037,408.2672171959696,55.719197565345276,-87.9927199544784,338.4592345551997,62.80964092850439,190.39930459271437,602.4860879181925,43.543587536537125,164.783696973484,379.94084216665703,56.79623135234726,95.56876370073427,332.4050060815098,62.19211496749098
independent_20260508_164641,trial_001,subject_001,1778230006.1719766,1778230006.1719766,952804.1356677,192333,BBS05,0,0,1,-107.34833581978722,620.573048853551,50.15235001656005,-145.11456432815373,408.26342965092346,55.71560338803729,-87.98444651308205,338.4675864357229,62.81699202953438,190.41125105178136,602.490538926478,43.55983111271526,164.77823843143045,379.9244027780197,56.81427898262317,95.54901244798731,332.3642775587046,62.21421706394541
independent_20260508_164641,trial_001,subject_001,1778230006.1823747,1778230006.1823747,952804.1456777,192334,BBS05,0,0,1,-107.35393754425945,620.5731511707846,50.145493906346154,-145.11497731445348,408.26932819130775,55.72163010476353,-87.98973718003361,338.46968896638805,62.80940828192637,190.4042687790515,602.4732323924665,43.53689377999043,164.76354596220023,379.9313832766773,56.81619833641642,95.56893101104951,332.39512465309787,62.20042443009297
independent_20260508_164641,trial_001,subject_001,1778230006.1921287,1778230006.1921287,952804.1556554,192335,BBS05,0,0,1,-107.35900105490862,620.5660039734441,50.15072986376662,-145.10660643597853,408.26978358965727,55.71684661352518,-87.9855189314627,338.46889570146806,62.82887709252742,190.394716986311,602.4705302068352,43.527044551697294,164.77741475806366,379.9313068110405,56.8052114849947,95.5659489434139,332.379658093047,62.201277298135516
independent_20260508_164641,trial_001,subject_001,1778230006.2021158,1778230006.2021158,952804.1656334,192336,BBS05,0,0,1,-107.35798636743603,620.5761998321057,50.15474471500028,-145.02077854541483,408.5061818517542,55.809786552859876,-88.00122179590974,338.4589590479042,62.82044296365189,190.40468498531166,602.4849513733201,43.53933334360979,164.7856084044887,379.9385137181026,56.80098620640628,95.56121623335859,332.40585884895245,62.18935080917525
independent_20260508_164641,trial_001,subject_001,1778230006.2122123,1778230006.2122123,952804.1757031,192337,BBS05,0,0,1,-107.36853540364939,620.5772121762099,50.14272022550671,-145.00931748127465,408.5135301959049,55.81815155654182,-87.98715868129254,338.46173471736296,62.82526949388641,190.39717380121294,602.4928707668057,43.52992526164064,164.8088093403168,379.94397824470195,56.80577373736185,95.51842403858912,332.3505366796629,62.19984501182706
independent_20260508_164641,trial_001,subject_001,1778230006.222378,1778230006.222378,952804.1857647,192338,BBS05,0,0,1,-107.3525478801979,620.586531948319,50.14582432366024,-145.10642201989896,408.25569861870804,55.73407606535761,-88.02848742359151,338.4439073175448,62.84519381143373,190.40514884352422,602.4989434560603,43.530419639533335,164.76230880342038,379.9262429986016,56.80003967772268,95.55136007027969,332.3756202551689,62.20125977593057
independent_20260508_164641,trial_001,subject_001,1778230006.2316334,1778230006.2316334,952804.1955223,192339,BBS05,0,0,1,-107.3600839813822,620.5707313001944,50.14075466197832,-145.09038499982344,408.28249639569304,55.73676217277274,-87.9696435503896,338.4786495613621,62.8425832639471,190.4025408433547,602.4887221334675,43.53206058451184,164.76990118275708,379.9300811749531,56.81237374257913,95.56884165834731,332.4040203210304,62.20485105745463
independent_20260508_164641,trial_001,subject_001,1778230006.2416348,1778230006.2416348,952804.2054536,192340,BBS05,0,0,1,-107.35992032351596,620.58829302588,50.14164306909825,-145.0985084085805,408.271009092691,55.750114617407554,-87.98521252112572,338.47727853398806,62.85064648030048,190.4060917286333,602.4871446577164,43.52904999794484,164.74494957176054,379.944579658689,56.82156530653463,95.55806801123538,332.3866260475465,62.19807975001931
independent_20260508_164641,trial_001,subject_001,1778230006.2516334,1778230006.2516334,952804.2156295,192341,BBS05,0,0,1,-107.34753369952898,620.5984769023369,50.14371978114494,-145.10127740051567,408.2725235260805,55.74022432465067,-87.97282737708558,338.4878969251661,62.85009069902001,190.40896530294643,602.4800753499934,43.529961509085474,164.7681846747032,379.9280702073681,56.80027787125735,95.57435430431019,332.387754364999,62.19904994281199
independent_20260508_164641,trial_001,subject_001,1778230006.2616334,1778230006.2616334,952804.2254279,192342,BBS05,0,0,1,-107.36448785627266,620.5953142610487,50.14240393687882,-145.02560283457842,408.500968720976,55.8419242283677,-87.9668003095903,338.48370639621,62.854926334808894,190.41261057555306,602.4820969160837,43.54130071057712,164.76102447671562,379.90898865416597,56.785109775811165,95.54226925796314,332.36200064728183,62.199913050972846
independent_20260508_164641,trial_001,subject_001,1778230006.272647,1778230006.272647,952804.2360384,192343,BBS05,0,0,1,-107.3579159572066,620.5882694389666,50.12655281477275,-145.01820006414,408.4985736667414,55.83338246690609,-87.96424226930236,338.4977356477804,62.86432899818388,190.40696685744518,602.4750229253486,43.52824382163609,164.79252867078918,379.9270983926136,56.78083939980624,95.5556526869248,332.36768109877556,62.19305996822001
