Session_ID,Trial_ID,Subject_ID,Timestamp,IMU_Recv_Timestamp,IMU_Recv_Timestamp_Mono,IMU_Device_ID,IMU_Device_Name,IMU_Device_Seq,IMU_Parse_OK_Flag,IMU_Acc_X,IMU_Acc_Y,IMU_Acc_Z,IMU_Gyro_X,IMU_Gyro_Y,IMU_Gyro_Z,IMU_Roll,IMU_Pitch,IMU_Yaw,IMU_Quat_x,IMU_Quat_y,IMU_Quat_z,IMU_Quat_w
independent_20260430_203326,trial_001,subject_001,1777552406.923864,1777552406.923864,275198.5329684,12,L_Foot,1,1,-0.8326,0.0,10.1828,3.2349,2.3804,0.5493,-1.1591,3.4167,-119.729,-0.0309,0.0062,-0.8646,0.5015
independent_20260430_203326,trial_001,subject_001,1777552406.923864,1777552406.923864,275198.53313,14,R_Tibia,1,1,0.1148,9.0296,-5.8475,108.5815,-81.0547,-25.2075,135.4065,14.1614,177.7808,0.0645,-0.9171,0.3786,-0.1067
independent_20260430_203326,trial_001,subject_001,1777552406.923864,1777552406.923864,275198.5332403,15,R_Foot,1,1,1.0767,1.5169,11.8959,252.6245,-27.2827,-60.1807,26.6144,-3.4937,160.0488,0.0106,-0.2317,0.9568,0.1754
independent_20260430_203326,trial_001,subject_001,1777552406.923864,1777552406.923864,275198.533342,9,Trunk,1,1,-0.0239,9.355,-0.5838,5.4932,-12.0239,-15.1367,91.2195,-2.3346,-155.3027,0.1667,0.6949,-0.6863,0.1354
independent_20260430_203326,trial_001,subject_001,1777552406.923864,1777552406.923864,275198.5334436,10,L_Femur,1,1,-1.536,9.8766,-1.0862,23.0103,-6.5308,-5.0049,92.851,4.4769,-19.1656,0.7093,0.1471,-0.0868,0.6839
independent_20260430_203326,trial_001,subject_001,1777552406.923864,1777552406.923864,275198.5335429,11,L_Tibia,1,1,0.9379,9.7904,-1.6557,29.0527,-14.1602,-4.6387,96.1633,5.2075,-55.6348,0.6433,0.3737,-0.2815,0.606
independent_20260430_203326,trial_001,subject_001,1777552406.923864,1777552406.923864,275198.533638,12,L_Foot,2,1,-0.5742,0.0335,10.0728,2.7466,2.6855,0.8545,-1.1041,3.4607,-119.7235,-0.0309,0.0068,-0.8645,0.5016
independent_20260430_203326,trial_001,subject_001,1777552406.9248614,1777552406.9248614,275198.5337329,13,R_Femur,1,1,0.0957,11.0394,-2.9668,-115.9668,-53.4668,-7.6904,98.2562,2.1313,-43.028,0.6989,0.2886,-0.2269,0.6138
independent_20260430_203326,trial_001,subject_001,1777552406.9248614,1777552406.9248614,275198.5338288,9,Trunk,2,1,0.3732,10.0105,-0.2488,6.1035,-10.5591,-16.1743,91.3348,-2.027,-155.5225,0.1637,0.6963,-0.6855,0.1358
independent_20260430_203326,trial_001,subject_001,1777552406.9248614,1777552406.9248614,275198.5339244,10,L_Femur,2,1,-1.6174,9.7904,-1.1389,23.1934,-1.9531,-6.4087,93.1915,4.5648,-19.1986,0.7112,0.148,-0.086,0.6818
independent_20260430_203326,trial_001,subject_001,1777552406.9248614,1777552406.9248614,275198.5340172,11,L_Tibia,2,1,0.8757,9.7713,-1.7657,29.6631,21.4844,-6.7749,96.6248,5.2844,-55.3931,0.6463,0.3739,-0.2783,0.6042
independent_20260430_203326,trial_001,subject_001,1777552406.9248614,1777552406.9248614,275198.5341131,12,L_Foot,3,1,-0.6364,-0.0191,10.0775,2.5635,1.709,1.0986,-1.0492,3.4937,-119.7125,-0.031,0.0074,-0.8645,0.5017
independent_20260430_203326,trial_001,subject_001,1777552406.9248614,1777552406.9248614,275198.5342066,13,R_Femur,2,1,0.5264,11.2499,-3.3018,-113.1592,-35.8887,-5.4932,96.5259,2.2852,-43.5938,0.6878,0.2894,-0.2333,0.6235
independent_20260430_203326,trial_001,subject_001,1777552406.9248614,1777552406.9248614,275198.5342994,14,R_Tibia,2,1,-1.2776,7.3739,-7.5605,87.2192,-27.5269,-12.0239,138.5321,15.7709,177.1106,0.0719,-0.9249,0.3538,-0.1194
independent_20260430_203326,trial_001,subject_001,1777552406.9248614,1777552406.9248614,275198.5343919,15,R_Foot,2,1,0.9427,3.6798,8.4697,323.9136,-25.7568,-94.9097,37.5623,-2.7301,157.0605,0.0419,-0.3199,0.9261,0.1957
independent_20260430_203326,trial_001,subject_001,1777552406.9248614,1777552406.9248614,275198.5344891,9,Trunk,3,1,0.4977,10.3168,-0.0957,5.6152,-7.9346,-16.1133,91.4172,-1.7908,-155.6433,0.1616,0.6973,-0.6849,0.1364
independent_20260430_203326,trial_001,subject_001,1777552406.9248614,1777552406.9248614,275198.5345797,10,L_Femur,3,1,-1.4164,9.9962,-0.9475,20.0806,-1.9531,-6.2866,93.609,4.6967,-19.2096,0.7135,0.1492,-0.0847,0.6793
independent_20260430_203326,trial_001,subject_001,1777552406.9248614,1777552406.9248614,275198.5347012,11,L_Tibia,3,1,-0.6269,9.9723,-1.6222,29.6631,37.9028,-7.5073,97.2949,5.3558,-54.657,0.652,0.3717,-0.2718,0.6024
independent_20260430_203326,trial_001,subject_001,1777552406.9258611,1777552406.9258611,275198.5348087,12,L_Foot,4,1,-0.7369,0.0191,10.1972,2.6245,0.6714,1.2817,-0.9833,3.5211,-119.696,-0.0309,0.008,-0.8644,0.5018
independent_20260430_203326,trial_001,subject_001,1777552406.9258611,1777552406.9258611,275198.5349018,13,R_Femur,3,1,1.2537,11.0872,-3.3975,-110.5347,-11.1084,-2.3804,94.2737,2.3676,-43.9233,0.6744,0.2871,-0.2403,0.6364
independent_20260430_203326,trial_001,subject_001,1777552406.9258611,1777552406.9258611,275198.534993,9,Trunk,4,1,0.3158,10.1541,-0.0622,7.8735,-2.9907,-16.1133,91.5491,-1.4777,-155.7257,0.1594,0.6986,-0.6838,0.1376
independent_20260430_203326,trial_001,subject_001,1777552406.9258611,1777552406.9258611,275198.5350847,10,L_Femur,4,1,-1.1676,10.0919,-0.5264,19.7754,-0.8545,-6.7749,93.9056,4.7955,-19.2151,0.7151,0.15,-0.0837,0.6775
independent_20260430_203326,trial_001,subject_001,1777552406.9258611,1777552406.9258611,275198.5351774,11,L_Tibia,4,1,-1.5935,9.9914,-1.56,28.2593,28.9917,-4.1504,97.7728,5.3723,-54.1736,0.656,0.3701,-0.2676,0.6009
independent_20260430_203326,trial_001,subject_001,1777552406.9258611,1777552406.9258611,275198.5352678,12,L_Foot,5,1,-0.7656,0.1388,10.044,3.1128,0.1831,1.0986,-0.9229,3.5321,-119.6796,-0.0307,0.0085,-0.8643,0.5019
independent_20260430_203326,trial_001,subject_001,1777552406.9258611,1777552406.9258611,275198.5353593,13,R_Femur,4,1,1.6796,10.7666,-3.0721,-107.0557,6.2256,-2.0752,92.6477,2.3895,-43.8739,0.6654,0.2835,-0.2439,0.6461
independent_20260430_203326,trial_001,subject_001,1777552406.9258611,1777552406.9258611,275198.5354487,14,R_Tibia,3,1,-2.4548,5.9001,-8.1587,43.457,-23.8037,3.1128,140.4822,16.4685,176.6162,0.0759,-0.9296,0.3384,-0.1249
independent_20260430_203326,trial_001,subject_001,1777552406.9258611,1777552406.9258611,275198.5355416,15,R_Foot,3,1,0.4737,4.7612,16.3174,159.4238,-158.0811,-153.0762,46.9391,-1.7633,151.7926,0.0833,-0.3897,0.888,0.2294
independent_20260430_203326,trial_001,subject_001,1777552406.9258611,1777552406.9258611,275198.5356336,9,Trunk,5,1,0.1436,10.2211,-0.0909,5.3101,1.0986,-16.0522,91.626,-1.2469,-155.7147,0.1582,0.6994,-0.683,0.139
independent_20260430_203326,trial_001,subject_001,1777552406.9268613,1777552406.9268613,275198.5357251,10,L_Femur,5,1,-1.0001,9.6277,-0.5216,23.4375,6.5918,-8.9722,94.3506,4.9548,-19.1107,0.7177,0.1506,-0.0815,0.675
independent_20260430_203326,trial_001,subject_001,1777552406.9268613,1777552406.9268613,275198.5358155,11,L_Tibia,5,1,-2.2442,9.7378,-1.67,26.6113,3.8452,-0.8545,98.1958,5.3833,-54.0198,0.6587,0.3703,-0.2654,0.5988
independent_20260430_203326,trial_001,subject_001,1777552406.9268613,1777552406.9268613,275198.5359047,12,L_Foot,6,1,-0.7273,0.1005,9.9914,3.6621,-0.7324,1.1597,-0.8459,3.5376,-119.6631,-0.0304,0.0091,-0.8642,0.5021
independent_20260430_203326,trial_001,subject_001,1777552406.9268613,1777552406.9268613,275198.5359945,13,R_Femur,5,1,1.6892,10.3359,-2.7706,-105.1636,20.2026,-5.4932,91.0712,2.4445,-43.5938,0.657,0.2788,-0.2459,0.6559
independent_20260430_203326,trial_001,subject_001,1777552406.9268613,1777552406.9268613,275198.5360893,9,Trunk,6,1,0.0096,10.1541,-0.1005,1.0376,2.8687,-16.4185,91.6425,-1.0107,-155.6653,0.1572,0.6997,-0.6826,0.1407
independent_20260430_203326,trial_001,subject_001,1777552406.9268613,1777552406.9268613,275198.5361804,10,L_Femur,6,1,-0.9283,9.5033,-0.9044,24.8413,13.9771,-8.8501,94.7406,5.0702,-18.902,0.7201,0.1502,-0.079,0.6728
independent_20260430_203326,trial_001,subject_001,1777552406.9268613,1777552406.9268613,275198.5362716,11,L_Tibia,6,1,-1.5695,9.5272,-1.9141,24.8413,-19.3481,1.2207,98.6737,5.4218,-54.2999,0.6602,0.3732,-0.2651,0.5955
independent_20260430_203326,trial_001,subject_001,1777552406.9268613,1777552406.9268613,275198.536363,12,L_Foot,7,1,-0.579,0.1436,10.178,1.8311,-0.4883,0.9766,-0.8075,3.5376,-119.6521,-0.0302,0.0094,-0.8642,0.5022
independent_20260430_203326,trial_001,subject_001,1777552406.9268613,1777552406.9268613,275198.5364529,13,R_Femur,6,1,0.9618,9.7713,-2.5696,-97.229,35.4004,-11.4136,89.0991,2.6202,-42.951,0.6467,0.2719,-0.2459,0.6689
independent_20260430_203326,trial_001,subject_001,1777552406.9428658,1777552406.9428658,275198.5527018,14,R_Tibia,4,1,-2.8041,4.0147,-7.862,6.1646,-50.1709,31.25,140.7513,16.9629,175.4572,0.0864,-0.9289,0.3374,-0.1256
independent_20260430_203326,trial_001,subject_001,1777552406.9438627,1777552406.9438627,275198.5528399,15,R_Foot,4,1,8.9243,-2.6318,14.7718,-127.1973,20.0806,-63.8428,44.6759,-1.1426,148.0133,0.0958,-0.3679,0.8881,0.2585
independent_20260430_203326,trial_001,subject_001,1777552406.9438627,1777552406.9438627,275198.5529424,9,Trunk,7,1,-0.2632,9.934,-0.0431,-0.9155,3.1128,-16.6626,91.6205,-0.6921,-155.5994,0.1556,0.6999,-0.6822,0.1431
independent_20260430_203326,trial_001,subject_001,1777552406.9438627,1777552406.9438627,275198.5530388,10,L_Femur,7,1,-0.7704,9.6804,-1.0479,24.5361,16.1743,-7.5684,95.1306,5.1636,-18.6438,0.7226,0.1494,-0.0764,0.6705
independent_20260430_203326,trial_001,subject_001,1777552406.9438627,1777552406.9438627,275198.5531345,11,L_Tibia,7,1,-0.3445,9.7521,-2.0815,25.1465,-16.1133,2.2583,99.0308,5.4382,-54.5636,0.6611,0.3756,-0.2652,0.5929
independent_20260430_203326,trial_001,subject_001,1777552406.9438627,1777552406.9438627,275198.5532297,12,L_Foot,8,1,-0.5646,0.1771,10.1828,1.2207,-0.7935,0.6104,-0.7745,3.5321,-119.6466,-0.03,0.0097,-0.8642,0.5022
independent_20260430_203326,trial_001,subject_001,1777552406.9438627,1777552406.9438627,275198.5533234,13,R_Femur,7,1,0.0813,9.6756,-2.0863,-91.0645,46.936,-17.334,87.7423,2.8729,-42.2699,0.6397,0.2667,-0.2436,0.6785
independent_20260430_203326,trial_001,subject_001,1777552406.9438627,1777552406.9438627,275198.5534171,9,Trunk,8,1,-0.4498,9.7521,-0.0479,-1.8921,4.9438,-15.9302,91.5875,-0.4614,-155.5225,0.1547,0.6999,-0.682,0.145
independent_20260430_203326,trial_001,subject_001,1777552406.9438627,1777552406.9438627,275198.5535289,10,L_Femur,8,1,-0.7991,9.8144,-1.0288,25.6958,16.9067,-6.7749,95.6635,5.2679,-18.2867,0.7261,0.1481,-0.0729,0.6675
independent_20260430_203326,trial_001,subject_001,1777552406.9438627,1777552406.9438627,275198.5536623,11,L_Tibia,8,1,0.2871,9.8096,-1.9954,25.8789,-2.4414,1.2817,99.4098,5.4382,-54.6405,0.6628,0.3769,-0.2643,0.5905
independent_20260430_203326,trial_001,subject_001,1777552406.9448626,1777552406.9448626,275198.5537921,12,L_Foot,9,1,-0.6938,0.1005,10.044,1.0986,-0.6104,0.5493,-0.7416,3.5321,-119.6411,-0.0299,0.0099,-0.8641,0.5023
independent_20260430_203326,trial_001,subject_001,1777552406.9448626,1777552406.9448626,275198.5538948,13,R_Femur,8,1,-0.7034,9.465,-1.4355,-81.4819,48.4619,-14.4653,86.1108,3.23,-41.2866,0.6314,0.2599,-0.2395,0.6903
independent_20260430_203326,trial_001,subject_001,1777552406.9448626,1777552406.9448626,275198.5539869,14,R_Tibia,5,1,-0.6843,5.479,-3.4597,-53.0396,-33.5083,58.4717,138.9166,17.0782,172.9742,0.1087,-0.9211,0.3549,-0.1175
independent_20260430_203326,trial_001,subject_001,1777552406.9448626,1777552406.9448626,275198.5540917,15,R_Foot,5,1,1.5265,-2.0576,5.79,-134.7656,30.0293,-19.104,40.7428,-0.0494,147.9529,0.0957,-0.3347,0.901,0.2589
independent_20260430_203326,trial_001,subject_001,1777552406.9448626,1777552406.9448626,275198.5542029,9,Trunk,9,1,-0.5024,9.355,-0.1675,-2.6245,5.7983,-14.9536,91.5381,-0.2417,-155.4346,0.1539,0.6998,-0.6819,0.1469
independent_20260430_203326,trial_001,subject_001,1777552406.9448626,1777552406.9448626,275198.5543169,11,L_Tibia,9,1,-0.0957,9.5512,-2.0959,23.1323,7.9346,-1.5259,99.9097,5.4437,-54.5142,0.6658,0.3774,-0.262,0.588
independent_20260430_203326,trial_001,subject_001,1777552406.9448626,1777552406.9448626,275198.5544328,12,L_Foot,10,1,-0.6986,0.0096,10.0249,0.1831,-0.4272,0.6104,-0.7196,3.5266,-119.6356,-0.0298,0.01,-0.8641,0.5023
independent_20260430_203326,trial_001,subject_001,1777552406.9448626,1777552406.9448626,275198.5545482,13,R_Femur,9,1,-0.9618,8.9387,-1.1532,-73.9136,41.9922,-6.7139,85.0067,3.4003,-40.6329,0.6257,0.255,-0.2371,0.698
independent_20260430_203326,trial_001,subject_001,1777552406.9448626,1777552406.9448626,275198.554664,9,Trunk,10,1,-0.6125,8.953,-0.1483,-1.3428,2.8687,-13.855,91.4886,0.022,-155.3522,0.1527,0.6998,-0.6818,0.1491
independent_20260430_203326,trial_001,subject_001,1777552406.9458637,1777552406.9458637,275198.5547809,10,L_Femur,9,1,-0.8853,9.2976,-1.7322,26.5503,20.3247,-6.1646,96.5424,5.4108,-17.6935,0.7318,0.1457,-0.0674,0.6624
independent_20260430_203326,trial_001,subject_001,1777552406.9458637,1777552406.9458637,275198.5549018,11,L_Tibia,10,1,-0.6125,9.3598,-1.9667,20.874,12.0239,-2.5635,100.2502,5.4547,-54.3384,0.6681,0.3772,-0.2599,0.5864
independent_20260430_203326,trial_001,subject_001,1777552406.9458637,1777552406.9458637,275198.5550215,12,L_Foot,11,1,-0.6651,0.1053,10.1302,-1.5259,-1.1597,0.4883,-0.7196,3.5156,-119.6356,-0.0297,0.01,-0.8641,0.5023
independent_20260430_203326,trial_001,subject_001,1777552406.9458637,1777552406.9458637,275198.5551636,13,R_Femur,10,1,-1.024,8.5654,-1.0719,-64.5752,29.48,0.9155,84.0344,3.4497,-40.144,0.6207,0.2506,-0.2359,0.7044
independent_20260430_203326,trial_001,subject_001,1777552406.9458637,1777552406.9458637,275198.5552628,14,R_Tibia,6,1,-1.6892,5.1823,-5.4407,-101.4404,-19.6533,73.3643,135.2417,16.2103,170.4913,0.1294,-0.9078,0.3864,-0.0987
independent_20260430_203326,trial_001,subject_001,1777552406.9458637,1777552406.9458637,275198.5553582,15,R_Foot,6,1,1.426,-0.579,11.3313,-202.8809,11.5967,-20.6299,34.6619,0.8405,147.6617,0.0897,-0.2841,0.9174,0.2637
independent_20260430_203326,trial_001,subject_001,1777552406.9458637,1777552406.9458637,275198.5554631,9,Trunk,11,1,-0.6173,8.9387,0.0813,0.4883,1.77,-12.8784,91.4777,0.2087,-155.3192,0.1518,0.6999,-0.6815,0.1504
independent_20260430_203326,trial_001,subject_001,1777552406.9458637,1777552406.9458637,275198.5556741,11,L_Tibia,11,1,-0.9188,9.3167,-2.0911,18.7988,3.418,-1.2817,100.6567,5.4767,-54.1901,0.6706,0.3773,-0.2577,0.5844
independent_20260430_203326,trial_001,subject_001,1777552406.9468641,1777552406.9468641,275198.5558622,12,L_Foot,12,1,-0.6316,0.0813,10.0632,-3.3569,-1.77,0.3662,-0.769,3.4937,-119.6301,-0.0297,0.0095,-0.8641,0.5024
independent_20260430_203326,trial_001,subject_001,1777552406.9468641,1777552406.9468641,275198.556018,13,R_Femur,11,1,-0.7561,8.3836,-1.1293,-53.2227,13.6108,4.9438,82.9193,3.3893,-39.765,0.6148,0.2459,-0.2363,0.7111
independent_20260430_203326,trial_001,subject_001,1777552406.9468641,1777552406.9468641,275198.5561635,9,Trunk,12,1,-0.6029,8.9674,0.378,3.8452,0.5493,-11.6577,91.5216,0.434,-155.2917,0.1507,0.7004,-0.6809,0.1519
independent_20260430_203326,trial_001,subject_001,1777552406.9468641,1777552406.9468641,275198.5563021,10,L_Femur,10,1,-1.6126,9.398,-1.7418,22.7661,0.2441,0.1831,97.3993,5.4382,-17.3035,0.7372,0.1438,-0.0639,0.6571
independent_20260430_203326,trial_001,subject_001,1777552406.9468641,1777552406.9468641,275198.5564523,11,L_Tibia,12,1,-0.713,9.3311,-2.1629,17.6392,-2.6245,-0.7935,100.9259,5.4987,-54.212,0.6718,0.3782,-0.2568,0.5829
independent_20260430_203326,trial_001,subject_001,1777552406.9468641,1777552406.9468641,275198.5565969,12,L_Foot,13,1,-0.6269,0.0431,9.9818,-3.6011,-1.3428,0.2441,-0.8075,3.4827,-119.6301,-0.0298,0.0092,-0.8641,0.5024
independent_20260430_203326,trial_001,subject_001,1777552406.9478655,1777552406.9478655,275198.5567399,13,R_Femur,12,1,-0.6843,8.3549,-1.2202,-46.9971,9.3384,4.6997,82.1997,3.3344,-39.5947,0.6108,0.2432,-0.2371,0.7152
independent_20260430_203326,trial_001,subject_001,1777552406.9478655,1777552406.9478655,275198.556881,14,R_Tibia,7,1,-1.9476,6.3355,-4.0482,-149.7803,21.8506,91.7358,130.1605,13.8538,168.6127,0.1399,-0.8908,0.4271,-0.0673
independent_20260430_203326,trial_001,subject_001,1777552406.9478655,1777552406.9478655,275198.5570202,15,R_Foot,7,1,-0.7752,0.244,104.1824,505.9204,-62.6221,-1109.314,160.307,-151.9409,172.9138,-0.1508,-0.2486,-0.0177,0.9566
independent_20260430_203326,trial_001,subject_001,1777552406.9478655,1777552406.9478655,275198.5571596,13,R_Femur,13,1,0.0383,9.2784,-1.7657,42.8467,-43.5181,0.4272,110.5444,-1.0767,-38.6169,0.7774,0.2667,-0.1956,0.5351
independent_20260430_203326,trial_001,subject_001,1777552406.9478655,1777552406.9478655,275198.5573227,15,R_Foot,8,1,0.7896,0.7273,9.9388,6.2256,-0.5493,-1.0376,3.7244,-4.1144,-179.3024,0.0361,0.0323,-0.9988,0.0049
independent_20260430_203326,trial_001,subject_001,1777552407.013399,1777552407.013399,275198.6225642,9,Trunk,13,1,0.8853,9.3502,0.7513,-1.1597,-21.8506,-10.437,91.582,-3.7354,-152.9462,0.1897,0.6912,-0.683,0.1403
independent_20260430_203326,trial_001,subject_001,1777552407.013399,1777552407.013399,275198.622814,10,L_Femur,11,1,-1.0719,8.1683,0.6747,33.9355,-6.897,-15.8081,83.5071,4.3561,-12.9529,0.658,0.1032,-0.0589,0.7436
independent_20260430_203326,trial_001,subject_001,1777552407.0141516,1777552407.0141516,275198.6230201,11,L_Tibia,13,1,-0.8374,8.4793,-0.7608,56.7017,-38.3301,-0.9766,84.9133,5.7074,-54.4647,0.5827,0.3412,-0.3073,0.6706
independent_20260430_203326,trial_001,subject_001,1777552407.0141516,1777552407.0141516,275198.6232269,12,L_Foot,14,1,-8.5798,-2.5313,6.8141,45.9595,-71.8384,-52.124,-14.057,8.053,-119.6191,-0.1216,-0.0705,-0.8601,0.4904
independent_20260430_203326,trial_001,subject_001,1777552407.0141516,1777552407.0141516,275198.6234268,14,R_Tibia,8,1,0.4977,8.953,-2.5553,30.8838,-7.7515,-7.1411,112.8735,-2.5104,177.4677,0.0063,-0.8331,0.5522,0.0305
independent_20260430_203326,trial_001,subject_001,1777552407.0141516,1777552407.0141516,275198.6236258,9,Trunk,14,1,0.9427,9.3789,0.8948,-1.709,-23.3154,-10.437,91.5656,-3.576,-153.2812,0.1867,0.6919,-0.6833,0.1393
independent_20260430_203326,trial_001,subject_001,1777552407.0141516,1777552407.0141516,275198.6238213,10,L_Femur,12,1,-1.359,8.4649,0.5312,40.3442,-16.3574,-14.9536,84.0729,4.5538,-13.1891,0.6613,0.1062,-0.0588,0.7403
independent_20260430_203326,trial_001,subject_001,1777552407.0151627,1777552407.0151627,275198.6240367,12,L_Foot,15,1,-3.1343,-6.7519,5.6321,60.6079,-116.8823,-41.1377,-13.0408,5.8942,-119.751,-0.1011,-0.0725,-0.8611,0.4929
independent_20260430_203326,trial_001,subject_001,1777552407.0151627,1777552407.0151627,275198.6242471,13,R_Femur,14,1,0.2345,9.4315,-1.8566,34.4238,-44.8608,-1.2207,111.9452,-0.5219,-40.0562,0.7795,0.2814,-0.1952,0.5244
independent_20260430_203326,trial_001,subject_001,1777552407.0151627,1777552407.0151627,275198.6244479,15,R_Foot,9,1,0.7465,0.6986,9.9483,6.5308,-0.4272,-0.7324,3.9386,-4.1309,-179.3298,0.0362,0.0341,-0.9988,0.0046
independent_20260430_203326,trial_001,subject_001,1777552407.0151627,1777552407.0151627,275198.6246098,10,L_Femur,13,1,-1.359,9.0774,0.201,41.9312,-24.1699,-12.6953,84.6716,4.7186,-13.5406,0.6646,0.1095,-0.0595,0.7367
independent_20260430_203326,trial_001,subject_001,1777552407.0151627,1777552407.0151627,275198.6248047,11,L_Tibia,14,1,-1.0479,9.934,0.4929,55.542,-53.7109,-1.4648,86.5173,5.6415,-55.849,0.588,0.3522,-0.3108,0.6585
independent_20260430_203326,trial_001,subject_001,1777552407.0151627,1777552407.0151627,275198.6249973,12,L_Foot,16,1,3.6176,-4.0913,6.4217,101.0132,-117.2485,-30.8838,-11.5851,3.9001,-119.8114,-0.0799,-0.0703,-0.862,0.4956
independent_20260430_203326,trial_001,subject_001,1777552407.0151627,1777552407.0151627,275198.6251906,13,R_Femur,15,1,0.4067,9.5033,-2.1294,27.6489,-43.457,-2.2583,112.522,-0.1703,-40.8472,0.7796,0.2894,-0.195,0.5201
independent_20260430_203326,trial_001,subject_001,1777552407.0151627,1777552407.0151627,275198.625381,14,R_Tibia,9,1,0.9092,9.1014,-2.4021,38.6353,-9.7656,-10.8643,114.115,-2.0654,177.3138,0.0099,-0.8391,0.5432,0.0279
independent_20260430_203326,trial_001,subject_001,1777552407.082703,1777552407.082703,275198.6921602,9,Trunk,15,1,1.1628,9.5703,1.1389,-1.0376,-23.9258,-10.7422,91.5161,-3.208,-154.1217,0.1794,0.6936,-0.6842,0.1366
independent_20260430_203326,trial_001,subject_001,1777552407.082703,1777552407.082703,275198.6923129,10,L_Femur,14,1,-1.1245,9.2832,-0.1579,47.7905,-35.5225,-11.4746,85.5231,4.8944,-14.2108,0.6692,0.115,-0.062,0.7315
independent_20260430_203326,trial_001,subject_001,1777552407.082703,1777552407.082703,275198.6924402,11,L_Tibia,15,1,-1.024,10.2881,1.0145,39.917,-67.3218,-4.6997,87.2754,5.658,-57.1399,0.5882,0.361,-0.3158,0.6511
independent_20260430_203326,trial_001,subject_001,1777552407.0837066,1777552407.0837066,275198.6925913,12,L_Foot,17,1,-2.4931,0.311,11.1016,89.9658,-67.749,-53.1006,-9.7119,2.6093,-120.5145,-0.0617,-0.0622,-0.8659,0.4925
independent_20260430_203326,trial_001,subject_001,1777552407.0837066,1777552407.0837066,275198.6927778,13,R_Femur,16,1,0.6269,9.6804,-2.1533,23.6816,-39.1235,-2.9297,112.8845,0.0824,-41.38,0.7794,0.2948,-0.1947,0.5173
independent_20260430_203326,trial_001,subject_001,1777552407.0837066,1777552407.0837066,275198.6929132,15,R_Foot,10,1,0.7465,0.6747,9.8335,8.7891,0.061,-0.2441,4.1528,-4.1309,-179.3408,0.0362,0.036,-0.9987,0.0044
independent_20260430_203326,trial_001,subject_001,1777552407.0837066,1777552407.0837066,275198.6930312,9,Trunk,16,1,1.2537,9.8048,0.9905,1.1597,-22.8882,-10.376,91.5271,-3.0487,-154.4623,0.1764,0.6944,-0.6843,0.1355
independent_20260430_203326,trial_001,subject_001,1777552407.0837066,1777552407.0837066,275198.6931325,10,L_Femur,15,1,-0.7991,9.3693,-0.3445,56.7017,-39.1846,-7.7515,86.2921,4.9823,-14.7931,0.6734,0.1194,-0.0644,0.7267
independent_20260430_203326,trial_001,subject_001,1777552407.0837066,1777552407.0837066,275198.6932276,11,L_Tibia,16,1,0.3015,11.982,2.785,22.4609,-53.3447,-9.7046,87.5885,5.7568,-58.0133,0.5869,0.3669,-0.3192,0.6473
independent_20260430_203326,trial_001,subject_001,1777552407.0837066,1777552407.0837066,275198.6933202,12,L_Foot,18,1,5.7757,-2.8041,10.4029,100.5249,-49.9878,-28.8086,-8.1573,1.4282,-120.8496,-0.0459,-0.0557,-0.8679,0.4915
independent_20260430_203326,trial_001,subject_001,1777552407.0837066,1777552407.0837066,275198.6934135,13,R_Femur,17,1,0.9714,9.7234,-2.1916,20.813,-33.8745,-3.418,113.1976,0.3241,-41.8359,0.7793,0.2995,-0.1943,0.5151
independent_20260430_203326,trial_001,subject_001,1777552407.0837066,1777552407.0837066,275198.6935072,14,R_Tibia,10,1,0.9953,9.4268,-2.9668,41.9922,-14.5264,-15.9302,115.5652,-1.4062,177.1216,0.0147,-0.8459,0.5327,0.0238
independent_20260430_203326,trial_001,subject_001,1777552407.0847054,1777552407.0847054,275198.6936092,9,Trunk,17,1,1.4308,10.1972,0.7369,2.1362,-21.6064,-9.1553,91.5601,-2.9059,-154.7864,0.1736,0.6953,-0.6843,0.1344
independent_20260430_203326,trial_001,subject_001,1777552407.0847054,1777552407.0847054,275198.6937012,10,L_Femur,16,1,0.0861,11.5418,0.2632,47.4854,-47.7295,-1.5869,87.2699,4.9878,-15.683,0.6787,0.1253,-0.0689,0.7204
independent_20260430_203326,trial_001,subject_001,1777552407.0847054,1777552407.0847054,275198.6937933,11,L_Tibia,17,1,2.1103,13.6473,5.723,-3.6011,-28.8696,-12.3901,87.561,5.9216,-58.5077,0.5846,0.3702,-0.3212,0.6465
independent_20260430_203326,trial_001,subject_001,1777552407.0847054,1777552407.0847054,275198.6938819,12,L_Foot,19,1,7.4409,-2.584,7.6945,119.812,-35.2783,-6.7749,-6.46,1.0162,-121.0034,-0.0354,-0.0447,-0.8692,0.4912
independent_20260430_203326,trial_001,subject_001,1777552407.0847054,1777552407.0847054,275198.6940052,13,R_Femur,18,1,1.3446,9.6086,-2.5122,23.9258,-28.6255,-4.9438,113.6316,0.6262,-42.3468,0.7793,0.3051,-0.1934,0.512
independent_20260430_203326,trial_001,subject_001,1777552407.0847054,1777552407.0847054,275198.6941024,15,R_Foot,11,1,0.6938,0.6508,10.135,13.0005,1.4038,-0.7324,4.5538,-4.0979,-179.3573,0.0359,0.0395,-0.9986,0.0042
independent_20260430_203326,trial_001,subject_001,1777552407.0847054,1777552407.0847054,275198.6941933,9,Trunk,18,1,1.536,10.5704,0.3015,5.4321,-18.0054,-7.7515,91.6534,-2.7466,-155.1544,0.1706,0.6966,-0.684,0.1331
independent_20260430_203326,trial_001,subject_001,1777552407.0847054,1777552407.0847054,275198.6942833,10,L_Femur,17,1,0.3158,13.2788,2.5074,12.9395,-68.4814,1.6479,87.4786,4.9274,-16.6388,0.679,0.1307,-0.075,0.7185
independent_20260430_203326,trial_001,subject_001,1777552407.0847054,1777552407.0847054,275198.6943722,11,L_Tibia,18,1,4.4119,10.312,3.6702,12.2681,-2.8687,-8.1177,87.6215,6.1084,-58.7274,0.5836,0.3725,-0.3212,0.6461
independent_20260430_203326,trial_001,subject_001,1777552407.0847054,1777552407.0847054,275198.6945132,12,L_Foot,20,1,5.9719,1.2633,11.226,114.1968,13.9771,8.9111,-3.999,0.9009,-120.8771,-0.024,-0.0265,-0.8694,0.4928
independent_20260430_203326,trial_001,subject_001,1777552407.0857036,1777552407.0857036,275198.6946167,13,R_Femur,19,1,1.5121,9.8526,-2.962,22.2778,-22.3389,-5.0049,113.9667,0.824,-42.6324,0.7797,0.3085,-0.1925,0.5098
independent_20260430_203326,trial_001,subject_001,1777552407.0927026,1777552407.0927026,275198.7021624,14,R_Tibia,11,1,0.7896,9.5655,-3.5171,47.5464,-10.9863,-22.522,117.1472,-0.5713,177.0886,0.0191,-0.8531,0.5211,0.0175
independent_20260430_203326,trial_001,subject_001,1777552407.0927026,1777552407.0927026,275198.7023459,9,Trunk,19,1,1.5791,10.5321,0.0239,4.4556,-15.9302,-7.6904,91.7249,-2.6312,-155.3961,0.1685,0.6976,-0.6837,0.1322
independent_20260430_203326,trial_001,subject_001,1777552407.0927026,1777552407.0927026,275198.7025251,10,L_Femur,18,1,0.5407,13.8195,5.0436,-16.7847,-89.4775,6.5308,87.1985,4.7845,-17.9132,0.6759,0.1371,-0.0842,0.7192
independent_20260430_203326,trial_001,subject_001,1777552407.0937052,1777552407.0937052,275198.7026833,11,L_Tibia,19,1,4.498,9.4794,1.1437,35.7056,0.3662,-6.0425,88.0939,6.2128,-58.7219,0.586,0.3743,-0.3191,0.644
independent_20260430_203326,trial_001,subject_001,1777552407.0937052,1777552407.0937052,275198.7028609,12,L_Foot,21,1,0.6843,1.2968,11.805,106.9946,33.8745,6.8359,-2.3676,1.3623,-120.7782,-0.0205,-0.0121,-0.8693,0.4938
independent_20260430_203326,trial_001,subject_001,1777552407.0937052,1777552407.0937052,275198.7030414,13,R_Femur,20,1,1.5169,9.8479,-3.1773,19.8364,-14.4653,-4.8828,114.2633,0.9833,-42.8137,0.7802,0.3109,-0.1914,0.5079
independent_20260430_203326,trial_001,subject_001,1777552407.0937052,1777552407.0937052,275198.7032177,15,R_Foot,12,1,1.0432,0.6269,9.9292,13.855,2.5024,-0.9155,5.0153,-4.0265,-179.3738,0.0353,0.0435,-0.9984,0.0039
independent_20260430_203326,trial_001,subject_001,1777552407.0937052,1777552407.0937052,275198.7033961,9,Trunk,20,1,1.6461,10.2881,-0.1723,4.6387,-10.1929,-4.4556,91.7963,-2.5214,-155.6323,0.1665,0.6985,-0.6834,0.1314
independent_20260430_203326,trial_001,subject_001,1777552407.0947037,1777552407.0947037,275198.7035628,12,L_Foot,22,1,-1.0336,6.1729,27.0505,36.8042,51.1475,2.1362,-0.8185,2.4445,-120.7507,-0.0221,0.0043,-0.8691,0.4941
independent_20260430_203326,trial_001,subject_001,1777552407.0947037,1777552407.0947037,275198.7037418,13,R_Femur,21,1,1.3303,10.0632,-3.163,11.6577,-1.9531,-5.4932,114.5435,1.1096,-42.8632,0.7811,0.3122,-0.19,0.5062
independent_20260430_203326,trial_001,subject_001,1777552407.0947037,1777552407.0947037,275198.7039185,14,R_Tibia,12,1,0.7034,9.5177,-3.1726,53.2837,-7.3853,-26.001,118.6633,0.2032,177.204,0.0219,-0.8599,0.51,0.0109
independent_20260430_203326,trial_001,subject_001,1777552407.0947037,1777552407.0947037,275198.7040948,9,Trunk,21,1,1.7083,10.3359,-0.3206,5.7373,-3.8452,-0.6104,91.8732,-2.5049,-155.7092,0.166,0.6991,-0.683,0.1309
independent_20260430_203326,trial_001,subject_001,1777552407.0947037,1777552407.0947037,275198.7042655,10,L_Femur,19,1,3.6798,11.9533,5.6704,-30.5786,-28.9307,11.1084,86.0999,4.2847,-19.9182,0.6672,0.1449,-0.1012,0.7237
independent_20260430_203326,trial_001,subject_001,1777552407.0947037,1777552407.0947037,275198.7044269,12,L_Foot,23,1,-1.1054,0.6938,13.4176,52.9785,20.6299,1.4648,-0.1538,2.7246,-120.7452,-0.0213,0.0106,-0.869,0.4942
independent_20260430_203326,trial_001,subject_001,1777552407.0957024,1777552407.0957024,275198.7046019,13,R_Femur,22,1,1.0623,10.1732,-3.0625,3.1128,5.9204,-5.7983,114.6149,1.1481,-42.7588,0.7817,0.3118,-0.189,0.506
independent_20260430_203326,trial_001,subject_001,1777552407.0957024,1777552407.0957024,275198.7047619,15,R_Foot,13,1,0.8183,0.5455,9.9818,17.7612,0.9155,-1.2207,5.5811,-3.9825,-179.4122,0.035,0.0485,-0.9982,0.0034
independent_20260430_203326,trial_001,subject_001,1777552407.0957024,1777552407.0957024,275198.7049257,9,Trunk,22,1,1.5791,10.69,-0.335,5.3711,1.5259,4.4556,91.9391,-2.5653,-155.6982,0.1665,0.6994,-0.6827,0.1305
independent_20260430_203326,trial_001,subject_001,1777552407.0957024,1777552407.0957024,275198.705087,10,L_Femur,20,1,2.3639,11.2834,4.455,-32.5317,-8.5449,2.1362,85.6055,4.2078,-20.083,0.6639,0.1449,-0.1033,0.7263
independent_20260430_203326,trial_001,subject_001,1777552407.0957024,1777552407.0957024,275198.7052356,12,L_Foot,24,1,-0.7896,1.4547,12.0299,18.3716,6.897,-0.1831,0.1538,3.0157,-120.7507,-0.0222,0.0142,-0.869,0.4942
independent_20260430_203326,trial_001,subject_001,1777552407.0957024,1777552407.0957024,275198.7054071,13,R_Femur,23,1,0.5216,10.5608,-2.7036,-5.8594,9.5215,-7.7515,114.5435,1.1865,-42.5226,0.7819,0.3103,-0.1879,0.507
independent_20260430_203326,trial_001,subject_001,1777552407.0967035,1777552407.0967035,275198.7055698,14,R_Tibia,13,1,0.1723,9.8144,-3.0769,63.0493,-9.0332,-30.5176,120.7233,1.225,177.4622,0.0245,-0.8688,0.4946,0.0017
independent_20260430_203326,trial_001,subject_001,1777552407.0967035,1777552407.0967035,275198.7057287,9,Trunk,23,1,0.9427,11.336,-0.2823,0.2441,1.0376,7.4463,91.9611,-2.7191,-155.6708,0.1676,0.6993,-0.6827,0.1297
independent_20260430_203326,trial_001,subject_001,1777552407.0967035,1777552407.0967035,275198.7058873,10,L_Femur,21,1,-2.2347,7.3931,-0.9762,49.5605,14.4653,-27.9541,86.0889,4.6033,-19.9182,0.6667,0.1469,-0.0993,0.724
independent_20260430_203326,trial_001,subject_001,1777552407.0967035,1777552407.0967035,275198.70604,11,L_Tibia,20,1,-5.1728,10.4173,-2.1007,78.186,-120.1782,10.8032,92.439,6.449,-61.9299,0.5981,0.4043,-0.3206,0.6132
independent_20260430_203326,trial_001,subject_001,1777552407.0967035,1777552407.0967035,275198.7062071,12,L_Foot,25,1,-1.7322,-0.3015,9.8526,11.6577,3.7842,-0.4883,0.3625,3.2135,-120.7727,-0.0228,0.0166,-0.869,0.494
independent_20260430_203326,trial_001,subject_001,1777552407.0967035,1777552407.0967035,275198.7063773,13,R_Femur,24,1,0.1914,11.0154,-2.4021,-13.1836,6.0425,-7.4463,114.3622,1.236,-42.3743,0.7814,0.3092,-0.1874,0.5086
independent_20260430_203326,trial_001,subject_001,1777552407.0967035,1777552407.0967035,275198.7065476,15,R_Foot,14,1,0.7704,0.1196,9.9962,23.0103,-1.5259,-2.0142,6.1743,-4.01,-179.4507,0.0352,0.0537,-0.9979,0.0029
independent_20260430_203326,trial_001,subject_001,1777552407.112332,1777552407.112332,275198.7220397,9,Trunk,24,1,0.6221,11.0441,-0.268,-6.0425,-2.1362,3.1128,91.8732,-2.7905,-155.6927,0.1678,0.6987,-0.6833,0.1293
independent_20260430_203326,trial_001,subject_001,1777552407.112332,1777552407.112332,275198.7221662,10,L_Femur,22,1,-3.6798,7.0725,-5.6513,51.2085,16.2964,-39.0015,86.9183,5.1801,-19.704,0.6714,0.1499,-0.0934,0.7197
independent_20260430_203326,trial_001,subject_001,1777552407.1133335,1777552407.1133335,275198.7222872,11,L_Tibia,21,1,-3.0625,9.2306,-1.5265,67.8711,-126.3428,4.3335,93.2739,6.4709,-63.8251,0.5957,0.4166,-0.3276,0.6036
independent_20260430_203326,trial_001,subject_001,1777552407.1133335,1777552407.1133335,275198.722391,12,L_Foot,26,1,-0.7513,0.0096,9.9914,9.3384,5.7373,0.7935,0.5219,3.3124,-120.7672,-0.0229,0.0182,-0.8689,0.4941
independent_20260430_203326,trial_001,subject_001,1777552407.1133335,1777552407.1133335,275198.7224945,13,R_Femur,25,1,-0.1196,11.3169,-2.0193,-18.8599,0.3662,-4.8218,114.093,1.2909,-42.3138,0.7803,0.3086,-0.1875,0.5107
independent_20260430_203326,trial_001,subject_001,1777552407.1133335,1777552407.1133335,275198.7225945,14,R_Tibia,14,1,-0.9044,10.4986,-2.7132,74.707,-24.7803,-29.2969,123.1787,2.4884,177.5171,0.0294,-0.8789,0.476,-0.0088
independent_20260430_203326,trial_001,subject_001,1777552407.1133335,1777552407.1133335,275198.7226953,9,Trunk,25,1,0.2058,10.2977,-0.1914,-10.376,-9.0942,-2.1973,91.7249,-2.774,-155.8026,0.1669,0.698,-0.6844,0.1289
independent_20260430_203326,trial_001,subject_001,1777552407.1133335,1777552407.1133335,275198.7227949,10,L_Femur,23,1,-3.7803,7.9721,-3.9669,21.1182,-4.6997,-28.6865,87.4677,5.8282,-19.6545,0.674,0.154,-0.0885,0.717
independent_20260430_203326,trial_001,subject_001,1777552407.1133335,1777552407.1133335,275198.7228924,11,L_Tibia,22,1,0.0335,8.2783,-1.8279,64.8193,-77.8198,1.8921,94.1034,6.5259,-65.1764,0.5948,0.4263,-0.3313,0.5956
independent_20260430_203326,trial_001,subject_001,1777552407.1133335,1777552407.1133335,275198.7229903,12,L_Foot,27,1,-1.2298,0.1771,9.9196,6.7749,1.77,2.3804,0.6372,3.3673,-120.7397,-0.0228,0.0194,-0.8688,0.4943
independent_20260430_203326,trial_001,subject_001,1777552407.1133335,1777552407.1133335,275198.7230879,13,R_Femur,26,1,-0.7704,11.1925,-1.2729,-32.4707,-3.8452,0.7324,113.5162,1.3129,-42.3578,0.7776,0.308,-0.1891,0.5146
independent_20260430_203326,trial_001,subject_001,1777552407.132442,1777552407.132442,275198.7420703,15,R_Foot,15,1,0.4689,-0.2345,9.9579,45.2881,-3.9062,-6.4697,7.3828,-4.0924,-179.6429,0.0358,0.0642,-0.9973,0.0008
independent_20260430_203326,trial_001,subject_001,1777552407.132442,1777552407.132442,275198.742209,10,L_Femur,24,1,-2.4404,8.3597,-1.804,33.8745,-24.0479,-18.5547,87.8906,6.1194,-19.9786,0.6758,0.1581,-0.0882,0.7145
independent_20260430_203326,trial_001,subject_001,1777552407.1334424,1777552407.1334424,275198.7423299,11,L_Tibia,23,1,3.5649,9.5607,-3.6846,49.1333,31.25,-15.5029,95.191,6.7291,-65.1544,0.5998,0.4302,-0.326,0.5906
independent_20260430_203326,trial_001,subject_001,1777552407.1334424,1777552407.1334424,275198.7424492,12,L_Foot,28,1,-1.158,0.134,9.934,6.0425,-0.2441,4.3335,0.791,3.3728,-120.6683,-0.0222,0.0206,-0.8684,0.4949
independent_20260430_203326,trial_001,subject_001,1777552407.1334424,1777552407.1334424,275198.7425623,13,R_Femur,27,1,-1.536,11.025,-0.2393,-49.6826,-2.0142,0.9766,112.8186,1.3019,-42.3907,0.7743,0.307,-0.1912,0.5192
independent_20260430_203326,trial_001,subject_001,1777552407.1334424,1777552407.1334424,275198.7426745,14,R_Tibia,15,1,-1.3686,10.4699,-2.8041,91.1865,-49.6826,-27.5879,126.1285,4.1309,176.8909,0.0405,-0.8902,0.4534,-0.0198
independent_20260430_203326,trial_001,subject_001,1777552407.1334424,1777552407.1334424,275198.7427845,9,Trunk,26,1,-0.1196,9.4268,-0.4115,-7.2632,-22.9492,-9.7656,91.3678,-2.5323,-156.4618,0.161,0.6971,-0.687,0.127
independent_20260430_203326,trial_001,subject_001,1777552407.1334424,1777552407.1334424,275198.7428742,10,L_Femur,25,1,0.0957,9.1205,-1.1532,43.7622,-19.5312,-11.5356,88.4839,6.3062,-20.2972,0.6788,0.1615,-0.0883,0.7109
independent_20260430_203326,trial_001,subject_001,1777552407.1334424,1777552407.1334424,275198.7429626,11,L_Tibia,24,1,3.0481,9.7091,-3.163,50.4761,92.8955,-22.2168,96.0864,6.9324,-63.8745,0.6085,0.427,-0.3149,0.5901
independent_20260430_203326,trial_001,subject_001,1777552407.1334424,1777552407.1334424,275198.7430523,12,L_Foot,29,1,-0.5407,0.1627,10.0775,5.6152,0.3662,3.7842,0.8899,3.3728,-120.6134,-0.0217,0.0213,-0.8682,0.4953
independent_20260430_203326,trial_001,subject_001,1777552407.1334424,1777552407.1334424,275198.7431412,13,R_Femur,28,1,-2.5026,10.8049,0.6316,-73.4863,-1.77,-3.0518,111.7804,1.3293,-42.3907,0.7696,0.3054,-0.1938,0.5263
independent_20260430_203326,trial_001,subject_001,1777552407.1334424,1777552407.1334424,275198.7432295,15,R_Foot,16,1,0.8518,-0.4929,10.1445,93.5059,-1.8921,-12.146,9.9591,-4.1364,-179.989,0.036,0.0867,-0.9956,-0.003
independent_20260430_203326,trial_001,subject_001,1777552407.1344392,1777552407.1344392,275198.7433188,9,Trunk,27,1,0.4785,9.3263,-1.0192,0.9766,-22.2168,-11.5967,91.3403,-2.3071,-156.9067,0.1569,0.6979,-0.6874,0.1257
independent_20260430_203326,trial_001,subject_001,1777552407.1344392,1777552407.1344392,275198.7434341,10,L_Femur,26,1,0.7752,10.0105,-1.3494,48.2178,-2.6245,-1.0376,89.4122,6.3721,-20.4456,0.6842,0.1635,-0.0875,0.7053
independent_20260430_203326,trial_001,subject_001,1777552407.1931043,1777552407.1931043,275198.8023681,11,L_Tibia,25,1,0.5599,10.2737,-2.962,41.0767,67.0776,-16.4795,97.1686,7.1301,-62.243,0.6195,0.4221,-0.3013,0.5893
independent_20260430_203326,trial_001,subject_001,1777552407.1931043,1777552407.1931043,275198.8025482,12,L_Foot,30,1,-0.2536,0.244,10.3455,3.9062,3.2349,1.709,1.0052,3.4387,-120.5695,-0.0217,0.0225,-0.8679,0.4957
independent_20260430_203326,trial_001,subject_001,1777552407.1931043,1777552407.1931043,275198.8026551,13,R_Femur,29,1,-3.2635,10.0105,0.4737,-81.9702,-15.0146,-9.2773,110.1599,1.5271,-42.5116,0.7613,0.3043,-0.1973,0.5374
independent_20260430_203326,trial_001,subject_001,1777552407.1931043,1777552407.1931043,275198.8027557,14,R_Tibia,16,1,-0.7082,9.8,-1.5695,105.957,-43.7622,-27.2217,129.0619,5.6854,176.3031,0.0504,-0.9005,0.4307,-0.0309
independent_20260430_203326,trial_001,subject_001,1777552407.1931043,1777552407.1931043,275198.8028761,9,Trunk,28,1,0.7417,9.4028,-1.4116,4.5776,-20.752,-12.207,91.4008,-2.1259,-157.2144,0.1541,0.6989,-0.6872,0.1249
independent_20260430_203326,trial_001,subject_001,1777552407.1941037,1777552407.1941037,275198.8029756,10,L_Femur,27,1,0.5024,9.8383,-1.9763,46.6309,-2.6245,2.0752,90.1154,6.3446,-20.462,0.6886,0.164,-0.0867,0.7011
independent_20260430_203326,trial_001,subject_001,1777552407.1941037,1777552407.1941037,275198.8030685,11,L_Tibia,26,1,-2.1629,10.111,-1.8231,35.2783,5.3101,-12.8174,97.7563,7.3059,-61.9244,0.6231,0.4227,-0.2965,0.5875
independent_20260430_203326,trial_001,subject_001,1777552407.1941037,1777552407.1941037,275198.8031577,12,L_Foot,31,1,-0.0431,0.0287,10.0728,5.9204,6.7139,-0.3052,1.0986,3.5321,-120.575,-0.022,0.0236,-0.8679,0.4956
independent_20260430_203326,trial_001,subject_001,1777552407.1941037,1777552407.1941037,275198.8032473,15,R_Foot,17,1,0.9331,1.2346,10.8479,141.7236,-1.9531,-25.3906,14.436,-3.9496,179.3024,-0.0334,-0.1258,0.9914,0.0104
independent_20260430_203326,trial_001,subject_001,1777552407.1941037,1777552407.1941037,275198.8033381,10,L_Femur,28,1,-0.1531,9.8383,-1.3303,39.4287,-13.7329,1.4648,90.7086,6.3171,-20.6268,0.692,0.1653,-0.0871,0.6973
independent_20260430_203326,trial_001,subject_001,1777552407.1941037,1777552407.1941037,275198.8034279,11,L_Tibia,27,1,-4.1296,9.5655,-1.3207,30.3955,-68.2373,-3.7842,98.1244,7.5092,-62.71,0.6214,0.4289,-0.298,0.5841
independent_20260430_203326,trial_001,subject_001,1777552407.1941037,1777552407.1941037,275198.8035174,12,L_Foot,32,1,-0.4067,0.1244,9.9675,5.3711,6.3477,-1.2817,1.192,3.6365,-120.5914,-0.0224,0.0248,-0.8679,0.4955
independent_20260430_203326,trial_001,subject_001,1777552407.1941037,1777552407.1941037,275198.8036064,13,R_Femur,30,1,-2.0002,10.9532,-1.091,-97.9614,-48.8892,-8.2397,106.9299,2.2632,-43.7036,0.7412,0.3099,-0.2068,0.5583
independent_20260430_203326,trial_001,subject_001,1777552407.1941037,1777552407.1941037,275198.8036956,14,R_Tibia,17,1,-1.0671,10.2402,-4.5411,119.1406,-31.25,-21.0571,132.984,6.9543,176.0614,0.0556,-0.9139,0.3998,-0.0419
independent_20260430_203326,trial_001,subject_001,1777552407.1941037,1777552407.1941037,275198.8037856,9,Trunk,29,1,0.7321,9.1444,-1.3638,3.479,-7.2632,-13.855,91.4777,-1.6644,-157.6703,0.1486,0.7006,-0.6867,0.1249
independent_20260430_203326,trial_001,subject_001,1777552407.195104,1777552407.195104,275198.804017,10,L_Femur,29,1,-1.3398,9.5847,-0.7704,37.3535,-17.9443,-4.0283,91.4227,6.3776,-20.9619,0.6957,0.1682,-0.0877,0.6928
independent_20260430_203326,trial_001,subject_001,1777552407.195104,1777552407.195104,275198.8041262,11,L_Tibia,28,1,-2.7658,9.5799,-2.2442,31.4331,-97.0459,1.9531,98.5034,7.7728,-64.6271,0.6151,0.4414,-0.3047,0.5778
independent_20260430_203326,trial_001,subject_001,1777552407.195104,1777552407.195104,275198.8042372,13,R_Femur,31,1,-0.2201,11.293,-1.6126,-106.4453,-45.8374,-2.2583,105.3204,2.4994,-44.3518,0.7311,0.3123,-0.2128,0.5681
independent_20260430_203326,trial_001,subject_001,1777552407.195104,1777552407.195104,275198.8043729,15,R_Foot,18,1,0.8613,1.1628,10.8719,181.7627,3.2349,-31.6772,19.3524,-3.5706,178.5773,-0.0286,-0.1684,0.9852,0.0175
independent_20260430_203326,trial_001,subject_001,1777552407.2523427,1777552407.2523427,275198.8620111,9,Trunk,30,1,0.5742,9.3358,-1.2824,5.9814,-1.5259,-13.9771,91.5491,-1.4612,-157.6978,0.1473,0.7013,-0.686,0.1259
independent_20260430_203326,trial_001,subject_001,1777552407.2523427,1777552407.2523427,275198.8621443,10,L_Femur,30,1,-0.7848,9.8622,-0.6651,36.9263,-8.2397,-7.3242,91.9611,6.4819,-21.1157,0.6986,0.1702,-0.0872,0.6895
independent_20260430_203326,trial_001,subject_001,1777552407.2533422,1777552407.2533422,275198.8622651,11,L_Tibia,29,1,1.1293,9.9675,-1.9523,29.3579,-41.2598,-2.8687,98.8385,7.9266,-65.4346,0.6132,0.4473,-0.3066,0.5744
independent_20260430_203326,trial_001,subject_001,1777552407.2533422,1777552407.2533422,275198.8624042,12,L_Foot,33,1,-1.0097,0.2823,10.001,5.5542,4.2725,0.3052,1.3953,3.8232,-120.6189,-0.0229,0.0271,-0.868,0.4954
independent_20260430_203326,trial_001,subject_001,1777552407.2533422,1777552407.2533422,275198.8625244,14,R_Tibia,18,1,-0.5264,9.7521,-6.1346,114.1968,-36.377,-24.9023,137.0325,8.5034,175.7373,0.0616,-0.9263,0.3675,-0.0554
independent_20260430_203326,trial_001,subject_001,1777552407.2728553,1777552407.2728553,275198.882568,9,Trunk,31,1,0.6173,9.666,-1.1819,6.3477,2.9297,-15.4419,91.626,-1.2469,-157.6593,0.1463,0.702,-0.6853,0.1274
independent_20260430_203326,trial_001,subject_001,1777552407.2738543,1777552407.2738543,275198.8827578,10,L_Femur,31,1,-0.6412,10.2881,-0.1818,29.4189,23.3154,-14.2822,92.6257,6.7072,-20.8081,0.7027,0.1701,-0.0829,0.6858
independent_20260430_203326,trial_001,subject_001,1777552407.2738543,1777552407.2738543,275198.8829089,11,L_Tibia,30,1,2.8376,9.7904,-0.9475,31.25,40.9546,-13.6108,99.3604,8.042,-65.0281,0.617,0.4471,-0.3019,0.573
independent_20260430_203326,trial_001,subject_001,1777552407.2738543,1777552407.2738543,275198.8831315,12,L_Foot,34,1,-0.914,0.3254,10.0584,5.6152,3.479,1.0986,1.4941,3.8837,-120.6079,-0.023,0.0281,-0.8679,0.4955
independent_20260430_203326,trial_001,subject_001,1777552407.2738543,1777552407.2738543,275198.8833415,13,R_Femur,32,1,1.6365,11.3313,-3.4645,-110.2905,-4.3945,2.0752,101.4587,2.5928,-45.1318,0.7092,0.3102,-0.2267,0.5911
independent_20260430_203326,trial_001,subject_001,1777552407.2738543,1777552407.2738543,275198.883521,15,R_Foot,19,1,2.1055,1.8519,12.3361,276.4893,9.7046,-64.27,27.7515,-2.829,176.9073,-0.0175,-0.2403,0.97,0.0321
independent_20260430_203326,trial_001,subject_001,1777552407.3027167,1777552407.3027167,275198.9121154,9,Trunk,32,1,0.8518,10.0775,-1.0384,7.9956,7.3853,-18.4937,91.7578,-0.9064,-157.522,0.1453,0.703,-0.6839,0.1301
independent_20260430_203326,trial_001,subject_001,1777552407.3027167,1777552407.3027167,275198.9122833,10,L_Femur,32,1,-1.7657,10.0105,-0.5264,29.9683,46.0205,-19.2261,93.1476,6.9489,-20.1599,0.7064,0.1679,-0.0768,0.6833
independent_20260430_203326,trial_001,subject_001,1777552407.3027167,1777552407.3027167,275198.9124235,11,L_Tibia,31,1,-1.0575,9.7569,-1.4164,29.7241,68.9087,-17.2729,100.1788,8.1573,-63.6053,0.6262,0.442,-0.2909,0.5726
independent_20260430_203326,trial_001,subject_001,1777552407.3027167,1777552407.3027167,275198.9125587,12,L_Foot,35,1,-0.713,0.5312,10.1637,4.5166,1.8921,1.5869,1.615,3.9331,-120.5804,-0.0228,0.0292,-0.8677,0.4957
independent_20260430_203326,trial_001,subject_001,1777552407.3037179,1777552407.3037179,275198.9126936,13,R_Femur,33,1,1.4786,11.269,-3.7324,-109.6191,21.9727,-2.6855,99.8163,2.5598,-44.8572,0.7015,0.3051,-0.2299,0.6017
independent_20260430_203326,trial_001,subject_001,1777552407.3037179,1777552407.3037179,275198.9128263,14,R_Tibia,19,1,-0.6651,8.0247,-7.8572,93.5669,-16.5405,-13.3057,140.6195,9.5581,175.6989,0.0633,-0.9365,0.3385,-0.0658
independent_20260430_203326,trial_001,subject_001,1777552407.3037179,1777552407.3037179,275198.9129588,9,Trunk,33,1,0.7752,10.2977,-1.1293,7.7515,8.4229,-20.4468,91.8622,-0.6152,-157.3846,0.1445,0.7038,-0.6828,0.1326
independent_20260430_203326,trial_001,subject_001,1777552407.3037179,1777552407.3037179,275198.9130985,10,L_Femur,33,1,-2.1725,9.9866,-0.8039,19.4092,49.8047,-15.8081,93.5706,7.1576,-19.3909,0.7098,0.1646,-0.0702,0.6813
independent_20260430_203326,trial_001,subject_001,1777552407.3037179,1777552407.3037179,275198.9134108,11,L_Tibia,32,1,-3.5697,9.7043,-1.5121,28.8086,39.0015,-11.0474,100.7172,8.2233,-62.8857,0.6314,0.4397,-0.2848,0.5717
independent_20260430_203326,trial_001,subject_001,1777552407.3047192,1777552407.3047192,275198.9137019,12,L_Foot,36,1,-0.6938,0.4881,10.1015,3.8452,2.0142,1.4038,1.6864,3.9661,-120.564,-0.0228,0.0299,-0.8676,0.4958
independent_20260430_203326,trial_001,subject_001,1777552407.3047192,1777552407.3047192,275198.9138553,13,R_Femur,34,1,1.1628,11.2595,-3.5745,-110.7788,39.6118,-6.8359,98.1793,2.5543,-44.2969,0.6943,0.2984,-0.2312,0.6128
independent_20260430_203326,trial_001,subject_001,1777552407.3047192,1777552407.3047192,275198.9140768,15,R_Foot,20,1,-0.1579,3.6559,8.1443,329.5288,-2.1973,-96.9238,38.9026,-1.0437,174.5453,0.0073,-0.333,0.9417,0.0479
independent_20260430_203326,trial_001,subject_001,1777552407.3047192,1777552407.3047192,275198.9142521,9,Trunk,34,1,0.3685,10.3742,-1.2106,4.8828,10.0098,-21.2402,91.9611,-0.2087,-157.1814,0.1435,0.7046,-0.6814,0.1362
independent_20260430_203326,trial_001,subject_001,1777552407.3047192,1777552407.3047192,275198.9144313,11,L_Tibia,33,1,-3.5219,9.9436,-2.4021,22.644,-12.8174,-1.5869,101.228,8.3002,-62.8418,0.6339,0.4411,-0.2822,0.5692
independent_20260430_203326,trial_001,subject_001,1777552407.305727,1777552407.305727,275198.9146253,12,L_Foot,37,1,-0.8039,0.5694,10.0393,5.0659,1.4038,1.3428,1.8018,4.0045,-120.5365,-0.0225,0.031,-0.8674,0.4961
independent_20260430_203326,trial_001,subject_001,1777552407.305727,1777552407.305727,275198.9147612,13,R_Femur,35,1,0.4594,10.6661,-3.1247,-111.2671,46.0815,-7.5684,95.9821,2.5763,-43.3575,0.6848,0.2884,-0.2316,0.6279
independent_20260430_203326,trial_001,subject_001,1777552407.305727,1777552407.305727,275198.9149077,14,R_Tibia,20,1,-1.7035,6.5317,-8.2879,59.8755,-18.9819,-6.8359,142.7454,10.1678,175.578,0.0647,-0.9421,0.3212,-0.0716
independent_20260430_203326,trial_001,subject_001,1777552407.305727,1777552407.305727,275198.9150389,9,Trunk,35,1,-0.1148,10.3407,-1.0958,0.3052,11.9019,-20.1416,91.9666,0.0769,-156.9946,0.1429,0.7048,-0.6808,0.139
independent_20260430_203326,trial_001,subject_001,1777552407.305727,1777552407.305727,275198.9151886,10,L_Femur,34,1,-2.048,9.2019,-2.2538,25.5737,19.7754,-8.9722,94.4824,7.4597,-18.2208,0.7164,0.1596,-0.0601,0.6765
independent_20260430_203326,trial_001,subject_001,1777552407.305727,1777552407.305727,275198.9153011,11,L_Tibia,34,1,-1.2298,9.3598,-3.1151,22.583,-18.5547,-1.1597,101.5247,8.3826,-63.1219,0.634,0.4437,-0.282,0.5672
independent_20260430_203326,trial_001,subject_001,1777552407.305727,1777552407.305727,275198.9154728,12,L_Foot,38,1,-0.7513,0.6221,9.9388,4.0283,1.2817,1.2207,1.8732,4.032,-120.5255,-0.0224,0.0316,-0.8674,0.4961
independent_20260430_203326,trial_001,subject_001,1777552407.305727,1777552407.305727,275198.9156259,13,R_Femur,36,1,-0.1053,9.9771,-2.8089,-105.4077,41.9922,-8.3008,94.4055,2.6257,-42.6874,0.6776,0.2815,-0.2316,0.6388
independent_20260430_203326,trial_001,subject_001,1777552407.305727,1777552407.305727,275198.9157861,15,R_Foot,21,1,6.5365,2.2729,28.8497,2.6245,-133.9111,-68.4814,44.9286,-1.0327,169.7662,0.0258,-0.3813,0.9201,0.0858
independent_20260430_203326,trial_001,subject_001,1777552407.305727,1777552407.305727,275198.9159713,9,Trunk,36,1,-0.5312,10.1302,-0.7704,-4.0283,13.1836,-20.0806,91.9061,0.3625,-156.7914,0.1424,0.7045,-0.6806,0.1421
independent_20260430_203326,trial_001,subject_001,1777552407.3072367,1777552407.3072367,275198.9161433,10,L_Femur,35,1,-1.4499,8.8525,-2.1485,32.1045,20.3247,-6.5918,94.9823,7.5366,-17.9132,0.7197,0.1584,-0.0571,0.6736
independent_20260430_203326,trial_001,subject_001,1777552407.3072367,1777552407.3072367,275198.916279,11,L_Tibia,35,1,0.6556,9.2449,-3.2061,21.3013,6.8359,-3.9673,101.8597,8.432,-63.089,0.6356,0.4446,-0.2802,0.5655
independent_20260430_203326,trial_001,subject_001,1777552407.3072367,1777552407.3072367,275198.9164134,12,L_Foot,39,1,-0.6938,0.7273,10.0632,2.5024,1.77,1.0376,1.9281,4.0594,-120.509,-0.0224,0.0322,-0.8673,0.4963
independent_20260430_203326,trial_001,subject_001,1777552407.3072367,1777552407.3072367,275198.9165654,13,R_Femur,37,1,-0.9618,9.8383,-2.5696,-93.9331,36.6211,-9.6436,92.4994,2.7466,-41.9073,0.6685,0.2737,-0.2311,0.6518
independent_20260430_203326,trial_001,subject_001,1777552407.3072367,1777552407.3072367,275198.9167074,14,R_Tibia,21,1,-1.5982,4.7804,-7.9003,21.6675,-22.644,7.0801,144.0143,10.6238,175.2374,0.0679,-0.945,0.311,-0.0752
independent_20260430_203326,trial_001,subject_001,1777552407.3733091,1777552407.3733091,275198.9824839,9,Trunk,37,1,-0.7417,9.8048,-0.3972,-5.9814,12.4512,-20.874,91.7688,0.7581,-156.5167,0.1416,0.7038,-0.6806,0.1463
independent_20260430_203326,trial_001,subject_001,1777552407.3733091,1777552407.3733091,275198.9826095,10,L_Femur,36,1,-1.0575,9.3454,-2.2777,37.5977,28.0151,-3.8452,95.7788,7.5751,-17.3639,0.7251,0.1555,-0.0526,0.6688
independent_20260430_203326,trial_001,subject_001,1777552407.3733091,1777552407.3733091,275198.9827146,12,L_Foot,40,1,-0.7465,0.4881,10.1541,1.77,1.1597,1.0376,1.9885,4.0924,-120.4926,-0.0224,0.0328,-0.8672,0.4964
independent_20260430_203326,trial_001,subject_001,1777552407.3923078,1777552407.3923078,275199.0020573,13,R_Femur,38,1,-1.7227,9.9196,-2.3256,-87.7686,36.6211,-10.6812,91.192,2.8839,-41.3361,0.662,0.2686,-0.2301,0.6608
independent_20260430_203326,trial_001,subject_001,1777552407.3933086,1777552407.3933086,275199.002185,15,R_Foot,22,1,4.7038,-3.3688,7.4218,-119.5679,64.0869,-13.6108,41.3251,0.2472,169.6619,0.0338,-0.3512,0.9319,0.0835
independent_20260430_203326,trial_001,subject_001,1777552407.3933086,1777552407.3933086,275199.0022908,10,L_Femur,37,1,-0.8326,9.8479,-2.2012,38.0249,29.0527,-3.9062,96.405,7.5806,-16.9135,0.7293,0.153,-0.0491,0.6651
independent_20260430_203326,trial_001,subject_001,1777552407.3933086,1777552407.3933086,275199.0023927,12,L_Foot,41,1,-0.7273,0.2823,10.0584,1.8921,1.3428,0.7935,2.027,4.1144,-120.4816,-0.0224,0.0332,-0.8671,0.4965
independent_20260430_203326,trial_001,subject_001,1777552407.3933086,1777552407.3933086,275199.0025246,13,R_Femur,39,1,-2.0768,9.7474,-2.005,-80.0171,32.7148,-6.2866,89.989,2.9773,-40.8142,0.656,0.2637,-0.2293,0.669
independent_20260430_203326,trial_001,subject_001,1777552407.3933086,1777552407.3933086,275199.0026948,14,R_Tibia,22,1,-0.8087,6.2686,-4.1774,-39.4897,-13.4888,23.7427,143.2617,10.9149,174.1937,0.0778,-0.942,0.3179,-0.0743
independent_20260430_203326,trial_001,subject_001,1777552407.3933086,1777552407.3933086,275199.0028754,9,Trunk,38,1,-0.823,9.3933,-0.9762,-2.7466,7.1411,-19.5312,91.6315,1.3348,-156.2366,0.1397,0.7034,-0.6803,0.1517
independent_20260430_203326,trial_001,subject_001,1777552407.3933086,1777552407.3933086,275199.0030804,10,L_Femur,38,1,-1.3925,9.8526,-1.7657,39.3677,24.0479,-5.3711,97.251,7.6245,-16.3806,0.7348,0.1502,-0.0446,0.6599
independent_20260430_203326,trial_001,subject_001,1777552407.3943136,1777552407.3943136,275199.0032557,11,L_Tibia,36,1,-1.5025,9.7187,-2.5553,12.2681,7.019,-4.7607,102.7551,8.5583,-62.1222,0.6434,0.4419,-0.2712,0.5633
independent_20260430_203326,trial_001,subject_001,1777552407.3943136,1777552407.3943136,275199.0034197,12,L_Foot,42,1,-0.7226,0.1866,9.9723,2.0752,1.9531,0.6714,2.0709,4.1473,-120.4761,-0.0224,0.0336,-0.8671,0.4966
independent_20260430_203326,trial_001,subject_001,1777552407.3943136,1777552407.3943136,275199.0036195,13,R_Femur,40,1,-1.2633,9.3502,-1.5217,-71.2891,23.0713,1.5259,88.5333,2.9883,-40.2759,0.6487,0.2578,-0.2294,0.6784
independent_20260430_203326,trial_001,subject_001,1777552407.3943136,1777552407.3943136,275199.0037893,15,R_Foot,23,1,-1.4403,-1.1867,6.0867,-124.1455,31.7993,-10.437,37.1118,1.7688,170.9528,0.0397,-0.316,0.9453,0.0699
independent_20260430_203326,trial_001,subject_001,1777552407.462855,1777552407.462855,275199.072503,9,Trunk,39,1,-0.5168,9.0248,-1.1867,-2.8076,6.958,-18.2495,91.5656,1.6974,-156.0883,0.1383,0.7032,-0.68,0.1548
independent_20260430_203326,trial_001,subject_001,1777552407.462855,1777552407.462855,275199.0726231,10,L_Femur,39,1,-1.603,9.3933,-1.7896,41.687,20.0195,-2.6245,97.9102,7.6245,-16.0565,0.7391,0.1483,-0.0419,0.6558
independent_20260430_203326,trial_001,subject_001,1777552407.4638634,1777552407.4638634,275199.0727255,13,R_Femur,41,1,-0.4402,9.0966,-1.3638,-65.6128,14.9536,6.0425,87.5391,2.9114,-40.0177,0.6435,0.2539,-0.2305,0.6843
independent_20260430_203326,trial_001,subject_001,1777552407.4638634,1777552407.4638634,275199.072825,14,R_Tibia,23,1,-1.8375,5.5364,-5.7039,-94.8486,-5.8594,29.9072,140.4327,10.6183,173.2599,0.0863,-0.9335,0.3416,-0.0671
independent_20260430_203326,trial_001,subject_001,1777552407.4638634,1777552407.4638634,275199.0729219,9,Trunk,40,1,-0.3685,8.9817,-0.9427,-2.6855,6.5308,-16.5405,91.5106,1.9391,-155.9784,0.1375,0.703,-0.6798,0.157
independent_20260430_203326,trial_001,subject_001,1777552407.4638634,1777552407.4638634,275199.0730402,10,L_Femur,40,1,-1.3542,9.2114,-1.7466,39.1846,18.2495,1.1597,98.5419,7.5806,-15.7819,0.7431,0.1465,-0.0398,0.6518
independent_20260430_203326,trial_001,subject_001,1777552407.4638634,1777552407.4638634,275199.0731428,12,L_Foot,43,1,-0.7273,0.5168,10.0153,1.709,2.2583,0.6104,2.1808,4.2297,-120.4596,-0.0226,0.0348,-0.8669,0.4967
independent_20260430_203326,trial_001,subject_001,1777552407.4638634,1777552407.4638634,275199.0732375,13,R_Femur,42,1,-0.1627,8.9578,-1.4212,-59.7534,8.9111,6.5308,86.6272,2.8125,-39.8474,0.6387,0.2505,-0.232,0.6896
independent_20260430_203326,trial_001,subject_001,1777552407.4638634,1777552407.4638634,275199.0733585,15,R_Foot,24,1,2.7754,-0.0431,9.4268,-171.9971,-0.8545,2.8687,31.701,1.9501,170.7605,0.0383,-0.2709,0.9591,0.0728
independent_20260430_203326,trial_001,subject_001,1777552407.4638634,1777552407.4638634,275199.0734823,9,Trunk,41,1,-0.4067,9.0487,-0.5742,-0.7324,7.0801,-15.2588,91.4722,2.2357,-155.8356,0.1366,0.703,-0.6794,0.1597
independent_20260430_203326,trial_001,subject_001,1777552407.4638634,1777552407.4638634,275199.0736025,10,L_Femur,41,1,-1.6652,9.4459,-1.6844,36.3159,15.9912,5.249,99.3274,7.4377,-15.4413,0.7481,0.1438,-0.0378,0.6467
independent_20260430_203326,trial_001,subject_001,1777552407.464864,1777552407.464864,275199.0737207,11,L_Tibia,37,1,-1.1437,9.4794,-1.9332,7.3242,13.2446,-4.4556,103.277,8.7396,-61.7047,0.6469,0.4415,-0.2661,0.5619
independent_20260430_203326,trial_001,subject_001,1777552407.464864,1777552407.464864,275199.0738389,12,L_Foot,44,1,-0.8087,0.335,9.9292,2.6245,2.6245,1.0986,2.2467,4.2902,-120.4431,-0.0228,0.0356,-0.8668,0.4968
independent_20260430_203326,trial_001,subject_001,1777552407.464864,1777552407.464864,275199.0739548,13,R_Femur,43,1,-0.5024,8.8286,-1.5552,-54.3213,5.3101,2.0752,85.5176,2.7411,-39.7046,0.6324,0.247,-0.234,0.6959
independent_20260430_203326,trial_001,subject_001,1777552407.464864,1777552407.464864,275199.0740662,14,R_Tibia,24,1,-0.8853,5.8666,-5.7757,-131.6528,32.6538,35.8887,136.7798,9.5416,172.8479,0.0884,-0.9228,0.3711,-0.0543
independent_20260430_203326,trial_001,subject_001,1777552407.464864,1777552407.464864,275199.0741782,9,Trunk,42,1,-0.5216,9.087,-0.402,1.77,8.728,-14.2822,91.4777,2.4445,-155.7037,0.1361,0.7031,-0.6789,0.1618
independent_20260430_203326,trial_001,subject_001,1777552407.464864,1777552407.464864,275199.0742943,10,L_Femur,42,1,-1.9476,9.4794,-1.7657,36.377,8.606,4.3945,99.8877,7.3389,-15.2985,0.7516,0.1425,-0.0369,0.643
independent_20260430_203326,trial_001,subject_001,1777552407.464864,1777552407.464864,275199.0744111,11,L_Tibia,38,1,-1.4355,9.398,-1.6078,9.3994,10.9863,-4.5166,103.4418,8.7726,-61.5179,0.6484,0.441,-0.2643,0.5615
independent_20260430_203326,trial_001,subject_001,1777552407.464864,1777552407.464864,275199.0745292,12,L_Foot,45,1,-0.89,0.4546,9.9627,1.709,2.5024,1.3428,2.2687,4.3066,-120.4431,-0.0228,0.0358,-0.8668,0.4968
independent_20260430_203326,trial_001,subject_001,1777552407.464864,1777552407.464864,275199.0746475,13,R_Femur,44,1,-0.579,8.7473,-1.4643,-50.6592,6.4697,0.9155,84.743,2.7301,-39.6002,0.628,0.2448,-0.2351,0.7004
independent_20260430_203326,trial_001,subject_001,1777552407.4658637,1777552407.4658637,275199.0747489,15,R_Foot,25,1,1.4834,2.1629,7.7567,-171.814,-10.8032,44.7998,25.5432,1.3568,171.6779,0.0276,-0.2196,0.9728,0.0681
independent_20260430_203326,trial_001,subject_001,1777552407.4658637,1777552407.4658637,275199.0748408,9,Trunk,43,1,-0.6651,9.2593,-0.3015,3.9673,9.0942,-13.7329,91.5271,2.6367,-155.5609,0.1359,0.7034,-0.6781,0.1637
independent_20260430_203326,trial_001,subject_001,1777552407.4658637,1777552407.4658637,275199.074953,10,L_Femur,43,1,-1.6317,9.4698,-1.6939,32.8979,2.7466,4.0283,100.3986,7.2675,-15.2435,0.7546,0.1419,-0.0365,0.6396
independent_20260430_203326,trial_001,subject_001,1777552407.4658637,1777552407.4658637,275199.0750533,11,L_Tibia,39,1,-1.0671,9.3263,-1.4212,9.7046,16.3574,-3.7842,103.6395,8.7781,-61.2817,0.6502,0.4401,-0.2624,0.5609
independent_20260430_203326,trial_001,subject_001,1777552407.4658637,1777552407.4658637,275199.0751645,12,L_Foot,46,1,-0.8422,0.579,10.0728,-0.3052,2.6855,0.9155,2.2852,4.3451,-120.4321,-0.023,0.0361,-0.8667,0.4969
independent_20260430_203326,trial_001,subject_001,1777552407.4658637,1777552407.4658637,275199.0752629,13,R_Femur,45,1,0.0048,8.6994,-1.0958,-43.7622,11.2305,2.7466,83.8312,2.6917,-39.3805,0.6229,0.2415,-0.2359,0.7057
independent_20260430_203326,trial_001,subject_001,1777552407.4658637,1777552407.4658637,275199.075356,14,R_Tibia,25,1,-2.4979,6.8906,-6.6992,-162.9028,49.3774,23.7427,131.5118,7.5916,173.4467,0.0791,-0.9068,0.4125,-0.0368
independent_20260430_203326,trial_001,subject_001,1777552407.5630202,1777552407.5630202,275199.1721605,9,Trunk,44,1,-0.5599,9.4028,-0.1627,4.6997,10.0098,-13.916,91.6095,2.9004,-155.3577,0.1357,0.704,-0.677,0.1664
independent_20260430_203326,trial_001,subject_001,1777552407.5630202,1777552407.5630202,275199.172285,11,L_Tibia,40,1,-0.646,9.5512,-1.5169,11.5967,19.4702,-4.3945,103.9362,8.7781,-60.8752,0.6532,0.4385,-0.2592,0.5602
independent_20260430_203326,trial_001,subject_001,1777552407.5630202,1777552407.5630202,275199.1723883,12,L_Foot,47,1,-0.6986,0.4307,9.9483,1.0376,3.6011,0.9766,2.3181,4.422,-120.4156,-0.0234,0.0367,-0.8666,0.4971
independent_20260430_203326,trial_001,subject_001,1777552407.5630202,1777552407.5630202,275199.1724868,13,R_Femur,46,1,0.646,8.5894,-0.7561,-38.147,19.3481,2.4414,83.2489,2.6807,-39.1003,0.6199,0.2387,-0.2354,0.7094
independent_20260430_203326,trial_001,subject_001,1777552407.5630202,1777552407.5630202,275199.172584,15,R_Foot,26,1,0.2153,2.895,10.0967,-166.2598,-34.3018,57.373,20.5389,-0.0934,172.8479,0.0103,-0.178,0.9821,0.0615
independent_20260430_203326,trial_001,subject_001,1777552407.5630202,1777552407.5630202,275199.1726804,9,Trunk,45,1,-0.3876,9.4268,-0.1388,6.958,11.9019,-13.0005,91.6974,3.0872,-155.1764,0.1358,0.7045,-0.6759,0.1685
independent_20260430_203326,trial_001,subject_001,1777552407.5630202,1777552407.5630202,275199.1727761,10,L_Femur,44,1,-0.6077,9.9675,-0.8661,23.2544,5.5542,2.3804,101.3654,7.1191,-15.1721,0.7602,0.1409,-0.0359,0.6332
independent_20260430_203326,trial_001,subject_001,1777552407.5630202,1777552407.5630202,275199.1728698,11,L_Tibia,41,1,-0.8805,9.6899,-0.5981,10.2539,30.7007,-5.5542,104.1779,8.7616,-60.4523,0.6561,0.4366,-0.2563,0.5597
independent_20260430_203326,trial_001,subject_001,1777552407.5630202,1777552407.5630202,275199.1729645,12,L_Foot,48,1,-0.6364,0.5886,10.111,-0.6104,5.0659,0.3052,2.3291,4.4934,-120.4102,-0.0239,0.0371,-0.8666,0.4971
independent_20260430_203326,trial_001,subject_001,1777552407.5630202,1777552407.5630202,275199.1730572,13,R_Femur,47,1,0.8805,8.4937,-0.4785,-31.0669,30.1514,-0.6714,82.7765,2.7246,-38.6774,0.6178,0.2357,-0.2335,0.7129
independent_20260430_203326,trial_001,subject_001,1777552407.5642507,1777552407.5642507,275199.1731507,14,R_Tibia,26,1,-2.1916,7.3644,-7.4122,-185.4248,16.0522,27.4048,125.2936,6.3062,173.6444,0.0744,-0.8841,0.4608,-0.0233
independent_20260430_203326,trial_001,subject_001,1777552407.6426265,1777552407.6426265,275199.2522136,9,Trunk,46,1,-0.2297,9.6564,-0.1818,8.1787,14.7095,-12.146,91.8182,3.2574,-154.9622,0.1363,0.7052,-0.6746,0.1707
independent_20260430_203326,trial_001,subject_001,1777552407.6426265,1777552407.6426265,275199.2523317,10,L_Femur,45,1,-0.8948,9.9579,-0.4498,16.9678,23.0713,-2.5024,101.7773,7.0642,-14.8041,0.763,0.1383,-0.0337,0.6305
independent_20260430_203326,trial_001,subject_001,1777552407.6426265,1777552407.6426265,275199.2524319,11,L_Tibia,42,1,-1.6174,9.5799,-1.3829,7.3242,26.062,-3.9062,104.3427,8.7286,-60.0183,0.6586,0.4343,-0.2538,0.5596
independent_20260430_203326,trial_001,subject_001,1777552407.6436255,1777552407.6436255,275199.2525493,12,L_Foot,49,1,-0.8422,0.3206,9.9101,0.9766,4.5166,0.6104,2.3456,4.5703,-120.4047,-0.0244,0.0376,-0.8665,0.4971
independent_20260430_203326,trial_001,subject_001,1777552407.6436255,1777552407.6436255,275199.2526925,13,R_Femur,48,1,0.3445,8.5032,-0.2584,-22.0337,42.8467,-4.5776,82.3206,2.8894,-37.8809,0.6162,0.2315,-0.2286,0.7173
independent_20260430_203326,trial_001,subject_001,1777552407.6436255,1777552407.6436255,275199.2528221,15,R_Foot,27,1,-0.0718,4.3449,11.4317,-169.1284,-37.4146,47.6074,14.5789,-1.8402,174.2212,-0.0095,-0.1275,0.9904,0.052
independent_20260430_203326,trial_001,subject_001,1777552407.6436255,1777552407.6436255,275199.2529463,9,Trunk,47,1,-0.378,9.8431,-0.2871,6.0425,15.3198,-10.8032,91.9501,3.4607,-154.6381,0.1373,0.7058,-0.6729,0.1737
independent_20260430_203326,trial_001,subject_001,1777552407.6436255,1777552407.6436255,275199.2530655,10,L_Femur,46,1,-1.2776,9.7234,-1.3877,17.5781,30.3955,-6.2866,102.085,7.0532,-14.3481,0.7652,0.1353,-0.0309,0.6286
independent_20260430_203326,trial_001,subject_001,1777552407.6436255,1777552407.6436255,275199.2531936,11,L_Tibia,43,1,-1.4164,9.465,-2.3304,12.6343,20.9351,-2.1973,104.6503,8.6682,-59.5734,0.662,0.4322,-0.2508,0.5586
independent_20260430_203326,trial_001,subject_001,1777552407.6436255,1777552407.6436255,275199.2533077,12,L_Foot,50,1,-0.9953,0.3541,9.8957,3.479,3.6621,1.3428,2.4335,4.6527,-120.3772,-0.0247,0.0386,-0.8663,0.4974
independent_20260430_203326,trial_001,subject_001,1777552407.6436255,1777552407.6436255,275199.2534415,13,R_Femur,49,1,-0.3685,8.4697,-0.1579,-17.1509,45.105,-6.8359,82.0789,3.0652,-37.2107,0.6156,0.2285,-0.2239,0.7202
independent_20260430_203326,trial_001,subject_001,1777552407.6446245,1777552407.6446245,275199.2535852,14,R_Tibia,27,1,-1.0432,8.0965,-6.3308,-191.2842,29.1138,30.5176,118.6578,5.0043,173.8092,0.0686,-0.8568,0.5109,-0.01
independent_20260430_203326,trial_001,subject_001,1777552407.703124,1777552407.703124,275199.3122618,10,L_Femur,47,1,-0.7848,9.2162,-2.2729,21.9116,32.4707,-8.3008,102.4585,7.0642,-13.8428,0.7679,0.1321,-0.0276,0.6262
independent_20260430_203326,trial_001,subject_001,1777552407.703124,1777552407.703124,275199.3124924,11,L_Tibia,44,1,-0.6651,9.2832,-2.9907,14.2822,19.4702,-2.7466,104.9139,8.6407,-59.2767,0.6645,0.4309,-0.2486,0.5577
independent_20260430_203326,trial_001,subject_001,1777552407.703801,1777552407.703801,275199.3126928,12,L_Foot,51,1,-0.9379,0.5694,10.0584,2.4414,3.2349,0.7935,2.4829,4.7076,-120.3662,-0.0249,0.0392,-0.8662,0.4975
independent_20260430_203326,trial_001,subject_001,1777552407.703801,1777552407.703801,275199.3128995,13,R_Femur,50,1,-1.0001,8.5463,0.0718,-14.2212,41.2598,-8.3008,81.8866,3.2684,-36.5845,0.6152,0.226,-0.2192,0.7228
independent_20260430_203326,trial_001,subject_001,1777552407.703801,1777552407.703801,275199.3131055,15,R_Foot,28,1,1.4212,5.1584,12.4988,-146.4233,-48.4009,46.814,9.1296,-3.6365,175.4791,-0.0285,-0.0807,0.9955,0.0418
independent_20260430_203326,trial_001,subject_001,1777552407.703801,1777552407.703801,275199.3133079,9,Trunk,48,1,-1.0145,9.599,-0.311,1.5259,11.7798,-8.7891,92.0874,3.7463,-154.1821,0.1386,0.7064,-0.6709,0.1779
independent_20260430_203326,trial_001,subject_001,1777552407.703801,1777552407.703801,275199.3135298,10,L_Femur,48,1,-0.5312,8.9243,-2.6605,28.8086,37.9639,-6.897,103.0957,7.0477,-13.0847,0.7722,0.127,-0.0229,0.6221
independent_20260430_203326,trial_001,subject_001,1777552407.7048028,1777552407.7048028,275199.3137386,11,L_Tibia,45,1,-0.6604,9.2401,-2.785,14.8315,18.0054,-3.1738,105.2765,8.6133,-58.8922,0.6678,0.4293,-0.2455,0.5563
independent_20260430_203326,trial_001,subject_001,1777552407.7048028,1777552407.7048028,275199.3139378,12,L_Foot,52,1,-0.7991,0.5981,10.1015,1.0376,3.1738,0.5493,2.5323,4.7791,-120.3552,-0.0252,0.0399,-0.8661,0.4976
independent_20260430_203326,trial_001,subject_001,1777552407.7048028,1777552407.7048028,275199.3141383,13,R_Femur,51,1,-1.6365,8.843,0.5599,-12.8784,31.4331,-9.0942,81.6559,3.5376,-35.9143,0.6144,0.2237,-0.214,0.7257
independent_20260430_203326,trial_001,subject_001,1777552407.7048028,1777552407.7048028,275199.314341,14,R_Tibia,28,1,-1.2059,8.8047,-6.1585,-181.2744,32.6538,29.541,113.1207,3.8013,174.2761,0.0599,-0.8321,0.5515,-0.0001
independent_20260430_203326,trial_001,subject_001,1777552407.7048028,1777552407.7048028,275199.3145466,9,Trunk,49,1,-1.0384,9.3071,-0.2058,0.9766,10.9253,-8.1177,92.0984,3.8617,-154.0063,0.139,0.7064,-0.6704,0.1796
independent_20260430_203326,trial_001,subject_001,1777552407.705801,1777552407.705801,275199.3147523,10,L_Femur,49,1,-0.9235,9.1205,-2.517,28.3203,38.8794,-3.2349,103.5956,6.9708,-12.4915,0.7756,0.1227,-0.0197,0.6188
independent_20260430_203326,trial_001,subject_001,1777552407.705801,1777552407.705801,275199.3149558,11,L_Tibia,46,1,-0.9092,9.5703,-2.2777,11.1694,22.3999,-3.1128,105.5182,8.5748,-58.5626,0.6703,0.4277,-0.2432,0.5555
independent_20260430_203326,trial_001,subject_001,1777552407.705801,1777552407.705801,275199.3151578,12,L_Foot,53,1,-0.7465,0.6125,10.1206,-0.5493,3.54,0.0,2.5378,4.834,-120.3552,-0.0256,0.0402,-0.8661,0.4976
independent_20260430_203326,trial_001,subject_001,1777552407.705801,1777552407.705801,275199.3153646,13,R_Femur,52,1,-1.8566,9.2832,0.8565,-16.7236,23.6816,-8.4839,81.4362,3.7134,-35.5463,0.6134,0.2224,-0.2111,0.7278
independent_20260430_203326,trial_001,subject_001,1777552407.7232628,1777552407.7232628,275199.3322823,15,R_Foot,29,1,1.2633,5.5651,12.8625,-149.9634,-41.1377,54.1992,3.6365,-5.4108,177.171,-0.0464,-0.0328,0.998,0.0261
independent_20260430_203326,trial_001,subject_001,1777552407.7232628,1777552407.7232628,275199.3325429,10,L_Femur,50,1,-1.5791,9.6086,-2.1581,21.8506,37.4146,-1.4648,104.0076,6.8555,-11.9202,0.7786,0.1183,-0.0169,0.6161
independent_20260430_203326,trial_001,subject_001,1777552407.7232628,1777552407.7232628,275199.3326606,12,L_Foot,54,1,-0.8565,0.5886,10.0584,-0.6714,3.2959,-0.1221,2.5433,4.8889,-120.3607,-0.026,0.0404,-0.8661,0.4975
independent_20260430_203326,trial_001,subject_001,1777552407.7238302,1777552407.7238302,275199.3327638,13,R_Femur,53,1,-1.8901,9.6086,1.9428,-17.2119,13.9771,-5.6152,81.1066,3.8837,-35.2167,0.6115,0.2211,-0.2087,0.7305
independent_20260430_203326,trial_001,subject_001,1777552407.7238302,1777552407.7238302,275199.3328645,14,R_Tibia,29,1,-0.914,9.3741,-5.2302,-161.6211,30.9448,26.5503,107.2705,2.5159,175.0067,0.0481,-0.8037,0.593,0.0082
independent_20260430_203326,trial_001,subject_001,1777552407.7238302,1777552407.7238302,275199.3329634,10,L_Femur,51,1,-1.871,9.2688,-2.3495,21.5454,31.4331,-2.5635,104.5184,6.7291,-11.2445,0.7821,0.1131,-0.0137,0.6126
independent_20260430_203326,trial_001,subject_001,1777552407.7238302,1777552407.7238302,275199.3330617,11,L_Tibia,47,1,-1.3351,9.1301,-2.5026,14.5264,16.1133,-1.1597,106.0675,8.476,-57.8979,0.6757,0.4246,-0.2386,0.5533
independent_20260430_203326,trial_001,subject_001,1777552407.7238302,1777552407.7238302,275199.333158,12,L_Foot,55,1,-1.0145,0.5694,9.9771,-0.7935,2.3193,0.1831,2.5433,4.9493,-120.3607,-0.0264,0.0407,-0.8661,0.4975
independent_20260430_203326,trial_001,subject_001,1777552407.7238302,1777552407.7238302,275199.3332539,13,R_Femur,54,1,-1.7179,9.4746,2.5696,-15.9912,7.9956,-3.8452,80.8594,3.9606,-35.0793,0.6101,0.2204,-0.2079,0.7321
independent_20260430_203326,trial_001,subject_001,1777552407.7238302,1777552407.7238302,275199.333348,15,R_Foot,30,1,0.579,4.9479,12.9151,-142.7002,-35.4614,42.6636,-0.802,-6.5808,178.5608,-0.0575,0.0063,0.9983,0.0121
independent_20260430_203326,trial_001,subject_001,1777552407.7330022,1777552407.7330022,275199.3423075,9,Trunk,50,1,-0.8661,9.6852,-0.1388,5.7983,12.085,-5.3101,92.3236,4.0869,-153.4021,0.1418,0.7072,-0.6677,0.1843
independent_20260430_203326,trial_001,subject_001,1777552407.7330022,1777552407.7330022,275199.3424428,10,L_Femur,52,1,-1.67,9.0248,-2.4787,22.9492,22.8882,-1.0986,104.8975,6.6577,-10.871,0.7846,0.1102,-0.0118,0.6101
independent_20260430_203326,trial_001,subject_001,1777552407.7330022,1777552407.7330022,275199.3425458,11,L_Tibia,48,1,-0.9618,9.1396,-2.5266,15.625,16.8457,-0.7935,106.3367,8.4265,-57.6508,0.6781,0.4234,-0.2367,0.5521
independent_20260430_203326,trial_001,subject_001,1777552407.7330022,1777552407.7330022,275199.3426467,12,L_Foot,56,1,-0.9666,0.5359,9.9579,-0.9766,2.1973,0.1221,2.5433,4.9878,-120.3607,-0.0267,0.0409,-0.8661,0.4975
independent_20260430_203326,trial_001,subject_001,1777552407.7330022,1777552407.7330022,275199.3427429,13,R_Femur,55,1,-1.5839,9.1731,2.5792,-13.7329,2.8076,-3.2959,80.6506,4.0155,-35.0189,0.6087,0.22,-0.2076,0.7334
independent_20260430_203326,trial_001,subject_001,1777552407.7330022,1777552407.7330022,275199.342838,14,R_Tibia,30,1,-0.7704,9.3119,-4.2349,-143.9209,19.3481,26.9165,102.0355,1.3953,175.6055,0.0375,-0.7764,0.6289,0.0147
independent_20260430_203326,trial_001,subject_001,1777552407.7340126,1777552407.7340126,275199.3429592,10,L_Femur,53,1,-1.8806,9.3885,-2.3734,19.5312,16.4795,1.0376,105.3589,6.5424,-10.5139,0.7875,0.1072,-0.0103,0.6069
independent_20260430_203326,trial_001,subject_001,1777552407.7340126,1777552407.7340126,275199.3431206,11,L_Tibia,49,1,-1.1771,9.2976,-2.3734,16.4795,17.334,0.061,106.6168,8.3661,-57.3926,0.6806,0.4222,-0.2348,0.5508
independent_20260430_203326,trial_001,subject_001,1777552407.7340126,1777552407.7340126,275199.343255,13,R_Femur,56,1,-1.1628,9.1349,1.8997,-10.8032,1.4038,-1.5869,80.4089,4.0485,-34.975,0.6072,0.2196,-0.2076,0.7348
independent_20260430_203326,trial_001,subject_001,1777552407.7340126,1777552407.7340126,275199.3433805,15,R_Foot,31,1,0.5742,3.5745,10.7522,-132.0801,-23.3154,31.8604,-5.8392,-7.4432,179.8792,-0.0649,0.0508,0.9966,-0.0023
independent_20260430_203326,trial_001,subject_001,1777552407.7340126,1777552407.7340126,275199.3435804,9,Trunk,51,1,-0.7226,9.5799,-0.0383,3.54,12.2681,-3.2959,92.4884,4.2133,-152.9626,0.144,0.7078,-0.6658,0.1874
independent_20260430_203326,trial_001,subject_001,1777552407.7340126,1777552407.7340126,275199.3437296,10,L_Femur,54,1,-1.9763,9.4315,-2.4356,19.7754,13.4277,0.1831,105.672,6.4819,-10.3052,0.7894,0.1055,-0.0093,0.6047
independent_20260430_203326,trial_001,subject_001,1777552407.73501,1777552407.73501,275199.3438803,11,L_Tibia,50,1,-1.5408,9.3598,-2.4739,16.8457,11.5356,1.5869,106.9904,8.2782,-57.1289,0.6836,0.421,-0.2327,0.5489
independent_20260430_203326,trial_001,subject_001,1777552407.73501,1777552407.73501,275199.3439988,12,L_Foot,57,1,-0.9666,0.4307,9.9675,0.1831,0.6104,0.4272,2.6038,5.0757,-120.3552,-0.0271,0.0417,-0.866,0.4976
independent_20260430_203326,trial_001,subject_001,1777552407.73501,1777552407.73501,275199.3441139,13,R_Femur,57,1,-0.7417,9.2784,1.56,-8.4839,-0.1831,0.9766,80.2716,4.0375,-34.9585,0.6064,0.2192,-0.2078,0.7356
independent_20260430_203326,trial_001,subject_001,1777552407.73501,1777552407.73501,275199.3442275,14,R_Tibia,31,1,-0.579,9.3454,-2.7419,-125.6104,9.5215,25.8179,97.3938,0.4395,175.8801,0.0295,-0.7506,0.6597,0.0208
independent_20260430_203326,trial_001,subject_001,1777552407.73501,1777552407.73501,275199.3443423,11,L_Tibia,51,1,-1.1867,9.2688,-2.718,17.0898,9.4604,2.1973,107.2705,8.2178,-56.9861,0.6856,0.4205,-0.2314,0.5473
independent_20260430_203326,trial_001,subject_001,1777552407.73501,1777552407.73501,275199.3444879,12,L_Foot,58,1,-0.9666,0.4737,10.044,-0.3052,0.2441,0.4272,2.6038,5.0757,-120.3607,-0.0271,0.0417,-0.866,0.4975
independent_20260430_203326,trial_001,subject_001,1777552407.73501,1777552407.73501,275199.3446652,13,R_Femur,58,1,-0.4977,9.1971,1.6509,-8.606,0.5493,2.6855,80.1398,3.999,-34.9365,0.6056,0.2186,-0.2081,0.7363
independent_20260430_203326,trial_001,subject_001,1777552407.73501,1777552407.73501,275199.3447946,15,R_Foot,32,1,0.981,3.2108,10.647,-115.4175,-23.3154,24.1699,-10.1898,-8.1354,-179.0552,0.0699,-0.0892,-0.9935,0.0145
independent_20260430_203326,trial_001,subject_001,1777552407.7360098,1777552407.7360098,275199.3448892,9,Trunk,52,1,-1.0575,9.6517,0.0048,3.6621,9.9487,-1.6479,92.6202,4.2517,-152.5781,0.1464,0.7081,-0.6643,0.1897
independent_20260430_203326,trial_001,subject_001,1777552407.7360098,1777552407.7360098,275199.3449815,10,L_Femur,55,1,-0.8853,9.1396,-2.4931,23.1323,7.5684,2.8687,106.463,6.3391,-10.014,0.7939,0.1028,-0.008,0.5993
independent_20260430_203326,trial_001,subject_001,1777552407.7360098,1777552407.7360098,275199.3450766,11,L_Tibia,52,1,-0.7034,9.3263,-2.6318,17.7002,11.5356,2.0142,107.6495,8.1299,-56.7828,0.6884,0.4197,-0.2296,0.5452
independent_20260430_203326,trial_001,subject_001,1777552407.7360098,1777552407.7360098,275199.3451805,12,L_Foot,59,1,-0.957,0.4881,10.0201,-1.1597,0.4272,0.1831,2.6038,5.0757,-120.3607,-0.0271,0.0417,-0.866,0.4975
independent_20260430_203326,trial_001,subject_001,1777552407.7360098,1777552407.7360098,275199.3452782,13,R_Femur,59,1,-0.6269,8.9147,2.0624,-10.5591,2.5635,2.1362,79.9365,3.9496,-34.8706,0.6046,0.2176,-0.2084,0.7374
independent_20260430_203326,trial_001,subject_001,1777552407.7360098,1777552407.7360098,275199.3453688,9,Trunk,53,1,-1.1197,9.5703,-0.0287,3.479,9.0332,-1.0986,92.6642,4.2572,-152.4408,0.1473,0.7082,-0.6637,0.1904
independent_20260430_203326,trial_001,subject_001,1777552407.8030336,1777552407.8030336,275199.4125158,10,L_Femur,56,1,-0.89,9.1875,-2.1629,25.5737,10.376,2.8076,106.853,6.2512,-9.8822,0.7961,0.1014,-0.0076,0.5965
independent_20260430_203326,trial_001,subject_001,1777552407.8030336,1777552407.8030336,275199.4126754,11,L_Tibia,53,1,-0.7896,9.2019,-2.4883,18.5547,10.9863,1.77,107.9462,8.0585,-56.618,0.6907,0.419,-0.2282,0.5435
independent_20260430_203326,trial_001,subject_001,1777552407.8030336,1777552407.8030336,275199.4128005,12,L_Foot,60,1,-0.9379,0.4307,9.9196,-1.1597,0.1831,0.1221,2.6093,5.0812,-120.3607,-0.0271,0.0418,-0.866,0.4975
independent_20260430_203326,trial_001,subject_001,1777552407.8040333,1777552407.8040333,275199.4129165,13,R_Femur,60,1,-0.7034,8.843,2.5505,-14.0991,7.0801,1.77,79.7388,3.9331,-34.7662,0.6035,0.2165,-0.2082,0.7386
independent_20260430_203326,trial_001,subject_001,1777552407.8040333,1777552407.8040333,275199.4130182,15,R_Foot,33,1,0.1483,2.6366,8.441,-84.2285,-23.6816,10.6201,-13.6725,-8.8055,-178.3301,0.0745,-0.1198,-0.9897,0.0236
independent_20260430_203326,trial_001,subject_001,1777552407.8040333,1777552407.8040333,275199.4131143,9,Trunk,54,1,-0.9427,9.398,-0.0479,3.3569,9.8267,-0.4272,92.7136,4.2517,-152.298,0.1483,0.7083,-0.6632,0.1912
independent_20260430_203326,trial_001,subject_001,1777552407.8040333,1777552407.8040333,275199.4132179,11,L_Tibia,54,1,-1.1149,9.1253,-2.3734,19.4702,9.5825,2.5635,108.2593,7.9926,-56.4697,0.6929,0.4184,-0.2268,0.5417
independent_20260430_203326,trial_001,subject_001,1777552407.8040333,1777552407.8040333,275199.4133133,12,L_Foot,61,1,-0.9427,0.3637,9.8574,0.1831,-0.1221,0.1221,2.6147,5.0812,-120.3607,-0.0271,0.0418,-0.866,0.4975
independent_20260430_203326,trial_001,subject_001,1777552407.8040333,1777552407.8040333,275199.4134063,13,R_Femur,61,1,-0.445,8.8573,3.029,-15.3198,10.498,2.4414,79.4312,3.9111,-34.5465,0.602,0.2147,-0.2075,0.7406
independent_20260430_203326,trial_001,subject_001,1777552407.8040333,1777552407.8040333,275199.4134991,14,R_Tibia,32,1,0.0909,8.7138,-1.2441,-84.4727,1.709,21.9727,90.769,-1.17,176.1108,0.017,-0.7116,0.7017,0.0311
independent_20260430_203326,trial_001,subject_001,1777552407.8040333,1777552407.8040333,275199.4135913,9,Trunk,55,1,-0.7752,9.2688,0.0096,2.1973,10.5591,1.8311,92.7631,4.2078,-152.0837,0.1499,0.7082,-0.6626,0.1921
independent_20260430_203326,trial_001,subject_001,1777552407.8040333,1777552407.8040333,275199.4136837,10,L_Femur,57,1,-1.0623,9.1396,-2.2634,28.5645,24.7803,3.2349,107.8473,5.9546,-9.2944,0.802,0.0959,-0.0058,0.5895
independent_20260430_203326,trial_001,subject_001,1777552407.813052,1777552407.813052,275199.4225584,11,L_Tibia,55,1,-1.4786,9.3215,-2.7706,18.7378,-0.9155,4.2725,108.6493,7.9211,-56.4423,0.695,0.4187,-0.2257,0.5392
independent_20260430_203326,trial_001,subject_001,1777552407.813052,1777552407.813052,275199.4227562,12,L_Foot,62,1,-0.9522,0.4785,9.9388,1.0986,-0.6714,0.2441,2.6532,5.0757,-120.3607,-0.0269,0.0421,-0.866,0.4975
independent_20260430_203326,trial_001,subject_001,1777552407.813052,1777552407.813052,275199.4228692,13,R_Femur,62,1,-0.2297,9.154,3.1104,-13.1226,9.7656,3.7842,79.2334,3.8837,-34.3762,0.6011,0.2133,-0.2069,0.7419
independent_20260430_203326,trial_001,subject_001,1777552407.8140552,1777552407.8140552,275199.4229879,15,R_Foot,34,1,1.0479,2.5361,8.2161,-55.542,-16.9067,10.5591,-15.705,-9.3164,-177.8851,0.0779,-0.1376,-0.987,0.0293
independent_20260430_203326,trial_001,subject_001,1777552407.8140552,1777552407.8140552,275199.4231232,9,Trunk,56,1,-0.8757,9.3598,0.1196,2.3804,9.4604,3.3569,92.7905,4.1418,-151.9409,0.1512,0.7081,-0.6623,0.1925
independent_20260430_203326,trial_001,subject_001,1777552407.8140552,1777552407.8140552,275199.4232409,10,L_Femur,58,1,-0.847,8.8813,-2.9812,32.8369,25.1465,2.7466,108.3636,5.7898,-8.9319,0.8051,0.0925,-0.0047,0.5859
independent_20260430_203326,trial_001,subject_001,1777552407.8140552,1777552407.8140552,275199.4233343,11,L_Tibia,56,1,-0.9283,9.0966,-3.2061,18.9819,-2.6855,3.9062,108.9294,7.8882,-56.4862,0.6963,0.4194,-0.2251,0.5373
independent_20260430_203326,trial_001,subject_001,1777552407.8140552,1777552407.8140552,275199.423426,12,L_Foot,63,1,-0.9953,0.5886,9.9866,0.5493,-1.0376,0.1831,2.6752,5.0702,-120.3662,-0.0268,0.0422,-0.866,0.4975
independent_20260430_203326,trial_001,subject_001,1777552407.8140552,1777552407.8140552,275199.4235169,13,R_Femur,63,1,-0.3063,9.3071,3.1821,-14.5874,8.9111,6.5918,79.0192,3.8123,-34.2114,0.6002,0.2116,-0.2066,0.7432
independent_20260430_203326,trial_001,subject_001,1777552407.8140552,1777552407.8140552,275199.4236079,9,Trunk,57,1,-0.9522,9.5033,0.1914,1.709,9.1553,3.3569,92.818,4.0814,-151.8036,0.1525,0.708,-0.662,0.1929
independent_20260430_203326,trial_001,subject_001,1777552407.8140552,1777552407.8140552,275199.4236979,10,L_Femur,59,1,-0.7178,8.4937,-3.1582,42.1753,22.7661,3.9062,109.1876,5.5701,-8.5034,0.8098,0.0884,-0.0034,0.58
independent_20260430_203326,trial_001,subject_001,1777552407.8140552,1777552407.8140552,275199.4238063,11,L_Tibia,57,1,-0.4498,8.9147,-3.4262,18.2495,-0.4272,2.8076,109.2041,7.8607,-56.4972,0.6976,0.4199,-0.2243,0.5355
independent_20260430_203326,trial_001,subject_001,1777552407.8140552,1777552407.8140552,275199.423902,12,L_Foot,64,1,-0.9857,0.6556,10.0058,0.1831,-1.3428,0.2441,2.6917,5.0537,-120.3662,-0.0266,0.0423,-0.866,0.4975
independent_20260430_203326,trial_001,subject_001,1777552407.8140552,1777552407.8140552,275199.4240078,13,R_Femur,64,1,-0.7321,9.1492,3.5123,-12.8174,11.2915,8.4229,78.761,3.6859,-33.9532,0.5992,0.2089,-0.2061,0.7448
independent_20260430_203326,trial_001,subject_001,1777552407.8140552,1777552407.8140552,275199.4241205,15,R_Foot,35,1,0.9092,2.6175,7.5031,-19.8975,-11.6577,9.9487,-16.9904,-9.624,-177.3907,0.0796,-0.1491,-0.985,0.0348
independent_20260430_203326,trial_001,subject_001,1777552407.8140552,1777552407.8140552,275199.4242373,9,Trunk,58,1,-1.024,9.4985,0.2632,1.5869,7.8125,3.2349,92.84,3.999,-151.6388,0.154,0.7078,-0.6618,0.1933
independent_20260430_203326,trial_001,subject_001,1777552407.8140552,1777552407.8140552,275199.4243517,10,L_Femur,60,1,-0.7513,8.6707,-3.2204,46.2036,24.6582,6.6528,109.9017,5.3613,-8.1848,0.8138,0.0851,-0.0027,0.5749
independent_20260430_203326,trial_001,subject_001,1777552407.8155613,1777552407.8155613,275199.4245089,11,L_Tibia,58,1,-0.7226,9.1827,-3.2491,18.6157,2.0142,2.2583,109.5831,7.8168,-56.4697,0.6996,0.4203,-0.2231,0.5331
independent_20260430_203326,trial_001,subject_001,1777552407.8155613,1777552407.8155613,275199.4246113,12,L_Foot,65,1,-0.8996,0.646,9.9723,-0.2441,-1.6479,0.2441,2.7081,5.0262,-120.3662,-0.0263,0.0423,-0.866,0.4975
independent_20260430_203326,trial_001,subject_001,1777552407.8155613,1777552407.8155613,275199.4247034,13,R_Femur,65,1,-0.981,8.843,3.6319,-9.9487,8.728,11.9019,78.6072,3.5431,-33.772,0.5989,0.2068,-0.2059,0.7458
independent_20260430_203326,trial_001,subject_001,1777552407.8155613,1777552407.8155613,275199.4247946,14,R_Tibia,33,1,0.2297,8.0391,-0.3302,-18.5547,9.0332,10.8032,87.3303,-2.1533,176.5723,0.0071,-0.6904,0.7225,0.0346
independent_20260430_203326,trial_001,subject_001,1777552407.882554,1777552407.882554,275199.4923155,9,Trunk,59,1,-1.024,9.4842,0.2871,2.6855,6.897,3.8452,92.8729,3.9276,-151.5399,0.1551,0.7078,-0.6615,0.1934
independent_20260430_203326,trial_001,subject_001,1777552407.8835564,1777552407.8835564,275199.4924614,10,L_Femur,61,1,-0.9427,8.977,-3.1582,46.6919,24.4751,7.4463,110.6268,5.1251,-7.8662,0.8178,0.0817,-0.0023,0.5697
independent_20260430_203326,trial_001,subject_001,1777552407.8835564,1777552407.8835564,275199.492613,11,L_Tibia,59,1,-0.8278,9.2114,-3.0194,20.0195,3.7842,2.0752,109.8853,7.7783,-56.4258,0.7012,0.4204,-0.222,0.5312
independent_20260430_203326,trial_001,subject_001,1777552407.8835564,1777552407.8835564,275199.4927573,12,L_Foot,66,1,-0.9044,0.6125,9.9579,-0.061,-1.77,0.3052,2.7191,5.0098,-120.3662,-0.0261,0.0423,-0.866,0.4975
independent_20260430_203326,trial_001,subject_001,1777552407.8835564,1777552407.8835564,275199.4929027,13,R_Femur,66,1,-1.091,8.5367,3.6367,-6.4087,6.4697,13.5498,78.5028,3.3618,-33.6182,0.5989,0.2046,-0.2061,0.7463
independent_20260430_203326,trial_001,subject_001,1777552407.8835564,1777552407.8835564,275199.4930357,9,Trunk,60,1,-0.7273,9.5033,0.3302,0.9155,7.5073,4.8828,92.8894,3.8232,-151.3971,0.1566,0.7075,-0.6614,0.1935
independent_20260430_203326,trial_001,subject_001,1777552407.8835564,1777552407.8835564,275199.4931505,10,L_Femur,62,1,-1.1915,9.2641,-2.9189,47.4854,19.5312,7.5073,111.6046,4.823,-7.5146,0.823,0.0778,-0.0021,0.5626
independent_20260430_203326,trial_001,subject_001,1777552407.8835564,1777552407.8835564,275199.493248,11,L_Tibia,60,1,-0.8996,9.2784,-2.6175,21.6064,2.7466,3.0518,110.3192,7.7124,-56.3708,0.7036,0.4206,-0.2206,0.5285
independent_20260430_203326,trial_001,subject_001,1777552407.8835564,1777552407.8835564,275199.4933447,12,L_Foot,67,1,-0.8948,0.5551,9.8861,1.3428,-1.709,0.3662,2.7521,4.9768,-120.3662,-0.0257,0.0424,-0.866,0.4975
independent_20260430_203326,trial_001,subject_001,1777552407.8845537,1777552407.8845537,275199.4934396,14,R_Tibia,34,1,0.4785,8.1061,-0.244,9.0332,10.6201,6.7749,87.3083,-2.3785,176.8854,0.0037,-0.6903,0.7227,0.034
independent_20260430_203326,trial_001,subject_001,1777552407.8845537,1777552407.8845537,275199.493532,9,Trunk,61,1,-0.5312,9.5081,0.3732,1.4648,8.728,5.6763,92.9059,3.7244,-151.2762,0.158,0.7073,-0.6612,0.1936
independent_20260430_203326,trial_001,subject_001,1777552407.8845537,1777552407.8845537,275199.4936252,10,L_Femur,63,1,-1.0336,9.398,-2.7419,47.3633,16.6016,7.0801,112.3297,4.6252,-7.3114,0.8268,0.0753,-0.002,0.5574
independent_20260430_203326,trial_001,subject_001,1777552407.8845537,1777552407.8845537,275199.4937169,11,L_Tibia,61,1,-0.7704,9.2832,-2.6701,24.231,2.6245,3.3569,110.6818,7.663,-56.3324,0.7056,0.4209,-0.2194,0.5262
independent_20260430_203326,trial_001,subject_001,1777552407.8845537,1777552407.8845537,275199.4938217,12,L_Foot,68,1,-0.8805,0.5742,9.9866,2.0142,-1.2207,0.1831,2.774,4.9823,-120.3662,-0.0257,0.0426,-0.866,0.4975
independent_20260430_203326,trial_001,subject_001,1777552407.8845537,1777552407.8845537,275199.4939139,13,R_Femur,67,1,-0.6029,8.5128,3.5123,-4.6997,6.1035,13.6719,78.316,2.9279,-33.2776,0.5992,0.1997,-0.2065,0.7473
independent_20260430_203326,trial_001,subject_001,1777552407.8845537,1777552407.8845537,275199.4940042,15,R_Foot,36,1,1.4882,2.0768,7.4505,24.9023,-8.7891,10.1929,-16.9574,-10.2502,-176.5723,0.0839,-0.1494,-0.9843,0.0426
independent_20260430_203326,trial_001,subject_001,1777552407.8845537,1777552407.8845537,275199.4940952,10,L_Femur,64,1,-0.9666,9.6852,-2.5313,40.1611,19.2261,6.5918,113.2251,4.3561,-7.0203,0.8315,0.072,-0.002,0.5508
independent_20260430_203326,trial_001,subject_001,1777552407.8845537,1777552407.8845537,275199.4942478,11,L_Tibia,62,1,-1.0384,9.2784,-2.6366,27.4658,1.2207,3.9673,111.0883,7.608,-56.3159,0.7077,0.4213,-0.2182,0.5235
independent_20260430_203326,trial_001,subject_001,1777552407.8845537,1777552407.8845537,275199.4943424,12,L_Foot,69,1,-0.8661,0.5886,9.9866,2.2583,-0.9155,-0.061,2.774,4.9768,-120.3607,-0.0256,0.0426,-0.866,0.4976
independent_20260430_203326,trial_001,subject_001,1777552407.8855536,1777552407.8855536,275199.4944342,13,R_Femur,68,1,-0.4163,8.2592,3.1726,1.4648,4.0894,16.1133,78.2996,2.6367,-33.1073,0.5999,0.1969,-0.207,0.7473
independent_20260430_203326,trial_001,subject_001,1777552407.8855536,1777552407.8855536,275199.494527,14,R_Tibia,35,1,0.6651,8.264,-0.5168,33.8135,17.8223,-0.061,88.1598,-2.428,177.4182,0.0005,-0.6957,0.7177,0.0309
independent_20260430_203326,trial_001,subject_001,1777552407.8855536,1777552407.8855536,275199.4946192,9,Trunk,62,1,-0.5551,9.7091,0.5503,-2.0142,11.9629,8.3618,92.8839,3.4332,-150.9137,0.1619,0.7063,-0.6613,0.194
independent_20260430_203326,trial_001,subject_001,1777552407.8855536,1777552407.8855536,275199.4947321,10,L_Femur,65,1,-1.1006,9.4794,-2.8376,32.8369,25.4517,4.8218,113.7469,4.1364,-6.7126,0.8343,0.0687,-0.0018,0.547
independent_20260430_203326,trial_001,subject_001,1777552407.8855536,1777552407.8855536,275199.4948797,11,L_Tibia,63,1,-1.1006,9.2401,-2.8807,28.9917,-0.3052,4.8828,111.665,7.5311,-56.3269,0.7105,0.4222,-0.2166,0.5197
independent_20260430_203326,trial_001,subject_001,1777552407.8855536,1777552407.8855536,275199.4950417,12,L_Foot,70,1,-0.847,0.5646,9.934,3.8452,-1.2817,0.3052,2.8345,4.9713,-120.3607,-0.0253,0.043,-0.866,0.4976
independent_20260430_203326,trial_001,subject_001,1777552407.8855536,1777552407.8855536,275199.4951967,13,R_Femur,69,1,-0.3158,8.1683,2.7754,9.8267,4.9438,18.1885,78.4204,2.384,-32.97,0.6015,0.1948,-0.2072,0.7466
independent_20260430_203326,trial_001,subject_001,1777552407.8855536,1777552407.8855536,275199.495358,9,Trunk,63,1,-0.6651,9.733,0.6843,-4.9438,12.8174,9.4604,92.818,3.2739,-150.7269,0.1639,0.7055,-0.6616,0.1942
independent_20260430_203326,trial_001,subject_001,1777552407.8865547,1777552407.8865547,275199.4955081,10,L_Femur,66,1,-0.7369,8.6707,-3.5075,38.5132,25.1465,4.6387,114.3292,3.9111,-6.3776,0.8374,0.0652,-0.0015,0.5427
independent_20260430_203326,trial_001,subject_001,1777552407.8865547,1777552407.8865547,275199.4956674,11,L_Tibia,64,1,-0.9044,9.0918,-3.1295,31.25,1.3428,5.0659,112.1265,7.4652,-56.3269,0.7127,0.4228,-0.2153,0.5166
independent_20260430_203326,trial_001,subject_001,1777552407.9229233,1777552407.9229233,275199.532387,12,L_Foot,71,1,-0.8757,0.5264,9.9771,4.3335,-1.4038,0.4883,2.9114,4.9603,-120.3552,-0.0249,0.0435,-0.8659,0.4976
independent_20260430_203326,trial_001,subject_001,1777552407.9229233,1777552407.9229233,275199.5325995,13,R_Femur,70,1,-0.0191,8.3166,2.45,11.7188,11.2305,20.2026,78.5962,2.1149,-32.7557,0.6035,0.1923,-0.207,0.7456
independent_20260430_203326,trial_001,subject_001,1777552407.9239259,1777552407.9239259,275199.5328096,14,R_Tibia,36,1,0.6747,8.1061,-0.9188,52.063,28.3203,-4.0283,89.7473,-2.3016,178.2422,-0.0034,-0.7055,0.7082,0.025
independent_20260430_203326,trial_001,subject_001,1777552407.9239259,1777552407.9239259,275199.5330062,9,Trunk,64,1,-0.7082,9.5416,0.8518,-7.3242,14.3433,10.0708,92.7081,3.1091,-150.5292,0.1659,0.7043,-0.6623,0.1945
independent_20260430_203326,trial_001,subject_001,1777552407.9239259,1777552407.9239259,275199.5332267,10,L_Femur,67,1,-0.5742,8.6803,-3.608,44.3115,17.8223,6.4087,115.2081,3.631,-6.0645,0.8419,0.0616,-0.0016,0.5362
independent_20260430_203326,trial_001,subject_001,1777552407.9239259,1777552407.9239259,275199.5334083,11,L_Tibia,65,1,-0.6556,9.1253,-3.34,31.8604,2.0752,4.8218,112.6099,7.3938,-56.3269,0.7151,0.4234,-0.214,0.5134
independent_20260430_203326,trial_001,subject_001,1777552407.9239259,1777552407.9239259,275199.5336039,12,L_Foot,72,1,-0.9044,0.5455,9.9579,4.8828,-1.1597,0.4272,2.9883,4.9493,-120.3552,-0.0245,0.0441,-0.8659,0.4977
independent_20260430_203326,trial_001,subject_001,1777552407.9239259,1777552407.9239259,275199.533758,13,R_Femur,71,1,0.4594,8.6181,2.2586,9.2163,22.3999,19.8975,78.8104,1.7853,-32.2778,0.6064,0.188,-0.2053,0.7449
independent_20260430_203326,trial_001,subject_001,1777552407.924925,1777552407.924925,275199.5338972,15,R_Foot,37,1,4.2301,-4.498,7.728,70.3125,72.2656,41.1377,-14.1669,-8.8605,-175.3857,0.0716,-0.1259,-0.9882,0.0493
independent_20260430_203326,trial_001,subject_001,1777552407.924925,1777552407.924925,275199.5340309,9,Trunk,65,1,-0.6938,9.3406,1.0001,-5.9204,15.3809,11.1084,92.5763,2.8674,-150.2325,0.1689,0.7028,-0.663,0.1949
independent_20260430_203326,trial_001,subject_001,1777552407.924925,1777552407.924925,275199.5341637,10,L_Femur,68,1,-0.6556,8.8334,-3.4118,45.2271,18.5547,6.958,115.8948,3.4167,-5.8557,0.8453,0.0591,-0.0019,0.5311
independent_20260430_203326,trial_001,subject_001,1777552407.924925,1777552407.924925,275199.5342951,11,L_Tibia,66,1,-0.7943,9.1588,-3.2061,33.2031,5.4932,5.3101,113.2745,7.2729,-56.261,0.7186,0.4238,-0.212,0.509
independent_20260430_203326,trial_001,subject_001,1777552407.924925,1777552407.924925,275199.5344249,12,L_Foot,73,1,-0.8805,0.5981,10.0153,5.249,-0.3052,-0.1221,3.1091,4.9493,-120.3607,-0.024,0.045,-0.8659,0.4976
independent_20260430_203326,trial_001,subject_001,1777552407.924925,1777552407.924925,275199.5345555,13,R_Femur,72,1,0.6891,8.5319,1.9188,10.3149,24.8413,18.6768,78.9587,1.5765,-31.8494,0.6084,0.1846,-0.2033,0.7446
independent_20260430_203326,trial_001,subject_001,1777552407.924925,1777552407.924925,275199.5346854,14,R_Tibia,37,1,0.6269,9.5081,-0.5838,50.1099,37.2925,-5.0049,91.604,-2.1259,179.4891,-0.0097,-0.7169,0.697,0.0164
independent_20260430_203326,trial_001,subject_001,1777552407.9259226,1777552407.9259226,275199.5348147,9,Trunk,66,1,-0.7273,9.4794,0.9044,-5.4321,15.4419,11.9629,92.4939,2.6752,-150.0073,0.1713,0.7017,-0.6635,0.1952
independent_20260430_203326,trial_001,subject_001,1777552407.9259226,1777552407.9259226,275199.5349446,10,L_Femur,69,1,-0.8039,8.9626,-3.1343,45.5322,21.6064,6.7139,116.5924,3.1805,-5.6085,0.8487,0.0562,-0.0021,0.5259
independent_20260430_203326,trial_001,subject_001,1777552407.9259226,1777552407.9259226,275199.5350733,11,L_Tibia,67,1,-0.8996,9.1684,-2.9189,33.3862,9.3994,6.2866,113.7964,7.1466,-56.1621,0.7216,0.4236,-0.2105,0.5055
independent_20260430_203326,trial_001,subject_001,1777552407.9259226,1777552407.9259226,275199.5352088,12,L_Foot,74,1,-0.8326,0.6077,9.9962,5.8594,0.0,-0.1221,3.2025,4.9548,-120.3662,-0.0236,0.0457,-0.8659,0.4976
independent_20260430_203326,trial_001,subject_001,1777552407.9259226,1777552407.9259226,275199.5353373,13,R_Femur,73,1,0.6508,8.0726,1.1628,24.9634,20.2026,18.3716,79.2883,1.3568,-31.4703,0.6116,0.1818,-0.2015,0.7432
independent_20260430_203326,trial_001,subject_001,1777552407.9259226,1777552407.9259226,275199.5354656,15,R_Foot,38,1,1.024,-1.7562,8.8478,106.7505,72.6929,34.4238,-10.7721,-5.8887,-174.9628,0.047,-0.0959,-0.9931,0.0485
independent_20260430_203326,trial_001,subject_001,1777552407.993153,1777552407.993153,275199.6023455,9,Trunk,67,1,-0.7656,9.5895,0.8422,-3.0518,15.625,12.6953,92.4115,2.4005,-149.7052,0.1746,0.7004,-0.6639,0.1954
independent_20260430_203326,trial_001,subject_001,1777552407.993153,1777552407.993153,275199.6024703,10,L_Femur,70,1,-0.9714,9.2162,-3.0242,43.9453,24.6582,6.0425,117.4988,2.84,-5.224,0.8532,0.0518,-0.0025,0.519
independent_20260430_203326,trial_001,subject_001,1777552407.993153,1777552407.993153,275199.6025723,11,L_Tibia,68,1,-1.1676,9.3023,-2.8663,33.8745,10.7422,7.9346,114.483,6.9324,-56.0083,0.7258,0.423,-0.2087,0.5007
independent_20260430_203326,trial_001,subject_001,1777552407.993153,1777552407.993153,275199.6026694,12,L_Foot,75,1,-0.8135,0.6269,9.934,7.2021,-0.061,-0.1221,3.3563,4.9603,-120.3772,-0.023,0.0469,-0.8659,0.4976
independent_20260430_203326,trial_001,subject_001,1777552407.993153,1777552407.993153,275199.6027632,13,R_Femur,74,1,0.2249,8.5367,0.3589,39.4897,19.2261,21.6064,80.0244,1.0107,-31.0199,0.6177,0.1784,-0.1993,0.7395
independent_20260430_203326,trial_001,subject_001,1777552407.993153,1777552407.993153,275199.6028574,14,R_Tibia,38,1,0.7943,10.2402,1.0384,27.771,38.7573,1.5259,92.6312,-2.1259,-179.3463,0.0169,0.7229,-0.6906,-0.0095
independent_20260430_203326,trial_001,subject_001,1777552407.993153,1777552407.993153,275199.6029487,9,Trunk,68,1,-0.7082,9.7139,0.8326,-3.3569,15.8081,13.1836,92.3566,2.1863,-149.48,0.1771,0.6994,-0.6643,0.1955
independent_20260430_203326,trial_001,subject_001,1777552407.9941578,1777552407.9941578,275199.6030381,10,L_Femur,71,1,-1.1676,9.3023,-3.1582,43.8232,22.644,6.0425,118.1689,2.5928,-4.9493,0.8564,0.0486,-0.0028,0.514
independent_20260430_203326,trial_001,subject_001,1777552407.9941578,1777552407.9941578,275199.6031276,11,L_Tibia,69,1,-1.1676,9.3789,-2.8089,35.4614,12.6343,9.7656,115.0269,6.7346,-55.8875,0.7291,0.4225,-0.2075,0.4969
independent_20260430_203326,trial_001,subject_001,1777552407.9941578,1777552407.9941578,275199.6032187,12,L_Foot,76,1,-0.7608,0.5503,9.9244,8.3008,-0.3052,0.1831,3.4882,4.9603,-120.3772,-0.0224,0.0479,-0.8658,0.4976
independent_20260430_203326,trial_001,subject_001,1777552407.9941578,1777552407.9941578,275199.6033087,13,R_Femur,75,1,-0.1196,9.4555,0.5742,37.9639,29.0527,23.6206,80.6067,0.7306,-30.553,0.6227,0.1751,-0.197,0.7368
independent_20260430_203326,trial_001,subject_001,1777552407.9941578,1777552407.9941578,275199.6033981,15,R_Foot,39,1,-4.2636,-1.6078,9.1875,133.9722,25.5737,22.4609,-6.4874,-3.5376,-174.386,0.028,-0.058,-0.9966,0.0506
independent_20260430_203326,trial_001,subject_001,1777552408.0324547,1777552408.0324547,275199.6422767,9,Trunk,69,1,-0.823,9.7713,0.6556,-2.1973,14.7095,13.7329,92.3126,1.9666,-149.2603,0.1797,0.6985,-0.6645,0.1955
independent_20260430_203326,trial_001,subject_001,1777552408.033452,1777552408.033452,275199.6424176,10,L_Femur,72,1,-1.5552,9.5033,-3.2013,46.0205,16.8457,6.3477,119.0808,2.3016,-4.6747,0.8607,0.0453,-0.0034,0.5071
independent_20260430_203326,trial_001,subject_001,1777552408.033452,1777552408.033452,275199.6425313,11,L_Tibia,70,1,-1.2441,9.5368,-2.694,37.8418,12.9395,12.2681,115.6036,6.4984,-55.7721,0.7326,0.4218,-0.2064,0.4927
independent_20260430_203326,trial_001,subject_001,1777552408.033452,1777552408.033452,275199.6426377,12,L_Foot,77,1,-0.7848,0.4881,9.934,9.5215,-0.1221,0.061,3.642,4.9658,-120.3772,-0.0218,0.0491,-0.8657,0.4976
independent_20260430_203326,trial_001,subject_001,1777552408.033452,1777552408.033452,275199.6427436,13,R_Femur,76,1,-0.5359,10.6565,2.2107,25.0244,55.2368,21.4844,81.2,0.423,-29.5367,0.6286,0.1686,-0.1912,0.7348
independent_20260430_203326,trial_001,subject_001,1777552408.033452,1777552408.033452,275199.6428471,14,R_Tibia,39,1,-0.8422,11.5131,2.6175,21.0571,24.4141,1.2817,93.2959,-2.3071,-178.3081,0.0246,0.7267,-0.6865,-0.0045
independent_20260430_203326,trial_001,subject_001,1777552408.033452,1777552408.033452,275199.642951,9,Trunk,70,1,-0.8805,10.0632,0.1101,5.9204,13.3057,13.1226,92.373,1.6754,-148.9966,0.1831,0.698,-0.6642,0.1952
independent_20260430_203326,trial_001,subject_001,1777552408.033452,1777552408.033452,275199.6430526,10,L_Femur,73,1,-1.8854,9.7952,-3.23,45.5933,11.9019,7.2021,119.7729,2.1094,-4.5538,0.8638,0.0436,-0.004,0.5019
independent_20260430_203326,trial_001,subject_001,1777552408.033452,1777552408.033452,275199.6431547,11,L_Tibia,71,1,-1.7179,9.8239,-2.5505,42.1143,6.897,16.4795,116.4331,6.1469,-55.7172,0.7373,0.4216,-0.2055,0.4863
independent_20260430_203326,trial_001,subject_001,1777552408.033452,1777552408.033452,275199.6432553,12,L_Foot,78,1,-1.0671,0.4067,9.9579,12.0239,-0.061,-0.061,3.8837,4.9713,-120.3827,-0.0208,0.0509,-0.8656,0.4976
independent_20260430_203326,trial_001,subject_001,1777552408.0344517,1777552408.0344517,275199.6433555,13,R_Femur,77,1,-0.6125,12.2979,4.5124,-6.897,79.5898,17.5781,81.2054,0.3186,-28.3832,0.6304,0.1616,-0.1844,0.7365
independent_20260430_203326,trial_001,subject_001,1777552408.0344517,1777552408.0344517,275199.6434552,15,R_Foot,40,1,-4.2014,1.0814,10.9532,118.1641,24.6582,-6.8359,-2.8619,-2.6697,-174.4135,0.022,-0.0261,-0.9982,0.0493
independent_20260430_203326,trial_001,subject_001,1777552408.0344517,1777552408.0344517,275199.6435542,9,Trunk,71,1,-0.9044,10.6422,-0.4067,10.2539,10.1929,11.8408,92.5049,1.4777,-148.8428,0.1854,0.6982,-0.6635,0.1947
independent_20260430_203326,trial_001,subject_001,1777552408.0344517,1777552408.0344517,275199.6436531,10,L_Femur,74,1,-2.1533,10.1397,-3.5602,36.5601,6.0425,7.9956,120.3497,1.9501,-4.5099,0.8664,0.0426,-0.0048,0.4975
independent_20260430_203326,trial_001,subject_001,1777552408.0344517,1777552408.0344517,275199.6437633,11,L_Tibia,72,1,-1.8088,9.867,-2.45,47.9126,-1.2817,19.5312,117.1252,5.8997,-55.838,0.7403,0.4227,-0.2051,0.4808
independent_20260430_203326,trial_001,subject_001,1777552408.0344517,1777552408.0344517,275199.6438658,12,L_Foot,79,1,-1.0623,0.311,10.001,14.0381,0.4272,-0.1831,4.0979,4.9823,-120.3882,-0.0199,0.0526,-0.8656,0.4976
independent_20260430_203326,trial_001,subject_001,1777552408.0344517,1777552408.0344517,275199.6439661,13,R_Femur,78,1,-0.2536,13.7908,6.8667,-44.3115,93.0786,14.7705,80.6396,0.3021,-26.9824,0.6287,0.1529,-0.1762,0.7418
independent_20260430_203326,trial_001,subject_001,1777552408.0344517,1777552408.0344517,275199.6440653,14,R_Tibia,40,1,-0.9666,11.1207,0.7656,38.8184,53.5889,-10.1929,94.4,-2.1313,-176.8085,0.0331,0.733,-0.6794,0.0053
independent_20260430_203326,trial_001,subject_001,1777552408.0636594,1777552408.0636594,275199.6725861,9,Trunk,72,1,-0.9044,11.1686,-0.7082,8.728,4.2725,9.1553,92.6367,1.3239,-148.7659,0.187,0.6986,-0.6629,0.194
independent_20260430_203326,trial_001,subject_001,1777552408.0636594,1777552408.0636594,275199.6727463,10,L_Femur,75,1,-2.0911,10.0584,-3.9525,22.3389,-4.4556,8.2397,120.8716,1.8127,-4.6088,0.8687,0.0428,-0.0061,0.4935
independent_20260430_203326,trial_001,subject_001,1777552408.0636594,1777552408.0636594,275199.6728523,11,L_Tibia,73,1,-1.225,9.8096,-2.5266,51.5137,-5.7983,21.9727,117.8668,5.6525,-56.0358,0.7433,0.4243,-0.2048,0.4748
independent_20260430_203326,trial_001,subject_001,1777552408.0636594,1777552408.0636594,275199.6730042,12,L_Foot,80,1,-0.9857,0.4881,10.0584,15.2588,0.7935,-0.6104,4.3341,5.0043,-120.3992,-0.0191,0.0545,-0.8655,0.4976
independent_20260430_203326,trial_001,subject_001,1777552408.0636594,1777552408.0636594,275199.6731138,13,R_Femur,79,1,-1.7944,12.0012,6.5317,-32.4097,80.9937,8.0566,79.8706,0.379,-25.2466,0.6258,0.1428,-0.1655,0.7487
independent_20260430_203326,trial_001,subject_001,1777552408.0636594,1777552408.0636594,275199.6732092,15,R_Foot,41,1,3.5937,2.2634,18.887,87.8906,44.3115,-1.3428,0.6152,-1.8073,-174.6332,0.016,0.0046,-0.9988,0.0467
independent_20260430_203326,trial_001,subject_001,1777552408.0636594,1777552408.0636594,275199.6733022,9,Trunk,73,1,-0.7656,11.1446,-0.6316,2.0752,-4.0283,3.7842,92.6971,1.2085,-148.8098,0.1875,0.6988,-0.6628,0.1929
independent_20260430_203326,trial_001,subject_001,1777552408.0636594,1777552408.0636594,275199.6733937,10,L_Femur,76,1,-1.8136,9.8479,-3.8233,13.4888,-12.5122,8.4229,121.0858,1.7853,-4.8065,0.8695,0.0442,-0.0071,0.4918
independent_20260430_203326,trial_001,subject_001,1777552408.0827398,1777552408.0827398,275199.6922808,11,L_Tibia,74,1,-0.2967,9.5655,-2.4261,57.8003,-1.1597,23.6206,118.9709,5.2789,-56.2885,0.7478,0.4266,-0.2043,0.466
independent_20260430_203326,trial_001,subject_001,1777552408.0827398,1777552408.0827398,275199.6925131,12,L_Foot,81,1,-0.7991,0.6173,9.9914,15.0146,1.2817,-1.4648,4.6417,5.0482,-120.4266,-0.0181,0.057,-0.8654,0.4974
independent_20260430_203326,trial_001,subject_001,1777552408.0837405,1777552408.0837405,275199.6927228,13,R_Femur,80,1,-3.986,9.3071,4.3066,-2.8076,56.6406,8.4839,79.7333,0.4175,-24.3073,0.626,0.1377,-0.1593,0.7508
independent_20260430_203326,trial_001,subject_001,1777552408.0837405,1777552408.0837405,275199.6928582,14,R_Tibia,41,1,0.4163,9.3502,-2.1629,53.5278,88.1958,-7.9956,95.7678,-2.0105,-174.3256,0.0485,0.7402,-0.6704,0.0202
independent_20260430_203326,trial_001,subject_001,1777552408.0837405,1777552408.0837405,275199.6929747,9,Trunk,74,1,-0.6891,10.8432,-0.3828,-0.5493,-7.7515,-1.5259,92.6752,1.2085,-148.9142,0.1868,0.6989,-0.6631,0.1923
independent_20260430_203326,trial_001,subject_001,1777552408.0837405,1777552408.0837405,275199.6930741,10,L_Femur,77,1,-1.4164,9.867,-3.3927,6.1035,-16.6016,8.7891,121.1902,1.7908,-5.0702,0.8699,0.0462,-0.0081,0.491
independent_20260430_203326,trial_001,subject_001,1777552408.0837405,1777552408.0837405,275199.6931912,11,L_Tibia,75,1,-0.1148,9.5129,-2.4356,61.0352,4.7607,24.4751,119.8773,4.9438,-56.4093,0.7518,0.4277,-0.2036,0.4587
independent_20260430_203326,trial_001,subject_001,1777552408.0837405,1777552408.0837405,275199.6933125,12,L_Foot,82,1,-0.6364,0.0957,10.0249,18.6768,4.0283,-0.9766,4.9054,5.0977,-120.4486,-0.0173,0.0592,-0.8654,0.4973
independent_20260430_203326,trial_001,subject_001,1777552408.0837405,1777552408.0837405,275199.6934144,13,R_Femur,81,1,-3.8664,8.9865,2.7323,7.9956,48.0347,11.9629,79.8376,0.379,-23.5547,0.6277,0.1335,-0.1545,0.7512
independent_20260430_203326,trial_001,subject_001,1777552408.0837405,1777552408.0837405,275199.69351,15,R_Foot,42,1,0.2919,1.2824,11.1207,18.1885,-6.7749,-1.4648,2.049,-2.1533,-174.7046,0.0196,0.017,-0.9986,0.0458
independent_20260430_203326,trial_001,subject_001,1777552408.1329117,1777552408.1329117,275199.7422166,9,Trunk,75,1,-0.4307,10.9676,0.1531,-2.6245,-5.127,-7.2632,92.6202,1.3239,-149.0405,0.1853,0.6989,-0.6634,0.1924
independent_20260430_203326,trial_001,subject_001,1777552408.1329117,1777552408.1329117,275199.7423593,10,L_Femur,78,1,-1.0192,10.1972,-2.761,-4.8218,-16.8457,6.7749,121.1407,1.8347,-5.4382,0.8695,0.0492,-0.0094,0.4914
independent_20260430_203326,trial_001,subject_001,1777552408.1329117,1777552408.1329117,275199.7424824,11,L_Tibia,76,1,-0.0239,9.8191,-2.6127,70.5566,11.7798,26.2451,121.2451,4.4,-56.4752,0.7582,0.4286,-0.2025,0.4477
independent_20260430_203326,trial_001,subject_001,1777552408.1329117,1777552408.1329117,275199.7425993,12,L_Foot,83,1,-0.8374,0.4881,10.0488,16.7236,2.9297,-2.2583,5.2625,5.1691,-120.4926,-0.0163,0.0622,-0.8653,0.497
independent_20260430_203326,trial_001,subject_001,1777552408.1329117,1777552408.1329117,275199.7427063,13,R_Femur,82,1,-0.4546,9.9388,0.9427,3.7842,53.1006,18.8599,79.92,0.2197,-22.4341,0.6297,0.1264,-0.1479,0.7521
independent_20260430_203326,trial_001,subject_001,1777552408.1339114,1777552408.1339114,275199.7427995,14,R_Tibia,42,1,-0.7561,10.9915,-3.5602,72.7539,87.2192,-5.127,98.1244,-2.2083,-171.3647,0.0695,0.7522,-0.6544,0.0348
independent_20260430_203326,trial_001,subject_001,1777552408.1339114,1777552408.1339114,275199.7428915,10,L_Femur,79,1,-0.6699,10.4747,-2.5553,-13.855,-10.2539,3.7842,120.954,1.8622,-5.614,0.8686,0.0506,-0.01,0.4928
independent_20260430_203326,trial_001,subject_001,1777552408.1339114,1777552408.1339114,275199.7429862,11,L_Tibia,77,1,0.2728,9.8383,-2.6797,76.0498,25.2075,25.2686,122.3712,3.9111,-56.3763,0.7641,0.4281,-0.2012,0.4387
independent_20260430_203326,trial_001,subject_001,1777552408.1339114,1777552408.1339114,275199.7430784,12,L_Foot,84,1,-0.6795,-0.1866,9.9148,26.4282,6.2866,-1.8921,5.6415,5.2515,-120.5145,-0.0153,0.0654,-0.8652,0.4969
independent_20260430_203326,trial_001,subject_001,1777552408.1339114,1777552408.1339114,275199.7431718,13,R_Femur,83,1,-0.1244,8.6372,-1.9523,28.8696,24.8413,20.3247,80.2551,0.0,-21.9122,0.6327,0.1225,-0.1453,0.7507
independent_20260430_203326,trial_001,subject_001,1777552408.1339114,1777552408.1339114,275199.7432633,15,R_Foot,43,1,0.2775,0.4115,10.2594,25.5737,-5.7983,-2.6245,2.9883,-2.3621,-174.8035,0.0218,0.0251,-0.9984,0.0448
independent_20260430_203326,trial_001,subject_001,1777552408.1339114,1777552408.1339114,275199.7433779,9,Trunk,76,1,0.378,10.6996,0.7273,-13.7939,5.9204,-7.8735,92.2852,1.5656,-148.9471,0.1839,0.6972,-0.6649,0.1949
independent_20260430_203326,trial_001,subject_001,1777552408.1339114,1777552408.1339114,275199.7435462,10,L_Femur,80,1,-0.0574,10.9915,-2.45,-32.6538,-3.3569,-0.1221,120.4102,1.8896,-5.7019,0.8662,0.0513,-0.0104,0.4969
independent_20260430_203326,trial_001,subject_001,1777552408.1339114,1777552408.1339114,275199.7437288,11,L_Tibia,78,1,0.8374,10.1637,-2.6893,79.2847,41.5039,22.3999,123.5852,3.3069,-56.0797,0.7711,0.4261,-0.1997,0.429
independent_20260430_203326,trial_001,subject_001,1777552408.134917,1777552408.134917,275199.7438697,12,L_Foot,85,1,-0.7561,-0.5072,9.7904,36.3159,6.5308,-0.4272,6.1523,5.3448,-120.5255,-0.0138,0.0696,-0.8649,0.4969
independent_20260430_203326,trial_001,subject_001,1777552408.134917,1777552408.134917,275199.7440081,13,R_Femur,84,1,-1.3063,7.9099,-2.7993,37.2314,-11.5967,25.1465,81.0132,-0.4779,-21.8793,0.6383,0.1202,-0.147,0.746
independent_20260430_203326,trial_001,subject_001,1777552408.134917,1777552408.134917,275199.7441549,14,R_Tibia,43,1,-2.828,7.4888,-4.5698,52.9175,-13.1836,14.7095,100.036,-2.5378,-170.766,0.0758,0.7624,-0.6417,0.0348
independent_20260430_203326,trial_001,subject_001,1777552408.184094,1777552408.184094,275199.7930926,9,Trunk,77,1,0.2153,9.8479,0.2393,-12.2681,7.4463,-1.0376,92.0105,1.615,-148.7988,0.184,0.6955,-0.6662,0.1965
independent_20260430_203326,trial_001,subject_001,1777552408.184094,1777552408.184094,275199.7933152,10,L_Femur,81,1,0.4977,11.0441,-2.0815,-51.3306,-3.54,-2.6855,119.696,1.9391,-5.7184,0.8631,0.0516,-0.0104,0.5023
independent_20260430_203326,trial_001,subject_001,1777552408.184094,1777552408.184094,275199.7935073,11,L_Tibia,79,1,0.512,10.3599,-2.651,86.9141,61.5845,19.043,125.332,2.3456,-55.3381,0.7822,0.4208,-0.1971,0.415
independent_20260430_203326,trial_001,subject_001,1777552408.184094,1777552408.184094,275199.7937003,12,L_Foot,86,1,-0.5599,-0.6412,9.9436,60.0586,11.3525,3.2349,7.2455,5.5371,-120.4651,-0.0105,0.0787,-0.8638,0.4976
independent_20260430_203326,trial_001,subject_001,1777552408.184094,1777552408.184094,275199.7938815,13,R_Femur,85,1,-0.6125,8.3118,-0.9379,41.9312,-27.6489,28.4424,81.6119,-0.9558,-22.1759,0.6425,0.1195,-0.1509,0.7417
independent_20260430_203326,trial_001,subject_001,1777552408.1850908,1777552408.1850908,275199.7940721,15,R_Foot,44,1,0.8326,0.9522,10.2546,12.0239,-2.5635,-2.0752,3.4772,-2.4884,-174.8749,0.023,0.0293,-0.9983,0.044
independent_20260430_203326,trial_001,subject_001,1777552408.1850908,1777552408.1850908,275199.7942109,9,Trunk,78,1,-0.0144,9.6373,-0.3972,-8.8501,6.958,3.1738,91.8567,1.5656,-148.6945,0.1847,0.6943,-0.6671,0.1971
independent_20260430_203326,trial_001,subject_001,1777552408.1850908,1777552408.1850908,275199.7943345,10,L_Femur,82,1,0.7991,11.0633,-1.1915,-74.4629,-4.8828,-3.479,118.6523,2.0105,-5.7458,0.8584,0.052,-0.0105,0.5102
independent_20260430_203326,trial_001,subject_001,1777552408.1850908,1777552408.1850908,275199.794468,11,L_Tibia,80,1,-0.1483,10.4651,-2.9668,90.0879,65.3687,20.813,126.6943,1.5381,-54.7119,0.791,0.416,-0.1955,0.4039
independent_20260430_203326,trial_001,subject_001,1777552408.1850908,1777552408.1850908,275199.7945889,12,L_Foot,87,1,-0.6508,-0.3158,10.2115,80.2002,15.5029,4.8828,8.399,5.7513,-120.3662,-0.007,0.0883,-0.8624,0.4985
independent_20260430_203326,trial_001,subject_001,1777552408.1850908,1777552408.1850908,275199.7947098,13,R_Femur,86,1,-0.1148,9.4459,0.2201,56.8237,-24.353,19.043,82.4249,-1.3348,-22.511,0.6478,0.12,-0.1543,0.7363
independent_20260430_203326,trial_001,subject_001,1777552408.1850908,1777552408.1850908,275199.7948739,14,R_Tibia,44,1,0.5694,10.4556,-3.1104,34.4238,-11.1694,14.1602,101.5906,-2.8729,-171.8646,0.0708,0.7716,-0.6317,0.0254
independent_20260430_203326,trial_001,subject_001,1777552408.1860902,1777552408.1860902,275199.7949729,9,Trunk,79,1,-0.3063,9.8383,-1.3016,-0.3662,2.3804,4.0894,91.7853,1.4667,-148.6176,0.1856,0.6936,-0.6675,0.1971
independent_20260430_203326,trial_001,subject_001,1777552408.1860902,1777552408.1860902,275199.7950961,10,L_Femur,83,1,0.4594,10.2737,-0.4498,-88.9893,2.6855,-4.0283,116.9165,2.0819,-5.7074,0.8506,0.0519,-0.0106,0.5232
independent_20260430_203326,trial_001,subject_001,1777552408.1860902,1777552408.1860902,275199.7952011,11,L_Tibia,81,1,-0.4211,10.1924,-2.8472,96.6797,62.439,26.001,128.139,0.6647,-54.1626,0.7996,0.4117,-0.1944,0.3917
independent_20260430_203326,trial_001,subject_001,1777552408.1860902,1777552408.1860902,275199.7952977,12,L_Foot,88,1,-0.9953,-0.1483,10.1445,102.2339,19.8364,6.5918,9.8877,6.0205,-120.2344,-0.0025,0.1007,-0.8604,0.4996
independent_20260430_203326,trial_001,subject_001,1777552408.1860902,1777552408.1860902,275199.7953943,13,R_Femur,87,1,0.4211,10.8623,0.2728,63.5986,-18.9209,12.6343,83.6664,-1.6644,-22.8571,0.6558,0.1215,-0.1571,0.7283
independent_20260430_203326,trial_001,subject_001,1777552408.1860902,1777552408.1860902,275199.7954912,15,R_Foot,45,1,0.1818,0.4594,10.1015,8.2397,-3.7842,0.4272,3.7683,-2.6147,-174.9023,0.0242,0.0318,-0.9982,0.0437
independent_20260430_203326,trial_001,subject_001,1777552408.1860902,1777552408.1860902,275199.7955859,9,Trunk,80,1,-0.335,9.9723,-1.9332,0.6714,0.1221,2.7466,91.6205,1.2964,-148.6066,0.1864,0.6924,-0.6688,0.1964
independent_20260430_203326,trial_001,subject_001,1777552408.1860902,1777552408.1860902,275199.7956804,10,L_Femur,84,1,0.1818,9.9436,-1.0862,-85.2661,15.8081,-4.0283,115.6311,2.038,-5.4987,0.8448,0.0501,-0.0105,0.5327
independent_20260430_203326,trial_001,subject_001,1777552408.1860902,1777552408.1860902,275199.7957726,11,L_Tibia,82,1,-0.2105,10.0632,-2.1868,103.5156,42.7856,24.1699,130.177,-0.3296,-53.6957,0.8097,0.4085,-0.1926,0.3746
independent_20260430_203326,trial_001,subject_001,1777552408.1860902,1777552408.1860902,275199.7958656,12,L_Foot,89,1,-1.4978,1.0671,10.7044,121.2769,25.3296,15.9912,12.3651,6.449,-119.8883,0.0055,0.1211,-0.8561,0.5024
independent_20260430_203326,trial_001,subject_001,1777552408.1870897,1777552408.1870897,275199.7959593,13,R_Femur,88,1,0.7226,10.6278,0.1148,67.627,-16.9067,10.1318,84.6771,-1.8567,-23.0988,0.6622,0.1231,-0.1587,0.7219
independent_20260430_203326,trial_001,subject_001,1777552408.2732916,1777552408.2732916,275199.8822011,9,Trunk,81,1,-0.1579,9.8383,-2.2395,-2.6245,-0.1831,3.3569,91.4722,1.1646,-148.5956,0.187,0.6913,-0.6699,0.1959
independent_20260430_203326,trial_001,subject_001,1777552408.2732916,1777552408.2732916,275199.8823395,10,L_Femur,85,1,0.445,10.6518,-2.1007,-83.4351,21.0571,-3.0518,114.3842,1.9501,-5.1965,0.8391,0.0473,-0.0103,0.5418
independent_20260430_203326,trial_001,subject_001,1777552408.2732916,1777552408.2732916,275199.8824628,11,L_Tibia,83,1,0.3015,9.9818,-3.3831,108.9478,26.7334,18.4326,131.7975,-0.8405,-53.5309,0.8163,0.4084,-0.1899,0.3616
independent_20260430_203326,trial_001,subject_001,1777552408.2732916,1777552408.2732916,275199.8825798,12,L_Foot,90,1,-1.7992,0.9475,11.1494,137.7563,19.5312,21.1182,14.3921,6.6852,-119.5203,0.013,0.1372,-0.852,0.5051
independent_20260430_203326,trial_001,subject_001,1777552408.2732916,1777552408.2732916,275199.8826951,13,R_Femur,89,1,0.8757,9.7809,-0.0383,65.3687,-11.1084,9.5825,85.6659,-2.027,-23.269,0.6684,0.1244,-0.1596,0.7157
independent_20260430_203326,trial_001,subject_001,1777552408.2732916,1777552408.2732916,275199.8828422,15,R_Foot,46,1,0.6029,0.7896,10.0871,7.3242,-4.5776,0.8545,4.0594,-2.7905,-174.8804,0.0259,0.0343,-0.9981,0.0438
independent_20260430_203326,trial_001,subject_001,1777552408.2732916,1777552408.2732916,275199.8830392,9,Trunk,82,1,0.0574,9.6612,-1.9954,-5.6152,0.1831,9.0332,91.3568,1.0052,-148.6011,0.1877,0.6904,-0.6709,0.1951
independent_20260430_203326,trial_001,subject_001,1777552408.2742934,1777552408.2742934,275199.8831905,11,L_Tibia,84,1,0.8278,10.4508,-4.7804,112.7319,29.1748,15.8691,134.0497,-1.4557,-53.3167,0.825,0.4086,-0.1856,0.3436
independent_20260430_203326,trial_001,subject_001,1777552408.2742934,1777552408.2742934,275199.8833641,12,L_Foot,91,1,-0.823,0.6843,10.7953,171.7529,33.9966,34.668,17.7429,7.0807,-118.7567,0.0259,0.1635,-0.8438,0.5105
independent_20260430_203326,trial_001,subject_001,1777552408.2742934,1777552408.2742934,275199.8835392,13,R_Femur,90,1,0.7417,9.5512,-0.5312,56.0913,-11.5967,10.8643,86.8414,-2.2577,-23.4558,0.6758,0.1257,-0.1609,0.7083
independent_20260430_203326,trial_001,subject_001,1777552408.2742934,1777552408.2742934,275199.8837092,14,R_Tibia,45,1,-0.7369,9.3263,-2.6127,22.3999,3.2349,13.855,103.2056,-3.9056,-170.365,0.0869,0.7787,-0.6208,0.0255
independent_20260430_203326,trial_001,subject_001,1777552408.2742934,1777552408.2742934,275199.8838781,9,Trunk,83,1,0.2823,9.666,-1.5312,-6.8359,2.5635,13.6719,91.2415,0.8075,-148.5736,0.1888,0.6893,-0.6719,0.1943
independent_20260430_203326,trial_001,subject_001,1777552408.2742934,1777552408.2742934,275199.884061,10,L_Femur,86,1,-1.1389,10.9867,-2.9764,-93.6279,12.4512,-5.9204,111.2256,1.7908,-4.5428,0.8241,0.0415,-0.0095,0.5648
independent_20260430_203326,trial_001,subject_001,1777552408.2752955,1777552408.2752955,275199.8842028,11,L_Tibia,85,1,1.292,9.8718,-5.5316,111.6943,35.5225,16.6016,135.7196,-1.994,-53.1189,0.8313,0.4082,-0.1829,0.3298
independent_20260430_203326,trial_001,subject_001,1777552408.2752955,1777552408.2752955,275199.884333,12,L_Foot,92,1,-0.9618,0.914,10.8288,215.5762,37.9028,42.1753,20.9454,7.4103,-117.9932,0.039,0.1882,-0.835,0.5155
independent_20260430_203326,trial_001,subject_001,1777552408.2752955,1777552408.2752955,275199.8844327,15,R_Foot,47,1,0.823,0.9953,10.1254,3.6011,-3.1738,-0.2441,4.2407,-2.9224,-174.8804,0.0271,0.0358,-0.998,0.0437
independent_20260430_203326,trial_001,subject_001,1777552408.3426828,1777552408.3426828,275199.9523738,9,Trunk,84,1,0.402,9.6182,-1.1771,-7.2632,1.9531,15.4419,91.1206,0.5713,-148.5461,0.1902,0.6882,-0.673,0.1932
independent_20260430_203326,trial_001,subject_001,1777552408.3426828,1777552408.3426828,275199.9524933,10,L_Femur,87,1,-2.005,10.2833,-3.8473,-102.0508,-12.2681,-6.7749,109.2426,1.9446,-4.5813,0.8142,0.0424,-0.0093,0.579
independent_20260430_203326,trial_001,subject_001,1777552408.3436842,1777552408.3436842,275199.9526045,11,L_Tibia,86,1,0.9044,8.9482,-6.0867,106.2622,37.6587,16.5405,137.3346,-2.5653,-52.8937,0.8374,0.4075,-0.1806,0.3163
independent_20260430_203326,trial_001,subject_001,1777552408.3436842,1777552408.3436842,275199.9527052,12,L_Foot,93,1,-0.78,1.804,11.7858,256.1035,62.2559,54.9316,24.8016,7.8772,-116.9495,0.0548,0.2177,-0.8228,0.522
independent_20260430_203326,trial_001,subject_001,1777552408.3436842,1777552408.3436842,275199.9528409,13,R_Femur,91,1,0.5694,9.6325,-0.268,50.8423,-33.0811,13.855,88.6542,-2.7466,-24.2358,0.6866,0.1299,-0.1665,0.6957
independent_20260430_203326,trial_001,subject_001,1777552408.3436842,1777552408.3436842,275199.9529759,14,R_Tibia,46,1,1.7131,9.7282,-2.7132,19.2871,-16.6626,14.7095,103.9911,-4.2792,-171.0516,0.0843,0.7832,-0.6157,0.0187
independent_20260430_203326,trial_001,subject_001,1777552408.3436842,1777552408.3436842,275199.9530823,9,Trunk,85,1,0.5742,9.4555,-0.9379,-6.6528,0.6104,14.6484,90.9668,0.2582,-148.5352,0.1918,0.6868,-0.6744,0.1916
independent_20260430_203326,trial_001,subject_001,1777552408.3436842,1777552408.3436842,275199.9531765,10,L_Femur,88,1,-1.5073,10.1685,-4.3019,-109.9854,-30.3345,-2.3804,107.6001,2.1204,-4.9493,0.8056,0.0458,-0.0106,0.5906
independent_20260430_203326,trial_001,subject_001,1777552408.3436842,1777552408.3436842,275199.9532902,11,L_Tibia,87,1,0.512,8.5941,-7.1155,99.2432,29.1748,16.1743,139.3726,-3.252,-52.6959,0.8444,0.4072,-0.1779,0.2992
independent_20260430_203326,trial_001,subject_001,1777552408.3436842,1777552408.3436842,275199.9533977,12,L_Foot,94,1,-1.5121,1.7609,10.0058,314.3311,59.2041,67.627,31.1298,8.3826,-115.2026,0.0839,0.2637,-0.8007,0.5313
independent_20260430_203326,trial_001,subject_001,1777552408.3446834,1777552408.3446834,275199.9535645,15,R_Foot,48,1,0.5742,0.7369,9.9723,3.418,-1.5869,-0.3662,4.3231,-2.9883,-174.8914,0.0277,0.0365,-0.998,0.0435
independent_20260430_203326,trial_001,subject_001,1777552408.3446834,1777552408.3446834,275199.9536816,9,Trunk,86,1,0.78,9.355,-0.8661,-5.3101,0.6104,14.4043,90.8679,0.0385,-148.5297,0.193,0.6858,-0.6754,0.1905
independent_20260430_203326,trial_001,subject_001,1777552408.3446834,1777552408.3446834,275199.9537823,10,L_Femur,89,1,-0.6269,10.5608,-4.4885,-117.1265,-41.9312,2.5635,105.8368,2.2632,-5.5316,0.7961,0.0504,-0.0134,0.6029
independent_20260430_203326,trial_001,subject_001,1777552408.3446834,1777552408.3446834,275199.953877,11,L_Tibia,88,1,0.8183,8.6468,-6.6274,87.5854,28.2593,13.1226,140.7184,-3.7079,-52.5531,0.8489,0.407,-0.176,0.2877
independent_20260430_203326,trial_001,subject_001,1777552408.3446834,1777552408.3446834,275199.9539969,12,L_Foot,95,1,-1.4308,2.4452,8.7903,334.1675,66.7114,80.5054,36.3043,8.5529,-113.6755,0.1106,0.2988,-0.7805,0.5378
independent_20260430_203326,trial_001,subject_001,1777552408.3446834,1777552408.3446834,275199.9540975,13,R_Femur,92,1,1.4212,9.9866,-0.3158,54.5654,-41.2598,10.8643,90.3131,-3.1641,-25.4498,0.6956,0.1371,-0.1744,0.6833
independent_20260430_203326,trial_001,subject_001,1777552408.3446834,1777552408.3446834,275199.9541891,14,R_Tibia,47,1,0.5981,9.7091,-2.4979,14.2212,7.5073,9.2773,104.5239,-4.6417,-171.0681,0.0862,0.7858,-0.6122,0.0157
independent_20260430_203326,trial_001,subject_001,1777552408.3446834,1777552408.3446834,275199.95428,9,Trunk,87,1,0.914,9.465,-0.9522,-1.8311,-1.6479,14.3433,90.7965,-0.2582,-148.5461,0.1945,0.6849,-0.6763,0.1888
independent_20260430_203326,trial_001,subject_001,1777552408.3446834,1777552408.3446834,275199.9543691,10,L_Femur,90,1,0.1771,10.4891,-4.321,-116.6992,-37.4146,2.5024,103.4637,2.4005,-6.3062,0.783,0.0561,-0.0176,0.6192
independent_20260430_203326,trial_001,subject_001,1777552408.3446834,1777552408.3446834,275199.9544589,11,L_Tibia,89,1,0.5694,7.7041,-7.551,68.4204,10.498,12.085,142.229,-4.1089,-52.5201,0.8531,0.408,-0.1735,0.2751
independent_20260430_203326,trial_001,subject_001,1777552408.3456836,1777552408.3456836,275199.9545568,12,L_Foot,96,1,0.0861,4.7564,7.1203,315.2466,93.2617,98.2056,41.424,8.6792,-111.7255,0.1393,0.3316,-0.757,0.5456
independent_20260430_203326,trial_001,subject_001,1777552408.3456836,1777552408.3456836,275199.9546483,13,R_Femur,93,1,1.0336,10.1206,-0.5359,50.1099,-37.4756,5.127,91.3843,-3.2959,-26.2079,0.7012,0.1426,-0.1783,0.6754
independent_20260430_203326,trial_001,subject_001,1777552408.3456836,1777552408.3456836,275199.9547379,15,R_Foot,49,1,0.579,0.8278,9.9962,5.249,-2.6855,0.5493,4.4769,-3.0707,-174.8859,0.0285,0.0378,-0.9979,0.0435
independent_20260430_203326,trial_001,subject_001,1777552408.3456836,1777552408.3456836,275199.9548274,9,Trunk,88,1,0.9953,9.6899,-0.9522,-0.4883,-4.3335,13.5498,90.7745,-0.4669,-148.6066,0.1953,0.6845,-0.6769,0.1872
independent_20260430_203326,trial_001,subject_001,1777552408.3456836,1777552408.3456836,275199.9549252,10,L_Femur,91,1,0.4402,10.1397,-4.2301,-114.502,-31.9214,0.7324,101.7114,2.4884,-6.7896,0.7732,0.0596,-0.0206,0.631
independent_20260430_203326,trial_001,subject_001,1777552408.3456836,1777552408.3456836,275199.9550409,11,L_Tibia,90,1,-0.0574,6.4791,-8.7999,49.4385,-7.1411,13.7329,143.0365,-4.1858,-52.6959,0.8545,0.4103,-0.1716,0.2685
independent_20260430_203326,trial_001,subject_001,1777552408.3456836,1777552408.3456836,275199.9551306,13,R_Femur,94,1,0.378,9.9531,-0.7273,49.6826,-38.8794,3.3569,92.1533,-3.3398,-26.7847,0.7051,0.1471,-0.181,0.6697
independent_20260430_203326,trial_001,subject_001,1777552408.3456836,1777552408.3456836,275199.9552193,14,R_Tibia,48,1,0.0813,9.5416,-2.7371,14.8315,-16.9678,10.6812,105.0348,-4.9109,-171.3373,0.0859,0.7886,-0.6088,0.012
independent_20260430_203326,trial_001,subject_001,1777552408.3924847,1777552408.3924847,275200.002282,9,Trunk,89,1,1.0432,9.8718,-0.7513,-3.2959,-5.9814,13.1226,90.7196,-0.6757,-148.6945,0.196,0.684,-0.6777,0.1855
independent_20260430_203326,trial_001,subject_001,1777552408.3934853,1777552408.3934853,275200.0024304,10,L_Femur,92,1,0.5646,9.7617,-4.2014,-109.375,-29.7852,-1.0986,100.036,2.5873,-7.229,0.7636,0.0628,-0.0232,0.6422
independent_20260430_203326,trial_001,subject_001,1777552408.3934853,1777552408.3934853,275200.0025938,11,L_Tibia,91,1,0.579,4.4933,-9.6517,41.0767,-31.311,16.1133,143.7012,-4.0045,-53.1244,0.8543,0.4149,-0.1689,0.2636
independent_20260430_203326,trial_001,subject_001,1777552408.3934853,1777552408.3934853,275200.0027243,12,L_Foot,97,1,-11.982,3.5362,32.9984,-24.1699,78.7964,27.1606,47.1643,9.5416,-106.8036,0.1765,0.3655,-0.7134,0.5712
independent_20260430_203326,trial_001,subject_001,1777552408.3934853,1777552408.3934853,275200.0028498,13,R_Femur,95,1,-0.067,9.7378,-0.9235,48.7671,-47.5464,2.9907,92.9224,-3.3618,-27.4603,0.7087,0.1524,-0.1841,0.6638
independent_20260430_203326,trial_001,subject_001,1777552408.3934853,1777552408.3934853,275200.0029672,15,R_Foot,50,1,0.4354,1.0432,9.9436,1.9531,-4.2725,1.0376,4.5648,-3.197,-174.8639,0.0296,0.0385,-0.9979,0.0436
independent_20260430_203326,trial_001,subject_001,1777552408.3934853,1777552408.3934853,275200.0030834,9,Trunk,90,1,0.78,9.7234,-0.579,-5.249,-10.0708,14.3433,90.6042,-0.9613,-148.8757,0.1964,0.6832,-0.6792,0.183
independent_20260430_203326,trial_001,subject_001,1777552408.3934853,1777552408.3934853,275200.0032136,10,L_Femur,93,1,0.914,10.0393,-4.0961,-106.6895,-34.5459,1.77,97.8497,2.6697,-7.8937,0.7508,0.0671,-0.0277,0.6565
independent_20260430_203326,trial_001,subject_001,1777552408.3934853,1777552408.3934853,275200.0033279,11,L_Tibia,92,1,2.3878,5.2828,-7.7759,21.9116,-11.5967,-1.4038,144.2944,-3.7463,-53.4045,0.8544,0.4185,-0.1655,0.2598
independent_20260430_203326,trial_001,subject_001,1777552408.3944848,1777552408.3944848,275200.0034586,12,L_Foot,98,1,-10.001,-2.7945,14.2885,-127.2583,-127.9907,-26.6113,44.621,8.8,-108.0011,0.1651,0.3479,-0.7291,0.5657
independent_20260430_203326,trial_001,subject_001,1777552408.3944848,1777552408.3944848,275200.0035727,13,R_Femur,96,1,0.1818,9.7282,-0.9666,48.4009,-54.9927,2.5635,93.9441,-3.3673,-28.526,0.7131,0.1606,-0.1889,0.6557
independent_20260430_203326,trial_001,subject_001,1777552408.3944848,1777552408.3944848,275200.0037117,14,R_Tibia,49,1,0.3063,9.2784,-2.9094,12.8174,-29.7852,11.2305,105.4742,-4.9878,-172.2821,0.0798,0.7915,-0.6059,0.0062
independent_20260430_203326,trial_001,subject_001,1777552408.3944848,1777552408.3944848,275200.003845,9,Trunk,91,1,0.579,9.5177,-0.6986,-2.9907,-11.1694,15.625,90.5383,-1.1975,-149.0405,0.1967,0.6826,-0.6802,0.1807
independent_20260430_203326,trial_001,subject_001,1777552408.3944848,1777552408.3944848,275200.0039812,10,L_Femur,94,1,1.4738,10.0345,-3.7468,-97.1069,-23.1323,1.8921,96.3446,2.6862,-8.2837,0.7419,0.0694,-0.0307,0.6662
independent_20260430_203326,trial_001,subject_001,1777552408.3944848,1777552408.3944848,275200.004219,11,L_Tibia,93,1,2.4835,6.5844,-5.9384,-10.8032,9.5215,-10.0098,144.2285,-3.7354,-53.2507,0.8548,0.4173,-0.1653,0.2605
independent_20260430_203326,trial_001,subject_001,1777552408.3954885,1777552408.3954885,275200.0044024,12,L_Foot,99,1,-1.5265,-2.5888,5.6561,-131.0425,-157.8979,-37.5366,42.4127,7.4652,-110.05,0.1572,0.3306,-0.7488,0.5526
independent_20260430_203326,trial_001,subject_001,1777552408.3954885,1777552408.3954885,275200.0045803,13,R_Femur,97,1,0.5694,10.2067,-0.981,42.9077,-53.894,0.6714,94.6527,-3.3289,-29.3335,0.716,0.167,-0.1922,0.6501
independent_20260430_203326,trial_001,subject_001,1777552408.3954885,1777552408.3954885,275200.0047858,15,R_Foot,51,1,0.6125,0.8613,9.9914,2.8687,-6.4087,1.77,4.6198,-3.4058,-174.8199,0.0315,0.0389,-0.9978,0.0439
independent_20260430_203326,trial_001,subject_001,1777552408.3954885,1777552408.3954885,275200.004992,9,Trunk,92,1,0.5072,9.5081,-0.8135,1.6479,-11.1084,14.9536,90.5383,-1.4282,-149.2108,0.197,0.6825,-0.6808,0.1783
independent_20260430_203326,trial_001,subject_001,1777552408.3954885,1777552408.3954885,275200.0051948,11,L_Tibia,94,1,2.3017,5.7661,-5.278,-37.7808,23.6816,-11.8408,143.7231,-3.8837,-52.9211,0.855,0.4138,-0.1675,0.2642
independent_20260430_203326,trial_001,subject_001,1777552408.4226153,1777552408.4226153,275200.0323082,12,L_Foot,100,1,3.3783,-1.871,5.101,-139.7095,-117.8589,-20.1416,40.1605,6.2787,-111.5991,0.1502,0.3125,-0.7651,0.5427
independent_20260430_203326,trial_001,subject_001,1777552408.543248,1777552408.543248,275200.1524546,13,R_Femur,98,1,1.2585,10.2929,-1.1437,38.7573,-49.4385,0.3052,95.4712,-3.2574,-30.3113,0.719,0.175,-0.1961,0.6434
independent_20260430_203326,trial_001,subject_001,1777552408.543248,1777552408.543248,275200.1525977,14,R_Tibia,50,1,1.4212,9.7091,-2.9572,11.6577,-30.2124,7.7515,106.0345,-4.9548,-173.5016,0.0712,0.7953,-0.602,-0.0004
independent_20260430_203326,trial_001,subject_001,1777552408.543248,1777552408.543248,275200.1527273,9,Trunk,93,1,0.6077,9.5464,-0.8183,1.709,-9.0942,12.6953,90.5713,-1.7029,-149.4031,0.1976,0.6826,-0.6814,0.1754
independent_20260430_203326,trial_001,subject_001,1777552408.543248,1777552408.543248,275200.1528529,10,L_Femur,95,1,0.2728,9.1349,-3.1247,-80.0171,1.709,-5.7983,93.3289,2.7795,-8.4375,0.7239,0.0701,-0.0329,0.6855
independent_20260430_203326,trial_001,subject_001,1777552408.543248,1777552408.543248,275200.1529771,11,L_Tibia,95,1,2.3017,5.6178,-5.5364,-74.9512,43.6401,-16.1133,142.3993,-4.3176,-52.229,0.8548,0.4055,-0.1738,0.2735
independent_20260430_203326,trial_001,subject_001,1777552408.543248,1777552408.543248,275200.1530828,12,L_Foot,101,1,4.4502,-1.4021,4.8761,-136.6577,-38.269,23.4375,37.3535,5.213,-112.1814,0.1427,0.2895,-0.7773,0.54
independent_20260430_203326,trial_001,subject_001,1777552408.5442464,1777552408.5442464,275200.1531824,13,R_Femur,99,1,1.8279,9.4938,-1.1484,46.5698,-47.6074,3.479,96.1798,-3.23,-31.0309,0.7218,0.1809,-0.1988,0.6378
independent_20260430_203326,trial_001,subject_001,1777552408.5442464,1777552408.5442464,275200.1532807,15,R_Foot,52,1,0.7513,0.8422,9.9483,2.4414,-4.6387,1.3428,4.6857,-3.5706,-174.7815,0.033,0.0394,-0.9977,0.0442
independent_20260430_203326,trial_001,subject_001,1777552408.5442464,1777552408.5442464,275200.153378,9,Trunk,94,1,0.7608,9.2401,-0.7369,2.7466,-8.3618,12.3901,90.5933,-1.8951,-149.5349,0.1979,0.6826,-0.6817,0.1735
independent_20260430_203326,trial_001,subject_001,1777552408.5442464,1777552408.5442464,275200.153474,11,L_Tibia,96,1,1.8901,5.9623,-6.8619,-97.6562,43.9453,-17.6392,140.9546,-4.6692,-51.6248,0.8537,0.3978,-0.18,0.2839
independent_20260430_203326,trial_001,subject_001,1777552408.5442464,1777552408.5442464,275200.1535705,12,L_Foot,102,1,0.4642,0.1244,8.4745,-148.4985,-9.7046,34.9121,35.2167,4.7516,-111.8958,0.1365,0.2725,-0.782,0.5436
independent_20260430_203326,trial_001,subject_001,1777552408.5442464,1777552408.5442464,275200.1536671,13,R_Femur,100,1,2.1485,9.221,-1.5217,45.0439,-42.9688,4.3335,96.8994,-3.23,-31.6846,0.7248,0.1862,-0.2013,0.6321
independent_20260430_203326,trial_001,subject_001,1777552408.5442464,1777552408.5442464,275200.1537617,14,R_Tibia,51,1,1.5073,9.0057,-2.9668,6.6528,-22.8271,6.7749,106.4301,-4.9274,-174.4299,0.0646,0.798,-0.5992,-0.0053
independent_20260430_203326,trial_001,subject_001,1777552408.5442464,1777552408.5442464,275200.1538572,9,Trunk,95,1,1.1915,9.0009,-0.4785,3.0518,-5.3101,12.8174,90.6427,-2.1588,-149.6613,0.1988,0.6827,-0.682,0.171
independent_20260430_203326,trial_001,subject_001,1777552408.5442464,1777552408.5442464,275200.1539661,11,L_Tibia,97,1,1.091,5.9192,-7.0725,-118.5303,26.4893,-23.1934,138.642,-4.9054,-50.8667,0.8506,0.3878,-0.1877,0.3014
independent_20260430_203326,trial_001,subject_001,1777552408.5442464,1777552408.5442464,275200.1540609,12,L_Foot,103,1,-3.2778,0.4689,9.6134,-167.4194,-18.0054,19.7754,32.7832,4.3726,-111.7255,0.128,0.2539,-0.7874,0.5469
independent_20260430_203326,trial_001,subject_001,1777552408.5452461,1777552408.5452461,275200.1541541,13,R_Femur,101,1,1.9571,8.8765,-2.2538,48.645,-36.1328,1.0986,97.8772,-3.186,-32.4371,0.7288,0.193,-0.2035,0.6246
independent_20260430_203326,trial_001,subject_001,1777552408.5452461,1777552408.5452461,275200.1542476,15,R_Foot,53,1,0.8996,0.8374,10.0488,-0.6104,-1.4648,0.0,4.7021,-3.6749,-174.7705,0.0339,0.0395,-0.9977,0.0442
independent_20260430_203326,trial_001,subject_001,1777552408.5452461,1777552408.5452461,275200.1543439,10,L_Femur,96,1,-0.2967,9.3071,-2.5936,-65.4907,-22.8882,-0.061,89.8846,2.9114,-9.1736,0.7025,0.0744,-0.0387,0.7068
independent_20260430_203326,trial_001,subject_001,1777552408.5452461,1777552408.5452461,275200.1544374,11,L_Tibia,98,1,0.0048,6.2303,-6.8141,-137.0239,-5.8594,-24.292,136.6205,-4.6692,-50.5756,0.8459,0.383,-0.192,0.3177
independent_20260430_203326,trial_001,subject_001,1777552408.5452461,1777552408.5452461,275200.1545295,12,L_Foot,104,1,-3.8616,1.0767,8.7281,-177.8564,-36.1938,-3.8452,29.2621,3.7958,-112.0386,0.1145,0.2273,-0.7972,0.5474
independent_20260430_203326,trial_001,subject_001,1777552408.5452461,1777552408.5452461,275200.1546209,13,R_Femur,102,1,1.7753,9.0583,-2.1868,47.3633,-23.4985,-2.0752,98.6133,-3.1201,-32.8162,0.7321,0.1971,-0.2039,0.6194
independent_20260430_203326,trial_001,subject_001,1777552408.5452461,1777552408.5452461,275200.1547332,14,R_Tibia,52,1,1.1532,9.2306,-2.3017,1.0986,-10.3149,5.6152,106.5784,-4.9713,-174.9463,0.0612,0.799,-0.5982,-0.0084
independent_20260430_203326,trial_001,subject_001,1777552408.612693,1777552408.612693,275200.2224667,9,Trunk,96,1,1.6222,8.8573,-0.311,7.019,-0.6714,14.5874,90.7745,-2.5873,-149.7272,0.2011,0.6829,-0.682,0.1678
independent_20260430_203326,trial_001,subject_001,1777552408.613695,1777552408.613695,275200.2227228,10,L_Femur,97,1,-0.0239,9.2162,-2.4261,-63.9038,-19.3481,-0.6104,88.9069,2.9169,-9.4702,0.6962,0.0759,-0.0411,0.7126
independent_20260430_203326,trial_001,subject_001,1777552408.613695,1777552408.613695,275200.2228814,11,L_Tibia,99,1,-0.0096,6.6179,-6.9289,-154.6021,-32.1045,-19.165,134.3628,-4.1583,-50.658,0.8386,0.3814,-0.196,0.336
independent_20260430_203326,trial_001,subject_001,1777552408.613695,1777552408.613695,275200.2230326,12,L_Foot,105,1,-2.3064,1.7179,8.5606,-175.7202,-18.1885,-14.1602,26.6089,3.587,-112.3627,0.1027,0.208,-0.8041,0.5473
independent_20260430_203326,trial_001,subject_001,1777552408.613695,1777552408.613695,275200.2232275,13,R_Femur,103,1,1.4403,9.5033,-1.5121,42.7246,-13.7329,-1.709,99.4922,-3.0432,-33.1128,0.7362,0.201,-0.2035,0.6134
independent_20260430_203326,trial_001,subject_001,1777552408.613695,1777552408.613695,275200.2233934,15,R_Foot,54,1,0.7704,0.7178,9.9866,-2.0142,0.4272,-0.3662,4.6252,-3.6859,-174.776,0.0339,0.0388,-0.9977,0.0442
independent_20260430_203326,trial_001,subject_001,1777552408.614697,1777552408.614697,275200.2235464,9,Trunk,97,1,1.2872,8.9339,-0.311,8.9722,0.1831,13.4888,90.9229,-2.8784,-149.7272,0.2031,0.6832,-0.6815,0.1658
independent_20260430_203326,trial_001,subject_001,1777552408.614697,1777552408.614697,275200.2237156,10,L_Femur,98,1,-0.4067,8.9578,-2.2634,-60.6689,-20.0195,-1.4648,87.6489,2.9279,-9.8547,0.6881,0.0778,-0.0443,0.7201
independent_20260430_203326,trial_001,subject_001,1777552408.614697,1777552408.614697,275200.2238902,11,L_Tibia,100,1,2.1533,7.0964,-6.9624,-169.3726,-25.2075,-14.0991,131.0724,-3.5266,-50.8997,0.827,0.3795,-0.2032,0.3617
independent_20260430_203326,trial_001,subject_001,1777552408.614697,1777552408.614697,275200.2240371,12,L_Foot,106,1,-1.627,2.0911,9.5942,-173.8892,14.4653,-25.6958,23.1207,3.9276,-112.7142,0.083,0.1853,-0.8113,0.5482
independent_20260430_203326,trial_001,subject_001,1777552408.6152053,1777552408.6152053,275200.224145,13,R_Femur,104,1,1.3877,9.6469,-1.1197,38.269,-6.958,0.0,100.08,-3.0267,-33.2227,0.7391,0.2028,-0.2029,0.6094
independent_20260430_203326,trial_001,subject_001,1777552408.6152053,1777552408.6152053,275200.2242489,14,R_Tibia,53,1,2.2395,9.2928,-1.493,1.0986,7.5073,2.9907,106.6388,-5.0922,-174.9573,0.0618,0.7992,-0.5978,-0.0093
independent_20260430_203326,trial_001,subject_001,1777552408.6152053,1777552408.6152053,275200.224372,9,Trunk,98,1,1.1341,8.9722,-0.3206,11.7798,0.8545,11.8408,91.0767,-3.0652,-149.7162,0.2044,0.6838,-0.6809,0.1645
independent_20260430_203326,trial_001,subject_001,1777552408.6152053,1777552408.6152053,275200.2244751,10,L_Femur,99,1,-0.9188,8.6372,-1.9571,-55.481,-28.5645,-1.0986,86.7755,2.9224,-10.2502,0.6823,0.0798,-0.0475,0.7251
independent_20260430_203326,trial_001,subject_001,1777552408.6152053,1777552408.6152053,275200.2245701,11,L_Tibia,101,1,2.6127,7.3883,-6.8858,-179.5044,-2.0752,-19.9585,128.4137,-3.2355,-50.8063,0.8183,0.375,-0.2095,0.382
independent_20260430_203326,trial_001,subject_001,1777552408.6152053,1777552408.6152053,275200.2246661,12,L_Foot,107,1,-1.8949,2.4883,10.1063,-170.7153,15.2588,-33.3252,20.5334,4.3286,-113.0713,0.0672,0.1691,-0.8166,0.5478
independent_20260430_203326,trial_001,subject_001,1777552408.6152053,1777552408.6152053,275200.2247603,15,R_Foot,55,1,0.7656,0.9379,9.9101,-2.2583,2.5635,-1.5259,4.5374,-3.6035,-174.8035,0.0332,0.0381,-0.9978,0.044
independent_20260430_203326,trial_001,subject_001,1777552408.6152053,1777552408.6152053,275200.224854,10,L_Femur,100,1,-1.0336,8.3453,-1.5695,-44.6777,-36.377,0.9155,85.7867,2.8729,-10.9424,0.6756,0.0832,-0.0528,0.7307
independent_20260430_203326,trial_001,subject_001,1777552408.6152053,1777552408.6152053,275200.2249649,12,L_Foot,108,1,-1.7083,3.2922,11.403,-168.0298,11.4746,-37.1094,17.9846,4.6857,-113.5327,0.0518,0.1528,-0.822,0.5462
independent_20260430_203326,trial_001,subject_001,1777552408.6162133,1777552408.6162133,275200.2250648,13,R_Femur,105,1,1.5695,9.2545,-1.1771,41.8701,-0.061,0.2441,101.4478,-3.0432,-33.3105,0.7462,0.2057,-0.2011,0.6004
independent_20260430_203326,trial_001,subject_001,1777552408.6162133,1777552408.6162133,275200.2251584,14,R_Tibia,54,1,0.8565,9.0104,-2.9285,1.4038,15.4419,0.4883,106.6278,-5.2679,-174.4135,0.0665,0.7988,-0.5979,-0.0077
independent_20260430_203326,trial_001,subject_001,1777552408.6162133,1777552408.6162133,275200.2252519,9,Trunk,99,1,1.0527,9.5655,-0.2823,12.085,0.061,9.8877,91.5161,-3.4662,-149.7162,0.2074,0.6857,-0.6788,0.1612
independent_20260430_203326,trial_001,subject_001,1777552408.6162133,1777552408.6162133,275200.2253438,10,L_Femur,101,1,-0.5981,8.1204,-1.1771,-39.1235,-34.4849,1.8921,85.1605,2.8015,-11.4587,0.6712,0.0854,-0.057,0.7341
independent_20260430_203326,trial_001,subject_001,1777552408.6162133,1777552408.6162133,275200.2254353,11,L_Tibia,102,1,0.2249,7.4026,-7.0007,-196.0449,-15.3809,-20.752,121.6956,-2.5543,-50.4602,0.7944,0.3623,-0.2252,0.4323
independent_20260430_203326,trial_001,subject_001,1777552408.6162133,1777552408.6162133,275200.2255255,12,L_Foot,109,1,-1.3542,3.9573,12.7094,-174.3774,13.3667,-35.7666,14.502,5.1306,-114.1699,0.0312,0.13,-0.8289,0.5433
independent_20260430_203326,trial_001,subject_001,1777552408.6162133,1777552408.6162133,275200.2256161,13,R_Femur,106,1,1.1867,9.0057,-1.5791,48.2178,0.7324,-0.2441,102.1399,-3.0487,-33.2886,0.7498,0.2067,-0.1997,0.5959
independent_20260430_203326,trial_001,subject_001,1777552408.6162133,1777552408.6162133,275200.2257071,15,R_Foot,56,1,0.7513,0.8326,9.7952,-3.2959,3.0518,-2.3193,4.4275,-3.5101,-174.8474,0.0323,0.0372,-0.9978,0.0437
independent_20260430_203326,trial_001,subject_001,1777552408.6162133,1777552408.6162133,275200.225798,9,Trunk,100,1,1.0767,9.4555,-0.1388,8.606,1.5869,7.8735,91.6425,-3.598,-149.6942,0.2085,0.6862,-0.6782,0.1603
independent_20260430_203326,trial_001,subject_001,1777552408.6162133,1777552408.6162133,275200.2258999,10,L_Femur,102,1,-0.1436,7.9242,-0.6747,-33.8745,-30.3955,2.1362,84.6112,2.7301,-11.9202,0.6674,0.0874,-0.0608,0.737
independent_20260430_203326,trial_001,subject_001,1777552408.6162133,1777552408.6162133,275200.2259931,11,L_Tibia,103,1,0.3397,7.795,-6.7471,-198.3643,-24.7803,-19.2261,118.7347,-2.1204,-50.6085,0.7818,0.3592,-0.2321,0.4538
independent_20260430_203326,trial_001,subject_001,1777552408.6172125,1777552408.6172125,275200.2260843,12,L_Foot,110,1,-1.603,4.0626,12.2979,-173.8281,15.0757,-34.79,11.8542,5.4712,-114.6368,0.0157,0.1124,-0.8336,0.5406
independent_20260430_203326,trial_001,subject_001,1777552408.6172125,1777552408.6172125,275200.2261739,13,R_Femur,107,1,0.89,9.3598,-1.7849,50.1099,2.1973,-2.5635,102.887,-3.0377,-33.2501,0.7538,0.2078,-0.1981,0.5911
independent_20260430_203326,trial_001,subject_001,1777552408.6172125,1777552408.6172125,275200.2262647,14,R_Tibia,55,1,1.1484,9.6373,-1.8662,-1.9531,26.7334,-0.1831,106.5509,-5.4987,-173.6664,0.0729,0.7978,-0.5985,-0.0054
independent_20260430_203326,trial_001,subject_001,1777552408.6172125,1777552408.6172125,275200.2263576,9,Trunk,101,1,1.1054,9.1684,0.0383,11.5356,3.9062,6.5918,91.8237,-3.7463,-149.6283,0.21,0.6869,-0.6773,0.1595
independent_20260430_203326,trial_001,subject_001,1777552408.6172125,1777552408.6172125,275200.2264502,10,L_Femur,103,1,0.1148,8.1539,-0.2967,-24.5972,-28.1982,3.479,84.0399,2.6093,-12.475,0.6634,0.0895,-0.0655,0.74
independent_20260430_203326,trial_001,subject_001,1777552408.6172125,1777552408.6172125,275200.2265413,11,L_Tibia,104,1,0.8613,8.1491,-6.259,-196.4722,-28.2593,-19.8975,114.8016,-1.5161,-50.9271,0.7636,0.3557,-0.2417,0.4816
independent_20260430_203326,trial_001,subject_001,1777552408.6172125,1777552408.6172125,275200.2266324,12,L_Foot,111,1,-2.3687,4.5076,12.1352,-168.8232,7.8125,-35.0342,9.2725,5.7184,-115.1257,0.0013,0.0948,-0.838,0.5374
independent_20260430_203326,trial_001,subject_001,1777552408.6172125,1777552408.6172125,275200.2267227,13,R_Femur,108,1,0.1627,9.9627,-1.536,45.7153,7.9346,-4.5166,103.8098,-3.0048,-33.1018,0.7587,0.2086,-0.1955,0.5853
independent_20260430_203326,trial_001,subject_001,1777552408.6333616,1777552408.6333616,275200.2425327,15,R_Foot,57,1,0.5024,0.9235,9.9483,-0.7324,1.4038,-1.5869,4.3945,-3.4387,-174.9188,0.0317,0.037,-0.9979,0.0431
independent_20260430_203326,trial_001,subject_001,1777552408.7027981,1777552408.7027981,275200.3119894,9,Trunk,102,1,0.89,9.398,0.0239,14.0381,1.5869,5.8594,92.0105,-3.8452,-149.6008,0.211,0.6877,-0.6762,0.1587
independent_20260430_203326,trial_001,subject_001,1777552408.7027981,1777552408.7027981,275200.3121761,10,L_Femur,104,1,0.3445,8.5176,-0.0287,-20.752,-25.5737,4.8218,83.6993,2.4939,-12.854,0.661,0.0908,-0.0689,0.7417
independent_20260430_203326,trial_001,subject_001,1777552408.7027981,1777552408.7027981,275200.3123561,11,L_Tibia,105,1,1.2633,8.5989,-6.058,-193.1763,-25.0854,-22.0947,111.9067,-1.0547,-51.1578,0.7496,0.3531,-0.2486,0.5017
independent_20260430_203326,trial_001,subject_001,1777552408.7027981,1777552408.7027981,275200.3125617,12,L_Foot,112,1,-2.6797,4.5842,11.7284,-159.1797,-5.9814,-36.1938,5.9656,5.7623,-115.8563,-0.0149,0.0707,-0.8438,0.5318
independent_20260430_203326,trial_001,subject_001,1777552408.7037997,1777552408.7037997,275200.3127135,13,R_Femur,109,1,-0.4307,10.2307,-1.1532,39.6729,8.667,-5.6763,104.4141,-2.9663,-32.948,0.762,0.2088,-0.1933,0.5817
independent_20260430_203326,trial_001,subject_001,1777552408.7037997,1777552408.7037997,275200.3128221,14,R_Tibia,56,1,0.1101,9.6899,-1.5552,3.2349,21.1792,-0.9766,106.5344,-5.7074,-172.7985,0.08,0.797,-0.5987,-0.0023
independent_20260430_203326,trial_001,subject_001,1777552408.7037997,1777552408.7037997,275200.3129227,9,Trunk,103,1,0.6986,9.7139,-0.067,15.1367,-2.6245,4.6387,92.2247,-3.9221,-149.6283,0.2116,0.6889,-0.6751,0.1577
independent_20260430_203326,trial_001,subject_001,1777552408.7037997,1777552408.7037997,275200.3130223,10,L_Femur,105,1,0.6412,8.7473,0.3637,-17.0898,-20.3247,5.8594,83.4137,2.373,-13.1616,0.659,0.0916,-0.0719,0.7431
independent_20260430_203326,trial_001,subject_001,1777552408.7037997,1777552408.7037997,275200.3132422,12,L_Foot,113,1,-1.7705,3.8568,10.6996,-150.9399,-13.0615,-31.6162,3.631,5.625,-116.3617,-0.025,0.0527,-0.8474,0.5277
independent_20260430_203326,trial_001,subject_001,1777552408.7037997,1777552408.7037997,275200.3135945,13,R_Femur,110,1,-0.8948,10.1254,-0.8039,37.0483,-5.0049,-3.7231,105.1501,-2.8949,-32.9205,0.7657,0.2102,-0.1914,0.5769
independent_20260430_203326,trial_001,subject_001,1777552408.704802,1777552408.704802,275200.313788,15,R_Foot,58,1,0.5264,0.7369,10.0201,0.3052,0.0,-0.1831,4.3945,-3.4222,-174.9353,0.0315,0.037,-0.9979,0.043
independent_20260430_203326,trial_001,subject_001,1777552408.704802,1777552408.704802,275200.3141143,9,Trunk,104,1,0.6412,9.8239,-0.1914,16.2354,-6.7139,2.2583,92.5323,-3.988,-149.7437,0.2117,0.6908,-0.6735,0.156
independent_20260430_203326,trial_001,subject_001,1777552408.704802,1777552408.704802,275200.3143048,10,L_Femur,106,1,0.7321,8.886,0.7656,-10.437,-11.2915,4.5166,83.161,2.2412,-13.4143,0.6573,0.092,-0.0745,0.7443
independent_20260430_203326,trial_001,subject_001,1777552408.704802,1777552408.704802,275200.3144419,11,L_Tibia,106,1,0.8183,8.7808,-4.565,-186.7676,-8.1177,-31.6162,105.3424,0.0879,-51.394,0.7163,0.3452,-0.2624,0.5467
independent_20260430_203326,trial_001,subject_001,1777552408.704802,1777552408.704802,275200.3145676,12,L_Foot,114,1,-1.3063,3.7994,13.1018,-129.4556,-26.123,-13.5498,0.9723,5.235,-116.7902,-0.0345,0.0312,-0.8506,0.5238
independent_20260430_203326,trial_001,subject_001,1777552408.7057993,1777552408.7057993,275200.3146895,13,R_Femur,111,1,-0.7321,10.0488,-0.7369,35.5835,-18.2495,-1.5869,105.694,-2.8125,-33.1403,0.7679,0.213,-0.1909,0.5731
independent_20260430_203326,trial_001,subject_001,1777552408.7057993,1777552408.7057993,275200.3148288,9,Trunk,105,1,0.6077,9.8,-0.2584,15.3198,-9.0942,0.5493,92.7631,-4.0045,-149.87,0.2113,0.6924,-0.6723,0.1548
independent_20260430_203326,trial_001,subject_001,1777552408.7057993,1777552408.7057993,275200.3149388,10,L_Femur,107,1,0.4642,8.7855,0.9427,-7.2021,-4.8828,0.8545,83.0347,2.2028,-13.4967,0.6564,0.0922,-0.0753,0.7449
independent_20260430_203326,trial_001,subject_001,1777552408.7057993,1777552408.7057993,275200.3150715,11,L_Tibia,107,1,0.6604,8.9626,-4.8426,-182.0068,-6.4087,-31.9214,102.6013,0.5823,-51.3611,0.702,0.3411,-0.2674,0.5652
independent_20260430_203326,trial_001,subject_001,1777552408.7057993,1777552408.7057993,275200.3152214,12,L_Foot,115,1,-0.5264,5.5221,17.1404,-150.3906,13.6108,-9.7046,-1.192,5.2954,-116.9495,-0.0448,0.0153,-0.8517,0.5219
independent_20260430_203326,trial_001,subject_001,1777552408.7057993,1777552408.7057993,275200.3153236,15,R_Foot,59,1,0.6986,0.6938,9.9531,0.8545,-0.1831,-0.5493,4.4055,-3.4277,-174.9188,0.0316,0.0371,-0.9979,0.0431
independent_20260430_203326,trial_001,subject_001,1777552408.7057993,1777552408.7057993,275200.3154211,9,Trunk,106,1,0.5934,9.7809,-0.2201,10.1929,-11.4746,-0.061,92.9333,-4.0045,-150.0348,0.2106,0.6937,-0.6715,0.1535
independent_20260430_203326,trial_001,subject_001,1777552408.7057993,1777552408.7057993,275200.3155166,11,L_Tibia,108,1,0.3972,9.0583,-4.5172,-171.814,-8.7891,-29.541,100.0031,1.0547,-51.3995,0.6877,0.3375,-0.2724,0.5822
independent_20260430_203326,trial_001,subject_001,1777552408.7057993,1777552408.7057993,275200.3156213,12,L_Foot,116,1,-2.0815,5.3498,15.9202,-170.5322,20.0195,-14.0381,-3.7189,5.6085,-117.1582,-0.0586,-0.0022,-0.8527,0.5191
independent_20260430_203326,trial_001,subject_001,1777552408.7067983,1777552408.7067983,275200.3157533,13,R_Femur,112,1,0.2919,9.6708,-1.5408,28.9917,-33.2031,5.9204,106.8036,-2.6862,-34.1235,0.7714,0.2221,-0.1929,0.5643
independent_20260430_203326,trial_001,subject_001,1777552408.7067983,1777552408.7067983,275200.3158912,14,R_Tibia,57,1,1.1341,9.3598,-1.5887,18.3716,-3.479,-0.4272,107.309,-5.7678,-172.4744,0.0825,0.8007,-0.5933,-0.0016
independent_20260430_203326,trial_001,subject_001,1777552408.7067983,1777552408.7067983,275200.3159954,9,Trunk,107,1,0.7465,9.6852,0.0526,6.7139,-13.1226,-0.7935,93.0707,-3.988,-150.2875,0.2091,0.695,-0.671,0.1519
independent_20260430_203326,trial_001,subject_001,1777552408.7067983,1777552408.7067983,275200.3160914,10,L_Femur,108,1,-0.1914,8.7664,1.0719,0.6104,0.2441,0.7935,82.7655,2.0984,-13.5901,0.6547,0.0918,-0.0767,0.7463
independent_20260430_203326,trial_001,subject_001,1777552408.7067983,1777552408.7067983,275200.3161871,11,L_Tibia,109,1,0.2058,9.2019,-3.5314,-160.4614,-10.0708,-27.8931,96.7346,1.6479,-51.5039,0.669,0.3333,-0.2789,0.603
independent_20260430_203326,trial_001,subject_001,1777552408.7067983,1777552408.7067983,275200.3162816,12,L_Foot,117,1,-3.0721,4.7373,12.5467,-166.3818,14.5874,-29.48,-7.1356,5.8832,-117.691,-0.076,-0.0267,-0.8546,0.5129
independent_20260430_203326,trial_001,subject_001,1777552408.7533164,1777552408.7533164,275200.3626352,13,R_Femur,113,1,0.6029,10.0153,-2.0672,16.4185,-29.541,6.897,107.1167,-2.6587,-34.5905,0.772,0.2259,-0.1944,0.5614
independent_20260430_203326,trial_001,subject_001,1777552408.7533164,1777552408.7533164,275200.3629065,15,R_Foot,60,1,0.7034,0.5407,9.8335,4.0283,-0.1221,-1.0376,4.4769,-3.4277,-174.9188,0.0316,0.0377,-0.9979,0.0431
independent_20260430_203326,trial_001,subject_001,1777552408.7533164,1777552408.7533164,275200.3630673,9,Trunk,108,1,0.9714,9.7043,0.1818,7.5073,-13.6719,-1.5259,93.1805,-3.9661,-150.4907,0.2079,0.696,-0.6706,0.1506
independent_20260430_203326,trial_001,subject_001,1777552408.7543147,1777552408.7543147,275200.3632115,10,L_Femur,109,1,-0.3972,9.0535,1.0671,2.5635,0.9155,-0.1831,82.7985,2.0984,-13.5736,0.6549,0.0918,-0.0766,0.7462
independent_20260430_203326,trial_001,subject_001,1777552408.7543147,1777552408.7543147,275200.3633519,11,L_Tibia,110,1,0.0096,9.2593,-2.9812,-152.1606,-12.146,-25.8179,94.4275,2.0654,-51.6412,0.6552,0.3306,-0.2839,0.6171
independent_20260430_203326,trial_001,subject_001,1777552408.7543147,1777552408.7543147,275200.363495,12,L_Foot,118,1,-2.8854,4.5363,10.7379,-156.0059,9.7656,-40.2832,-9.5581,5.9601,-118.2898,-0.0871,-0.0449,-0.8565,0.5067
independent_20260430_203326,trial_001,subject_001,1777552408.7543147,1777552408.7543147,275200.3636361,13,R_Femur,114,1,0.8039,9.7282,-2.5361,9.7046,-23.3765,7.5073,107.2815,-2.6697,-34.964,0.7721,0.2287,-0.1959,0.5597
independent_20260430_203326,trial_001,subject_001,1777552408.7628264,1777552408.7628264,275200.3723099,14,R_Tibia,58,1,0.9331,9.288,-2.4644,22.8271,-2.3193,-2.1973,108.0615,-5.658,-172.5568,0.0814,0.8048,-0.588,-0.0018
independent_20260430_203326,trial_001,subject_001,1777552408.7628264,1777552408.7628264,275200.3724635,9,Trunk,109,1,1.1149,9.7282,0.2058,5.3711,-14.9536,-1.3428,93.3069,-3.9331,-150.7764,0.2061,0.6973,-0.6701,0.1489
independent_20260430_203326,trial_001,subject_001,1777552408.7628264,1777552408.7628264,275200.3725973,10,L_Femur,110,1,-0.4977,9.087,1.2968,1.9531,2.0752,-1.1597,82.804,2.1039,-13.5626,0.655,0.0918,-0.0765,0.7461
independent_20260430_203326,trial_001,subject_001,1777552408.7638295,1777552408.7638295,275200.3727411,11,L_Tibia,111,1,-0.1101,8.9913,-2.3734,-140.0757,-22.9492,-21.6064,91.5491,2.5433,-52.0148,0.6371,0.3281,-0.2915,0.6337
independent_20260430_203326,trial_001,subject_001,1777552408.7638295,1777552408.7638295,275200.3728977,12,L_Foot,119,1,-2.1246,4.4263,9.9005,-142.7612,13.0615,-46.6309,-11.8048,6.015,-119.0039,-0.0971,-0.062,-0.8586,0.4995
independent_20260430_203326,trial_001,subject_001,1777552408.7638295,1777552408.7638295,275200.3730267,13,R_Femur,115,1,0.8709,8.7999,-2.584,18.9819,-19.2261,3.418,107.6056,-2.6532,-35.387,0.7728,0.2322,-0.1972,0.5568
independent_20260430_203326,trial_001,subject_001,1777552408.7638295,1777552408.7638295,275200.3731321,15,R_Foot,61,1,0.6173,0.8709,9.9771,2.7466,0.061,-0.4883,4.5758,-3.4277,-174.8914,0.0316,0.0385,-0.9978,0.0433
independent_20260430_203326,trial_001,subject_001,1777552408.7638295,1777552408.7638295,275200.3732323,9,Trunk,110,1,1.1006,9.5464,0.2393,4.2114,-16.3574,-2.0752,93.3728,-3.8947,-151.0126,0.2046,0.6982,-0.67,0.1476
independent_20260430_203326,trial_001,subject_001,1777552408.7638295,1777552408.7638295,275200.3733304,10,L_Femur,111,1,-0.6651,8.8765,1.5073,2.3804,-0.9766,-2.0752,82.8094,2.1149,-13.5846,0.655,0.092,-0.0766,0.7461
independent_20260430_203326,trial_001,subject_001,1777552408.7638295,1777552408.7638295,275200.3734452,11,L_Tibia,112,1,-0.0766,8.6803,-1.8471,-127.9297,-27.4658,-19.6533,89.5825,2.8564,-52.4158,0.6241,0.3269,-0.2976,0.6443
independent_20260430_203326,trial_001,subject_001,1777552408.7638295,1777552408.7638295,275200.3735879,12,L_Foot,120,1,-1.4786,4.3641,8.6085,-120.1782,10.498,-48.0347,-14.4196,6.0315,-120.0037,-0.1079,-0.0824,-0.8613,0.4896
independent_20260430_203326,trial_001,subject_001,1777552408.7648284,1777552408.7648284,275200.3737787,13,R_Femur,116,1,1.0575,9.1588,-2.3304,21.6064,-13.7939,0.4272,107.9297,-2.6093,-35.6012,0.7738,0.2344,-0.1973,0.5543
independent_20260430_203326,trial_001,subject_001,1777552408.7648284,1777552408.7648284,275200.3739307,14,R_Tibia,59,1,0.6077,9.1492,-3.0769,23.1934,-5.127,-2.3804,108.869,-5.5261,-172.6062,0.0804,0.809,-0.5823,-0.0017
independent_20260430_203326,trial_001,subject_001,1777552408.7648284,1777552408.7648284,275200.374072,9,Trunk,111,1,1.1867,9.3933,0.2871,5.127,-15.9302,-3.3569,93.4497,-3.8452,-151.2543,0.2029,0.6992,-0.6697,0.1464
independent_20260430_203326,trial_001,subject_001,1777552408.7648284,1777552408.7648284,275200.3742131,10,L_Femur,112,1,-0.9188,8.776,1.6939,4.9438,-7.2632,-1.9531,82.8699,2.1313,-13.6725,0.6553,0.0926,-0.077,0.7457
independent_20260430_203326,trial_001,subject_001,1777552408.7648284,1777552408.7648284,275200.3743655,11,L_Tibia,113,1,0.0239,8.4937,-1.1771,-111.5723,-32.2266,-17.9443,87.8412,3.1256,-52.8937,0.6121,0.3264,-0.3037,0.6531
independent_20260430_203326,trial_001,subject_001,1777552408.7648284,1777552408.7648284,275200.3745072,12,L_Foot,121,1,-1.0432,4.3928,7.8524,-100.5249,7.019,-45.0439,-16.051,5.9656,-120.7068,-0.1137,-0.0957,-0.863,0.4828
independent_20260430_203326,trial_001,subject_001,1777552408.7648284,1777552408.7648284,275200.3746568,13,R_Femur,117,1,0.7608,9.2641,-2.1294,26.062,-11.9629,-0.7324,108.4241,-2.5378,-35.8154,0.7757,0.237,-0.1969,0.5508
independent_20260430_203326,trial_001,subject_001,1777552408.813412,1777552408.813412,275200.4227076,9,Trunk,112,1,1.2202,9.4124,0.311,4.5166,-13.6719,-3.6621,93.5486,-3.7628,-151.5344,0.2008,0.7004,-0.6694,0.1451
independent_20260430_203326,trial_001,subject_001,1777552408.8139043,1777552408.8139043,275200.4229361,10,L_Femur,113,1,-1.1484,8.9243,1.9811,6.4697,-17.4561,0.1221,82.9797,2.1039,-13.9526,0.6558,0.0941,-0.0789,0.7449
independent_20260430_203326,trial_001,subject_001,1777552408.8139043,1777552408.8139043,275200.423113,11,L_Tibia,114,1,-0.1196,8.1204,-0.7034,-88.9893,-36.0718,-14.9536,85.8966,3.4113,-53.6023,0.5981,0.3265,-0.3118,0.6622
independent_20260430_203326,trial_001,subject_001,1777552408.8139043,1777552408.8139043,275200.423289,12,L_Foot,122,1,-0.5981,4.6655,7.6706,-75.8057,9.2773,-38.7573,-17.7704,5.8997,-121.5417,-0.1197,-0.1098,-0.8649,0.4749
independent_20260430_203326,trial_001,subject_001,1777552408.8139043,1777552408.8139043,275200.4234665,13,R_Femur,118,1,0.4642,9.2019,-2.2299,29.6631,-16.5405,-1.77,108.8635,-2.45,-36.0242,0.7772,0.2396,-0.1964,0.5477
independent_20260430_203326,trial_001,subject_001,1777552408.8139043,1777552408.8139043,275200.4236355,14,R_Tibia,60,1,0.6795,9.2832,-2.8376,23.3154,-14.2822,-1.0376,109.5996,-5.3613,-172.9468,0.0771,0.813,-0.5771,-0.0027
independent_20260430_203326,trial_001,subject_001,1777552408.814906,1777552408.814906,275200.4237777,9,Trunk,113,1,1.2537,9.465,0.2345,3.3569,-12.4512,-4.2725,93.598,-3.6969,-151.7157,0.1994,0.7011,-0.6692,0.1444
independent_20260430_203326,trial_001,subject_001,1777552408.814906,1777552408.814906,275200.4239121,11,L_Tibia,115,1,-0.0335,7.7376,-0.6125,-69.7632,-35.6445,-12.7563,84.765,3.5706,-54.1571,0.5894,0.3272,-0.3174,0.6669
independent_20260430_203326,trial_001,subject_001,1777552408.814906,1777552408.814906,275200.4240091,12,L_Foot,123,1,-0.4977,4.7756,6.6131,-53.1616,7.2021,-34.1187,-18.6877,5.8502,-122.0856,-0.1226,-0.1175,-0.8663,0.4699
independent_20260430_203326,trial_001,subject_001,1777552408.814906,1777552408.814906,275200.4241182,13,R_Femur,119,1,0.4642,9.2736,-2.2921,31.5552,-18.4326,-2.2583,109.3359,-2.3401,-36.2659,0.7788,0.2426,-0.1958,0.5443
independent_20260430_203326,trial_001,subject_001,1777552408.814906,1777552408.814906,275200.424211,15,R_Foot,62,1,0.5742,0.9044,9.9627,3.2959,-1.4038,-0.4272,4.7516,-3.4882,-174.8639,0.0322,0.04,-0.9977,0.0435
independent_20260430_203326,trial_001,subject_001,1777552408.8154109,1777552408.8154109,275200.4243006,9,Trunk,114,1,1.2489,9.4507,0.1101,2.8687,-12.085,-5.8594,93.642,-3.6145,-151.8915,0.1979,0.7018,-0.6691,0.1438
independent_20260430_203326,trial_001,subject_001,1777552408.8154109,1777552408.8154109,275200.4243923,10,L_Femur,114,1,-1.0288,9.3358,2.3447,-0.061,-39.4287,0.6104,83.0072,1.9171,-15.0568,0.6552,0.0992,-0.0871,0.7438
independent_20260430_203326,trial_001,subject_001,1777552408.8154109,1777552408.8154109,275200.4244839,11,L_Tibia,116,1,0.1196,7.7807,-0.1005,-54.1382,-30.3955,-12.2681,83.8861,3.7134,-54.646,0.5824,0.328,-0.322,0.6704
independent_20260430_203326,trial_001,subject_001,1777552408.8154109,1777552408.8154109,275200.4245756,12,L_Foot,124,1,-0.1483,4.9718,6.3834,-33.9355,0.5493,-28.3203,-19.2865,5.7458,-122.525,-0.1238,-0.1229,-0.8674,0.466
independent_20260430_203326,trial_001,subject_001,1777552408.8154109,1777552408.8154109,275200.4246671,13,R_Femur,120,1,0.4115,9.3502,-2.1007,34.9731,-12.5122,-2.3804,110.0171,-2.2137,-36.5131,0.7813,0.2461,-0.1946,0.5395
independent_20260430_203326,trial_001,subject_001,1777552408.8154109,1777552408.8154109,275200.4247569,14,R_Tibia,61,1,0.8757,9.2449,-2.6701,25.8789,-8.2397,-3.0518,110.4895,-5.1636,-173.1885,0.0744,0.8178,-0.5707,-0.0031
independent_20260430_203326,trial_001,subject_001,1777552408.8159237,1777552408.8159237,275200.4248466,9,Trunk,115,1,1.0479,9.3933,0.0574,1.2817,-14.5264,-7.3853,93.6749,-3.4662,-152.1552,0.1955,0.7027,-0.669,0.1431
independent_20260430_203326,trial_001,subject_001,1777552408.8159237,1777552408.8159237,275200.4249344,10,L_Femur,115,1,-0.512,9.3646,2.4883,-2.9297,-35.5225,-0.9766,82.9578,1.8567,-15.6006,0.6545,0.1019,-0.091,0.7436
independent_20260430_203326,trial_001,subject_001,1777552408.8159237,1777552408.8159237,275200.4250234,11,L_Tibia,117,1,-0.2201,7.4074,-0.0813,-27.9541,-27.9541,-9.5825,83.1281,3.8782,-55.2173,0.5758,0.3297,-0.3267,0.673
independent_20260430_203326,trial_001,subject_001,1777552408.8334394,1777552408.8334394,275200.442432,12,L_Foot,125,1,0.1675,4.9526,7.283,-16.4795,3.418,-19.7754,-19.7369,5.647,-122.9755,-0.1244,-0.1273,-0.8687,0.4623
independent_20260430_203326,trial_001,subject_001,1777552408.8334394,1777552408.8334394,275200.4426494,13,R_Femur,121,1,0.4259,9.3263,-2.0768,33.3862,-12.3291,-1.2817,110.5225,-2.1423,-36.6724,0.7833,0.2484,-0.1938,0.536
independent_20260430_203326,trial_001,subject_001,1777552408.8334394,1777552408.8334394,275200.4428356,15,R_Foot,63,1,0.6891,0.8087,9.8431,4.6997,-1.3428,-0.7935,4.8615,-3.5321,-174.8364,0.0327,0.041,-0.9977,0.0437
independent_20260430_203326,trial_001,subject_001,1777552408.8334394,1777552408.8334394,275200.4430392,9,Trunk,116,1,0.981,9.3933,0.1914,0.1831,-15.9912,-7.6294,93.6804,-3.3453,-152.3859,0.1934,0.7033,-0.6691,0.1425
independent_20260430_203326,trial_001,subject_001,1777552408.8334394,1777552408.8334394,275200.443225,10,L_Femur,116,1,-0.2105,9.4076,2.6318,-7.7515,-31.0669,-2.9907,82.8369,1.8347,-16.0675,0.6533,0.1043,-0.0943,0.7439
independent_20260430_203326,trial_001,subject_001,1777552408.8344376,1777552408.8344376,275200.4434008,11,L_Tibia,118,1,-0.402,7.417,-0.2584,-7.3853,-26.001,-5.5542,82.9303,3.9331,-55.6183,0.5733,0.3315,-0.3293,0.673
independent_20260430_203326,trial_001,subject_001,1777552408.8344376,1777552408.8344376,275200.4435798,12,L_Foot,126,1,0.1866,4.8139,6.1394,1.8921,10.376,-13.3667,-19.7864,5.6964,-123.2227,-0.1247,-0.1277,-0.8696,0.4603
independent_20260430_203326,trial_001,subject_001,1777552408.8344376,1777552408.8344376,275200.4437536,13,R_Femur,122,1,0.512,9.2162,-2.3064,30.1514,-17.5171,-1.2817,110.9894,-2.049,-36.8921,0.7848,0.2511,-0.1932,0.5326
independent_20260430_203326,trial_001,subject_001,1777552408.8344376,1777552408.8344376,275200.443946,14,R_Tibia,62,1,0.7608,9.0679,-2.7802,29.6631,-12.085,-3.9062,111.5167,-4.8889,-173.5291,0.0706,0.8232,-0.5633,-0.0035
independent_20260430_203326,trial_001,subject_001,1777552408.9031718,1777552408.9031718,275200.5124793,9,Trunk,117,1,1.0288,9.599,0.4354,-1.1597,-17.334,-7.9956,93.6639,-3.175,-152.71,0.1904,0.704,-0.6693,0.1417
independent_20260430_203326,trial_001,subject_001,1777552408.9031718,1777552408.9031718,275200.5127516,10,L_Femur,117,1,0.0096,9.2258,2.7563,-2.8076,-25.5127,-8.3008,82.7161,1.9006,-16.6168,0.6519,0.1078,-0.0976,0.7442
independent_20260430_203326,trial_001,subject_001,1777552408.9031718,1777552408.9031718,275200.512935,11,L_Tibia,119,1,0.0096,7.6323,-0.1483,16.9067,-21.3623,-3.7842,83.1116,3.9716,-56.0797,0.5729,0.3345,-0.3313,0.6709
independent_20260430_203326,trial_001,subject_001,1777552408.9031718,1777552408.9031718,275200.5130798,12,L_Foot,127,1,-0.4929,4.7421,5.9432,23.8647,13.916,-13.0615,-19.5062,5.8337,-123.4863,-0.1243,-0.1253,-0.8711,0.4584
independent_20260430_203326,trial_001,subject_001,1777552408.9044616,1777552408.9044616,275200.5133451,13,R_Femur,123,1,0.2823,9.087,-2.4835,30.0903,-19.8975,-4.0894,111.5881,-1.8567,-37.2327,0.7866,0.2553,-0.1921,0.5284
independent_20260430_203326,trial_001,subject_001,1777552408.9044616,1777552408.9044616,275200.5135129,15,R_Foot,64,1,0.579,1.0001,9.9196,5.4321,-2.0752,-0.3662,5.0262,-3.5925,-174.809,0.0333,0.0424,-0.9976,0.0438
independent_20260430_203326,trial_001,subject_001,1777552408.9044616,1777552408.9044616,275200.5136754,9,Trunk,118,1,0.9666,9.7234,0.5455,-2.3804,-20.1416,-8.728,93.6365,-3.0322,-152.9956,0.1878,0.7046,-0.6697,0.141
independent_20260430_203326,trial_001,subject_001,1777552408.9044616,1777552408.9044616,275200.5138643,10,L_Femur,118,1,0.3158,8.7616,2.6031,2.5635,-14.5874,-11.7188,82.7271,2.0325,-16.886,0.6516,0.1102,-0.0986,0.744
independent_20260430_203326,trial_001,subject_001,1777552408.9044616,1777552408.9044616,275200.5140525,11,L_Tibia,120,1,-0.1053,7.4744,-0.4881,34.79,-21.9727,-2.6245,83.562,3.9825,-56.4038,0.5746,0.3375,-0.3318,0.6677
independent_20260430_203326,trial_001,subject_001,1777552408.9044616,1777552408.9044616,275200.514234,12,L_Foot,128,1,-1.4882,4.6225,7.2878,37.0483,2.3193,-16.4185,-18.8416,5.8337,-123.8104,-0.1213,-0.1206,-0.8731,0.4566
independent_20260430_203326,trial_001,subject_001,1777552408.9054608,1777552408.9054608,275200.5143956,13,R_Femur,124,1,0.2775,9.1492,-2.316,31.8604,-19.7144,-4.5166,112.0605,-1.6974,-37.4744,0.788,0.2585,-0.1911,0.5251
independent_20260430_203326,trial_001,subject_001,1777552408.9054608,1777552408.9054608,275200.5145637,14,R_Tibia,63,1,0.9188,9.1157,-2.9764,34.729,-16.2354,-5.188,112.6978,-4.5374,-173.8916,0.0662,0.8294,-0.5547,-0.0034
independent_20260430_203326,trial_001,subject_001,1777552408.9054608,1777552408.9054608,275200.5146945,9,Trunk,119,1,0.8853,9.6804,0.5407,-3.9673,-22.0947,-10.3149,93.5815,-2.8729,-153.3087,0.1849,0.705,-0.6702,0.1402
independent_20260430_203326,trial_001,subject_001,1777552408.9054608,1777552408.9054608,275200.5148507,11,L_Tibia,121,1,-0.5646,7.5462,-0.8135,48.8281,-27.3438,-0.3052,84.2322,3.9606,-56.7938,0.5774,0.3413,-0.3322,0.6632
independent_20260430_203326,trial_001,subject_001,1777552408.9054608,1777552408.9054608,275200.5150159,12,L_Foot,129,1,-2.7323,2.5505,5.8953,51.7578,-1.5259,-27.4048,-18.1,5.658,-124.1345,-0.1167,-0.116,-0.8751,0.4552
independent_20260430_203326,trial_001,subject_001,1777552408.9054608,1777552408.9054608,275200.5151887,13,R_Femur,125,1,0.5359,9.3885,-2.2729,33.3862,-23.1323,-2.9907,112.7252,-1.4777,-37.8534,0.7898,0.2633,-0.1898,0.5205
independent_20260430_203326,trial_001,subject_001,1777552408.9054608,1777552408.9054608,275200.5153582,15,R_Foot,65,1,0.7082,0.9475,9.8479,7.0801,-1.4648,-1.0986,5.2295,-3.653,-174.8199,0.0339,0.0441,-0.9975,0.0437
independent_20260430_203326,trial_001,subject_001,1777552408.973247,1777552408.973247,275200.5824142,9,Trunk,120,1,0.8278,9.6421,0.5934,-5.7373,-23.3154,-11.3525,93.4772,-2.6312,-153.7537,0.1806,0.7055,-0.6711,0.1393
independent_20260430_203326,trial_001,subject_001,1777552408.973247,1777552408.973247,275200.5825408,10,L_Femur,119,1,0.201,8.2496,1.7562,25.2686,-1.5869,-16.1743,83.3368,2.5214,-17.0618,0.6549,0.1149,-0.0963,0.7407
independent_20260430_203326,trial_001,subject_001,1777552408.973247,1777552408.973247,275200.5826433,11,L_Tibia,122,1,-0.6556,8.7473,-0.201,61.9507,-33.3862,1.4038,85.3748,3.8837,-57.431,0.5823,0.3474,-0.3328,0.6553
independent_20260430_203326,trial_001,subject_001,1777552408.973247,1777552408.973247,275200.5827599,12,L_Foot,130,1,-0.4977,-9.0009,5.5364,86.9751,-61.4624,-19.6533,-16.2762,4.3231,-124.2004,-0.0992,-0.1075,-0.8767,0.4582
independent_20260430_203326,trial_001,subject_001,1777552408.973247,1777552408.973247,275200.5828793,13,R_Femur,126,1,0.5024,9.5081,-2.4404,31.8604,-26.7334,-1.6479,113.2141,-1.3074,-38.194,0.791,0.2672,-0.1891,0.5169
independent_20260430_203326,trial_001,subject_001,1777552408.973247,1777552408.973247,275200.5829969,14,R_Tibia,64,1,0.6029,9.1588,-3.1151,39.4287,-23.0713,-6.4087,113.8623,-4.1254,-174.3695,0.0607,0.8355,-0.5461,-0.0033
independent_20260430_203326,trial_001,subject_001,1777552408.974254,1777552408.974254,275200.5831136,9,Trunk,121,1,0.7465,9.8191,0.6604,-7.9956,-25.4517,-11.7188,93.3673,-2.4445,-154.1162,0.1772,0.7057,-0.6719,0.1385
independent_20260430_203326,trial_001,subject_001,1777552408.974254,1777552408.974254,275200.5832463,11,L_Tibia,123,1,-0.7991,9.1349,0.0431,61.5845,-44.3115,-1.3428,86.2592,3.8562,-58.0518,0.5855,0.353,-0.3338,0.6489
independent_20260430_203326,trial_001,subject_001,1777552408.974254,1777552408.974254,275200.5834046,12,L_Foot,131,1,3.876,-2.7132,7.7424,116.272,-17.2119,-11.7188,-14.502,3.7244,-124.2334,-0.0875,-0.0964,-0.8783,0.4601
independent_20260430_203326,trial_001,subject_001,1777552408.974254,1777552408.974254,275200.5835131,13,R_Femur,127,1,0.4594,9.5416,-2.5601,28.4424,-30.8228,-1.3428,113.6536,-1.1261,-38.595,0.7917,0.2715,-0.1886,0.5137
independent_20260430_203326,trial_001,subject_001,1777552408.974254,1777552408.974254,275200.5836064,15,R_Foot,66,1,0.7369,1.0049,10.0536,8.5449,-0.7324,-0.7935,5.4932,-3.6969,-174.798,0.0344,0.0464,-0.9974,0.0438
independent_20260430_203326,trial_001,subject_001,1777552408.974254,1777552408.974254,275200.5836966,9,Trunk,122,1,0.7991,9.9244,0.6891,-11.1694,-27.0996,-13.1226,93.2135,-2.2357,-154.5062,0.1734,0.7057,-0.6731,0.1377
independent_20260430_203326,trial_001,subject_001,1777552408.9829853,1777552408.9829853,275200.5922458,10,L_Femur,120,1,-0.2823,8.977,0.3972,41.3818,0.3662,-15.0757,84.5563,3.0817,-17.0068,0.6622,0.1191,-0.0915,0.7342
independent_20260430_203326,trial_001,subject_001,1777552408.9829853,1777552408.9829853,275200.5924851,11,L_Tibia,124,1,-0.6556,9.4555,0.4929,55.8472,-50.9644,-1.8921,87.0721,3.8507,-58.7988,0.5878,0.3592,-0.3355,0.6426
independent_20260430_203326,trial_001,subject_001,1777552408.9829853,1777552408.9829853,275200.5926659,12,L_Foot,132,1,-4.699,0.4354,10.4556,105.957,-50.7202,-26.9165,-12.8705,3.1256,-124.4861,-0.0762,-0.0865,-0.8805,0.4599
independent_20260430_203326,trial_001,subject_001,1777552408.9839926,1777552408.9839926,275200.5928484,13,R_Femur,128,1,0.4115,9.1396,-2.4452,28.5034,-32.2266,-0.7935,114.2084,-0.8624,-39.1718,0.7924,0.2776,-0.188,0.5096
independent_20260430_203326,trial_001,subject_001,1777552408.9839926,1777552408.9839926,275200.5930304,14,R_Tibia,65,1,1.1102,9.1253,-3.0529,43.9453,-19.9585,-9.0942,115.3674,-3.5486,-174.9133,0.054,0.8431,-0.535,-0.0024
independent_20260430_203326,trial_001,subject_001,1777552408.9839926,1777552408.9839926,275200.5932376,9,Trunk,123,1,1.091,9.9005,0.5981,-12.5732,-27.4048,-10.9863,92.9663,-1.9775,-155.0391,0.1683,0.7054,-0.6749,0.1366
independent_20260430_203326,trial_001,subject_001,1777552408.9839926,1777552408.9839926,275200.5934074,10,L_Femur,121,1,0.1196,9.7474,0.0526,44.9829,-10.3149,-10.376,85.21,3.241,-17.1442,0.666,0.1214,-0.0907,0.7304
independent_20260430_203326,trial_001,subject_001,1777552408.9839926,1777552408.9839926,275200.5936184,11,L_Tibia,125,1,1.0097,14.2502,4.2588,16.7847,-24.0479,-17.8223,87.6544,4.0704,-59.491,0.5882,0.3656,-0.3364,0.6382
independent_20260430_203326,trial_001,subject_001,1777552409.0528626,1777552409.0528626,275200.6624372,12,L_Foot,133,1,2.5696,-4.1057,11.269,127.5635,-42.1143,-24.1089,-10.4041,1.4886,-124.5465,-0.0536,-0.0742,-0.882,0.4623
independent_20260430_203326,trial_001,subject_001,1777552409.0528626,1777552409.0528626,275200.6626992,13,R_Femur,129,1,0.4259,9.2928,-2.3208,27.0996,-29.6021,-1.4038,114.6313,-0.6702,-39.5728,0.793,0.2819,-0.1874,0.5065
independent_20260430_203326,trial_001,subject_001,1777552409.0528626,1777552409.0528626,275200.6629341,15,R_Foot,67,1,0.5455,1.0288,9.8526,9.1553,0.061,-0.9766,5.7513,-3.6969,-174.7815,0.0345,0.0486,-0.9973,0.0438
independent_20260430_203326,trial_001,subject_001,1777552409.0528626,1777552409.0528626,275200.6631687,9,Trunk,124,1,1.3733,10.0584,0.512,-6.2866,-26.4893,-6.7749,92.8455,-1.8512,-155.4346,0.165,0.7054,-0.676,0.1352
independent_20260430_203326,trial_001,subject_001,1777552409.054371,1777552409.054371,275200.6633994,10,L_Femur,122,1,0.7321,11.2547,0.3493,44.7998,-9.7046,-6.3477,85.8801,3.3289,-17.298,0.67,0.1234,-0.0905,0.7264
independent_20260430_203326,trial_001,subject_001,1777552409.054371,1777552409.054371,275200.6636088,11,L_Tibia,126,1,2.0911,14.7048,6.8858,-15.0146,-8.606,-22.2778,87.4841,4.4055,-59.6503,0.5856,0.3677,-0.336,0.6395
independent_20260430_203326,trial_001,subject_001,1777552409.054371,1777552409.054371,275200.6638548,12,L_Foot,134,1,3.5362,-2.8711,8.5176,146.0571,-44.4946,-10.7422,-8.3331,1.0217,-124.7278,-0.0416,-0.0602,-0.8838,0.462
independent_20260430_203326,trial_001,subject_001,1777552409.054371,1777552409.054371,275200.6640736,13,R_Femur,130,1,0.6986,9.7187,-2.2538,22.644,-29.2358,-3.3569,114.9829,-0.4614,-39.9463,0.7933,0.286,-0.1868,0.5039
independent_20260430_203326,trial_001,subject_001,1777552409.0553849,1777552409.0553849,275200.6643005,14,R_Tibia,66,1,1.1341,9.3789,-2.8328,51.5747,-29.6021,-13.916,117.1198,-2.7246,-175.6055,0.0451,0.8518,-0.5219,-0.0003
independent_20260430_203326,trial_001,subject_001,1777552409.0553849,1777552409.0553849,275200.6645428,9,Trunk,125,1,1.6174,10.5704,-0.0287,-1.77,-19.8364,-4.5776,92.8015,-1.7413,-155.863,0.1616,0.7059,-0.6766,0.1334
independent_20260430_203326,trial_001,subject_001,1777552409.0553849,1777552409.0553849,275200.6648671,11,L_Tibia,127,1,3.0529,9.4172,3.3735,13.0005,-3.6621,-11.7798,87.55,4.7076,-59.7162,0.5847,0.3699,-0.3345,0.6398
independent_20260430_203326,trial_001,subject_001,1777552409.0553849,1777552409.0553849,275200.6650969,12,L_Foot,135,1,7.5462,0.6938,10.0153,135.9253,12.085,2.5635,-6.2018,0.9393,-124.7113,-0.0323,-0.0441,-0.8847,0.4629
independent_20260430_203326,trial_001,subject_001,1777552409.0563834,1777552409.0563834,275200.6653204,13,R_Femur,131,1,1.2729,10.312,-2.4165,18.1885,-27.8931,-4.1504,115.3729,-0.1538,-40.4242,0.7933,0.2913,-0.1858,0.5012
independent_20260430_203326,trial_001,subject_001,1777552409.0563834,1777552409.0563834,275200.665541,9,Trunk,126,1,1.8471,10.5321,-0.3206,-4.3335,-12.8784,-4.8218,92.7356,-1.6699,-156.0773,0.1598,0.7059,-0.6772,0.1327
independent_20260430_203326,trial_001,subject_001,1777552409.0563834,1777552409.0563834,275200.6657605,11,L_Tibia,128,1,2.5936,8.9339,0.8948,39.917,-17.6392,-8.4229,88.0609,4.834,-59.9359,0.5864,0.3731,-0.3334,0.6369
independent_20260430_203326,trial_001,subject_001,1777552409.0563834,1777552409.0563834,275200.6659889,12,L_Foot,136,1,2.6414,2.1246,12.8912,117.4927,39.3677,13.6719,-3.7024,1.5656,-124.5135,-0.0271,-0.0222,-0.8847,0.4648
independent_20260430_203326,trial_001,subject_001,1777552409.0563834,1777552409.0563834,275200.6662147,13,R_Femur,132,1,1.6509,10.5943,-2.5792,8.5449,-23.3154,-3.7842,115.5157,0.0385,-40.7263,0.7929,0.2945,-0.1854,0.5003
independent_20260430_203326,trial_001,subject_001,1777552409.057382,1777552409.057382,275200.6664404,14,R_Tibia,67,1,0.78,9.9388,-3.029,60.5469,-26.123,-18.8599,119.1522,-1.7303,-176.1383,0.0367,0.8615,-0.5065,0.004
independent_20260430_203326,trial_001,subject_001,1777552409.057382,1777552409.057382,275200.6666655,9,Trunk,127,1,1.7083,10.4029,-0.3158,-3.3569,-6.6528,-3.418,92.6697,-1.615,-156.1871,0.1588,0.7057,-0.6776,0.1325
independent_20260430_203326,trial_001,subject_001,1777552409.057382,1777552409.057382,275200.6669109,10,L_Femur,123,1,-0.8757,12.494,7.4888,-34.9731,-85.3882,5.7373,84.7925,3.2025,-20.517,0.6595,0.1403,-0.1129,0.7298
independent_20260430_203326,trial_001,subject_001,1777552409.057382,1777552409.057382,275200.6671345,11,L_Tibia,129,1,1.1437,10.4412,0.4977,51.1475,-26.4282,-9.1553,88.775,4.9658,-60.3204,0.5887,0.3779,-0.3325,0.6325
independent_20260430_203326,trial_001,subject_001,1777552409.0583842,1777552409.0583842,275200.6673608,12,L_Foot,137,1,-2.4835,1.4882,13.6999,108.7036,39.0625,7.1411,-2.049,2.1863,-124.4037,-0.0252,-0.0069,-0.8845,0.4659
independent_20260430_203326,trial_001,subject_001,1777552409.0583842,1777552409.0583842,275200.6675761,13,R_Femur,133,1,1.9045,10.5752,-2.6031,3.8452,-13.6108,-3.418,115.6036,0.2252,-40.99,0.7923,0.2973,-0.185,0.4997
independent_20260430_203326,trial_001,subject_001,1777552409.0583842,1777552409.0583842,275200.6677967,15,R_Foot,68,1,0.9522,0.7273,10.0584,20.5078,-1.5259,-1.9531,6.817,-3.7738,-174.8419,0.0355,0.0579,-0.9968,0.0429
independent_20260430_203326,trial_001,subject_001,1777552409.0583842,1777552409.0583842,275200.6680217,9,Trunk,128,1,1.0767,10.7522,-0.3063,-3.1738,-1.709,-0.9155,92.5873,-1.5875,-156.2421,0.1582,0.7054,-0.6782,0.1324
independent_20260430_203326,trial_001,subject_001,1777552409.059382,1777552409.059382,275200.6682496,10,L_Femur,124,1,2.9668,9.1062,2.8232,11.5356,-39.917,6.897,84.7046,2.9443,-21.5277,0.6581,0.1444,-0.121,0.729
independent_20260430_203326,trial_001,subject_001,1777552409.059382,1777552409.059382,275200.6684686,12,L_Foot,138,1,-0.8853,5.3259,24.7775,18.8599,22.0947,-3.2959,-0.8954,2.6642,-124.4806,-0.0242,0.0039,-0.8847,0.4655
independent_20260430_203326,trial_001,subject_001,1777552409.059382,1777552409.059382,275200.6686918,13,R_Femur,134,1,1.6604,10.8623,-2.718,-3.0518,-5.7983,-3.1738,115.5762,0.3076,-41.0614,0.7918,0.2981,-0.1848,0.5
independent_20260430_203326,trial_001,subject_001,1777552409.059382,1777552409.059382,275200.6689346,14,R_Tibia,68,1,0.7273,10.1015,-2.785,70.9839,-23.1323,-23.6816,121.1627,-0.791,-176.4185,0.0306,0.8705,-0.4911,0.0093
independent_20260430_203326,trial_001,subject_001,1777552409.1425364,1777552409.1425364,275200.7523153,10,L_Femur,125,1,3.0338,8.2688,-0.1675,22.8271,-22.8271,-3.6011,85.0067,2.9279,-21.9067,0.6595,0.1468,-0.1231,0.7269
independent_20260430_203326,trial_001,subject_001,1777552409.1435363,1777552409.1435363,275200.7524675,11,L_Tibia,130,1,-3.4597,9.7234,-1.1054,57.6782,-76.9043,-1.5869,90.4449,5.1471,-62.1442,0.5911,0.3931,-0.3359,0.6191
independent_20260430_203326,trial_001,subject_001,1777552409.1435363,1777552409.1435363,275200.7526024,12,L_Foot,139,1,-0.0479,0.1292,12.628,38.208,27.2827,0.0,-0.4175,3.0762,-124.5026,-0.0255,0.0093,-0.8847,0.4653
independent_20260430_203326,trial_001,subject_001,1777552409.1435363,1777552409.1435363,275200.7527326,13,R_Femur,135,1,1.1819,11.1829,-2.6653,-13.6719,-0.7935,-2.5635,115.4004,0.3461,-41.0669,0.791,0.298,-0.185,0.5013
independent_20260430_203326,trial_001,subject_001,1777552409.1435363,1777552409.1435363,275200.7528602,15,R_Foot,69,1,0.9953,0.9092,10.1158,26.123,-1.77,-4.0283,7.6959,-3.8617,-174.9133,0.0366,0.0655,-0.9963,0.042
independent_20260430_203326,trial_001,subject_001,1777552409.1435363,1777552409.1435363,275200.7529889,9,Trunk,129,1,0.335,11.2116,-0.4833,-2.3193,-3.9673,2.3804,92.3401,-1.8073,-156.264,0.159,0.7036,-0.68,0.1313
independent_20260430_203326,trial_001,subject_001,1777552409.1435363,1777552409.1435363,275200.7531135,10,L_Femur,126,1,-2.5792,8.4984,-2.048,43.5181,-14.5874,-24.7803,85.7483,3.2684,-22.2528,0.6633,0.1518,-0.1223,0.7225
independent_20260430_203326,trial_001,subject_001,1777552409.1435363,1777552409.1435363,275200.7532399,11,L_Tibia,131,1,-4.3354,9.0631,-3.1678,67.5049,-110.4126,3.2349,91.2964,5.1416,-63.7152,0.5902,0.4037,-0.3414,0.6101
independent_20260430_203326,trial_001,subject_001,1777552409.1435363,1777552409.1435363,275200.7533676,12,L_Foot,140,1,-2.0768,0.4785,10.5752,15.7471,14.5264,-0.2441,-0.1428,3.3179,-124.5026,-0.0262,0.0124,-0.8846,0.4654
independent_20260430_203326,trial_001,subject_001,1777552409.1445377,1777552409.1445377,275200.7534941,14,R_Tibia,69,1,-0.134,10.5273,-2.1916,89.7217,-33.8135,-25.0854,124.0137,0.4834,-176.7426,0.0231,0.8827,-0.4691,0.0171
independent_20260430_203326,trial_001,subject_001,1777552409.1445377,1777552409.1445377,275200.7536271,9,Trunk,130,1,-0.6364,11.2068,-0.8135,-8.1177,-19.2261,0.9155,92.2192,-1.8402,-156.5552,0.1573,0.7033,-0.6811,0.1295
independent_20260430_203326,trial_001,subject_001,1777552409.1445377,1777552409.1445377,275200.7537258,10,L_Femur,127,1,-4.4454,8.977,-2.7228,36.1328,-4.8828,-32.0435,86.3086,3.7244,-22.3846,0.666,0.1559,-0.1197,0.7196
independent_20260430_203326,trial_001,subject_001,1777552409.1445377,1777552409.1445377,275200.7538308,11,L_Tibia,132,1,-2.9524,9.3502,-2.5026,62.561,-98.3887,-1.9531,92.4115,5.2185,-65.8301,0.5882,0.4183,-0.3481,0.5982
independent_20260430_203326,trial_001,subject_001,1777552409.1445377,1777552409.1445377,275200.753924,12,L_Foot,141,1,-1.4451,-0.5359,9.6899,14.3433,2.6855,2.0142,0.1044,3.3838,-124.4861,-0.0257,0.0146,-0.8845,0.4655
independent_20260430_203326,trial_001,subject_001,1777552409.1445377,1777552409.1445377,275200.7540158,13,R_Femur,136,1,-0.0766,11.6088,-1.2633,-38.147,0.0,6.3477,114.3457,0.2197,-41.0284,0.7867,0.2955,-0.1885,0.5083
independent_20260430_203326,trial_001,subject_001,1777552409.1445377,1777552409.1445377,275200.754107,15,R_Foot,70,1,0.8374,-0.1196,10.0393,41.5039,-0.7935,-9.3994,8.7451,-3.8727,-175.0891,0.0369,0.0747,-0.9957,0.0401
independent_20260430_203326,trial_001,subject_001,1777552409.1445377,1777552409.1445377,275200.7541983,9,Trunk,131,1,-0.6412,10.5561,-0.9475,-13.3667,-28.0762,-3.8452,92.027,-1.7908,-156.9507,0.1544,0.7027,-0.6827,0.1277
independent_20260430_203326,trial_001,subject_001,1777552409.1445377,1777552409.1445377,275200.7542891,11,L_Tibia,133,1,0.4259,9.9675,-2.3878,55.9692,-57.6782,-1.8921,93.175,5.3009,-66.8463,0.5881,0.4262,-0.3501,0.5915
independent_20260430_203326,trial_001,subject_001,1777552409.1445377,1777552409.1445377,275200.7543792,12,L_Foot,142,1,-1.2633,0.0335,10.3024,9.9487,-2.6245,3.2349,0.2802,3.3728,-124.4476,-0.0249,0.0159,-0.8844,0.4659
independent_20260430_203326,trial_001,subject_001,1777552409.1455362,1777552409.1455362,275200.7544698,13,R_Femur,137,1,-1.1006,11.5227,-0.3972,-51.5747,-4.5776,7.0801,113.6096,0.1318,-41.1218,0.7833,0.2945,-0.1914,0.513
independent_20260430_203326,trial_001,subject_001,1777552409.1455362,1777552409.1455362,275200.7545894,14,R_Tibia,70,1,-2.048,10.647,-2.5074,107.0557,-60.3638,-20.3247,127.5403,2.1588,-177.6544,0.01,0.8969,-0.4415,0.0259
independent_20260430_203326,trial_001,subject_001,1777552409.1455362,1777552409.1455362,275200.7547122,9,Trunk,132,1,0.0526,9.8096,-1.0767,-11.1084,-32.1655,-8.667,91.7908,-1.626,-157.5714,0.1493,0.7024,-0.6846,0.1253
independent_20260430_203326,trial_001,subject_001,1777552409.1455362,1777552409.1455362,275200.7548252,11,L_Tibia,134,1,5.0436,10.2067,-2.3112,50.7812,58.4717,-18.7988,94.2847,5.5481,-66.2585,0.5952,0.4277,-0.3416,0.5883
independent_20260430_203326,trial_001,subject_001,1777552409.1729581,1777552409.1729581,275200.78249,12,L_Foot,143,1,-0.7704,0.2201,10.312,7.6294,-2.0142,3.7231,0.4175,3.3398,-124.3927,-0.0241,0.0168,-0.8841,0.4663
independent_20260430_203326,trial_001,subject_001,1777552409.1729581,1777552409.1729581,275200.7827266,13,R_Femur,138,1,-2.7275,10.9915,0.6316,-80.8105,3.6011,-2.0752,112.132,0.0934,-41.1218,0.7767,0.2918,-0.1954,0.5229
independent_20260430_203326,trial_001,subject_001,1777552409.173959,1777552409.173959,275200.7829432,15,R_Foot,71,1,0.6269,-0.9666,10.446,103.9429,2.0752,-20.2026,11.4478,-3.7573,-175.5615,0.0365,0.0983,-0.9939,0.0352
independent_20260430_203326,trial_001,subject_001,1777552409.173959,1777552409.173959,275200.7831566,9,Trunk,133,1,0.6364,9.5655,-1.2489,-10.7422,-29.6021,-9.5215,91.626,-1.4777,-158.0219,0.1455,0.7021,-0.6859,0.1238
independent_20260430_203326,trial_001,subject_001,1777552409.173959,1777552409.173959,275200.7833648,10,L_Femur,128,1,0.201,9.7904,-1.1724,46.3867,-15.9302,-20.0195,88.1818,4.9768,-22.8406,0.6752,0.1682,-0.1125,0.7093
independent_20260430_203326,trial_001,subject_001,1777552409.173959,1777552409.173959,275200.7835729,11,L_Tibia,135,1,3.6367,9.7617,-2.7084,50.8423,93.2617,-23.1323,95.1855,5.7843,-64.8962,0.604,0.4244,-0.3299,0.5884
independent_20260430_203326,trial_001,subject_001,1777552409.173959,1777552409.173959,275200.7837901,12,L_Foot,144,1,-0.2728,0.2249,10.2785,4.7607,0.0,2.6245,0.5383,3.3289,-124.3378,-0.0235,0.0177,-0.8839,0.4668
independent_20260430_203326,trial_001,subject_001,1777552409.174958,1777552409.174958,275200.7839666,13,R_Femur,139,1,-4.0626,10.2498,0.4067,-94.3604,2.7466,-15.3809,110.7477,0.2362,-40.99,0.7704,0.2892,-0.1974,0.5328
independent_20260430_203326,trial_001,subject_001,1777552409.174958,1777552409.174958,275200.7841639,14,R_Tibia,71,1,-1.5169,10.0632,-3.8425,115.2344,-59.2651,-14.0381,131.38,3.9551,-178.9948,-0.0062,0.9109,-0.4111,0.0351
independent_20260430_203326,trial_001,subject_001,1777552409.174958,1777552409.174958,275200.7843212,11,L_Tibia,136,1,0.3254,10.2259,-2.2155,46.6919,48.0347,-20.813,95.993,6.026,-63.9514,0.6109,0.4228,-0.3207,0.5875
independent_20260430_203326,trial_001,subject_001,1777552409.174958,1777552409.174958,275200.7844731,12,L_Foot,145,1,0.0909,0.0957,10.1685,5.3101,3.9062,0.7935,0.6317,3.3783,-124.3268,-0.0235,0.0186,-0.8838,0.4669
independent_20260430_203326,trial_001,subject_001,1777552409.174958,1777552409.174958,275200.7846737,13,R_Femur,140,1,-3.9286,10.202,-0.89,-107.4829,-31.9824,-23.3154,108.6493,0.78,-41.2317,0.7589,0.2897,-0.2002,0.5478
independent_20260430_203326,trial_001,subject_001,1777552409.1759574,1777552409.1759574,275200.7848263,15,R_Foot,72,1,0.89,1.5935,11.0729,140.9912,3.7231,-22.583,16.073,-3.4991,-176.3031,0.0347,0.1387,-0.9893,0.0277
independent_20260430_203326,trial_001,subject_001,1777552409.1759574,1777552409.1759574,275200.7850008,9,Trunk,134,1,0.7273,8.5367,-1.2968,-3.418,-20.3247,-12.6343,91.3733,-1.0712,-158.8678,0.1376,0.7022,-0.6879,0.1215
independent_20260430_203326,trial_001,subject_001,1777552409.1759574,1777552409.1759574,275200.7851883,11,L_Tibia,137,1,-5.0962,9.1684,-1.6413,39.4287,-67.2607,-5.4321,96.7456,6.3062,-64.6216,0.6113,0.4298,-0.3198,0.5826
independent_20260430_203326,trial_001,subject_001,1777552409.2024753,1777552409.2024753,275200.812163,12,L_Foot,146,1,-0.3445,0.1292,10.1254,5.0049,6.2866,-0.9766,0.7581,3.5266,-124.3378,-0.0241,0.0202,-0.8838,0.4668
independent_20260430_203326,trial_001,subject_001,1777552409.2024753,1777552409.2024753,275200.8122879,13,R_Femur,141,1,-2.2203,10.5465,-1.804,-107.8491,-58.1055,-17.2119,107.0068,1.2854,-41.9019,0.7483,0.2937,-0.2042,0.5586
independent_20260430_203326,trial_001,subject_001,1777552409.2034757,1777552409.2034757,275200.8124101,14,R_Tibia,72,1,-1.091,10.1158,-4.4311,119.9341,-52.063,-14.1602,134.8352,5.3778,-179.8627,-0.0169,0.9223,-0.3835,0.0438
independent_20260430_203326,trial_001,subject_001,1777552409.2525733,1777552409.2525733,275200.8624005,9,Trunk,135,1,0.5646,8.6276,-1.2059,0.7935,-11.9019,-12.207,91.3623,-0.8899,-159.071,0.1353,0.7026,-0.688,0.1214
independent_20260430_203326,trial_001,subject_001,1777552409.2525733,1777552409.2525733,275200.8626595,11,L_Tibia,138,1,-4.0674,8.9626,-2.0002,39.4897,-120.6665,2.3193,97.1576,6.5039,-66.3025,0.6063,0.4408,-0.3256,0.5763
independent_20260430_203326,trial_001,subject_001,1777552409.2525733,1777552409.2525733,275200.8628717,12,L_Foot,147,1,-0.7752,0.1962,9.9962,3.54,4.8828,-0.9766,0.8295,3.609,-124.3542,-0.0245,0.0211,-0.8838,0.4667
independent_20260430_203326,trial_001,subject_001,1777552409.2540824,1777552409.2540824,275200.8630498,13,R_Femur,142,1,-0.3445,10.647,-2.6701,-107.9102,-63.7207,-7.6904,105.3589,1.6809,-42.7643,0.7372,0.2982,-0.2102,0.5687
independent_20260430_203326,trial_001,subject_001,1777552409.2540824,1777552409.2540824,275200.863208,15,R_Foot,73,1,0.1771,1.4451,10.757,217.7734,-17.5171,-37.7808,22.6428,-3.4113,-177.2919,0.0338,0.1955,-0.98,0.0173
independent_20260430_203326,trial_001,subject_001,1777552409.2540824,1777552409.2540824,275200.8633597,9,Trunk,136,1,0.4402,8.9865,-1.1676,2.1362,-4.3335,-12.146,91.3788,-0.7141,-159.1534,0.1337,0.703,-0.6878,0.122
independent_20260430_203326,trial_001,subject_001,1777552409.2540824,1777552409.2540824,275200.8635021,11,L_Tibia,139,1,-0.2919,9.8766,-1.9188,36.5601,-95.0317,0.6104,97.5421,6.6852,-67.8461,0.6016,0.4509,-0.3308,0.5704
independent_20260430_203326,trial_001,subject_001,1777552409.2540824,1777552409.2540824,275200.8636609,12,L_Foot,148,1,-1.0384,0.0239,9.9101,4.6997,3.8452,0.1221,0.9064,3.6749,-124.3597,-0.0247,0.022,-0.8838,0.4667
independent_20260430_203326,trial_001,subject_001,1777552409.2540824,1777552409.2540824,275200.8638353,13,R_Femur,143,1,1.1771,10.7092,-3.2635,-106.8726,-41.687,-1.6479,103.1836,1.9611,-43.6926,0.7233,0.3014,-0.2187,0.5816
independent_20260430_203326,trial_001,subject_001,1777552409.2550936,1777552409.2550936,275200.8640087,14,R_Tibia,73,1,-0.7178,8.9722,-6.7949,111.0229,-59.2041,-11.4746,138.7518,7.1466,179.1211,0.0291,-0.9339,0.352,-0.0556
independent_20260430_203326,trial_001,subject_001,1777552409.2550936,1777552409.2550936,275200.8641751,9,Trunk,137,1,0.3206,9.6134,-1.2394,0.4883,1.6479,-13.2446,91.3788,-0.4669,-159.137,0.1324,0.7032,-0.6875,0.1236
independent_20260430_203326,trial_001,subject_001,1777552409.2550936,1777552409.2550936,275200.8643322,11,L_Tibia,140,1,3.4214,9.5751,-1.2011,36.438,19.043,-16.3574,98.2123,6.9653,-68.1097,0.6029,0.4555,-0.3279,0.5671
independent_20260430_203326,trial_001,subject_001,1777552409.2550936,1777552409.2550936,275200.864493,12,L_Foot,149,1,-0.8709,0.2728,10.1063,4.2725,2.0752,1.4038,1.0162,3.7299,-124.3433,-0.0246,0.023,-0.8837,0.4668
independent_20260430_203326,trial_001,subject_001,1777552409.2550936,1777552409.2550936,275200.864634,13,R_Femur,144,1,1.2824,10.8097,-3.5458,-108.5815,-15.564,-4.1504,101.5466,2.0709,-43.9783,0.7139,0.3006,-0.2238,0.5915
independent_20260430_203326,trial_001,subject_001,1777552409.2550936,1777552409.2550936,275200.8649093,15,R_Foot,74,1,1.1867,2.2251,11.1351,292.8467,-22.644,-66.2842,30.6628,-3.2574,-179.0881,0.0295,0.2641,-0.9641,0.0002
independent_20260430_203326,trial_001,subject_001,1777552409.256096,1777552409.256096,275200.8651378,9,Trunk,138,1,0.1962,10.0058,-1.2106,-0.3662,3.54,-14.4653,91.3623,-0.2637,-159.082,0.1315,0.7033,-0.6873,0.1252
independent_20260430_203326,trial_001,subject_001,1777552409.256096,1777552409.256096,275200.8653488,11,L_Tibia,141,1,1.5552,9.7904,-1.5743,38.0249,69.2139,-20.5688,98.9099,7.1246,-67.132,0.6096,0.453,-0.3194,0.5667
independent_20260430_203326,trial_001,subject_001,1777552409.256096,1777552409.256096,275200.8655533,12,L_Foot,150,1,-0.713,0.3685,10.0967,4.2114,1.3428,1.709,1.0931,3.7518,-124.3213,-0.0245,0.0237,-0.8836,0.467
independent_20260430_203326,trial_001,subject_001,1777552409.2830212,1777552409.2830212,275200.8922204,13,R_Femur,145,1,0.7704,10.7522,-3.8233,-109.5581,5.8594,-9.7046,99.8987,2.1808,-43.9178,0.7052,0.2975,-0.2271,0.6021
independent_20260430_203326,trial_001,subject_001,1777552409.2830212,1777552409.2830212,275200.8924003,14,R_Tibia,74,1,-0.4929,7.5605,-7.5653,85.8765,-49.1333,-0.5493,141.9983,8.7231,178.0719,0.0406,-0.9422,0.3258,-0.0664
independent_20260430_203326,trial_001,subject_001,1777552409.2830212,1777552409.2830212,275200.8925548,9,Trunk,139,1,-0.0861,10.3168,-1.2202,-2.0752,5.188,-15.8081,91.3184,0.0275,-158.9722,0.1303,0.7032,-0.6872,0.1277
independent_20260430_203326,trial_001,subject_001,1777552409.2830212,1777552409.2830212,275200.8927136,11,L_Tibia,142,1,-2.7945,9.8861,-2.1342,32.959,48.7061,-16.6016,99.7504,7.3169,-65.8905,0.618,0.4495,-0.3088,0.5663
independent_20260430_203326,trial_001,subject_001,1777552409.2830212,1777552409.2830212,275200.8928698,12,L_Foot,151,1,-0.6604,0.335,10.1206,4.0283,0.6714,1.5869,1.1865,3.7738,-124.2938,-0.0243,0.0245,-0.8835,0.4672
independent_20260430_203326,trial_001,subject_001,1777552409.284022,1777552409.284022,275200.8929894,13,R_Femur,146,1,0.3972,10.7235,-3.6367,-111.6333,14.1602,-12.5732,97.6849,2.3676,-43.5992,0.6939,0.2922,-0.2299,0.6167
independent_20260430_203326,trial_001,subject_001,1777552409.284022,1777552409.284022,275200.893109,10,L_Femur,129,1,-1.4308,9.8048,-0.8374,24.4751,42.3584,-15.9912,92.0874,6.3611,-22.5275,0.6974,0.1782,-0.0962,0.6875
independent_20260430_203326,trial_001,subject_001,1777552409.284022,1777552409.284022,275200.8932309,11,L_Tibia,143,1,-3.7372,9.9101,-2.2873,31.0669,2.9907,-8.1177,100.2557,7.4323,-65.6708,0.621,0.4502,-0.3051,0.5645
independent_20260430_203326,trial_001,subject_001,1777552409.284022,1777552409.284022,275200.8933538,12,L_Foot,152,1,-0.6843,0.4689,10.1302,3.9673,1.1597,1.0376,1.2579,3.7958,-124.2828,-0.0242,0.0252,-0.8834,0.4673
independent_20260430_203326,trial_001,subject_001,1777552409.284022,1777552409.284022,275200.8934727,13,R_Femur,147,1,0.4785,10.6326,-3.0146,-110.4126,10.376,-11.3525,96.026,2.5159,-43.396,0.685,0.2884,-0.2321,0.6274
independent_20260430_203326,trial_001,subject_001,1777552409.284022,1777552409.284022,275200.8936062,14,R_Tibia,75,1,-1.0671,6.1106,-8.2496,50.354,-44.0063,3.9673,144.0582,10.0195,176.9568,0.0521,-0.9465,0.3095,-0.0749
independent_20260430_203326,trial_001,subject_001,1777552409.284022,1777552409.284022,275200.8937247,9,Trunk,140,1,-0.5216,10.1302,-0.9953,-5.5542,4.5776,-15.3198,91.1536,0.4779,-158.8184,0.1284,0.7026,-0.6875,0.1316
independent_20260430_203326,trial_001,subject_001,1777552409.284022,1777552409.284022,275200.8938527,10,L_Femur,130,1,-2.1294,9.5847,-1.2011,25.8789,31.6162,-13.0005,92.5323,6.5424,-22.0001,0.7006,0.1764,-0.0912,0.6854
independent_20260430_203326,trial_001,subject_001,1777552409.3130713,1777552409.3130713,275200.9224145,12,L_Foot,153,1,-0.7178,0.5216,10.0871,2.5635,0.9155,0.4883,1.3184,3.8123,-124.2773,-0.024,0.0257,-0.8834,0.4674
independent_20260430_203326,trial_001,subject_001,1777552409.3130713,1777552409.3130713,275200.9226371,13,R_Femur,148,1,0.1723,10.1876,-2.2682,-102.7222,7.4463,-7.5684,93.9221,2.6587,-43.2092,0.6735,0.2838,-0.2355,0.6406
independent_20260430_203326,trial_001,subject_001,1777552409.3130713,1777552409.3130713,275200.9228187,15,R_Foot,75,1,5.9671,1.7466,27.8113,-0.7324,-142.8833,-100.9521,47.6642,-2.2412,171.8591,0.0108,-0.4042,0.9117,0.0728
independent_20260430_203326,trial_001,subject_001,1777552409.3140717,1777552409.3140717,275200.9229977,10,L_Femur,131,1,-1.9763,9.2258,-1.4595,29.9683,22.583,-9.7046,93.1586,6.7291,-21.4893,0.7048,0.1748,-0.086,0.6821
independent_20260430_203326,trial_001,subject_001,1777552409.3231103,1777552409.3231103,275200.9326723,11,L_Tibia,144,1,-0.378,9.4459,-2.5505,26.3672,-18.0664,-4.1504,101.1401,7.7454,-66.3904,0.6214,0.4578,-0.3033,0.5588
independent_20260430_203326,trial_001,subject_001,1777552409.3231103,1777552409.3231103,275200.9328762,12,L_Foot,154,1,-0.6699,0.6077,10.0297,2.2583,0.7935,0.5493,1.3843,3.8397,-124.2719,-0.024,0.0263,-0.8833,0.4674
independent_20260430_203326,trial_001,subject_001,1777552409.3241103,1777552409.3241103,275200.9330398,13,R_Femur,149,1,-0.4929,9.9866,-2.2969,-91.9189,12.6953,-7.0801,92.5159,2.7466,-43.017,0.6659,0.2802,-0.2373,0.6494
independent_20260430_203326,trial_001,subject_001,1777552409.3241103,1777552409.3241103,275200.9331909,14,R_Tibia,76,1,-1.1054,4.6655,-8.1539,13.855,-33.1421,15.7471,144.7394,10.7227,176.1273,0.0603,-0.9474,0.3044,-0.0788
independent_20260430_203326,trial_001,subject_001,1777552409.3534834,1777552409.3534834,275200.9629607,9,Trunk,141,1,-0.6269,9.733,-0.6604,-6.5308,6.7139,-16.9067,90.8899,1.0272,-158.5986,0.1261,0.7013,-0.6882,0.1365
independent_20260430_203326,trial_001,subject_001,1777552409.354149,1777552409.354149,275200.9631899,10,L_Femur,132,1,-1.5121,9.532,-1.4738,28.0762,20.813,-6.958,93.631,6.8225,-21.1597,0.708,0.1737,-0.0828,0.6795
independent_20260430_203326,trial_001,subject_001,1777552409.354149,1777552409.354149,275200.963429,11,L_Tibia,145,1,0.3828,9.5703,-2.4596,26.2451,4.0283,-6.1646,101.5356,7.8387,-66.3849,0.623,0.4592,-0.3011,0.557
independent_20260430_203326,trial_001,subject_001,1777552409.354149,1777552409.354149,275200.9636406,12,L_Foot,155,1,-0.6556,0.4977,10.0728,1.8311,1.3428,0.5493,1.4227,3.8617,-124.2664,-0.024,0.0267,-0.8833,0.4675
independent_20260430_203326,trial_001,subject_001,1777552409.354149,1777552409.354149,275200.9638409,13,R_Femur,150,1,-1.3207,10.0249,-2.4021,-84.7778,20.813,-8.9111,91.236,2.8564,-42.7203,0.659,0.2765,-0.2381,0.6577
independent_20260430_203326,trial_001,subject_001,1777552409.354149,1777552409.354149,275200.9640027,15,R_Foot,76,1,1.938,-3.1295,6.9528,-130.249,19.2261,-51.9409,43.418,-0.7251,169.9036,0.0267,-0.369,0.9252,0.0841
independent_20260430_203326,trial_001,subject_001,1777552409.354149,1777552409.354149,275200.9641707,9,Trunk,142,1,-0.6986,9.7234,-0.6125,-6.2866,6.4087,-17.9443,90.78,1.2799,-158.4943,0.1251,0.7008,-0.6884,0.1388
independent_20260430_203326,trial_001,subject_001,1777552409.354149,1777552409.354149,275200.9643062,10,L_Femur,133,1,-1.5504,9.7809,-1.4643,28.9307,20.2026,-6.8359,94.2297,6.9214,-20.7257,0.7121,0.172,-0.0787,0.6762
independent_20260430_203326,trial_001,subject_001,1777552409.354149,1777552409.354149,275200.9644472,11,L_Tibia,146,1,-0.1388,9.8574,-2.1772,25.0854,24.0479,-7.3242,101.9696,7.8827,-66.0443,0.6263,0.4587,-0.2975,0.5557
independent_20260430_203326,trial_001,subject_001,1777552409.3556578,1777552409.3556578,275200.9646153,12,L_Foot,156,1,-0.7465,0.2919,10.0249,2.6245,1.2817,0.7935,1.4722,3.8837,-124.2554,-0.0239,0.0272,-0.8832,0.4676
independent_20260430_203326,trial_001,subject_001,1777552409.3556578,1777552409.3556578,275200.9647645,13,R_Femur,151,1,-1.6939,9.9388,-2.2395,-80.2002,20.5078,-5.188,89.621,2.9718,-42.2699,0.6505,0.2712,-0.2387,0.6681
independent_20260430_203326,trial_001,subject_001,1777552409.3556578,1777552409.3556578,275200.9649044,14,R_Tibia,77,1,-1.1532,6.192,-4.2444,-45.7764,-23.0103,31.4331,143.6407,11.0358,174.7375,0.0734,-0.9433,0.3144,-0.077
independent_20260430_203326,trial_001,subject_001,1777552409.3561761,1777552409.3561761,275200.9650617,9,Trunk,143,1,-0.6221,9.6756,-0.6938,-5.188,6.2256,-18.0054,90.6592,1.6315,-158.3624,0.1236,0.7003,-0.6886,0.1419
independent_20260430_203326,trial_001,subject_001,1777552409.3561761,1777552409.3561761,275200.965208,10,L_Femur,134,1,-1.5887,9.7521,-1.7609,30.3345,18.4937,-7.5684,94.7186,7.0093,-20.4236,0.7153,0.1709,-0.0756,0.6734
independent_20260430_203326,trial_001,subject_001,1777552409.3561761,1777552409.3561761,275200.9653399,12,L_Foot,157,1,-0.7848,0.0957,9.934,2.8687,1.2817,1.0376,1.5436,3.9166,-124.2444,-0.0239,0.0279,-0.8831,0.4677
independent_20260430_203326,trial_001,subject_001,1777552409.3561761,1777552409.3561761,275200.9654821,13,R_Femur,152,1,-1.2633,9.5799,-1.8519,-75.0122,14.7095,-0.3052,88.4839,2.9883,-42.0117,0.6444,0.2674,-0.2397,0.6751
independent_20260430_203326,trial_001,subject_001,1777552409.3561761,1777552409.3561761,275200.9656084,15,R_Foot,77,1,0.9762,-0.9475,7.2687,-139.3433,40.5273,-20.2637,39.375,0.4889,170.1837,0.0328,-0.3353,0.9382,0.0791
independent_20260430_203326,trial_001,subject_001,1777552409.433405,1777552409.433405,275201.0423109,9,Trunk,144,1,-0.5551,9.422,-0.7608,-5.188,4.5776,-17.0898,90.5713,1.8842,-158.2855,0.1225,0.7,-0.6887,0.144
independent_20260430_203326,trial_001,subject_001,1777552409.433405,1777552409.433405,275201.0424694,10,L_Femur,135,1,-1.2776,9.4938,-1.9045,33.3862,15.8081,-4.8828,95.2405,7.0697,-20.1654,0.7186,0.17,-0.0729,0.6703
independent_20260430_203326,trial_001,subject_001,1777552409.433405,1777552409.433405,275201.0426145,11,L_Tibia,147,1,-1.3686,9.422,-2.8424,15.686,2.0142,-5.249,102.7002,8.0145,-65.5115,0.6316,0.4582,-0.2912,0.5535
independent_20260430_203326,trial_001,subject_001,1777552409.433405,1777552409.433405,275201.0427444,12,L_Foot,158,1,-0.7226,0.1388,9.9914,2.1362,1.2207,0.9766,1.5985,3.9386,-124.2334,-0.0239,0.0284,-0.8831,0.4678
independent_20260430_203326,trial_001,subject_001,1777552409.433405,1777552409.433405,275201.0428754,13,R_Femur,153,1,-0.6986,9.0727,-1.4164,-68.1152,9.0942,2.3193,87.4457,2.9553,-41.8414,0.6387,0.2641,-0.2413,0.6812
independent_20260430_203326,trial_001,subject_001,1777552409.433405,1777552409.433405,275201.043025,14,R_Tibia,78,1,-2.4691,5.1919,-6.1537,-93.1396,-19.165,37.8418,140.7129,10.871,173.2983,0.0866,-0.9341,0.3393,-0.0695
independent_20260430_203326,trial_001,subject_001,1777552409.433405,1777552409.433405,275201.0431623,9,Trunk,145,1,-0.4594,9.0104,-0.5359,-2.2583,4.4556,-15.9302,90.4889,2.1973,-158.1976,0.121,0.6997,-0.6887,0.1465
independent_20260430_203326,trial_001,subject_001,1777552409.4344034,1777552409.4344034,275201.043273,10,L_Femur,136,1,-1.0384,9.3406,-1.6509,32.1045,14.0381,0.2441,95.9216,7.0587,-19.8743,0.723,0.1685,-0.0703,0.6662
independent_20260430_203326,trial_001,subject_001,1777552409.4344034,1777552409.4344034,275201.0433733,11,L_Tibia,148,1,-0.3972,9.5416,-2.0768,11.2915,12.3291,-4.5776,102.9968,8.0804,-65.3357,0.6335,0.4583,-0.2888,0.5525
independent_20260430_203326,trial_001,subject_001,1777552409.4344034,1777552409.4344034,275201.04347,12,L_Foot,159,1,-0.579,0.1723,10.0919,1.2817,3.2349,1.0376,1.6479,3.999,-124.2169,-0.0241,0.029,-0.883,0.4679
independent_20260430_203326,trial_001,subject_001,1777552409.4344034,1777552409.4344034,275201.0435834,13,R_Femur,154,1,-0.1436,8.7855,-1.2633,-60.3027,8.728,0.6104,86.1987,2.9279,-41.6602,0.6318,0.2603,-0.2432,0.6884
independent_20260430_203326,trial_001,subject_001,1777552409.4344034,1777552409.4344034,275201.0437127,15,R_Foot,78,1,1.3829,0.3158,9.666,-205.6274,2.5635,-1.8311,32.9425,0.9283,170.2112,0.0319,-0.2818,0.9556,0.0795
independent_20260430_203326,trial_001,subject_001,1777552409.4344034,1777552409.4344034,275201.0438424,9,Trunk,146,1,-0.4929,9.0152,-0.2584,0.7935,6.6528,-14.2822,90.4834,2.406,-158.0988,0.1203,0.6998,-0.6883,0.1484
independent_20260430_203326,trial_001,subject_001,1777552409.4344034,1777552409.4344034,275201.0439852,10,L_Femur,137,1,-1.2154,9.3933,-1.7227,33.9355,18.1885,1.0986,96.4545,7.0093,-19.6106,0.7266,0.1669,-0.0683,0.663
independent_20260430_203326,trial_001,subject_001,1777552409.4344034,1777552409.4344034,275201.0441559,11,L_Tibia,149,1,-0.5359,9.6134,-2.5122,7.9346,17.7612,-5.7983,103.1616,8.1079,-65.061,0.6353,0.4573,-0.2866,0.5524
independent_20260430_203326,trial_001,subject_001,1777552409.435406,1777552409.435406,275201.044376,12,L_Foot,160,1,-0.7321,0.1579,10.0345,1.5259,2.7466,1.2207,1.6864,4.0485,-124.2004,-0.0243,0.0295,-0.8829,0.468
independent_20260430_203326,trial_001,subject_001,1777552409.435406,1777552409.435406,275201.0445039,13,R_Femur,155,1,-0.2249,8.7999,-1.4308,-55.2979,12.6343,-3.9673,85.3583,2.9773,-41.4734,0.627,0.2578,-0.2437,0.6935
independent_20260430_203326,trial_001,subject_001,1777552409.4632232,1777552409.4632232,275201.0723577,14,R_Tibia,79,1,-1.426,6.058,-5.211,-139.2822,8.9722,46.3257,136.2085,10.0415,172.0349,0.0968,-0.9198,0.3762,-0.0552
independent_20260430_203326,trial_001,subject_001,1777552409.5331328,1777552409.5331328,275201.1423416,9,Trunk,147,1,-0.5742,9.1684,-0.1053,3.418,8.3008,-13.2446,90.5164,2.5983,-157.9779,0.12,0.7001,-0.6877,0.1502
independent_20260430_203326,trial_001,subject_001,1777552409.5331328,1777552409.5331328,275201.1425494,10,L_Femur,138,1,-1.2681,9.6134,-1.6892,33.1421,17.8223,1.6479,96.9928,6.9543,-19.3304,0.7302,0.1651,-0.0663,0.6597
independent_20260430_203326,trial_001,subject_001,1777552409.5331328,1777552409.5331328,275201.1427356,11,L_Tibia,150,1,-0.9283,9.3215,-2.6605,8.1787,18.9819,-6.2866,103.3319,8.1409,-64.7534,0.6372,0.4562,-0.2843,0.5523
independent_20260430_203326,trial_001,subject_001,1777552409.5331328,1777552409.5331328,275201.1428954,12,L_Foot,161,1,-0.78,0.3493,9.9196,1.709,2.6245,1.4648,1.7194,4.0924,-124.184,-0.0245,0.03,-0.8828,0.4682
independent_20260430_203326,trial_001,subject_001,1777552409.534133,1777552409.534133,275201.1430921,13,R_Femur,156,1,-0.5838,8.6085,-1.5217,-46.814,15.9302,-6.3477,84.375,3.1146,-41.1603,0.6214,0.2548,-0.2433,0.6998
independent_20260430_203326,trial_001,subject_001,1777552409.534133,1777552409.534133,275201.1432989,15,R_Foot,79,1,0.201,2.1103,6.8858,-192.688,-14.5874,10.3149,25.9003,0.6647,170.3375,0.0245,-0.2228,0.9712,0.0808
independent_20260430_203326,trial_001,subject_001,1777552409.534133,1777552409.534133,275201.1434455,9,Trunk,148,1,-0.6604,9.2401,-0.1866,6.8359,10.0098,-13.0005,90.6317,2.851,-157.7856,0.1198,0.7008,-0.6864,0.1528
independent_20260430_203326,trial_001,subject_001,1777552409.534133,1777552409.534133,275201.1436146,10,L_Femur,139,1,-1.5217,9.3885,-1.2729,33.3862,13.1836,1.77,97.6849,6.8774,-19.0393,0.7347,0.1632,-0.0641,0.6554
independent_20260430_203326,trial_001,subject_001,1777552409.534133,1777552409.534133,275201.1438189,11,L_Tibia,151,1,-1.1676,9.3454,-2.0098,10.376,17.7612,-5.0659,103.5846,8.1683,-64.3689,0.6399,0.4548,-0.2812,0.552
independent_20260430_203326,trial_001,subject_001,1777552409.5351343,1777552409.5351343,275201.1439888,12,L_Foot,162,1,-0.8183,0.3732,9.9675,1.2817,2.9907,1.2817,1.7633,4.1583,-124.1565,-0.0249,0.0306,-0.8826,0.4684
independent_20260430_203326,trial_001,subject_001,1777552409.5351343,1777552409.5351343,275201.1441597,13,R_Femur,157,1,-0.4977,8.4506,-1.2872,-37.5977,14.5874,-5.249,83.7872,3.2135,-40.9351,0.6181,0.253,-0.2427,0.7037
independent_20260430_203326,trial_001,subject_001,1777552409.5351343,1777552409.5351343,275201.1442915,14,R_Tibia,80,1,-2.3495,6.6753,-6.2973,-170.7764,30.3345,41.8091,131.3306,8.4869,171.7822,0.0955,-0.9041,0.4147,-0.0378
independent_20260430_203326,trial_001,subject_001,1777552409.5351343,1777552409.5351343,275201.1444246,9,Trunk,149,1,-0.7178,9.2736,-0.268,7.6294,10.9863,-12.3901,90.7361,3.0267,-157.6154,0.1199,0.7015,-0.6853,0.1548
independent_20260430_203326,trial_001,subject_001,1777552409.5351343,1777552409.5351343,275201.1445464,10,L_Femur,140,1,-1.5073,9.4842,-1.3638,31.7383,13.1836,1.8921,98.1848,6.8225,-18.8416,0.7379,0.1619,-0.0626,0.6522
independent_20260430_203326,trial_001,subject_001,1777552409.5351343,1777552409.5351343,275201.1446782,11,L_Tibia,152,1,-1.5647,9.5751,-1.5695,8.5449,12.7563,-4.5166,103.7659,8.1903,-64.1437,0.6416,0.454,-0.2793,0.5516
independent_20260430_203326,trial_001,subject_001,1777552409.5351343,1777552409.5351343,275201.144806,12,L_Foot,163,1,-0.8374,0.3972,10.1206,0.1831,2.5024,1.2207,1.7853,4.2023,-124.1455,-0.0251,0.0309,-0.8826,0.4685
independent_20260430_203326,trial_001,subject_001,1777552409.5351343,1777552409.5351343,275201.1449339,13,R_Femur,158,1,-0.1388,8.4267,-0.8326,-30.6396,13.6719,-3.6011,83.3148,3.2904,-40.7208,0.6154,0.2513,-0.2419,0.7068
independent_20260430_203326,trial_001,subject_001,1777552409.536134,1777552409.536134,275201.1450605,15,R_Foot,80,1,0.9666,3.1869,10.068,-171.1426,-44.7388,28.9917,19.7479,-0.824,170.5627,0.007,-0.1715,0.9817,0.0823
independent_20260430_203326,trial_001,subject_001,1777552409.536134,1777552409.536134,275201.1451709,9,Trunk,150,1,-0.7656,9.3885,-0.2871,7.9346,10.2539,-11.2305,90.8514,3.1915,-157.4561,0.12,0.7021,-0.6842,0.1566
independent_20260430_203326,trial_001,subject_001,1777552409.536134,1777552409.536134,275201.1452651,10,L_Femur,141,1,-1.5265,9.6564,-1.2968,28.0762,10.376,-0.1221,98.7946,6.7731,-18.6053,0.7417,0.1605,-0.0608,0.6484
independent_20260430_203326,trial_001,subject_001,1777552409.536134,1777552409.536134,275201.1453562,11,L_Tibia,153,1,-1.536,9.4076,-1.9858,9.6436,3.7842,-3.1128,103.9197,8.2288,-64.0558,0.6425,0.4541,-0.278,0.551
independent_20260430_203326,trial_001,subject_001,1777552409.536134,1777552409.536134,275201.1454459,12,L_Foot,164,1,-0.7991,0.4211,10.044,0.061,1.709,1.0986,1.8018,4.2352,-124.129,-0.0253,0.0312,-0.8825,0.4686
independent_20260430_203326,trial_001,subject_001,1777552409.536134,1777552409.536134,275201.1455357,13,R_Femur,159,1,-0.0479,8.5463,-0.3015,-23.7427,16.2354,-4.2114,82.8149,3.3948,-40.4022,0.6128,0.2491,-0.2405,0.7103
independent_20260430_203326,trial_001,subject_001,1777552409.536134,1777552409.536134,275201.1456247,14,R_Tibia,81,1,-2.45,7.9003,-7.2687,-188.7207,3.2959,42.6636,124.8541,7.0807,171.2164,0.0962,-0.8799,0.4648,-0.0192
independent_20260430_203326,trial_001,subject_001,1777552409.536134,1777552409.536134,275201.145727,9,Trunk,151,1,-0.7369,9.5512,-0.3063,6.897,9.2773,-10.9253,90.9833,3.3948,-157.2638,0.1202,0.7029,-0.6828,0.1588
independent_20260430_203326,trial_001,subject_001,1777552409.536134,1777552409.536134,275201.1458164,10,L_Femur,142,1,-1.5504,9.5607,-0.9666,25.7568,7.5684,-0.061,99.201,6.7566,-18.4735,0.7442,0.1597,-0.0596,0.6458
independent_20260430_203326,trial_001,subject_001,1777552409.536134,1777552409.536134,275201.1459049,11,L_Tibia,154,1,-0.957,9.3406,-1.8662,11.3525,2.3193,-1.77,104.1614,8.2672,-63.9954,0.6438,0.4545,-0.2766,0.55
independent_20260430_203326,trial_001,subject_001,1777552409.537134,1777552409.537134,275201.1459933,12,L_Foot,165,1,-0.7943,0.3876,9.9483,0.3052,1.3428,0.7935,1.8182,4.2737,-124.118,-0.0255,0.0315,-0.8824,0.4687
independent_20260430_203326,trial_001,subject_001,1777552409.537134,1777552409.537134,275201.1460821,13,R_Femur,160,1,-0.3063,8.6755,-0.0096,-19.7754,21.2402,-5.7983,82.5183,3.5046,-40.0946,0.6113,0.2476,-0.2386,0.7128
independent_20260430_203326,trial_001,subject_001,1777552409.537134,1777552409.537134,275201.1461703,15,R_Foot,81,1,1.2106,4.3401,11.738,-158.6304,-53.894,44.7388,14.837,-2.6147,171.2933,-0.0128,-0.1304,0.9883,0.0782
independent_20260430_203326,trial_001,subject_001,1777552409.537134,1777552409.537134,275201.1462574,9,Trunk,152,1,-0.7178,9.6086,-0.2967,7.2021,9.7046,-11.1084,91.0876,3.5541,-157.1155,0.1202,0.7036,-0.6817,0.1606
independent_20260430_203326,trial_001,subject_001,1777552409.537134,1777552409.537134,275201.1463454,10,L_Femur,143,1,-1.4595,9.5751,-0.9953,23.9258,8.728,-0.4883,99.5801,6.7346,-18.3472,0.7466,0.159,-0.0585,0.6434
independent_20260430_203326,trial_001,subject_001,1777552409.537134,1777552409.537134,275201.146433,11,L_Tibia,155,1,-1.0575,9.3454,-1.8997,12.6953,5.0049,-2.0752,104.3646,8.2837,-63.9185,0.645,0.4546,-0.2753,0.5491
independent_20260430_203326,trial_001,subject_001,1777552409.537134,1777552409.537134,275201.1465195,13,R_Femur,161,1,-0.646,8.8095,0.2058,-17.0898,25.5127,-5.7373,82.2711,3.6365,-39.7266,0.6103,0.2459,-0.2361,0.7151
independent_20260430_203326,trial_001,subject_001,1777552409.537134,1777552409.537134,275201.1466066,14,R_Tibia,82,1,-0.7608,8.1922,-6.2207,-193.7866,23.0103,37.8418,118.0261,5.7129,170.8868,0.0936,-0.8515,0.516,-0.0017
independent_20260430_203326,trial_001,subject_001,1777552409.537134,1777552409.537134,275201.1466938,9,Trunk,153,1,-0.8565,9.5512,-0.2823,6.4697,10.0098,-10.1318,91.2195,3.7463,-156.9067,0.1206,0.7043,-0.6803,0.1628
independent_20260430_203326,trial_001,subject_001,1777552409.537134,1777552409.537134,275201.1467807,10,L_Femur,144,1,-1.3255,9.5081,-1.2489,24.0479,11.9019,-2.3193,100.08,6.7346,-18.1055,0.7497,0.1576,-0.0564,0.6402
independent_20260430_203326,trial_001,subject_001,1777552409.538133,1777552409.538133,275201.147254,11,L_Tibia,156,1,-1.1245,9.4076,-2.0528,14.0991,5.5542,-1.709,104.6613,8.3002,-63.7976,0.6469,0.4547,-0.2734,0.5477
independent_20260430_203326,trial_001,subject_001,1777552409.538133,1777552409.538133,275201.147382,12,L_Foot,166,1,-0.8757,0.4259,10.0297,0.3052,0.0,1.0986,1.8787,4.3396,-124.14,-0.0258,0.0322,-0.8825,0.4685
independent_20260430_203326,trial_001,subject_001,1777552409.538133,1777552409.538133,275201.1474992,13,R_Femur,162,1,-0.9762,8.9147,0.4929,-18.4326,25.2075,-4.8828,81.936,3.7958,-39.2102,0.6089,0.2434,-0.2328,0.7182
independent_20260430_203326,trial_001,subject_001,1777552409.6730158,1777552409.6730158,275201.2821232,15,R_Foot,82,1,0.8996,5.6369,13.073,-150.0854,-51.3916,45.7764,9.3713,-4.7736,172.5348,-0.0361,-0.0841,0.9935,0.0682
independent_20260430_203326,trial_001,subject_001,1777552409.6730158,1777552409.6730158,275201.2822511,9,Trunk,154,1,-0.9905,9.422,-0.2871,5.9814,9.5825,-9.0942,91.3074,3.8727,-156.7584,0.1208,0.7048,-0.6794,0.1644
independent_20260430_203326,trial_001,subject_001,1777552409.6730158,1777552409.6730158,275201.2823567,10,L_Femur,145,1,-1.1389,9.5081,-1.359,23.6206,14.0381,-2.1973,100.459,6.7291,-17.8857,0.7521,0.1564,-0.0547,0.6379
independent_20260430_203326,trial_001,subject_001,1777552409.6730158,1777552409.6730158,275201.2824566,11,L_Tibia,157,1,-0.8087,9.3358,-2.1964,15.0757,5.5542,-1.9531,104.903,8.3112,-63.7042,0.6484,0.4548,-0.272,0.5466
independent_20260430_203326,trial_001,subject_001,1777552409.6730158,1777552409.6730158,275201.2825549,12,L_Foot,167,1,-0.7752,0.445,9.9723,0.4883,0.2441,0.7935,1.8842,4.3451,-124.14,-0.0258,0.0323,-0.8825,0.4685
independent_20260430_203326,trial_001,subject_001,1777552409.6730158,1777552409.6730158,275201.2826817,13,R_Femur,163,1,-1.1867,8.9961,0.8039,-18.4326,22.0947,-5.7373,81.6779,3.9221,-38.8751,0.6077,0.2419,-0.2305,0.7205
independent_20260430_203326,trial_001,subject_001,1777552409.6730158,1777552409.6730158,275201.2828319,14,R_Tibia,83,1,-1.4499,9.1492,-5.8522,-179.1382,29.7852,34.3018,111.5717,4.1528,171.3702,0.0825,-0.8225,0.5626,0.0124
independent_20260430_203326,trial_001,subject_001,1777552409.6740162,1777552409.6740162,275201.2829897,9,Trunk,155,1,-1.0719,9.398,-0.2201,6.3477,9.7656,-7.6904,91.3953,3.9825,-156.6101,0.1212,0.7053,-0.6785,0.1658
independent_20260430_203326,trial_001,subject_001,1777552409.6740162,1777552409.6740162,275201.2831144,10,L_Femur,146,1,-1.0145,9.532,-1.5073,22.0337,17.8223,-1.8311,100.8215,6.7017,-17.6166,0.7545,0.1546,-0.0529,0.6356
independent_20260430_203326,trial_001,subject_001,1777552409.6740162,1777552409.6740162,275201.2832894,11,L_Tibia,158,1,-1.0623,9.4507,-2.3782,14.5264,3.7842,-0.7935,105.1447,8.3167,-63.6328,0.6498,0.455,-0.2706,0.5454
independent_20260430_203326,trial_001,subject_001,1777552409.6740162,1777552409.6740162,275201.2834587,12,L_Foot,168,1,-0.7656,0.3637,9.9531,1.4648,0.1221,0.7935,1.8842,4.3451,-124.151,-0.0258,0.0323,-0.8825,0.4685
independent_20260430_203326,trial_001,subject_001,1777552409.6740162,1777552409.6740162,275201.2836236,13,R_Femur,164,1,-1.3207,9.1779,1.4021,-16.6016,15.5029,-7.2632,81.3483,4.0979,-38.5291,0.6059,0.2405,-0.2281,0.7232
independent_20260430_203326,trial_001,subject_001,1777552409.6740162,1777552409.6740162,275201.2837715,15,R_Foot,83,1,1.3829,5.235,11.8624,-136.7188,-44.9829,45.2881,4.2023,-6.5918,173.9575,-0.0554,-0.0396,0.9962,0.0547
independent_20260430_203326,trial_001,subject_001,1777552409.6750157,1777552409.6750157,275201.2839336,9,Trunk,156,1,-1.1676,9.599,-0.1005,6.1646,8.9111,-5.3101,91.5161,4.0869,-156.4178,0.1219,0.7059,-0.6773,0.1675
independent_20260430_203326,trial_001,subject_001,1777552409.6750157,1777552409.6750157,275201.2841103,10,L_Femur,147,1,-0.9331,9.1588,-2.2586,27.4658,24.8413,-3.0518,101.4093,6.6687,-17.1387,0.7585,0.1515,-0.0497,0.6319
independent_20260430_203326,trial_001,subject_001,1777552409.6750157,1777552409.6750157,275201.2842526,11,L_Tibia,159,1,-1.2059,9.355,-3.0194,13.1226,2.1362,-0.9766,105.4248,8.3276,-63.5889,0.6513,0.4555,-0.2692,0.544
independent_20260430_203326,trial_001,subject_001,1777552409.6750157,1777552409.6750157,275201.2843733,12,L_Foot,169,1,-0.8518,0.4594,10.0823,0.0,-0.6104,0.7324,1.8896,4.3506,-124.1675,-0.0258,0.0323,-0.8826,0.4683
independent_20260430_203326,trial_001,subject_001,1777552409.6750157,1777552409.6750157,275201.2845024,13,R_Femur,165,1,-1.2729,9.154,1.8423,-14.7705,12.4512,-7.0801,81.1285,4.2297,-38.3368,0.6046,0.2399,-0.2266,0.7249
independent_20260430_203326,trial_001,subject_001,1777552409.6750157,1777552409.6750157,275201.2846033,14,R_Tibia,84,1,-1.4212,9.1444,-4.7995,-162.4146,14.0381,33.2031,106.5399,3.0048,171.6339,0.0741,-0.7979,0.5978,0.0227
independent_20260430_203326,trial_001,subject_001,1777552409.6750157,1777552409.6750157,275201.2847171,9,Trunk,157,1,-1.1628,9.6756,-0.0048,4.5776,7.7515,-3.9673,91.5875,4.1418,-156.297,0.1225,0.7063,-0.6766,0.1685
independent_20260430_203326,trial_001,subject_001,1777552409.6750157,1777552409.6750157,275201.2848436,10,L_Femur,148,1,-1.1867,9.0487,-2.4931,33.3252,25.7568,-2.3804,101.9257,6.6248,-16.7432,0.7619,0.1489,-0.0471,0.6286
independent_20260430_203326,trial_001,subject_001,1777552409.6760159,1777552409.6760159,275201.2849678,11,L_Tibia,160,1,-0.823,9.3693,-3.3065,10.9863,2.1973,-1.1597,105.6061,8.3441,-63.5449,0.6522,0.4557,-0.2682,0.5431
independent_20260430_203326,trial_001,subject_001,1777552409.6760159,1777552409.6760159,275201.2850769,12,L_Foot,170,1,-0.8948,0.4642,10.0967,-0.9155,-1.3428,0.6714,1.8896,4.3506,-124.173,-0.0258,0.0323,-0.8826,0.4683
independent_20260430_203326,trial_001,subject_001,1777552409.6760159,1777552409.6760159,275201.2851939,13,R_Femur,166,1,-1.2154,8.9626,2.1007,-11.7798,9.1553,-6.5308,80.9473,4.3451,-38.194,0.6035,0.2395,-0.2254,0.7264
independent_20260430_203326,trial_001,subject_001,1777552409.6760159,1777552409.6760159,275201.2853023,15,R_Foot,84,1,1.7274,4.8474,12.9773,-118.6523,-70.8008,44.7998,-0.2417,-8.7726,175.5011,-0.0765,-0.0009,0.9963,0.039
independent_20260430_203326,trial_001,subject_001,1777552409.6760159,1777552409.6760159,275201.2854188,10,L_Femur,149,1,-1.0145,8.8573,-2.8998,42.1143,23.8037,-0.1221,102.7826,6.5369,-16.2433,0.7673,0.1454,-0.0439,0.623
independent_20260430_203326,trial_001,subject_001,1777552409.6760159,1777552409.6760159,275201.2855139,11,L_Tibia,161,1,-0.4785,9.3119,-3.1534,9.3994,5.249,-2.6855,105.7654,8.3661,-63.4625,0.6533,0.4557,-0.2671,0.5425
independent_20260430_203326,trial_001,subject_001,1777552409.6760159,1777552409.6760159,275201.2856164,12,L_Foot,171,1,-0.8518,0.5599,10.0919,-2.8687,-1.4648,0.1221,1.8732,4.3396,-124.1785,-0.0258,0.0322,-0.8826,0.4682
independent_20260430_203326,trial_001,subject_001,1777552409.6760159,1777552409.6760159,275201.2857294,13,R_Femur,167,1,-1.2681,8.8669,1.8758,-10.0098,3.9673,-6.4087,80.7495,4.4769,-38.0896,0.6022,0.2393,-0.2245,0.7278
independent_20260430_203326,trial_001,subject_001,1777552409.6760159,1777552409.6760159,275201.2858456,14,R_Tibia,85,1,-0.823,9.0774,-3.943,-141.9067,10.6812,34.2407,101.2665,1.7853,171.7218,0.0656,-0.7703,0.6334,0.0338
independent_20260430_203326,trial_001,subject_001,1777552409.8231003,1777552409.8231003,275201.4320015,9,Trunk,158,1,-1.0479,9.532,0.1388,3.3569,3.1738,-2.3193,91.7029,4.2078,-156.1267,0.1233,0.7068,-0.6756,0.1697
independent_20260430_203326,trial_001,subject_001,1777552409.8231003,1777552409.8231003,275201.4321487,10,L_Femur,150,1,-0.7273,8.8382,-2.8232,45.5322,21.6064,3.3569,103.4912,6.416,-15.9247,0.7717,0.1429,-0.0421,0.6183
independent_20260430_203326,trial_001,subject_001,1777552409.8231003,1777552409.8231003,275201.4322768,11,L_Tibia,162,1,-0.6556,9.2545,-3.1008,5.4932,0.4883,-2.6855,105.8972,8.421,-63.3911,0.654,0.4558,-0.2659,0.5421
independent_20260430_203326,trial_001,subject_001,1777552409.8231003,1777552409.8231003,275201.4324257,12,L_Foot,172,1,-0.6843,0.5072,10.068,-4.8828,-1.2817,-0.4883,1.7963,4.3176,-124.1895,-0.026,0.0315,-0.8827,0.4681
independent_20260430_203326,trial_001,subject_001,1777552409.8236306,1777552409.8236306,275201.4325804,13,R_Femur,168,1,-1.3016,9.0679,1.6748,-11.7798,2.8687,-7.3853,80.5737,4.5813,-38.0457,0.6009,0.2394,-0.224,0.729
independent_20260430_203326,trial_001,subject_001,1777552409.8236306,1777552409.8236306,275201.4327073,15,R_Foot,85,1,2.2682,4.2062,11.7763,-125.1221,-41.626,55.4199,-4.9878,-10.5963,177.4951,-0.0932,0.0413,0.9946,0.0177
independent_20260430_203326,trial_001,subject_001,1777552409.8236306,1777552409.8236306,275201.4328464,9,Trunk,159,1,-0.8709,9.5033,0.2297,2.2583,4.2114,-2.1362,91.7303,4.2297,-156.0663,0.1236,0.707,-0.6753,0.1702
independent_20260430_203326,trial_001,subject_001,1777552409.8236306,1777552409.8236306,275201.4329595,10,L_Femur,151,1,-0.7656,9.288,-2.4548,45.4102,20.1416,6.958,104.2053,6.2457,-15.639,0.7761,0.1404,-0.0409,0.6135
independent_20260430_203326,trial_001,subject_001,1777552409.8236306,1777552409.8236306,275201.4330551,11,L_Tibia,163,1,-0.89,9.4363,-2.6223,5.6152,-1.9531,-1.8311,105.9851,8.4595,-63.3966,0.6543,0.4562,-0.2653,0.5417
independent_20260430_203326,trial_001,subject_001,1777552409.8236306,1777552409.8236306,275201.4331464,12,L_Foot,173,1,-0.6556,0.311,9.9962,-4.4556,-0.9766,-0.4883,1.7413,4.3066,-124.2004,-0.0261,0.031,-0.8828,0.468
independent_20260430_203326,trial_001,subject_001,1777552409.8236306,1777552409.8236306,275201.4332375,13,R_Femur,169,1,-1.2202,9.4076,1.9284,-15.1978,5.7983,-5.6152,80.3595,4.6802,-37.9742,0.5994,0.2392,-0.2235,0.7304
independent_20260430_203326,trial_001,subject_001,1777552409.8236306,1777552409.8236306,275201.4333284,14,R_Tibia,86,1,0.1627,9.2593,-2.5744,-124.0234,19.165,30.2734,96.7181,0.6097,172.0624,0.0553,-0.7453,0.6631,0.042
independent_20260430_203326,trial_001,subject_001,1777552409.8236306,1777552409.8236306,275201.433419,9,Trunk,160,1,-0.6173,9.5033,0.3541,2.9907,6.7749,-0.9155,91.7798,4.2407,-155.9454,0.1243,0.7071,-0.6748,0.1709
independent_20260430_203326,trial_001,subject_001,1777552409.8236306,1777552409.8236306,275201.4335236,10,L_Femur,152,1,-1.2441,9.5225,-2.0098,44.0674,15.2588,7.4463,105.1172,6.015,-15.3369,0.7815,0.1374,-0.0397,0.6072
independent_20260430_203326,trial_001,subject_001,1777552409.8246827,1777552409.8246827,275201.4336279,11,L_Tibia,164,1,-0.89,9.5607,-1.9858,5.8594,-0.1221,-1.9531,106.1005,8.5199,-63.4021,0.6546,0.4568,-0.2645,0.5412
independent_20260430_203326,trial_001,subject_001,1777552409.8246827,1777552409.8246827,275201.4337197,12,L_Foot,174,1,-0.7369,0.201,9.9053,-2.6245,-0.5493,-0.3662,1.6974,4.3011,-124.2169,-0.0262,0.0306,-0.8829,0.4679
independent_20260430_203326,trial_001,subject_001,1777552409.8246827,1777552409.8246827,275201.4338089,13,R_Femur,170,1,-0.9475,9.0152,2.5361,-15.8691,10.0098,-0.3052,80.0409,4.7351,-37.782,0.5977,0.238,-0.2226,0.7325
independent_20260430_203326,trial_001,subject_001,1777552409.8246827,1777552409.8246827,275201.4338993,15,R_Foot,86,1,0.5742,3.5267,10.4795,-117.0654,-31.6162,46.1426,-8.9209,-11.4642,179.176,-0.1001,0.0767,0.992,-0.0006
independent_20260430_203326,trial_001,subject_001,1777552409.8246827,1777552409.8246827,275201.4339895,9,Trunk,161,1,-0.4929,9.5464,0.3876,2.8687,9.0942,0.061,91.8182,4.2297,-155.8136,0.1253,0.7072,-0.6743,0.1716
independent_20260430_203326,trial_001,subject_001,1777552409.8251944,1777552409.8251944,275201.4340759,10,L_Femur,153,1,-1.5025,9.5942,-1.8614,41.3208,11.1084,6.5308,105.7599,5.8667,-15.1831,0.7853,0.1358,-0.0392,0.6028
independent_20260430_203326,trial_001,subject_001,1777552409.8251944,1777552409.8251944,275201.434163,11,L_Tibia,165,1,-1.091,9.3885,-1.7609,6.958,2.0142,-1.8311,106.2048,8.5529,-63.3582,0.6551,0.4569,-0.2637,0.5408
independent_20260430_203326,trial_001,subject_001,1777552409.8251944,1777552409.8251944,275201.4342689,12,L_Foot,175,1,-0.8613,0.3063,9.9579,-2.1973,-0.6714,-0.1831,1.6754,4.2957,-124.2224,-0.0263,0.0304,-0.8829,0.4679
independent_20260430_203326,trial_001,subject_001,1777552409.8251944,1777552409.8251944,275201.4344168,13,R_Femur,171,1,-0.6508,8.508,2.7658,-10.1318,9.4604,1.3428,79.8761,4.7351,-37.6227,0.5969,0.2368,-0.2219,0.7337
independent_20260430_203326,trial_001,subject_001,1777552409.8251944,1777552409.8251944,275201.4345441,14,R_Tibia,87,1,-0.2775,9.0918,-1.871,-102.9053,21.6064,22.7661,92.8125,-0.3296,172.8094,0.0434,-0.7229,0.688,0.0453
independent_20260430_203326,trial_001,subject_001,1777552409.8251944,1777552409.8251944,275201.4347573,10,L_Femur,154,1,-1.5456,9.5081,-1.9045,39.7949,8.5449,4.9438,106.3696,5.7513,-15.0677,0.7887,0.1346,-0.0387,0.5986
independent_20260430_203326,trial_001,subject_001,1777552409.8251944,1777552409.8251944,275201.4349236,11,L_Tibia,166,1,-1.2633,9.2497,-1.8901,9.2163,0.4883,-1.1597,106.3422,8.5803,-63.3252,0.6558,0.4571,-0.2628,0.5402
independent_20260430_203326,trial_001,subject_001,1777552409.8262012,1777552409.8262012,275201.4350723,12,L_Foot,176,1,-0.8183,0.3445,9.9962,-1.2817,-0.5493,0.061,1.6644,4.2957,-124.2279,-0.0263,0.0304,-0.8829,0.4678
independent_20260430_203326,trial_001,subject_001,1777552409.8262012,1777552409.8262012,275201.435205,13,R_Femur,172,1,-0.2488,8.642,2.6749,-3.1738,11.1694,2.8687,79.7937,4.7241,-37.392,0.5969,0.2354,-0.2207,0.7346
independent_20260430_203326,trial_001,subject_001,1777552409.8262012,1777552409.8262012,275201.4353374,15,R_Foot,87,1,0.6269,2.8902,9.1971,-90.0879,-23.0713,34.9731,-12.7606,-12.063,-179.2529,0.1037,-0.1112,-0.9882,0.0181
independent_20260430_203326,trial_001,subject_001,1777552409.8262012,1777552409.8262012,275201.4354727,9,Trunk,162,1,-0.4929,9.5033,0.1771,4.3945,12.5122,2.3193,91.9446,4.1583,-155.4181,0.1283,0.7074,-0.6731,0.1733
independent_20260430_203326,trial_001,subject_001,1777552409.8262012,1777552409.8262012,275201.4356012,10,L_Femur,155,1,-1.1628,9.5655,-1.8614,37.9028,10.437,3.8452,107.1497,5.603,-14.8975,0.7931,0.133,-0.0379,0.5932
independent_20260430_203326,trial_001,subject_001,1777552409.8262012,1777552409.8262012,275201.435724,11,L_Tibia,167,1,-1.2059,9.3119,-2.1246,12.2681,-0.6714,-0.3052,106.5729,8.6078,-63.3197,0.6569,0.4578,-0.2617,0.539
independent_20260430_203326,trial_001,subject_001,1777552409.8262012,1777552409.8262012,275201.4358461,12,L_Foot,177,1,-0.7321,0.3589,10.0153,-1.5259,-0.2441,0.2441,1.6534,4.2957,-124.2279,-0.0264,0.0303,-0.8829,0.4678
independent_20260430_203326,trial_001,subject_001,1777552409.8262012,1777552409.8262012,275201.4359452,13,R_Femur,173,1,-0.1148,9.1157,2.4213,-6.958,11.7188,4.5776,79.7223,4.6857,-37.1942,0.5969,0.234,-0.2198,0.7353
independent_20260430_203326,trial_001,subject_001,1777552409.8262012,1777552409.8262012,275201.4360561,14,R_Tibia,88,1,-0.2105,8.5989,-1.1484,-82.3364,15.1367,16.9678,90.1154,-0.9009,173.2709,0.036,-0.7069,0.7048,0.047
independent_20260430_203326,trial_001,subject_001,1777552409.8272417,1777552409.8272417,275201.4361902,9,Trunk,163,1,-0.6173,9.5751,0.1436,2.5024,13.6108,3.8452,91.9885,4.0924,-155.2203,0.13,0.7074,-0.6726,0.1741
independent_20260430_203326,trial_001,subject_001,1777552409.8272417,1777552409.8272417,275201.4363135,10,L_Femur,156,1,-1.0097,9.4794,-1.8901,36.0718,16.8457,1.5869,107.7209,5.5042,-14.6777,0.7964,0.1311,-0.0368,0.5892
independent_20260430_203326,trial_001,subject_001,1777552409.8272417,1777552409.8272417,275201.4364545,11,L_Tibia,168,1,-1.0192,9.2688,-2.1294,13.9771,4.6997,-0.2441,106.7871,8.6133,-63.2538,0.6581,0.4579,-0.2605,0.5379
independent_20260430_203326,trial_001,subject_001,1777552409.843019,1777552409.843019,275201.4520125,12,L_Foot,178,1,-0.7704,0.2823,9.9101,-0.5493,-0.1831,0.4272,1.6534,4.2957,-124.2279,-0.0264,0.0303,-0.8829,0.4678
independent_20260430_203326,trial_001,subject_001,1777552409.843019,1777552409.843019,275201.4521606,13,R_Femur,174,1,-0.0622,9.5607,2.4835,-13.6719,10.376,5.6763,79.5465,4.6307,-37.0074,0.5963,0.2323,-0.2192,0.7365
independent_20260430_203326,trial_001,subject_001,1777552409.843019,1777552409.843019,275201.4522861,9,Trunk,164,1,-0.7943,9.5416,0.2393,0.9766,14.4043,4.6997,92.0105,4.01,-155.0061,0.1318,0.7072,-0.6723,0.1748
independent_20260430_203326,trial_001,subject_001,1777552409.843019,1777552409.843019,275201.4524069,10,L_Femur,157,1,-0.6412,8.977,-2.5218,43.1519,25.4517,0.4883,108.5669,5.3448,-14.2273,0.8014,0.1274,-0.0347,0.5833
independent_20260430_203326,trial_001,subject_001,1777552409.843019,1777552409.843019,275201.4525908,11,L_Tibia,169,1,-1.0049,9.3885,-2.4261,13.4888,2.6245,-0.1221,107.0068,8.6023,-63.1934,0.6594,0.458,-0.2594,0.5368
independent_20260430_203326,trial_001,subject_001,1777552409.843019,1777552409.843019,275201.45277,12,L_Foot,179,1,-0.8278,0.3254,9.9483,-0.1221,-0.2441,0.5493,1.6589,4.2957,-124.2224,-0.0264,0.0303,-0.8829,0.4679
independent_20260430_203326,trial_001,subject_001,1777552409.8440187,1777552409.8440187,275201.4529556,13,R_Femur,175,1,-0.512,9.3406,3.1008,-17.5171,13.6108,4.6997,79.2224,4.5648,-36.7218,0.595,0.2298,-0.2184,0.7386
independent_20260430_203326,trial_001,subject_001,1777552409.8440187,1777552409.8440187,275201.4531049,14,R_Tibia,89,1,-0.0526,8.5798,-0.6077,-54.7485,19.165,11.4136,87.8302,-1.3348,173.9191,0.0284,-0.693,0.7189,0.0463
independent_20260430_203326,trial_001,subject_001,1777552409.8440187,1777552409.8440187,275201.4532629,9,Trunk,165,1,-1.1197,9.5607,0.3589,1.1597,12.3901,4.8218,92.0325,3.8892,-154.7479,0.1342,0.7069,-0.6719,0.1755
independent_20260430_203326,trial_001,subject_001,1777552409.8440187,1777552409.8440187,275201.4533689,10,L_Femur,158,1,-0.3541,9.0104,-2.694,44.7388,27.4048,1.709,109.27,5.1855,-13.8318,0.8056,0.1241,-0.033,0.5784
independent_20260430_203326,trial_001,subject_001,1777552409.8440187,1777552409.8440187,275201.453477,11,L_Tibia,170,1,-1.0336,9.4411,-2.4787,15.1978,0.4272,0.2441,107.309,8.6133,-63.1659,0.6609,0.4586,-0.258,0.5351
independent_20260430_203326,trial_001,subject_001,1777552409.8440187,1777552409.8440187,275201.453576,12,L_Foot,180,1,-0.8135,0.3206,9.9531,0.6104,-0.3052,0.3662,1.6809,4.2957,-124.2169,-0.0263,0.0305,-0.8829,0.4679
independent_20260430_203326,trial_001,subject_001,1777552409.8440187,1777552409.8440187,275201.4536702,13,R_Femur,176,1,-0.8278,8.3597,3.5984,-11.0474,18.0664,5.3101,79.0466,4.5319,-36.4471,0.5945,0.2278,-0.2171,0.74
independent_20260430_203326,trial_001,subject_001,1777552409.8440187,1777552409.8440187,275201.4537639,15,R_Foot,88,1,0.6938,3.0625,7.9912,-42.2363,-9.3384,17.5171,-17.8033,-12.5189,-177.0007,0.1037,-0.1566,-0.9813,0.0426
independent_20260430_203326,trial_001,subject_001,1777552409.9131653,1777552409.9131653,275201.5224115,9,Trunk,166,1,-1.1628,9.532,0.4354,0.8545,11.4136,5.7983,92.0435,3.7958,-154.5776,0.1358,0.7066,-0.6718,0.176
independent_20260430_203326,trial_001,subject_001,1777552409.9131653,1777552409.9131653,275201.5225403,10,L_Femur,159,1,-0.512,9.3023,-2.4548,46.814,28.2593,2.1973,109.9951,5.0098,-13.4363,0.8098,0.1206,-0.0315,0.5733
independent_20260430_203326,trial_001,subject_001,1777552409.9131653,1777552409.9131653,275201.5226456,11,L_Tibia,171,1,-1.0767,9.4459,-2.3064,15.564,-1.9531,1.1597,107.5452,8.6188,-63.1714,0.662,0.4592,-0.257,0.5338
independent_20260430_203326,trial_001,subject_001,1777552409.9131653,1777552409.9131653,275201.5227448,12,L_Foot,181,1,-0.7465,0.268,9.8574,2.3804,-0.1221,0.4272,1.7249,4.3011,-124.2169,-0.0261,0.0308,-0.8828,0.4679
independent_20260430_203326,trial_001,subject_001,1777552409.9131653,1777552409.9131653,275201.5228436,13,R_Femur,177,1,-0.8326,8.1443,3.7898,-3.1738,18.9819,6.2256,78.9972,4.4879,-36.134,0.5949,0.2258,-0.2154,0.7408
independent_20260430_203326,trial_001,subject_001,1777552409.9131653,1777552409.9131653,275201.5229627,14,R_Tibia,90,1,-0.0622,7.9099,-0.378,-21.9727,13.1836,7.3853,86.5997,-1.604,174.4958,0.0228,-0.6854,0.7264,0.0445
independent_20260430_203326,trial_001,subject_001,1777552409.914173,1777552409.914173,275201.5230851,9,Trunk,167,1,-0.89,9.4028,0.4689,0.4272,10.376,7.6904,92.049,3.631,-154.3689,0.1381,0.7062,-0.6717,0.1762
independent_20260430_203326,trial_001,subject_001,1777552409.914173,1777552409.914173,275201.5232225,10,L_Femur,160,1,-0.6029,9.2545,-2.3543,48.645,30.7007,0.8545,111.0114,4.7681,-12.8705,0.8156,0.1157,-0.0294,0.5661
independent_20260430_203326,trial_001,subject_001,1777552409.914173,1777552409.914173,275201.5233244,11,L_Tibia,172,1,-0.3254,9.1731,-2.3352,19.165,1.5259,0.1831,107.9077,8.6243,-63.1604,0.6637,0.4599,-0.2555,0.5317
independent_20260430_203326,trial_001,subject_001,1777552409.914173,1777552409.914173,275201.5234363,12,L_Foot,182,1,-0.6795,0.445,9.9914,2.5635,0.6104,0.3662,1.7908,4.3121,-124.2114,-0.0259,0.0314,-0.8828,0.468
independent_20260430_203326,trial_001,subject_001,1777552409.914173,1777552409.914173,275201.5235532,13,R_Femur,178,1,-0.8087,8.7664,3.4214,-2.4414,15.3198,6.1646,78.9642,4.4165,-35.7605,0.5955,0.2234,-0.2135,0.7415
independent_20260430_203326,trial_001,subject_001,1777552409.914173,1777552409.914173,275201.5236555,15,R_Foot,89,1,0.7896,2.7275,6.4743,-10.0708,-1.5869,8.728,-18.5779,-12.5189,-176.5668,0.1027,-0.1636,-0.98,0.047
independent_20260430_203326,trial_001,subject_001,1777552409.914173,1777552409.914173,275201.5237482,9,Trunk,168,1,-0.7226,9.3693,0.4881,0.7935,10.437,8.1177,92.0544,3.4991,-154.2151,0.1398,0.7059,-0.6716,0.1763
independent_20260430_203326,trial_001,subject_001,1777552409.914173,1777552409.914173,275201.5238582,10,L_Femur,161,1,-0.5072,9.2114,-2.3399,48.7061,31.4941,1.6479,111.7749,4.5758,-12.4255,0.82,0.1118,-0.0278,0.5607
independent_20260430_203326,trial_001,subject_001,1777552409.914173,1777552409.914173,275201.5239691,11,L_Tibia,173,1,-0.378,9.221,-2.139,22.0947,7.3853,0.3052,108.2428,8.6023,-63.056,0.6657,0.46,-0.2538,0.5299
independent_20260430_203326,trial_001,subject_001,1777552409.9151711,1777552409.9151711,275201.5240995,12,L_Foot,183,1,-0.646,0.4402,9.9914,2.9297,1.5259,-0.1831,1.8457,4.3396,-124.2169,-0.0259,0.0319,-0.8828,0.4679
independent_20260430_203326,trial_001,subject_001,1777552409.9151711,1777552409.9151711,275201.524198,13,R_Femur,179,1,-0.9331,8.6611,3.2204,-0.1831,10.498,6.2866,78.9642,4.3561,-35.5627,0.5961,0.222,-0.2125,0.7418
independent_20260430_203326,trial_001,subject_001,1777552409.9151711,1777552409.9151711,275201.5242909,14,R_Tibia,91,1,0.4259,8.0582,-0.445,8.9722,15.0757,1.6479,86.5009,-1.6974,174.9792,0.0192,-0.6849,0.7271,0.042
independent_20260430_203326,trial_001,subject_001,1777552409.9151711,1777552409.9151711,275201.5243825,9,Trunk,169,1,-0.5934,9.4938,0.5503,1.0376,12.2681,8.606,92.0654,3.3563,-154.0393,0.1418,0.7056,-0.6715,0.1764
independent_20260430_203326,trial_001,subject_001,1777552409.9151711,1777552409.9151711,275201.5244739,10,L_Femur,162,1,-0.7513,9.4268,-2.3208,46.7529,29.2358,2.1973,112.5165,4.3726,-12.0135,0.8242,0.108,-0.0265,0.5553
independent_20260430_203326,trial_001,subject_001,1777552409.9151711,1777552409.9151711,275201.5245824,11,L_Tibia,174,1,-1.1102,9.3167,-1.9763,24.7192,7.8125,0.7935,108.6273,8.5638,-62.9297,0.6681,0.4599,-0.2519,0.5278
independent_20260430_203326,trial_001,subject_001,1777552409.9151711,1777552409.9151711,275201.5246799,12,L_Foot,184,1,-0.7656,0.3493,9.9388,3.6621,1.5869,-0.1831,1.9116,4.3671,-124.2224,-0.0259,0.0326,-0.8828,0.4679
independent_20260430_203326,trial_001,subject_001,1777552409.9151711,1777552409.9151711,275201.5247702,13,R_Femur,180,1,-1.2489,8.4171,3.2874,9.3384,3.0518,10.2539,79.1016,4.1913,-35.4089,0.5976,0.2204,-0.2121,0.7411
independent_20260430_203326,trial_001,subject_001,1777552409.9151711,1777552409.9151711,275201.5248604,15,R_Foot,90,1,1.7609,2.4691,7.3883,16.7847,3.2349,6.2866,-18.3636,-12.4255,-176.2976,0.1017,-0.162,-0.9803,0.049
independent_20260430_203326,trial_001,subject_001,1777552409.9326859,1777552409.9326859,275201.5422888,9,Trunk,170,1,-0.4833,9.7426,0.5886,-0.6104,16.1133,9.3994,92.0599,3.1531,-153.7482,0.1448,0.705,-0.6714,0.1769
independent_20260430_203326,trial_001,subject_001,1777552409.9326859,1777552409.9326859,275201.5424084,10,L_Femur,163,1,-1.3877,9.3693,-2.5553,46.6919,23.9258,0.8545,113.4778,4.1473,-11.5466,0.8294,0.1038,-0.025,0.5484
independent_20260430_203326,trial_001,subject_001,1777552409.9326859,1777552409.9326859,275201.5425096,11,L_Tibia,175,1,-1.4547,9.288,-2.1438,27.5879,5.9814,1.8921,109.1821,8.5089,-62.8198,0.6713,0.4603,-0.2495,0.5247
independent_20260430_203326,trial_001,subject_001,1777552409.9336865,1777552409.9336865,275201.5426063,12,L_Foot,185,1,-0.8135,0.3206,9.9483,4.8828,1.709,0.061,2.0215,4.4055,-124.2279,-0.0257,0.0336,-0.8828,0.4679
independent_20260430_203326,trial_001,subject_001,1777552409.9336865,1777552409.9336865,275201.5427009,13,R_Femur,181,1,-1.3063,8.5511,3.2061,13.7329,-2.7466,16.6626,79.2883,3.9551,-35.376,0.5994,0.2191,-0.2128,0.7399
independent_20260430_203326,trial_001,subject_001,1777552409.9336865,1777552409.9336865,275201.5427934,14,R_Tibia,92,1,0.5359,8.0869,-0.6221,33.1421,16.8457,-3.1738,87.2369,-1.6095,175.4791,0.017,-0.6896,0.7229,0.0382
independent_20260430_203326,trial_001,subject_001,1777552409.9336865,1777552409.9336865,275201.5428851,9,Trunk,171,1,-0.512,9.8144,0.6556,-2.2583,18.0054,10.0708,92.0325,2.9883,-153.4845,0.1473,0.7043,-0.6714,0.1775
independent_20260430_203326,trial_001,subject_001,1777552409.9336865,1777552409.9336865,275201.5429764,10,L_Femur,164,1,-1.7274,9.4507,-3.0434,37.5366,25.9399,-0.1831,114.093,3.988,-11.1896,0.8328,0.1006,-0.0239,0.5439
independent_20260430_203326,trial_001,subject_001,1777552409.9336865,1777552409.9336865,275201.5430673,11,L_Tibia,176,1,-1.2346,9.3406,-2.4165,28.8086,10.8032,2.9297,109.6381,8.4265,-62.677,0.6742,0.4601,-0.2476,0.522
independent_20260430_203326,trial_001,subject_001,1777552409.9336865,1777552409.9336865,275201.5431578,12,L_Foot,186,1,-0.8374,0.2536,9.9244,6.1646,1.3428,0.3662,2.1204,4.433,-124.2224,-0.0255,0.0344,-0.8827,0.468
independent_20260430_203326,trial_001,subject_001,1777552409.9336865,1777552409.9336865,275201.5432474,15,R_Foot,91,1,3.9382,-0.8757,7.4074,74.3408,65.0024,22.0337,-16.1993,-10.8984,-176.1438,0.0892,-0.1433,-0.9845,0.0465
independent_20260430_203326,trial_001,subject_001,1777552409.982652,1777552409.982652,275201.5924868,9,Trunk,172,1,-0.6938,9.8,0.713,-3.8452,17.5781,10.498,91.9775,2.8125,-153.2263,0.1499,0.7034,-0.6716,0.178
independent_20260430_203326,trial_001,subject_001,1777552409.9836524,1777552409.9836524,275201.5926984,10,L_Femur,165,1,-1.5504,8.6946,-3.9813,41.4429,26.3062,0.1221,114.917,3.7628,-10.6842,0.8372,0.096,-0.0225,0.5379
independent_20260430_203326,trial_001,subject_001,1777552409.9836524,1777552409.9836524,275201.59288,11,L_Tibia,177,1,-1.0384,9.3598,-2.9046,28.1372,11.4746,3.1738,110.0885,8.3386,-62.5177,0.6771,0.4598,-0.2456,0.5194
independent_20260430_203326,trial_001,subject_001,1777552409.9836524,1777552409.9836524,275201.5930652,12,L_Foot,187,1,-0.8278,0.311,10.0105,6.3477,1.2207,0.3052,2.2302,4.455,-124.2224,-0.0253,0.0354,-0.8827,0.468
independent_20260430_203326,trial_001,subject_001,1777552409.9836524,1777552409.9836524,275201.5932578,13,R_Femur,182,1,-0.6747,8.2879,2.8759,24.6582,-5.127,25.0244,79.9585,3.1091,-35.3815,0.6056,0.215,-0.2162,0.7351
independent_20260430_203326,trial_001,subject_001,1777552409.9836524,1777552409.9836524,275201.5933692,14,R_Tibia,93,1,0.7848,8.4793,-0.6508,54.8706,24.4751,-7.5684,88.8464,-1.3513,176.2042,0.0148,-0.6998,0.7135,0.0319
independent_20260430_203326,trial_001,subject_001,1777552409.9836524,1777552409.9836524,275201.5934688,9,Trunk,173,1,-0.9762,9.6277,0.8278,-5.7983,15.7471,9.5215,91.8677,2.5928,-152.9077,0.153,0.7021,-0.6722,0.1787
independent_20260430_203326,trial_001,subject_001,1777552409.984652,1777552409.984652,275201.5935655,10,L_Femur,166,1,-1.1867,8.3549,-4.1918,45.7153,20.3247,3.418,115.6091,3.5815,-10.3986,0.8408,0.0932,-0.0219,0.5328
independent_20260430_203326,trial_001,subject_001,1777552409.984652,1777552409.984652,275201.5936636,11,L_Tibia,178,1,-1.0288,9.1875,-3.2683,28.9307,12.6343,4.7607,110.6982,8.1793,-62.2815,0.6813,0.459,-0.2431,0.5157
independent_20260430_203326,trial_001,subject_001,1777552409.984652,1777552409.984652,275201.5937702,12,L_Foot,188,1,-0.7513,0.4594,9.9866,6.3477,1.2207,0.1221,2.373,4.4824,-124.2224,-0.0249,0.0366,-0.8826,0.468
independent_20260430_203326,trial_001,subject_001,1777552409.984652,1777552409.984652,275201.5938686,13,R_Femur,183,1,-0.3972,8.4506,2.3543,30.2734,-5.249,23.3154,80.3979,2.7356,-35.3815,0.6092,0.2135,-0.2174,0.7322
independent_20260430_203326,trial_001,subject_001,1777552409.984652,1777552409.984652,275201.593965,15,R_Foot,92,1,3.3688,-2.139,9.2976,94.1162,77.8198,32.7759,-13.1396,-7.9156,-176.0724,0.0646,-0.1164,-0.9902,0.0419
independent_20260430_203326,trial_001,subject_001,1777552409.984652,1777552409.984652,275201.5940631,9,Trunk,174,1,-1.0288,9.5416,0.9522,-6.4697,15.1978,8.5449,91.7688,2.45,-152.6825,0.155,0.701,-0.6726,0.1793
independent_20260430_203326,trial_001,subject_001,1777552409.984652,1777552409.984652,275201.5941583,10,L_Femur,167,1,-0.981,8.3549,-3.9908,51.3306,18.0054,6.5918,116.3727,3.3783,-10.1843,0.8447,0.0909,-0.0218,0.5271
independent_20260430_203326,trial_001,subject_001,1777552409.984652,1777552409.984652,275201.5942542,11,L_Tibia,179,1,-1.225,9.3119,-3.3544,29.4189,10.2539,5.4321,111.1597,8.0585,-62.1442,0.6843,0.4587,-0.2414,0.5129
independent_20260430_203326,trial_001,subject_001,1777552409.984652,1777552409.984652,275201.5943496,12,L_Foot,189,1,-0.7608,0.4307,9.9675,6.7139,1.2207,0.061,2.4884,4.5044,-124.2224,-0.0246,0.0376,-0.8826,0.468
independent_20260430_203326,trial_001,subject_001,1777552409.984652,1777552409.984652,275201.5944678,13,R_Femur,184,1,-0.2393,9.1875,1.6317,28.9307,-6.2866,22.8271,80.8264,2.3785,-35.4034,0.6127,0.2121,-0.2186,0.7293
independent_20260430_203326,trial_001,subject_001,1777552409.9856515,1777552409.9856515,275201.5945862,14,R_Tibia,94,1,0.823,10.5273,1.6987,36.6211,32.0435,3.8452,90.434,-1.2744,177.2699,0.0091,-0.7097,0.704,0.0247
independent_20260430_203326,trial_001,subject_001,1777552409.9856515,1777552409.9856515,275201.5946863,9,Trunk,175,1,-1.0097,9.6708,0.9427,-5.6763,14.5264,7.7515,91.6425,2.2687,-152.3914,0.1577,0.6996,-0.6732,0.18
independent_20260430_203326,trial_001,subject_001,1777552409.9856515,1777552409.9856515,275201.5947803,10,L_Femur,168,1,-0.7704,8.7855,-3.7085,51.3306,21.9727,7.9346,117.4164,3.0542,-9.8657,0.8499,0.0872,-0.022,0.5192
independent_20260430_203326,trial_001,subject_001,1777552409.9856515,1777552409.9856515,275201.5948738,11,L_Tibia,180,1,-1.3733,9.4028,-2.9333,31.4331,10.3149,7.5073,111.8024,7.8662,-61.9849,0.6884,0.4584,-0.2393,0.5087
independent_20260430_203326,trial_001,subject_001,1777552409.9856515,1777552409.9856515,275201.5949655,12,L_Foot,190,1,-0.78,0.3924,10.068,6.958,1.1597,0.2441,2.6422,4.5374,-124.2279,-0.0242,0.0389,-0.8825,0.468
independent_20260430_203326,trial_001,subject_001,1777552409.9856515,1777552409.9856515,275201.595075,13,R_Femur,185,1,0.0048,9.7713,0.9235,25.5127,0.4883,24.9634,81.3428,1.8842,-35.354,0.6171,0.2098,-0.2201,0.7258
independent_20260430_203326,trial_001,subject_001,1777552409.9856515,1777552409.9856515,275201.5951736,9,Trunk,176,1,-0.981,9.7474,0.6986,-2.8687,14.0991,7.5073,91.582,2.1423,-152.1826,0.1596,0.6988,-0.6735,0.1806
independent_20260430_203326,trial_001,subject_001,1777552409.9856515,1777552409.9856515,275201.5952654,10,L_Femur,169,1,-0.8805,9.1444,-3.5793,47.3022,23.0713,6.897,118.1525,2.7905,-9.6075,0.8535,0.0843,-0.0222,0.5137
independent_20260430_203326,trial_001,subject_001,1777552409.9856515,1777552409.9856515,275201.5953579,11,L_Tibia,181,1,-1.3207,9.3885,-2.5553,32.2266,13.4277,9.0332,112.3077,7.6849,-61.842,0.6917,0.4578,-0.2378,0.5053
independent_20260430_203326,trial_001,subject_001,1777552409.9856515,1777552409.9856515,275201.5954495,13,R_Femur,186,1,0.2967,9.6325,0.981,29.3579,19.3481,28.3813,81.7712,1.4996,-35.0574,0.6211,0.2066,-0.2195,0.7234
independent_20260430_203326,trial_001,subject_001,1777552409.9866514,1777552409.9866514,275201.5956044,14,R_Tibia,95,1,0.7321,11.0298,3.1917,22.2778,34.4238,3.2349,91.2085,-1.5216,178.2037,0.0019,-0.7145,0.6993,0.0205
independent_20260430_203326,trial_001,subject_001,1777552409.9866514,1777552409.9866514,275201.5957002,9,Trunk,177,1,-0.8613,9.7904,0.378,-0.6714,14.4653,7.3242,91.5601,2.0215,-151.9684,0.1616,0.6982,-0.6735,0.1811
independent_20260430_203326,trial_001,subject_001,1777552409.9866514,1777552409.9866514,275201.5958037,10,L_Femur,170,1,-1.2537,9.3263,-3.5889,43.2739,20.9961,6.2256,119.0424,2.4664,-9.2725,0.8579,0.0805,-0.0225,0.5069
independent_20260430_203326,trial_001,subject_001,1777552409.9866514,1777552409.9866514,275201.5958976,11,L_Tibia,182,1,-1.3829,9.5177,-2.5792,33.6304,12.5122,10.9253,112.8296,7.4707,-61.7102,0.6952,0.4573,-0.2365,0.5017
independent_20260430_203326,trial_001,subject_001,1777552409.9866514,1777552409.9866514,275201.5959902,12,L_Foot,191,1,-0.847,0.3685,9.9962,9.7656,0.8545,0.061,2.9388,4.5758,-124.2224,-0.0233,0.0413,-0.8824,0.4681
independent_20260430_203326,trial_001,subject_001,1777552409.9866514,1777552409.9866514,275201.5960829,15,R_Foot,93,1,-5.2158,0.0144,10.1972,127.6855,27.4048,10.6201,-5.6854,-3.3728,-175.0781,0.0272,-0.0508,-0.9974,0.0443
independent_20260430_203326,trial_001,subject_001,1777552409.9866514,1777552409.9866514,275201.5961747,9,Trunk,178,1,-0.6125,9.9148,0.0383,2.2583,15.0146,7.5684,91.5765,1.8512,-151.6718,0.1644,0.6976,-0.6732,0.1818
independent_20260430_203326,trial_001,subject_001,1777552409.9866514,1777552409.9866514,275201.5962667,10,L_Femur,171,1,-1.5265,9.4698,-3.6702,43.335,13.1226,6.8359,119.696,2.2577,-9.1132,0.861,0.0785,-0.0229,0.502
independent_20260430_203326,trial_001,subject_001,1777552409.9866514,1777552409.9866514,275201.5963579,12,L_Foot,192,1,-0.9762,0.4115,10.0536,10.9863,0.6714,-0.9155,3.1641,4.5923,-124.2389,-0.0225,0.0431,-0.8824,0.4681
independent_20260430_203326,trial_001,subject_001,1777552409.9866514,1777552409.9866514,275201.5964503,13,R_Femur,187,1,1.6939,12.1495,4.7421,-17.2119,103.3325,24.4141,82.0514,0.8844,-32.3877,0.6287,0.1886,-0.2055,0.7259
independent_20260430_203326,trial_001,subject_001,1777552409.9876513,1777552409.9876513,275201.5966304,14,R_Tibia,96,1,-1.5887,10.2354,1.7035,38.8794,63.3545,-13.1836,92.0544,-1.2634,179.8956,-0.007,-0.7196,0.6943,0.0086
independent_20260430_203326,trial_001,subject_001,1777552410.062505,1777552410.062505,275201.6722033,10,L_Femur,172,1,-1.737,9.5368,-3.8042,37.3535,5.0659,7.5073,120.2783,2.1094,-9.0692,0.8637,0.0777,-0.0234,0.4975
independent_20260430_203326,trial_001,subject_001,1777552410.062505,1777552410.062505,275201.6723873,11,L_Tibia,183,1,-1.4882,9.5368,-2.4787,39.7339,2.9907,15.9912,114.1479,6.9489,-61.6772,0.7025,0.4578,-0.2344,0.4919
independent_20260430_203326,trial_001,subject_001,1777552410.062505,1777552410.062505,275201.6725601,12,L_Foot,193,1,-0.8948,0.3589,9.9914,12.5122,1.2207,-0.8545,3.3563,4.6143,-124.2554,-0.0219,0.0447,-0.8823,0.468
independent_20260430_203326,trial_001,subject_001,1777552410.062505,1777552410.062505,275201.6727199,13,R_Femur,188,1,0.8853,12.2021,5.5891,-24.9023,113.7085,15.8081,81.6998,0.8569,-30.6683,0.6293,0.1784,-0.1953,0.7308
independent_20260430_203326,trial_001,subject_001,1777552410.062505,1777552410.062505,275201.6728444,15,R_Foot,94,1,0.134,1.0145,12.3361,97.6562,19.2261,-6.5308,-1.9006,-2.6477,-175.2759,0.0224,-0.0175,-0.9987,0.0416
independent_20260430_203326,trial_001,subject_001,1777552410.064012,1777552410.064012,275201.6729832,9,Trunk,179,1,-0.5886,10.6278,-0.6556,3.6621,12.5732,5.127,91.7139,1.6315,-151.2598,0.1685,0.6975,-0.6721,0.1827
independent_20260430_203326,trial_001,subject_001,1777552410.064012,1777552410.064012,275201.6731112,10,L_Femur,173,1,-1.9045,9.4076,-4.1679,26.7334,-0.4883,8.606,120.8496,1.9556,-9.1351,0.8661,0.0776,-0.0245,0.4931
independent_20260430_203326,trial_001,subject_001,1777552410.064012,1777552410.064012,275201.6732421,12,L_Foot,194,1,-0.8422,0.2871,10.0823,13.7939,1.77,-0.6104,3.576,4.6472,-124.2719,-0.0213,0.0465,-0.8823,0.4679
independent_20260430_203326,trial_001,subject_001,1777552410.064012,1777552410.064012,275201.6733632,13,R_Femur,189,1,-2.5266,10.7762,4.254,-14.2212,103.3325,1.709,81.3867,1.0657,-28.5205,0.6302,0.1674,-0.1809,0.7363
independent_20260430_203326,trial_001,subject_001,1777552410.064012,1777552410.064012,275201.6735294,14,R_Tibia,97,1,-1.3877,10.5321,0.0622,46.2646,73.4253,-8.606,93.6255,-1.0107,-177.583,0.0214,0.7288,-0.6843,0.008
independent_20260430_203326,trial_001,subject_001,1777552410.064012,1777552410.064012,275201.6737242,9,Trunk,180,1,-0.9953,10.7857,-0.579,-4.1504,6.5918,1.8311,91.6534,1.5601,-151.095,0.1698,0.6968,-0.6723,0.1834
independent_20260430_203326,trial_001,subject_001,1777552410.06502,1777552410.06502,275201.6739439,10,L_Femur,174,1,-1.6317,9.7952,-4.5746,13.1226,-2.1362,8.0566,121.0968,1.8622,-9.212,0.8672,0.0779,-0.0254,0.4912
independent_20260430_203326,trial_001,subject_001,1777552410.06502,1777552410.06502,275201.6741117,11,L_Tibia,184,1,-0.7417,9.4459,-2.45,48.2788,5.4321,18.4326,115.719,6.3501,-61.7926,0.7103,0.4594,-0.2325,0.4799
independent_20260430_203326,trial_001,subject_001,1777552410.06502,1777552410.06502,275201.6743074,12,L_Foot,195,1,-0.7608,0.2775,9.8861,15.9302,2.0752,0.1221,3.8947,4.6912,-124.2719,-0.0203,0.0491,-0.8822,0.4679
independent_20260430_203326,trial_001,subject_001,1777552410.06502,1777552410.06502,275201.6744745,13,R_Femur,190,1,-4.0243,9.0774,2.5936,-1.2817,86.2427,-1.709,81.3483,1.2799,-27.1802,0.6315,0.1614,-0.1711,0.7389
independent_20260430_203326,trial_001,subject_001,1777552410.0927203,1777552410.0927203,275201.7022048,15,R_Foot,95,1,-0.8518,1.5504,16.0542,80.1392,-15.5029,1.0986,1.0602,-1.9061,-175.177,0.017,0.0085,-0.9989,0.0419
independent_20260430_203326,trial_001,subject_001,1777552410.0927203,1777552410.0927203,275201.7023939,9,Trunk,181,1,-1.2585,10.379,-0.2297,-5.3101,2.2583,-0.3662,91.5656,1.5491,-151.0455,0.17,0.6962,-0.6728,0.1837
independent_20260430_203326,trial_001,subject_001,1777552410.0927203,1777552410.0927203,275201.702544,11,L_Tibia,185,1,-0.4785,9.5033,-2.6462,51.8799,9.5825,19.2871,116.488,6.0425,-61.7816,0.7144,0.4597,-0.2314,0.474
independent_20260430_203326,trial_001,subject_001,1777552410.0937192,1777552410.0937192,275201.7026945,12,L_Foot,196,1,-0.7321,0.2967,9.934,18.2495,3.1738,-0.061,4.1748,4.7351,-124.2719,-0.0195,0.0515,-0.882,0.468
independent_20260430_203326,trial_001,subject_001,1777552410.0937192,1777552410.0937192,275201.702845,13,R_Femur,191,1,-3.3592,9.0009,1.6892,-0.6104,72.3267,2.1362,81.3757,1.4227,-26.0651,0.633,0.1562,-0.1631,0.7405
independent_20260430_203326,trial_001,subject_001,1777552410.0937192,1777552410.0937192,275201.7029977,14,R_Tibia,98,1,0.957,8.9195,-1.8327,69.9463,104.0649,-5.5542,95.5261,-1.0876,-174.5728,0.0414,0.7392,-0.6717,0.0248
independent_20260430_203326,trial_001,subject_001,1777552410.0937192,1777552410.0937192,275201.7031479,9,Trunk,182,1,-1.1867,10.446,0.1292,-6.4697,1.5259,-3.2349,91.4227,1.5875,-151.0181,0.1697,0.6954,-0.6735,0.1843
independent_20260430_203326,trial_001,subject_001,1777552410.0937192,1777552410.0937192,275201.7032996,10,L_Femur,175,1,-0.8853,9.6229,-3.297,12.207,1.709,6.2866,121.5198,1.6534,-9.3439,0.869,0.0781,-0.0272,0.4878
independent_20260430_203326,trial_001,subject_001,1777552410.0937192,1777552410.0937192,275201.7034465,11,L_Tibia,186,1,-0.3063,9.733,-2.6558,57.0068,17.2729,20.4468,117.6141,5.5536,-61.6718,0.7208,0.4595,-0.2296,0.4654
independent_20260430_203326,trial_001,subject_001,1777552410.0947192,1777552410.0947192,275201.7036117,12,L_Foot,197,1,-0.8709,0.6173,10.1972,17.1509,3.1128,0.2441,4.5319,4.812,-124.2773,-0.0186,0.0545,-0.8818,0.468
independent_20260430_203326,trial_001,subject_001,1777552410.0947192,1777552410.0947192,275201.703743,13,R_Femur,192,1,-0.7848,10.6805,2.0959,-14.3433,75.0122,13.0005,81.178,1.4447,-24.5654,0.6336,0.1478,-0.1535,0.7437
independent_20260430_203326,trial_001,subject_001,1777552410.0947192,1777552410.0947192,275201.7038772,15,R_Foot,96,1,1.3303,1.3255,11.0441,25.7568,0.4272,-1.5869,2.2028,-2.0654,-175.2429,0.0188,0.0185,-0.9988,0.0411
independent_20260430_203326,trial_001,subject_001,1777552410.0947192,1777552410.0947192,275201.7041612,9,Trunk,183,1,-0.9953,10.7331,0.3206,-7.6904,2.4414,-4.5776,91.3019,1.6425,-150.9851,0.1694,0.6947,-0.6741,0.185
independent_20260430_203326,trial_001,subject_001,1777552410.0947192,1777552410.0947192,275201.7042943,10,L_Femur,176,1,-0.7848,9.8191,-3.1917,8.2397,6.0425,5.0659,121.6516,1.5381,-9.3109,0.8697,0.0774,-0.0279,0.4868
independent_20260430_203326,trial_001,subject_001,1777552410.0947192,1777552410.0947192,275201.7044157,11,L_Tibia,187,1,-0.0526,9.7665,-2.7084,59.082,24.8413,21.1792,118.515,5.1141,-61.507,0.7262,0.4586,-0.2282,0.4585
independent_20260430_203326,trial_001,subject_001,1777552410.0947192,1777552410.0947192,275201.7045315,12,L_Foot,198,1,-0.5503,0.4881,10.0201,18.0054,5.127,0.3052,4.8065,4.8834,-124.2664,-0.018,0.0569,-0.8816,0.4682
independent_20260430_203326,trial_001,subject_001,1777552410.0957189,1777552410.0957189,275201.7046264,13,R_Femur,193,1,-0.7943,10.7188,0.9953,-11.6577,53.1616,22.583,81.0022,1.2689,-23.6316,0.6339,0.1412,-0.1487,0.7457
independent_20260430_203326,trial_001,subject_001,1777552410.133312,1777552410.133312,275201.7422781,10,L_Femur,177,1,-0.5503,9.9531,-3.1582,-0.2441,11.2915,3.8452,121.701,1.3568,-9.1736,0.87,0.0756,-0.0286,0.4863
independent_20260430_203326,trial_001,subject_001,1777552410.133312,1777552410.133312,275201.7424027,11,L_Tibia,188,1,0.0909,9.5895,-2.5218,64.1479,30.9448,22.2168,119.4928,4.6198,-61.2598,0.7323,0.4572,-0.2265,0.4509
independent_20260430_203326,trial_001,subject_001,1777552410.133312,1777552410.133312,275201.7425068,12,L_Foot,199,1,-0.7226,0.5216,9.9627,18.8599,3.3569,0.8545,5.0977,4.9493,-124.2499,-0.0174,0.0594,-0.8814,0.4683
independent_20260430_203326,trial_001,subject_001,1777552410.133312,1777552410.133312,275201.742605,13,R_Femur,194,1,-2.0624,9.0966,-1.0097,-1.2817,-8.4229,35.5835,80.8759,0.6482,-23.3569,0.6343,0.1355,-0.1505,0.7461
independent_20260430_203326,trial_001,subject_001,1777552410.133312,1777552410.133312,275201.7427024,15,R_Foot,97,1,0.7034,0.5312,10.0058,25.6348,0.3052,-4.8828,3.1146,-2.1149,-175.3363,0.0195,0.0264,-0.9987,0.0402
independent_20260430_203326,trial_001,subject_001,1777552410.133312,1777552410.133312,275201.7427987,9,Trunk,184,1,-0.5599,10.1637,0.4115,-13.9771,2.5635,-5.7373,90.813,1.8182,-150.8752,0.1682,0.6919,-0.6766,0.1874
independent_20260430_203326,trial_001,subject_001,1777552410.133312,1777552410.133312,275201.7428938,11,L_Tibia,189,1,0.311,9.4603,-2.4787,72.4487,44.9829,22.3999,120.9375,3.8232,-60.7379,0.742,0.4538,-0.224,0.4397
independent_20260430_203326,trial_001,subject_001,1777552410.133312,1777552410.133312,275201.7429886,12,L_Foot,200,1,-0.6795,0.5886,9.8909,22.1558,4.8828,0.9155,5.5481,5.0482,-124.2279,-0.0163,0.0633,-0.881,0.4686
independent_20260430_203326,trial_001,subject_001,1777552410.133312,1777552410.133312,275201.743084,13,R_Femur,195,1,-1.9954,7.6563,-1.4308,24.353,-36.1328,39.5508,81.156,-0.0055,-23.725,0.6366,0.1337,-0.1562,0.7433
independent_20260430_203326,trial_001,subject_001,1777552410.134312,1777552410.134312,275201.743178,14,R_Tibia,99,1,-0.0574,8.6707,-3.8233,51.8799,-11.7798,15.4419,100.0745,-1.582,-172.2656,0.0605,0.764,-0.6415,0.0328
independent_20260430_203326,trial_001,subject_001,1777552410.134312,1777552410.134312,275201.7432718,9,Trunk,185,1,-0.335,9.8526,0.2297,-10.498,-0.3662,-4.5166,90.6317,1.8787,-150.8643,0.1677,0.6909,-0.6776,0.1881
independent_20260430_203326,trial_001,subject_001,1777552410.134312,1777552410.134312,275201.7433878,10,L_Femur,178,1,-0.3302,10.2163,-2.9907,-20.9351,11.1694,-0.3662,121.3,1.1426,-8.8824,0.8686,0.0724,-0.0293,0.4893
independent_20260430_203326,trial_001,subject_001,1777552410.134312,1777552410.134312,275201.7435207,11,L_Tibia,190,1,0.3637,9.8574,-2.5122,76.7822,52.1851,22.8271,122.113,3.1421,-60.249,0.75,0.4505,-0.222,0.4305
independent_20260430_203326,trial_001,subject_001,1777552410.134312,1777552410.134312,275201.7436245,12,L_Foot,201,1,-0.7417,-0.0048,9.9866,28.6865,4.5166,1.4038,5.9491,5.1251,-124.2059,-0.0152,0.0667,-0.8806,0.4688
independent_20260430_203326,trial_001,subject_001,1777552410.134312,1777552410.134312,275201.7437513,13,R_Femur,196,1,-1.1771,8.2018,-0.8518,36.0718,-37.5977,37.8418,81.6724,-0.6702,-24.1974,0.6403,0.1327,-0.1623,0.739
independent_20260430_203326,trial_001,subject_001,1777552410.134312,1777552410.134312,275201.7438971,15,R_Foot,98,1,0.1579,0.6747,10.1589,15.9912,0.6714,-3.9062,3.7793,-2.0544,-175.4572,0.0192,0.0322,-0.9985,0.039
independent_20260430_203326,trial_001,subject_001,1777552410.1926386,1777552410.1926386,275201.8022645,9,Trunk,186,1,-0.134,9.8431,-0.067,-7.6294,-2.7466,-2.1362,90.4944,1.9116,-150.9027,0.167,0.6902,-0.6784,0.1883
independent_20260430_203326,trial_001,subject_001,1777552410.1926386,1777552410.1926386,275201.8024093,10,L_Femur,179,1,-0.1436,10.4891,-2.3878,-39.4897,11.7188,-3.479,120.6299,1.0602,-8.6407,0.8659,0.07,-0.0293,0.4944
independent_20260430_203326,trial_001,subject_001,1777552410.1936367,1777552410.1936367,275201.8025475,11,L_Tibia,191,1,0.3589,9.7187,-2.7993,83.4961,58.96,21.2402,123.3765,2.406,-59.6777,0.7585,0.4466,-0.2199,0.4205
independent_20260430_203326,trial_001,subject_001,1777552410.1936367,1777552410.1936367,275201.8026741,12,L_Foot,202,1,-0.8135,-0.6651,9.9148,41.8701,7.1411,3.3569,6.5479,5.2295,-124.1565,-0.0135,0.0717,-0.88,0.4693
independent_20260430_203326,trial_001,subject_001,1777552410.1936367,1777552410.1936367,275201.8028137,13,R_Femur,197,1,0.3924,9.8813,-0.134,42.4194,-13.6108,23.9868,82.4689,-1.3074,-24.5544,0.6458,0.1318,-0.1672,0.7332
independent_20260430_203326,trial_001,subject_001,1777552410.1936367,1777552410.1936367,275201.8029604,14,R_Tibia,100,1,-1.9858,9.7809,-3.3113,39.4287,42.3584,9.7046,101.673,-2.1094,-171.557,0.0687,0.7723,-0.6308,0.0322
independent_20260430_203326,trial_001,subject_001,1777552410.1936367,1777552410.1936367,275201.8030895,9,Trunk,187,1,0.0526,10.0153,-0.579,-2.5635,-2.5024,0.7935,90.3461,1.8622,-150.9412,0.1668,0.6893,-0.6794,0.188
independent_20260430_203326,trial_001,subject_001,1777552410.1936367,1777552410.1936367,275201.8032181,10,L_Femur,180,1,-0.0431,10.8001,-1.9284,-60.5469,9.0942,-2.6245,119.7839,1.0162,-8.4869,0.8623,0.0684,-0.0295,0.5008
independent_20260430_203326,trial_001,subject_001,1777552410.1936367,1777552410.1936367,275201.8033462,11,L_Tibia,192,1,-0.0144,10.1397,-3.1295,87.1582,58.0444,22.583,125.1288,1.3898,-58.9142,0.77,0.4413,-0.2172,0.4065
independent_20260430_203326,trial_001,subject_001,1777552410.1936367,1777552410.1936367,275201.8034772,12,L_Foot,203,1,-0.9379,-0.0383,9.9866,63.4155,11.1694,5.249,7.7454,5.4382,-124.0302,-0.0101,0.0818,-0.8786,0.4705
independent_20260430_203326,trial_001,subject_001,1777552410.1946359,1777552410.1946359,275201.8036026,13,R_Femur,198,1,0.4642,9.9914,-0.0287,47.3633,11.2305,11.3525,83.161,-1.5051,-24.4171,0.6507,0.1307,-0.1667,0.7292
independent_20260430_203326,trial_001,subject_001,1777552410.1946359,1777552410.1946359,275201.8037339,15,R_Foot,99,1,-0.1962,0.7513,10.0919,12.2681,-5.0049,1.4038,4.2297,-2.1588,-175.4187,0.0203,0.0361,-0.9984,0.0392
independent_20260430_203326,trial_001,subject_001,1777552410.1946359,1777552410.1946359,275201.8038673,9,Trunk,188,1,0.0813,10.1685,-1.0049,-3.418,-3.1128,2.1362,90.2856,1.8237,-150.9851,0.1667,0.689,-0.6799,0.1876
independent_20260430_203326,trial_001,subject_001,1777552410.3030746,1777552410.3030746,275201.9123056,10,L_Femur,181,1,-0.2201,10.69,-1.5887,-82.0923,2.3193,-0.7935,118.6139,0.9998,-8.421,0.8572,0.0676,-0.03,0.5096
independent_20260430_203326,trial_001,subject_001,1777552410.3030746,1777552410.3030746,275201.9125204,11,L_Tibia,193,1,-0.0239,9.9292,-3.4836,92.3462,52.9785,25.3906,126.5076,0.6152,-58.4692,0.7781,0.4382,-0.2156,0.3951
independent_20260430_203326,trial_001,subject_001,1777552410.3030746,1777552410.3030746,275201.912718,12,L_Foot,204,1,-0.981,-0.1292,10.0775,82.4585,14.7705,6.897,8.9484,5.636,-123.9038,-0.0066,0.0918,-0.877,0.4716
independent_20260430_203326,trial_001,subject_001,1777552410.3030746,1777552410.3030746,275201.9129012,13,R_Femur,199,1,-0.6556,9.6852,-0.268,50.8423,11.1694,1.4648,83.8971,-1.5436,-24.2194,0.6556,0.1304,-0.1648,0.7252
independent_20260430_203326,trial_001,subject_001,1777552410.304081,1777552410.304081,275201.9130986,14,R_Tibia,101,1,-2.2586,9.4698,-3.5984,32.7148,14.2822,21.7285,102.9199,-2.8729,-170.722,0.0788,0.7781,-0.6224,0.0308
independent_20260430_203326,trial_001,subject_001,1777552410.304081,1777552410.304081,275201.9132617,9,Trunk,189,1,0.2393,9.9914,-1.2346,-4.0894,-3.418,3.1738,90.1813,1.7578,-151.051,0.1665,0.6884,-0.6808,0.187
independent_20260430_203326,trial_001,subject_001,1777552410.304081,1777552410.304081,275201.9134535,10,L_Femur,182,1,-0.1675,10.0297,-1.7705,-87.0361,-3.3569,-0.3662,116.8561,1.0272,-8.454,0.8493,0.0675,-0.031,0.5227
independent_20260430_203326,trial_001,subject_001,1777552410.304081,1777552410.304081,275201.9137162,11,L_Tibia,194,1,1.1341,10.446,-2.8998,98.2666,45.9595,20.5078,128.4631,-0.3241,-57.9419,0.7885,0.4351,-0.2128,0.3791
independent_20260430_203326,trial_001,subject_001,1777552410.304081,1777552410.304081,275201.9138708,12,L_Foot,205,1,-1.1006,-0.1675,10.1302,114.6851,19.7754,17.1509,11.1072,5.9601,-123.5687,0.0001,0.1096,-0.8735,0.4744
independent_20260430_203326,trial_001,subject_001,1777552410.3050802,1777552410.3050802,275201.9140236,13,R_Femur,200,1,-1.5265,9.556,-0.6795,51.6968,-17.6392,2.8687,84.9298,-1.593,-24.3787,0.662,0.1325,-0.1649,0.719
independent_20260430_203326,trial_001,subject_001,1777552410.3050802,1777552410.3050802,275201.9141696,9,Trunk,190,1,0.2297,9.8622,-1.2059,-4.5166,-0.7324,4.3945,90.1044,1.6864,-151.073,0.1667,0.6878,-0.6814,0.1865
independent_20260430_203326,trial_001,subject_001,1777552410.3050802,1777552410.3050802,275201.9143163,10,L_Femur,183,1,0.5694,10.1541,-2.139,-79.834,-4.6997,2.1973,115.6366,1.0272,-8.5144,0.8436,0.0676,-0.032,0.5317
independent_20260430_203326,trial_001,subject_001,1777552410.3050802,1777552410.3050802,275201.9144669,11,L_Tibia,195,1,0.4689,10.0823,-2.761,101.8066,38.0859,17.4561,129.9792,-0.9009,-57.6343,0.7956,0.4339,-0.21,0.367
independent_20260430_203326,trial_001,subject_001,1777552410.3050802,1777552410.3050802,275201.9145877,12,L_Foot,206,1,-0.8948,1.0814,10.9197,118.8354,25.5127,25.1465,12.9309,6.2622,-123.1403,0.0058,0.1247,-0.8696,0.4778
independent_20260430_203326,trial_001,subject_001,1777552410.3050802,1777552410.3050802,275201.9147246,13,R_Femur,201,1,-0.5981,9.4555,-0.6843,55.542,-37.8418,11.7188,85.7538,-1.7908,-24.873,0.6668,0.1353,-0.1682,0.7132
independent_20260430_203326,trial_001,subject_001,1777552410.3050802,1777552410.3050802,275201.9148813,14,R_Tibia,102,1,1.5982,9.8813,-3.1199,19.8364,-23.6206,23.0713,103.9142,-3.5266,-171.524,0.0771,0.7836,-0.6161,0.0214
independent_20260430_203326,trial_001,subject_001,1777552410.3050802,1777552410.3050802,275201.9150483,9,Trunk,191,1,0.1244,9.8144,-1.2106,-5.3711,2.3193,6.8359,90.011,1.582,-151.0455,0.1673,0.6871,-0.6821,0.1862
independent_20260430_203326,trial_001,subject_001,1777552410.30622,1777552410.30622,275201.915186,10,L_Femur,184,1,1.4164,11.1063,-2.0146,-88.8062,1.0986,3.7842,113.9117,0.9668,-8.5748,0.8355,0.0673,-0.0337,0.5443
independent_20260430_203326,trial_001,subject_001,1777552410.30622,1777552410.30622,275201.9153206,12,L_Foot,207,1,-1.2633,0.6795,11.025,141.7847,23.2544,27.4658,15.0403,6.5204,-122.6624,0.0132,0.1417,-0.8649,0.4814
independent_20260430_203326,trial_001,subject_001,1777552410.30622,1777552410.30622,275201.9154936,13,R_Femur,202,1,0.5694,9.1827,-0.7369,67.9932,-60.1196,19.5923,87.0776,-2.2192,-25.9167,0.6743,0.1408,-0.1755,0.7033
independent_20260430_203326,trial_001,subject_001,1777552410.30622,1777552410.30622,275201.9156305,15,R_Foot,100,1,0.8613,1.1293,10.1589,4.5166,-4.2114,0.1221,4.7845,-2.5598,-175.2979,0.024,0.0408,-0.9981,0.04
independent_20260430_203326,trial_001,subject_001,1777552410.30622,1777552410.30622,275201.9157686,10,L_Femur,185,1,0.5694,11.0106,-2.2873,-92.9565,13.4277,-1.77,112.5275,0.9064,-8.4155,0.829,0.0654,-0.0342,0.5543
independent_20260430_203326,trial_001,subject_001,1777552410.30622,1777552410.30622,275201.9158958,11,L_Tibia,196,1,0.8518,10.0919,-4.589,105.2246,32.1045,16.6626,133.6761,-2.1204,-57.0905,0.811,0.4329,-0.2029,0.3373
independent_20260430_203326,trial_001,subject_001,1777552410.30622,1777552410.30622,275201.9160136,12,L_Foot,208,1,-0.7321,0.7704,10.9532,179.0771,38.147,37.5366,18.49,6.9873,-121.7944,0.0254,0.1694,-0.856,0.4877
independent_20260430_203326,trial_001,subject_001,1777552410.3072283,1777552410.3072283,275201.9161421,13,R_Femur,203,1,1.5695,9.4603,-0.6029,70.1294,-67.1997,21.9116,88.1598,-2.5928,-26.889,0.6802,0.1459,-0.1823,0.6948
independent_20260430_203326,trial_001,subject_001,1777552410.3072283,1777552410.3072283,275201.9162724,14,R_Tibia,103,1,1.3063,9.7856,-3.2683,11.7798,-6.5918,16.8457,104.48,-4.0924,-172.0734,0.0764,0.7867,-0.6125,0.0141
independent_20260430_203326,trial_001,subject_001,1777552410.3435397,1777552410.3435397,275201.95269,9,Trunk,192,1,0.4594,9.9483,-1.2585,-6.897,3.479,13.3057,89.7858,1.17,-150.9302,0.1701,0.685,-0.6839,0.1848
independent_20260430_203326,trial_001,subject_001,1777552410.3435397,1777552410.3435397,275201.9528391,10,L_Femur,186,1,-0.6651,10.7618,-3.1008,-97.3511,13.0005,-7.6904,111.0773,0.9174,-8.1793,0.8221,0.0633,-0.0338,0.5649
independent_20260430_203326,trial_001,subject_001,1777552410.3435397,1777552410.3435397,275201.9529873,11,L_Tibia,197,1,0.579,9.6182,-5.5077,107.0557,26.5503,18.4326,135.2747,-2.5983,-56.9586,0.8168,0.4333,-0.1998,0.3243
independent_20260430_203326,trial_001,subject_001,1777552410.3435397,1777552410.3435397,275201.9531156,12,L_Foot,209,1,-0.7465,1.4643,10.7953,217.7124,49.8047,47.3633,21.7914,7.4213,-120.91,0.0377,0.1954,-0.8465,0.4938
independent_20260430_203326,trial_001,subject_001,1777552410.3435397,1777552410.3435397,275201.9532343,13,R_Femur,204,1,1.9188,9.9771,-0.6699,67.9321,-69.519,18.8599,89.231,-2.9224,-27.9163,0.6858,0.1517,-0.189,0.6863
independent_20260430_203326,trial_001,subject_001,1777552410.3435397,1777552410.3435397,275201.9533422,15,R_Foot,101,1,0.5599,0.847,10.0775,1.5869,-4.2114,0.5493,4.834,-2.7081,-175.2429,0.0253,0.0411,-0.998,0.0405
independent_20260430_203326,trial_001,subject_001,1777552410.3435397,1777552410.3435397,275201.9534557,9,Trunk,193,1,0.9475,9.7282,-1.1628,-7.3242,3.418,13.0615,89.6594,0.9668,-150.8807,0.1714,0.6838,-0.6849,0.184
independent_20260430_203326,trial_001,subject_001,1777552410.344715,1777552410.344715,275201.9535831,10,L_Femur,187,1,-1.1054,10.5513,-3.7803,-107.2998,-2.1362,-9.4604,108.9954,1.0712,-8.064,0.8117,0.0627,-0.0332,0.5798
independent_20260430_203326,trial_001,subject_001,1777552410.344715,1777552410.344715,275201.9536897,11,L_Tibia,198,1,0.6269,9.0774,-6.3212,103.9429,17.5171,21.8506,136.8512,-3.0267,-56.9751,0.8217,0.4349,-0.1969,0.3114
independent_20260430_203326,trial_001,subject_001,1777552410.344715,1777552410.344715,275201.9537877,12,L_Foot,210,1,-0.8422,1.0958,12.4749,266.9678,82.5195,67.3218,25.8344,8.075,-119.5807,0.0529,0.2272,-0.8323,0.5028
independent_20260430_203326,trial_001,subject_001,1777552410.344715,1777552410.344715,275201.9538845,13,R_Femur,205,1,2.1581,10.0393,-0.6269,62.6831,-57.312,10.2539,90.5603,-3.186,-29.1302,0.6924,0.1597,-0.196,0.6758
independent_20260430_203326,trial_001,subject_001,1777552410.344715,1777552410.344715,275201.9539956,14,R_Tibia,104,1,0.8039,9.8574,-3.1247,7.8125,-9.2773,15.8081,104.7711,-4.4989,-172.3975,0.0764,0.7882,-0.6106,0.0094
independent_20260430_203326,trial_001,subject_001,1777552410.3527462,1777552410.3527462,275201.9623619,9,Trunk,194,1,1.2154,9.4124,-0.8661,-3.2349,-0.3052,12.3291,89.5551,0.7031,-150.8588,0.173,0.6828,-0.6859,0.1828
independent_20260430_203326,trial_001,subject_001,1777552410.3527462,1777552410.3527462,275201.9625768,10,L_Femur,188,1,-0.4642,10.5991,-4.0339,-116.8823,-16.7236,-5.7373,107.2705,1.225,-8.2233,0.8027,0.0641,-0.0339,0.592
independent_20260430_203326,trial_001,subject_001,1777552410.3537483,1777552410.3537483,275201.9627385,11,L_Tibia,199,1,1.0049,8.7138,-7.0916,96.5576,15.625,14.1602,138.8507,-3.4662,-57.0245,0.8274,0.4374,-0.1926,0.2951
independent_20260430_203326,trial_001,subject_001,1777552410.3537483,1777552410.3537483,275201.9628947,12,L_Foot,211,1,-2.2442,2.5888,9.0727,306.3965,59.9365,74.8291,32.157,8.4979,-117.6526,0.0821,0.2732,-0.8093,0.5136
independent_20260430_203326,trial_001,subject_001,1777552410.3537483,1777552410.3537483,275201.9630462,13,R_Femur,206,1,2.8137,9.8239,-0.6364,63.2324,-42.3584,5.9814,91.5381,-3.2794,-29.8059,0.6973,0.1649,-0.1991,0.6685
independent_20260430_203326,trial_001,subject_001,1777552410.3537483,1777552410.3537483,275201.9631943,15,R_Foot,102,1,0.579,1.0001,10.0393,0.4272,-2.3804,0.7324,4.845,-2.8345,-175.199,0.0265,0.0412,-0.998,0.0408
independent_20260430_203326,trial_001,subject_001,1777552410.3537483,1777552410.3537483,275201.9633653,9,Trunk,195,1,1.1676,9.3885,-0.5599,-0.6714,-1.5259,12.9395,89.5221,0.5054,-150.8752,0.174,0.6823,-0.6865,0.1815
independent_20260430_203326,trial_001,subject_001,1777552410.3537483,1777552410.3537483,275201.9635546,10,L_Femur,189,1,0.5216,10.7188,-4.2492,-123.23,-23.0103,-2.3804,105.4303,1.3623,-8.5309,0.7928,0.0664,-0.0356,0.6048
independent_20260430_203326,trial_001,subject_001,1777552410.3547492,1777552410.3547492,275201.9637277,11,L_Tibia,200,1,1.6078,8.7855,-6.972,81.9702,22.522,8.606,140.1306,-3.7958,-56.9092,0.8314,0.4377,-0.1897,0.2848
independent_20260430_203326,trial_001,subject_001,1777552410.3547492,1777552410.3547492,275201.963908,12,L_Foot,212,1,-1.627,3.7516,7.7328,307.0679,59.1431,83.313,37.0074,8.5364,-116.1365,0.1075,0.3059,-0.7901,0.5202
independent_20260430_203326,trial_001,subject_001,1777552410.3547492,1777552410.3547492,275201.9640686,13,R_Femur,207,1,2.9859,9.7856,-0.9235,63.5986,-27.5879,2.7466,92.5104,-3.3234,-30.2563,0.7023,0.1691,-0.2006,0.6617
independent_20260430_203326,trial_001,subject_001,1777552410.3547492,1777552410.3547492,275201.9642342,14,R_Tibia,105,1,1.603,9.4315,-2.584,2.5635,-1.6479,13.0615,104.9524,-4.8889,-172.738,0.0761,0.7891,-0.6095,0.0048
independent_20260430_203326,trial_001,subject_001,1777552410.3547492,1777552410.3547492,275201.9643928,9,Trunk,196,1,0.8853,9.4842,-0.4833,1.8921,1.2207,15.1978,89.5331,0.2032,-150.8588,0.1759,0.6819,-0.6868,0.1798
independent_20260430_203326,trial_001,subject_001,1777552410.3547492,1777552410.3547492,275201.9645887,10,L_Femur,190,1,0.8374,10.4029,-4.5746,-118.3472,-15.686,-5.3101,103.0188,1.5271,-8.855,0.7797,0.0687,-0.0376,0.6213
independent_20260430_203326,trial_001,subject_001,1777552410.3557477,1777552410.3557477,275201.9648069,11,L_Tibia,201,1,0.6269,7.5127,-7.6706,63.2324,16.7847,4.0283,141.5039,-4.1693,-56.6895,0.8361,0.4374,-0.1866,0.2736
independent_20260430_203326,trial_001,subject_001,1777552410.3557477,1777552410.3557477,275201.9649851,13,R_Femur,208,1,2.3591,9.8287,-1.0384,57.5562,-14.5874,2.1362,93.7134,-3.3563,-30.6079,0.7088,0.1732,-0.201,0.6537
independent_20260430_203326,trial_001,subject_001,1777552410.3557477,1777552410.3557477,275201.9651692,15,R_Foot,103,1,0.5886,1.1102,9.9436,-0.1221,-1.4038,0.6714,4.8285,-2.8894,-175.1331,0.027,0.041,-0.9979,0.0413
independent_20260430_203326,trial_001,subject_001,1777552410.4130747,1777552410.4130747,275202.0224024,9,Trunk,197,1,0.6077,9.4363,-0.5216,1.6479,0.6104,16.3574,89.5441,-0.0385,-150.8423,0.1775,0.6816,-0.6871,0.1785
independent_20260430_203326,trial_001,subject_001,1777552410.4136443,1777552410.4136443,275202.0225528,10,L_Femur,191,1,0.5359,10.178,-4.4789,-118.042,-16.6016,-5.6152,101.239,1.6534,-9.0747,0.7697,0.0703,-0.0391,0.6333
independent_20260430_203326,trial_001,subject_001,1777552410.4136443,1777552410.4136443,275202.0227291,11,L_Tibia,202,1,-0.0574,6.0867,-8.6946,49.8047,1.709,4.3945,142.2894,-4.2627,-56.684,0.838,0.4384,-0.1843,0.2675
independent_20260430_203326,trial_001,subject_001,1777552410.4136443,1777552410.4136443,275202.0228408,12,L_Foot,213,1,-5.2589,1.1293,23.0405,132.9956,76.8433,105.4688,45.9998,8.1299,-111.5057,0.1654,0.3589,-0.7434,0.5396
independent_20260430_203326,trial_001,subject_001,1777552410.4136443,1777552410.4136443,275202.0229656,13,R_Femur,209,1,1.8806,9.8096,-0.9522,55.3589,-8.8501,3.0518,94.5483,-3.4003,-30.7452,0.7134,0.1752,-0.2008,0.6482
independent_20260430_203326,trial_001,subject_001,1777552410.4136443,1777552410.4136443,275202.0230916,14,R_Tibia,106,1,1.7944,9.3933,-2.383,2.3193,5.4932,7.9346,105.0458,-5.1965,-172.7655,0.0775,0.7895,-0.6089,0.0024
independent_20260430_203326,trial_001,subject_001,1777552410.4136443,1777552410.4136443,275202.0232026,9,Trunk,198,1,0.4498,9.2401,-0.5359,3.6011,1.0986,16.8457,89.577,-0.3021,-150.8313,0.1792,0.6813,-0.6873,0.1769
independent_20260430_203326,trial_001,subject_001,1777552410.4136443,1777552410.4136443,275202.0233021,11,L_Tibia,203,1,1.4212,5.1775,-8.6372,36.8652,-6.7749,0.6104,142.8937,-4.2023,-56.7554,0.8391,0.44,-0.1817,0.2632
independent_20260430_203326,trial_001,subject_001,1777552410.4136443,1777552410.4136443,275202.0233929,12,L_Foot,214,1,-8.8669,3.029,30.8308,-62.8662,26.5503,48.7671,45.8075,7.8937,-110.4895,0.1692,0.3551,-0.7398,0.5459
independent_20260430_203326,trial_001,subject_001,1777552410.4136443,1777552410.4136443,275202.023531,13,R_Femur,210,1,0.981,9.8431,-0.7608,53.1006,-10.6201,3.9062,95.6305,-3.4717,-30.943,0.7192,0.178,-0.2007,0.6409
independent_20260430_203326,trial_001,subject_001,1777552410.4136443,1777552410.4136443,275202.0236298,15,R_Foot,104,1,0.5934,1.0671,9.9292,0.3662,-0.4883,-0.1221,4.8175,-2.9224,-175.0726,0.0273,0.0409,-0.9979,0.0419
independent_20260430_203326,trial_001,subject_001,1777552410.4136443,1777552410.4136443,275202.0237198,9,Trunk,199,1,0.4163,9.3167,-0.579,7.2021,0.0,17.2119,89.6869,-0.6537,-150.8148,0.1816,0.6814,-0.6872,0.1747
independent_20260430_203326,trial_001,subject_001,1777552410.4331858,1777552410.4331858,275202.0422096,10,L_Femur,192,1,0.6651,10.0775,-3.9908,-109.1919,-31.8604,-2.2583,97.2345,1.9501,-9.9701,0.7464,0.0764,-0.0447,0.6596
independent_20260430_203326,trial_001,subject_001,1777552410.4331858,1777552410.4331858,275202.0424396,11,L_Tibia,204,1,3.0481,5.8379,-7.1777,10.5591,26.4893,-18.5547,143.2507,-4.3121,-56.3324,0.8416,0.4372,-0.1802,0.2609
independent_20260430_203326,trial_001,subject_001,1777552410.4331858,1777552410.4331858,275202.0425732,12,L_Foot,215,1,-7.1825,-3.2156,12.3026,-126.2817,-131.897,13.7329,43.2697,6.3226,-111.4233,0.165,0.333,-0.7554,0.5397
independent_20260430_203326,trial_001,subject_001,1777552410.4331858,1777552410.4331858,275202.0426848,13,R_Femur,211,1,0.3302,9.7426,-0.5886,53.5889,-15.0757,4.3335,96.438,-3.5211,-31.1462,0.7235,0.1804,-0.2009,0.6354
independent_20260430_203326,trial_001,subject_001,1777552410.4331858,1777552410.4331858,275202.0427874,14,R_Tibia,107,1,0.6986,9.3646,-2.048,4.8218,-0.4272,6.5308,105.1501,-5.4272,-172.7325,0.079,0.7898,-0.6082,0.001
independent_20260430_203326,trial_001,subject_001,1777552410.4821608,1777552410.4821608,275202.0920086,10,L_Femur,193,1,1.5025,9.8,-3.8329,-102.5391,-21.8506,0.061,95.6635,1.9995,-10.3326,0.737,0.0784,-0.0476,0.6696
independent_20260430_203326,trial_001,subject_001,1777552410.4831605,1777552410.4831605,275202.0922104,11,L_Tibia,205,1,2.5218,6.3116,-5.6369,-20.813,48.7671,-25.5127,142.9816,-4.6307,-55.6238,0.844,0.4307,-0.1819,0.2627
independent_20260430_203326,trial_001,subject_001,1777552410.4831605,1777552410.4831605,275202.092359,12,L_Foot,216,1,-0.6747,-2.8615,5.8857,-129.3335,-145.9961,12.207,41.2317,4.5813,-112.7802,0.1636,0.3137,-0.7711,0.5294
independent_20260430_203326,trial_001,subject_001,1777552410.4831605,1777552410.4831605,275202.0925306,13,R_Femur,212,1,0.1244,9.7426,-0.5312,53.7109,-21.7896,4.4556,97.2565,-3.5596,-31.4539,0.7276,0.1836,-0.2015,0.6296
independent_20260430_203326,trial_001,subject_001,1777552410.4932427,1777552410.4932427,275202.1023909,15,R_Foot,105,1,0.5407,0.8661,9.9914,-0.061,-0.5493,0.1831,4.9219,-3.0872,-175.0397,0.0287,0.0417,-0.9978,0.0421
independent_20260430_203326,trial_001,subject_001,1777552410.4937792,1777552410.4937792,275202.1026501,9,Trunk,200,1,0.5072,9.5272,-0.6077,6.1035,-5.249,16.7847,89.8517,-1.181,-150.9137,0.1844,0.6817,-0.6871,0.1707
independent_20260430_203326,trial_001,subject_001,1777552410.4937792,1777552410.4937792,275202.1028497,10,L_Femur,194,1,1.4116,9.3167,-3.431,-93.2617,-2.6855,-1.709,93.7354,2.0215,-10.481,0.7255,0.0787,-0.0496,0.6819
independent_20260430_203326,trial_001,subject_001,1777552410.4937792,1777552410.4937792,275202.1030335,11,L_Tibia,206,1,2.1342,5.8092,-5.1632,-47.1191,51.9409,-25.8179,142.2949,-5.0153,-54.8383,0.8457,0.4228,-0.1854,0.2675
independent_20260430_203326,trial_001,subject_001,1777552410.494307,1777552410.494307,275202.1031842,12,L_Foot,217,1,3.2061,-1.8949,5.9432,-140.3809,-95.8252,26.2451,39.1168,3.1421,-113.5547,0.1617,0.2941,-0.783,0.5238
independent_20260430_203326,trial_001,subject_001,1777552410.494307,1777552410.494307,275202.1033811,13,R_Femur,213,1,0.2536,10.0728,-0.6747,42.3584,-31.8604,5.4321,98.2123,-3.5925,-32.0251,0.7319,0.1887,-0.2033,0.6224
independent_20260430_203326,trial_001,subject_001,1777552410.494307,1777552410.494307,275202.1035386,14,R_Tibia,108,1,1.2489,9.3837,-1.493,7.6904,-1.0986,5.188,105.3534,-5.5756,-172.782,0.0794,0.7909,-0.6068,-0.0005
independent_20260430_203326,trial_001,subject_001,1777552410.494307,1777552410.494307,275202.1036728,9,Trunk,201,1,0.6077,9.2593,-0.5934,6.3477,-4.5166,16.1133,89.9561,-1.5161,-151.0126,0.1859,0.6819,-0.6871,0.168
independent_20260430_203326,trial_001,subject_001,1777552410.4948409,1777552410.4948409,275202.1038747,11,L_Tibia,207,1,2.005,5.6896,-5.7326,-84.1064,55.3589,-28.4424,140.7294,-5.5261,-53.7286,0.8465,0.4107,-0.1922,0.2789
independent_20260430_203326,trial_001,subject_001,1777552410.4948409,1777552410.4948409,275202.1040752,12,L_Foot,218,1,2.4404,-0.8422,6.9289,-149.5972,-20.6909,49.4995,36.189,2.005,-113.3459,0.1567,0.2686,-0.7911,0.5267
independent_20260430_203326,trial_001,subject_001,1777552410.495366,1777552410.495366,275202.10426,13,R_Femur,214,1,0.5981,9.8909,-0.7752,32.6538,-34.4238,6.4087,98.7506,-3.62,-32.5415,0.734,0.1928,-0.2053,0.618
independent_20260430_203326,trial_001,subject_001,1777552410.495366,1777552410.495366,275202.1043932,15,R_Foot,106,1,0.6316,0.78,9.8813,-0.061,-0.4883,-0.6714,4.9219,-3.0927,-175.0342,0.0288,0.0417,-0.9978,0.0421
independent_20260430_203326,trial_001,subject_001,1777552410.495366,1777552410.495366,275202.1045221,9,Trunk,202,1,0.8326,9.0535,-0.5168,8.667,-2.2583,16.3574,90.0714,-1.7688,-151.051,0.1874,0.6823,-0.6869,0.166
independent_20260430_203326,trial_001,subject_001,1777552410.495366,1777552410.495366,275202.1047084,10,L_Femur,195,1,-0.5599,8.7903,-3.0338,-75.8667,-5.7373,-4.3945,91.2579,2.1533,-10.5194,0.7105,0.0786,-0.0507,0.6975
independent_20260430_203326,trial_001,subject_001,1777552410.495893,1777552410.495893,275202.1048817,11,L_Tibia,208,1,2.1103,5.6321,-6.4073,-106.8726,52.124,-32.7148,139.1034,-5.8228,-52.8552,0.8459,0.4006,-0.1979,0.2913
independent_20260430_203326,trial_001,subject_001,1777552410.495893,1777552410.495893,275202.1050467,12,L_Foot,219,1,-0.7991,-0.1388,8.4219,-161.8652,-4.8828,48.584,33.8324,1.5051,-112.7911,0.1506,0.2493,-0.7947,0.5326
independent_20260430_203326,trial_001,subject_001,1777552410.495893,1777552410.495893,275202.1052488,13,R_Femur,215,1,0.7465,9.3167,-0.981,35.2783,-35.4614,5.7373,99.2944,-3.6365,-33.0688,0.736,0.1971,-0.2074,0.6135
independent_20260430_203326,trial_001,subject_001,1777552410.4964182,1777552410.4964182,275202.1053916,14,R_Tibia,109,1,0.6221,9.1779,-2.0815,9.6436,-4.5166,4.5776,105.672,-5.6964,-172.8918,0.0793,0.7925,-0.6046,-0.0021
independent_20260430_203326,trial_001,subject_001,1777552410.523649,1777552410.523649,275202.1327408,9,Trunk,203,1,1.1532,9.0535,-0.3445,9.5215,0.6714,15.564,90.2362,-2.0984,-151.0565,0.1896,0.6827,-0.6864,0.1638
independent_20260430_203326,trial_001,subject_001,1777552410.523649,1777552410.523649,275202.1328581,10,L_Femur,196,1,-0.3685,8.7425,-2.9381,-69.519,-14.0991,-0.7935,89.8297,2.1918,-10.7666,0.7015,0.0797,-0.053,0.7062
independent_20260430_203326,trial_001,subject_001,1777552410.523649,1777552410.523649,275202.1329576,11,L_Tibia,209,1,0.9857,5.857,-6.326,-133.4839,21.6675,-38.3911,136.4777,-5.8008,-51.8665,0.8424,0.3888,-0.2042,0.3124
independent_20260430_203326,trial_001,subject_001,1777552410.523649,1777552410.523649,275202.1330541,12,L_Foot,220,1,-2.962,-0.0909,7.9099,-175.4761,-13.5498,28.6865,30.4047,0.9448,-112.3297,0.1394,0.2222,-0.8003,0.5391
independent_20260430_203326,trial_001,subject_001,1777552410.523649,1777552410.523649,275202.1331685,13,R_Femur,216,1,0.9235,9.6612,-1.1915,35.0952,-32.1655,1.2207,100.047,-3.587,-33.728,0.7388,0.203,-0.2092,0.6076
independent_20260430_203326,trial_001,subject_001,1777552410.523649,1777552410.523649,275202.1332632,15,R_Foot,107,1,0.6221,0.6173,9.8909,1.4038,-1.0986,-0.9155,4.9164,-3.0927,-175.0342,0.0288,0.0417,-0.9978,0.0421
independent_20260430_203326,trial_001,subject_001,1777552410.523649,1777552410.523649,275202.1333544,9,Trunk,204,1,1.3925,9.2736,-0.0096,9.3384,4.0283,12.9395,90.3625,-2.3071,-151.0071,0.1913,0.6831,-0.6859,0.1626
independent_20260430_203326,trial_001,subject_001,1777552410.523649,1777552410.523649,275202.1334467,10,L_Femur,197,1,0.1244,8.6037,-2.7323,-65.2466,-11.1084,0.1831,88.8245,2.1863,-10.9369,0.6952,0.0802,-0.0548,0.7122
independent_20260430_203326,trial_001,subject_001,1777552410.5246468,1777552410.5246468,275202.1335364,12,L_Foot,221,1,-2.9572,0.2632,7.3883,-172.5464,-5.9814,10.0708,27.8174,0.7416,-112.2089,0.1288,0.203,-0.8048,0.5426
independent_20260430_203326,trial_001,subject_001,1777552410.5246468,1777552410.5246468,275202.1336265,13,R_Femur,217,1,1.0097,9.9483,-1.4212,33.3252,-26.3062,-0.2441,100.5688,-3.5211,-34.1235,0.7408,0.2068,-0.21,0.6036
independent_20260430_203326,trial_001,subject_001,1777552410.5246468,1777552410.5246468,275202.1337152,14,R_Tibia,110,1,0.7752,9.5895,-2.5266,8.3008,-7.9346,4.6997,106.0126,-5.7568,-173.2324,0.0772,0.7945,-0.6023,-0.0046
independent_20260430_203326,trial_001,subject_001,1777552410.5246468,1777552410.5246468,275202.1338031,10,L_Femur,198,1,0.1436,8.2975,-2.4691,-56.0303,-8.4229,-0.1831,87.6434,2.1808,-11.1017,0.6877,0.0806,-0.0567,0.7193
independent_20260430_203326,trial_001,subject_001,1777552410.5246468,1777552410.5246468,275202.1339111,11,L_Tibia,210,1,0.4689,6.4552,-6.8045,-169.2505,-40.9546,-28.1372,131.748,-4.5978,-51.6852,0.8279,0.3827,-0.211,0.3516
independent_20260430_203326,trial_001,subject_001,1777552410.5246468,1777552410.5246468,275202.1340094,12,L_Foot,222,1,-2.5648,1.0288,8.3405,-168.7622,17.8223,-11.2305,25.2905,0.9668,-112.2198,0.1152,0.1863,-0.8089,0.5456
independent_20260430_203326,trial_001,subject_001,1777552410.5246468,1777552410.5246468,275202.1340985,13,R_Femur,218,1,1.0623,9.3933,-1.7514,38.8184,-21.8506,-1.1597,101.3269,-3.4277,-34.5575,0.7438,0.2115,-0.2103,0.5981
independent_20260430_203326,trial_001,subject_001,1777552410.5246468,1777552410.5246468,275202.1341866,15,R_Foot,108,1,0.512,0.8183,9.9914,0.5493,-1.4038,-0.4272,4.9109,-3.0981,-175.0287,0.0288,0.0416,-0.9978,0.0422
independent_20260430_203326,trial_001,subject_001,1777552410.5246468,1777552410.5246468,275202.1342874,9,Trunk,205,1,1.4355,9.4459,0.0574,9.2163,6.4697,9.3994,90.6317,-2.6917,-150.7764,0.1953,0.6836,-0.6845,0.1612
independent_20260430_203326,trial_001,subject_001,1777552410.5246468,1777552410.5246468,275202.1343779,10,L_Femur,199,1,-0.3206,8.0869,-2.2538,-46.2036,-13.6719,0.0,86.9073,2.1698,-11.283,0.683,0.0813,-0.0584,0.7236
independent_20260430_203326,trial_001,subject_001,1777552410.5246468,1777552410.5246468,275202.134467,11,L_Tibia,211,1,2.7658,7.082,-6.6896,-188.8428,-26.123,-23.3765,128.1006,-3.7903,-51.8994,0.8144,0.3802,-0.2181,0.3802
independent_20260430_203326,trial_001,subject_001,1777552410.5256457,1777552410.5256457,275202.1346432,12,L_Foot,223,1,-2.0768,1.5887,9.6852,-166.3208,30.3345,-35.7666,21.9562,1.7358,-112.5385,0.0934,0.1666,-0.8147,0.5475
independent_20260430_203326,trial_001,subject_001,1777552410.543175,1777552410.543175,275202.1523141,13,R_Femur,219,1,1.1197,9.3311,-1.7992,40.0391,-18.6157,-2.0142,101.9366,-3.3563,-34.8267,0.7464,0.2148,-0.2101,0.5938
independent_20260430_203326,trial_001,subject_001,1777552410.543175,1777552410.543175,275202.1524569,14,R_Tibia,111,1,0.7991,9.2306,-2.6031,7.019,-7.0801,4.3945,106.2817,-5.8337,-173.4357,0.0762,0.796,-0.6004,-0.0063
independent_20260430_203326,trial_001,subject_001,1777552410.6125846,1777552410.6125846,275202.2223567,9,Trunk,206,1,1.2729,9.398,0.0191,10.8032,5.6763,8.7891,90.769,-2.8345,-150.6885,0.1969,0.6841,-0.6837,0.1606
independent_20260430_203326,trial_001,subject_001,1777552410.6135871,1777552410.6135871,275202.2226721,10,L_Femur,200,1,-0.6843,7.9864,-2.139,-34.79,-18.5547,1.4038,86.3416,2.1368,-11.5466,0.6792,0.0823,-0.0607,0.7268
independent_20260430_203326,trial_001,subject_001,1777552410.6135871,1777552410.6135871,275202.2229861,12,L_Foot,224,1,-1.1197,2.3352,12.1926,-171.3257,30.4565,-42.9077,19.4019,2.3895,-112.9669,0.0759,0.1518,-0.8197,0.5471
independent_20260430_203326,trial_001,subject_001,1777552410.6135871,1777552410.6135871,275202.2231994,13,R_Femur,220,1,1.2059,9.4507,-1.7131,38.4521,-13.0615,-3.2349,102.5244,-3.2739,-35.0189,0.749,0.2175,-0.2094,0.5898
independent_20260430_203326,trial_001,subject_001,1777552410.6135871,1777552410.6135871,275202.223381,15,R_Foot,109,1,0.5981,1.1006,9.9244,-0.5493,-1.709,-0.2441,4.9109,-3.0981,-175.0287,0.0288,0.0416,-0.9978,0.0422
independent_20260430_203326,trial_001,subject_001,1777552410.614589,1777552410.614589,275202.2235206,9,Trunk,207,1,0.9762,9.4363,-0.0574,10.0708,4.0283,8.4839,90.9558,-3.0157,-150.6006,0.1987,0.6847,-0.6828,0.1597
independent_20260430_203326,trial_001,subject_001,1777552410.614589,1777552410.614589,275202.2236691,10,L_Femur,201,1,-0.4163,7.9529,-1.9619,-22.0337,-20.9351,3.479,85.8252,2.049,-11.9421,0.6757,0.0838,-0.0641,0.7296
independent_20260430_203326,trial_001,subject_001,1777552410.614589,1777552410.614589,275202.2237805,11,L_Tibia,212,1,1.0719,7.6132,-7.0246,-211.0596,-8.1177,-29.1138,120.8936,-2.8619,-51.5424,0.7885,0.367,-0.2339,0.4346
independent_20260430_203326,trial_001,subject_001,1777552410.614589,1777552410.614589,275202.2239,12,L_Foot,225,1,-0.2345,3.2252,14.5421,-188.3545,34.0576,-41.687,16.6278,3.0652,-113.4229,0.0572,0.1354,-0.8247,0.5461
independent_20260430_203326,trial_001,subject_001,1777552410.614589,1777552410.614589,275202.224025,13,R_Femur,221,1,1.1628,9.5225,-1.5408,38.0859,-3.7842,-3.3569,103.2825,-3.197,-35.1123,0.7525,0.2199,-0.208,0.5848
independent_20260430_203326,trial_001,subject_001,1777552410.614589,1777552410.614589,275202.2241319,14,R_Tibia,112,1,1.2537,9.221,-1.9715,10.6201,-4.3945,3.2349,106.5729,-5.8832,-173.6499,0.075,0.7976,-0.5984,-0.008
independent_20260430_203326,trial_001,subject_001,1777552410.614589,1777552410.614589,275202.2242503,9,Trunk,208,1,0.7226,9.3502,-0.0957,9.8877,2.0752,7.6294,91.0876,-3.1421,-150.5676,0.1998,0.6852,-0.6821,0.1589
independent_20260430_203326,trial_001,subject_001,1777552410.683278,1777552410.683278,275202.2921867,10,L_Femur,202,1,-0.1005,8.0391,-1.5791,-16.9067,-23.1323,4.4556,85.545,1.9556,-12.2717,0.6738,0.085,-0.0669,0.731
independent_20260430_203326,trial_001,subject_001,1777552410.683278,1777552410.683278,275202.2923634,12,L_Foot,226,1,-0.0048,3.9286,13.4894,-195.4956,29.7241,-32.3486,12.7112,3.8617,-113.9447,0.0322,0.111,-0.8307,0.5445
independent_20260430_203326,trial_001,subject_001,1777552410.683278,1777552410.683278,275202.2925096,13,R_Femur,222,1,0.981,9.9388,-1.3829,32.0435,1.4648,-4.4556,103.7823,-3.1476,-35.0848,0.7551,0.2209,-0.2066,0.5817
independent_20260430_203326,trial_001,subject_001,1777552410.683278,1777552410.683278,275202.2926655,15,R_Foot,110,1,0.5312,0.8278,9.9101,1.2817,-2.4414,-0.3052,4.9109,-3.0981,-175.0287,0.0288,0.0416,-0.9978,0.0422
independent_20260430_203326,trial_001,subject_001,1777552410.683278,1777552410.683278,275202.2928282,9,Trunk,209,1,0.5551,9.4363,-0.0813,10.376,0.7324,6.1646,91.2305,-3.2465,-150.5511,0.2007,0.6859,-0.6814,0.1581
independent_20260430_203326,trial_001,subject_001,1777552410.683278,1777552410.683278,275202.2929811,10,L_Femur,203,1,0.1818,8.2592,-0.9905,-14.0381,-24.292,5.6152,85.3143,1.8457,-12.6233,0.6721,0.0863,-0.07,0.7321
independent_20260430_203326,trial_001,subject_001,1777552410.6842775,1777552410.6842775,275202.2931335,11,L_Tibia,213,1,1.1245,8.5415,-6.436,-214.9048,-17.2119,-30.0293,114.483,-1.8402,-51.5753,0.7609,0.358,-0.2475,0.4813
independent_20260430_203326,trial_001,subject_001,1777552410.6842775,1777552410.6842775,275202.2932854,12,L_Foot,227,1,-0.1483,4.5507,13.0587,-190.6738,27.1606,-22.8271,9.8273,4.3451,-114.2358,0.0148,0.0924,-0.8343,0.5433
independent_20260430_203326,trial_001,subject_001,1777552410.6842775,1777552410.6842775,275202.2934254,13,R_Femur,223,1,0.9379,10.3455,-1.2681,18.7378,6.2866,-3.0518,104.0845,-3.1256,-34.986,0.7568,0.2209,-0.2053,0.58
independent_20260430_203326,trial_001,subject_001,1777552410.6842775,1777552410.6842775,275202.2935757,14,R_Tibia,113,1,0.9953,9.355,-1.6796,17.0288,-7.1411,1.5259,107.0892,-5.8887,-173.8312,0.0737,0.8005,-0.5948,-0.0093
independent_20260430_203326,trial_001,subject_001,1777552410.6842775,1777552410.6842775,275202.293694,9,Trunk,210,1,0.579,9.7139,-0.0526,8.0566,-1.2207,5.0049,91.3898,-3.3618,-150.5676,0.2015,0.6867,-0.6806,0.1571
independent_20260430_203326,trial_001,subject_001,1777552410.6842775,1777552410.6842775,275202.2937947,10,L_Femur,204,1,0.4163,8.6085,-0.1723,-13.3667,-22.3389,7.2021,85.0287,1.6699,-13.0627,0.6701,0.0875,-0.0741,0.7334
independent_20260430_203326,trial_001,subject_001,1777552410.6842775,1777552410.6842775,275202.2938877,11,L_Tibia,214,1,1.8423,8.9387,-6.1154,-209.7168,-6.8359,-33.2031,110.2588,-1.1536,-51.5314,0.7413,0.3514,-0.2559,0.5113
independent_20260430_203326,trial_001,subject_001,1777552410.6842775,1777552410.6842775,275202.2939798,12,L_Foot,228,1,-0.7561,5.2397,12.9773,-182.4951,28.1372,-10.9863,6.1249,4.9384,-114.4391,-0.0073,0.0682,-0.8375,0.5421
independent_20260430_203326,trial_001,subject_001,1777552410.6842775,1777552410.6842775,275202.2940725,13,R_Femur,224,1,0.7991,9.7091,-1.1867,13.7939,5.9204,0.4272,104.3536,-3.1641,-34.8541,0.7584,0.2203,-0.2044,0.5783
independent_20260430_203326,trial_001,subject_001,1777552410.6852772,1777552410.6852772,275202.2941649,15,R_Foot,111,1,0.6316,0.9283,9.9196,1.9531,-2.1973,-0.3052,4.9164,-3.1036,-175.0232,0.0289,0.0417,-0.9978,0.0422
independent_20260430_203326,trial_001,subject_001,1777552410.6852772,1777552410.6852772,275202.2942553,9,Trunk,211,1,0.7513,9.6517,-0.0479,6.958,-2.7466,4.0283,91.4832,-3.4332,-150.6006,0.2019,0.6871,-0.6802,0.1563
independent_20260430_203326,trial_001,subject_001,1777552410.6852772,1777552410.6852772,275202.2943456,12,L_Foot,229,1,-1.7227,5.1201,11.872,-166.1987,24.4751,-7.6294,3.5706,5.3339,-114.5325,-0.0223,0.0513,-0.8391,0.5411
independent_20260430_203326,trial_001,subject_001,1777552410.6852772,1777552410.6852772,275202.294436,13,R_Femur,225,1,0.6077,9.5512,-1.2824,15.7471,3.1128,0.0,104.5789,-3.1915,-34.7937,0.7597,0.2202,-0.2038,0.5769
independent_20260430_203326,trial_001,subject_001,1777552410.6852772,1777552410.6852772,275202.2945259,14,R_Tibia,114,1,1.158,9.2162,-2.3304,22.7051,-7.9346,0.0,107.8418,-5.8063,-174.0784,0.0715,0.8045,-0.5895,-0.0105
independent_20260430_203326,trial_001,subject_001,1777552410.6852772,1777552410.6852772,275202.2946157,9,Trunk,212,1,0.9475,9.556,0.0048,7.019,-4.0894,2.6855,91.5765,-3.4827,-150.661,0.2019,0.6877,-0.6798,0.1554
independent_20260430_203326,trial_001,subject_001,1777552410.6852772,1777552410.6852772,275202.2947056,10,L_Femur,205,1,0.5934,9.1779,1.0288,-8.606,-0.6104,5.4932,84.6332,1.4008,-13.3759,0.6675,0.0874,-0.0779,0.7353
independent_20260430_203326,trial_001,subject_001,1777552410.6852772,1777552410.6852772,275202.2947943,11,L_Tibia,215,1,0.7608,9.6564,-4.9383,-196.106,7.0801,-40.8325,104.2273,-0.0824,-51.059,0.7124,0.3397,-0.2652,0.5539
independent_20260430_203326,trial_001,subject_001,1777552410.6852772,1777552410.6852772,275202.2949156,12,L_Foot,230,1,-2.316,4.5938,11.8863,-155.0293,15.3198,-10.6201,1.1975,5.592,-114.6698,-0.0354,0.0351,-0.8405,0.5395
independent_20260430_203326,trial_001,subject_001,1777552410.6932788,1777552410.6932788,275202.302766,13,R_Femur,226,1,0.2823,9.4507,-1.4786,15.7471,-4.5776,1.0376,104.8755,-3.208,-34.8267,0.7612,0.2208,-0.2035,0.5748
independent_20260430_203326,trial_001,subject_001,1777552410.6932788,1777552410.6932788,275202.3029049,15,R_Foot,112,1,0.6364,0.9522,9.9675,1.5259,-1.6479,-0.4883,4.9219,-3.1036,-175.0232,0.0289,0.0417,-0.9978,0.0422
independent_20260430_203326,trial_001,subject_001,1777552410.7625847,1777552410.7625847,275202.3722494,9,Trunk,213,1,1.225,9.5703,0.1196,6.2256,-4.2114,1.5259,91.6974,-3.5266,-150.7489,0.2018,0.6885,-0.6792,0.1544
independent_20260430_203326,trial_001,subject_001,1777552410.7625847,1777552410.7625847,275202.3723833,10,L_Femur,206,1,0.4546,9.2641,1.2154,-7.2632,8.5449,2.1362,84.5233,1.3678,-13.2605,0.667,0.0864,-0.0775,0.736
independent_20260430_203326,trial_001,subject_001,1777552410.7635853,1777552410.7635853,275202.3724923,12,L_Foot,231,1,-3.0434,4.8904,16.7576,-156.4331,16.9678,-17.5781,-1.8347,5.9326,-115.0104,-0.0522,0.0143,-0.8426,0.5357
independent_20260430_203326,trial_001,subject_001,1777552410.7635853,1777552410.7635853,275202.3725971,13,R_Femur,227,1,0.0718,9.0966,-1.8901,22.2168,-14.2212,0.9766,105.1941,-3.186,-34.9969,0.7624,0.2227,-0.2036,0.5724
independent_20260430_203326,trial_001,subject_001,1777552410.7635853,1777552410.7635853,275202.372699,14,R_Tibia,115,1,0.8757,9.3023,-2.7084,21.7896,-7.5684,-0.5493,108.6438,-5.6909,-174.353,0.0689,0.8089,-0.5838,-0.0116
independent_20260430_203326,trial_001,subject_001,1777552410.7635853,1777552410.7635853,275202.3728001,9,Trunk,214,1,1.3781,9.5655,0.2058,4.6387,-3.479,0.6104,91.7633,-3.5486,-150.7983,0.2017,0.689,-0.6789,0.1539
independent_20260430_203326,trial_001,subject_001,1777552410.7635853,1777552410.7635853,275202.3729,10,L_Femur,207,1,0.2058,9.0583,1.3159,-6.5308,9.7656,0.6104,84.4244,1.3678,-13.1067,0.6664,0.0855,-0.0766,0.7367
independent_20260430_203326,trial_001,subject_001,1777552410.7635853,1777552410.7635853,275202.3729977,11,L_Tibia,216,1,-0.0766,9.2688,-4.0913,-178.4668,-12.207,-34.9121,97.6465,1.3019,-50.9161,0.6763,0.3303,-0.2753,0.5981
independent_20260430_203326,trial_001,subject_001,1777552410.7635853,1777552410.7635853,275202.3730949,12,L_Foot,232,1,-3.0386,5.924,15.1067,-164.1846,50.5981,-30.4565,-4.3286,6.5479,-115.4608,-0.0684,-0.0014,-0.8447,0.5308
independent_20260430_203326,trial_001,subject_001,1777552410.7635853,1777552410.7635853,275202.3731924,15,R_Foot,113,1,0.5599,0.8039,9.9818,2.5635,-1.6479,-0.1831,4.9548,-3.1311,-175.0287,0.0291,0.042,-0.9978,0.0421
independent_20260430_203326,trial_001,subject_001,1777552410.7635853,1777552410.7635853,275202.3732902,9,Trunk,215,1,1.3686,9.6134,0.2967,5.3711,-2.3193,-0.7935,91.8457,-3.5486,-150.8478,0.2016,0.6895,-0.6785,0.1535
independent_20260430_203326,trial_001,subject_001,1777552410.7635853,1777552410.7635853,275202.3733878,10,L_Femur,208,1,-0.1148,8.9004,1.3638,0.6714,3.3569,0.061,84.397,1.3733,-12.9913,0.6663,0.0848,-0.0758,0.7369
independent_20260430_203326,trial_001,subject_001,1777552410.7635853,1777552410.7635853,275202.373512,11,L_Tibia,217,1,-0.1436,9.5225,-2.718,-165.5884,-21.6675,-30.7617,94.2682,1.9775,-51.2292,0.6557,0.3274,-0.2826,0.6188
independent_20260430_203326,trial_001,subject_001,1777552410.7635853,1777552410.7635853,275202.3736395,12,L_Foot,233,1,-4.3401,5.613,12.2165,-161.499,49.9878,-53.3447,-6.8555,7.262,-116.2738,-0.0852,-0.0173,-0.8481,0.5227
independent_20260430_203326,trial_001,subject_001,1777552410.7635853,1777552410.7635853,275202.3738243,13,R_Femur,228,1,0.1579,9.6325,-2.115,24.292,-23.5596,-1.77,106.1334,-2.9498,-35.7111,0.7653,0.2303,-0.2038,0.5654
independent_20260430_203326,trial_001,subject_001,1777552410.765106,1777552410.765106,275202.3740379,14,R_Tibia,116,1,0.713,9.4794,-2.8615,19.7754,-10.9863,-0.6104,109.281,-5.5756,-174.5728,0.0667,0.8123,-0.5792,-0.0123
independent_20260430_203326,trial_001,subject_001,1777552410.765106,1777552410.765106,275202.3741671,9,Trunk,216,1,1.2298,9.7091,0.2488,4.9438,-2.2583,-1.4038,91.9116,-3.5321,-150.8807,0.2014,0.69,-0.6781,0.1532
independent_20260430_203326,trial_001,subject_001,1777552410.765106,1777552410.765106,275202.3742941,10,L_Femur,209,1,-0.2297,9.1109,1.3925,2.3193,-0.9766,-2.1973,84.386,1.3788,-13.0188,0.6662,0.085,-0.076,0.737
independent_20260430_203326,trial_001,subject_001,1777552410.765106,1777552410.765106,275202.3744199,11,L_Tibia,218,1,-0.3015,9.0822,-1.9619,-153.6255,-29.9683,-28.1372,91.9171,2.439,-51.6357,0.6405,0.3263,-0.2889,0.6323
independent_20260430_203326,trial_001,subject_001,1777552410.765106,1777552410.765106,275202.3745468,12,L_Foot,234,1,-4.0195,5.0866,10.3694,-137.7563,20.813,-80.6885,-9.9316,7.608,-117.8339,-0.1012,-0.0398,-0.8543,0.5083
independent_20260430_203326,trial_001,subject_001,1777552410.765106,1777552410.765106,275202.3746748,13,R_Femur,229,1,0.7273,9.3358,-2.3064,28.0151,-22.583,-1.0376,106.5454,-2.8455,-36.0242,0.7666,0.2336,-0.2038,0.5624
independent_20260430_203326,trial_001,subject_001,1777552410.822666,1777552410.822666,275202.4323083,9,Trunk,217,1,1.0862,9.6373,0.1723,4.1504,-2.5635,-2.0142,91.9611,-3.5101,-150.9192,0.2011,0.6904,-0.6779,0.1531
independent_20260430_203326,trial_001,subject_001,1777552410.822666,1777552410.822666,275202.4325019,10,L_Femur,210,1,-0.3972,9.2641,1.5695,0.6714,-0.5493,-4.7607,84.4025,1.4392,-13.0298,0.6663,0.0855,-0.0757,0.7369
independent_20260430_203326,trial_001,subject_001,1777552410.8236685,1777552410.8236685,275202.432677,11,L_Tibia,219,1,-0.5072,9.0344,-1.4882,-142.1509,-42.9077,-22.0337,89.7253,2.807,-52.229,0.6256,0.326,-0.2964,0.6439
independent_20260430_203326,trial_001,subject_001,1777552410.8236685,1777552410.8236685,275202.4328535,12,L_Foot,235,1,-1.9571,5.0914,9.1444,-120.4834,17.2119,-87.0972,-11.9586,7.619,-119.1687,-0.1096,-0.0562,-0.8593,0.4964
independent_20260430_203326,trial_001,subject_001,1777552410.8236685,1777552410.8236685,275202.4330293,14,R_Tibia,117,1,1.1819,9.0535,-3.1869,17.8223,-3.9062,-1.8311,109.9347,-5.4492,-174.754,0.0647,0.8158,-0.5746,-0.0126
independent_20260430_203326,trial_001,subject_001,1777552410.8236685,1777552410.8236685,275202.4332047,9,Trunk,218,1,0.9475,9.3789,0.1627,3.7842,-3.1128,-2.1362,92.027,-3.4772,-150.9741,0.2006,0.6909,-0.6775,0.1528
independent_20260430_203326,trial_001,subject_001,1777552410.8236685,1777552410.8236685,275202.433377,10,L_Femur,211,1,-0.89,9.3646,1.9284,-1.2207,-5.188,-7.2632,84.3805,1.5656,-13.1012,0.666,0.0867,-0.0754,0.7371
independent_20260430_203326,trial_001,subject_001,1777552410.8246655,1777552410.8246655,275202.4335541,12,L_Foot,236,1,-0.3445,4.8809,7.7902,-92.5903,18.9819,-83.1909,-14.1943,7.6135,-120.932,-0.1181,-0.0748,-0.8655,0.4809
independent_20260430_203326,trial_001,subject_001,1777552410.8246655,1777552410.8246655,275202.4337458,13,R_Femur,230,1,1.6748,9.0679,-2.383,35.7666,-7.9346,-3.479,107.7319,-2.6532,-36.4636,0.7712,0.2396,-0.2022,0.5541
independent_20260430_203326,trial_001,subject_001,1777552410.8246655,1777552410.8246655,275202.4339031,15,R_Foot,114,1,0.6316,0.9714,9.9292,0.7935,-0.8545,-0.5493,5.0482,-3.197,-175.0507,0.0297,0.0428,-0.9978,0.0419
independent_20260430_203326,trial_001,subject_001,1777552410.8246655,1777552410.8246655,275202.4340326,9,Trunk,219,1,0.9235,9.2976,0.268,2.9907,-2.8687,-2.2583,92.0654,-3.4497,-151.0181,0.2002,0.6913,-0.6773,0.1527
independent_20260430_203326,trial_001,subject_001,1777552410.8246655,1777552410.8246655,275202.434144,10,L_Femur,212,1,-1.2154,9.4555,2.0911,-2.1973,-13.4888,-8.2397,84.342,1.6644,-13.2825,0.6655,0.0883,-0.076,0.7372
independent_20260430_203326,trial_001,subject_001,1777552410.8246655,1777552410.8246655,275202.4342414,11,L_Tibia,220,1,-0.1244,8.5606,-0.201,-104.7974,-57.312,-10.1929,85.4297,3.219,-54.1516,0.5944,0.327,-0.3173,0.6626
independent_20260430_203326,trial_001,subject_001,1777552410.8246655,1777552410.8246655,275202.4343846,12,L_Foot,237,1,-0.2345,4.6847,6.8093,-66.5283,4.2114,-76.5381,-15.4138,7.4268,-122.1075,-0.1209,-0.086,-0.8696,0.471
independent_20260430_203326,trial_001,subject_001,1777552410.825669,1777552410.825669,275202.4345463,13,R_Femur,231,1,1.4021,9.1109,-2.5026,37.7808,-4.2725,-5.8594,108.2867,-2.5653,-36.5021,0.7736,0.2413,-0.2006,0.5505
independent_20260430_203326,trial_001,subject_001,1777552410.825669,1777552410.825669,275202.4347024,14,R_Tibia,118,1,0.8087,9.1253,-3.0242,17.8833,-5.3711,-2.0752,110.5774,-5.3119,-174.8914,0.063,0.8192,-0.57,-0.0127
independent_20260430_203326,trial_001,subject_001,1777552410.825669,1777552410.825669,275202.4348627,9,Trunk,220,1,0.9092,9.3789,0.335,1.8311,-3.479,-2.3193,92.049,-3.4717,-151.04,0.2002,0.6912,-0.6774,0.1524
independent_20260430_203326,trial_001,subject_001,1777552410.825669,1777552410.825669,275202.4350327,10,L_Femur,213,1,-1.2202,9.4315,2.2442,-3.479,-21.4233,-6.2866,84.2706,1.7633,-13.6725,0.6647,0.0912,-0.078,0.7374
independent_20260430_203326,trial_001,subject_001,1777552410.825669,1777552410.825669,275202.4351765,11,L_Tibia,221,1,0.2058,8.3597,0.4067,-87.2192,-49.8047,-9.8267,84.0289,3.3014,-54.9371,0.5837,0.3276,-0.3255,0.6678
independent_20260430_203326,trial_001,subject_001,1777552410.825669,1777552410.825669,275202.4352937,12,L_Foot,238,1,0.1866,4.9479,7.7711,-46.6919,-15.7471,-66.8335,-16.2708,6.9763,-123.0634,-0.1203,-0.0955,-0.8727,0.4634
independent_20260430_203326,trial_001,subject_001,1777552410.825669,1777552410.825669,275202.4354145,13,R_Femur,232,1,0.6221,9.1923,-2.5553,37.5366,-1.2207,-7.9956,109.0448,-2.428,-36.4801,0.7771,0.2432,-0.198,0.5457
independent_20260430_203326,trial_001,subject_001,1777552410.8266675,1777552410.8266675,275202.4355268,15,R_Foot,115,1,0.6221,0.957,9.9101,0.3052,-0.7935,-0.4883,5.0427,-3.2245,-175.0616,0.03,0.0427,-0.9978,0.0418
independent_20260430_203326,trial_001,subject_001,1777552410.8266675,1777552410.8266675,275202.4356565,9,Trunk,221,1,0.9283,9.5272,0.4307,2.0142,-5.7373,-3.479,92.0709,-3.4167,-151.1389,0.1993,0.6916,-0.6774,0.1521
independent_20260430_203326,trial_001,subject_001,1777552410.8266675,1777552410.8266675,275202.4357724,10,L_Femur,214,1,-0.9427,9.3933,2.4213,-6.2866,-25.6348,-4.2114,84.1718,1.7963,-14.046,0.6637,0.0935,-0.0803,0.7378
independent_20260430_203326,trial_001,subject_001,1777552410.8266675,1777552410.8266675,275202.4359205,11,L_Tibia,222,1,0.6843,7.6658,-0.0431,-61.4624,-43.5791,-10.1929,82.6007,3.4058,-55.871,0.5724,0.3288,-0.3345,0.6726
independent_20260430_203326,trial_001,subject_001,1777552410.8266675,1777552410.8266675,275202.4360387,13,R_Femur,233,1,0.3876,9.2593,-2.4069,35.4004,-2.6245,-7.7515,109.5721,-2.3126,-36.4636,0.7795,0.2445,-0.196,0.5424
independent_20260430_203326,trial_001,subject_001,1777552410.8266675,1777552410.8266675,275202.4361518,14,R_Tibia,119,1,1.1102,9.1301,-2.9668,19.8364,-7.1411,-2.7466,111.264,-5.1196,-175.0946,0.0605,0.8228,-0.565,-0.0127
independent_20260430_203326,trial_001,subject_001,1777552410.8266675,1777552410.8266675,275202.4362743,9,Trunk,222,1,0.9379,9.5799,0.4402,1.77,-6.5308,-4.5166,92.0929,-3.3563,-151.2323,0.1984,0.692,-0.6773,0.1519
independent_20260430_203326,trial_001,subject_001,1777552410.8266675,1777552410.8266675,275202.4363724,10,L_Femur,215,1,-0.6795,9.3837,2.6031,-8.9111,-30.1514,-1.5869,84.0289,1.7798,-14.48,0.6624,0.0958,-0.0833,0.7383
independent_20260430_203326,trial_001,subject_001,1777552410.8266675,1777552410.8266675,275202.4364657,11,L_Tibia,223,1,0.9283,7.4792,0.335,-41.0767,-28.5034,-11.4746,81.8921,3.5101,-56.3654,0.5665,0.3298,-0.3389,0.6749
independent_20260430_203326,trial_001,subject_001,1777552410.8276672,1777552410.8276672,275202.4365575,12,L_Foot,239,1,1.9476,4.9526,8.2113,-34.4849,-8.1177,-27.832,-17.7759,6.0425,-124.4037,-0.118,-0.1122,-0.8766,0.4529
independent_20260430_203326,trial_001,subject_001,1777552410.8276672,1777552410.8276672,275202.4366485,13,R_Femur,234,1,0.335,9.2784,-2.2777,37.9639,-4.0894,-6.3477,110.127,-2.2137,-36.4801,0.7819,0.246,-0.1943,0.5388
independent_20260430_203326,trial_001,subject_001,1777552410.8276672,1777552410.8276672,275202.436756,15,R_Foot,116,1,0.6364,1.0001,9.8479,1.2817,-0.9155,-0.7324,5.0592,-3.252,-175.0836,0.0302,0.0429,-0.9978,0.0416
independent_20260430_203326,trial_001,subject_001,1777552410.9024882,1777552410.9024882,275202.5122982,9,Trunk,223,1,0.847,9.5607,0.4498,0.6714,-7.8735,-5.6763,92.0984,-3.252,-151.3751,0.197,0.6924,-0.6773,0.1517
independent_20260430_203326,trial_001,subject_001,1777552410.9024882,1777552410.9024882,275202.5124284,10,L_Femur,216,1,-0.335,9.3167,2.6749,-11.9019,-34.729,-0.7324,83.7817,1.7194,-15.1447,0.6603,0.0991,-0.0882,0.7392
independent_20260430_203326,trial_001,subject_001,1777552410.9024882,1777552410.9024882,275202.5125373,11,L_Tibia,224,1,0.8853,7.3835,0.0479,-10.8643,-7.5073,-12.085,81.4966,3.7244,-56.662,0.5626,0.3313,-0.3407,0.6766
independent_20260430_203326,trial_001,subject_001,1777552410.9024882,1777552410.9024882,275202.5126403,12,L_Foot,240,1,1.8614,5.0483,8.5319,-30.8838,7.8125,-8.4229,-18.2538,6.0535,-124.6069,-0.1198,-0.116,-0.8769,0.4508
independent_20260430_203326,trial_001,subject_001,1777552410.9024882,1777552410.9024882,275202.5127637,13,R_Femur,235,1,0.1244,9.4459,-2.182,40.7104,-3.418,-4.5166,110.9235,-2.1094,-36.4966,0.7855,0.248,-0.1919,0.5336
independent_20260430_203326,trial_001,subject_001,1777552410.9327497,1777552410.9327497,275202.5421935,14,R_Tibia,120,1,0.7273,9.2593,-2.7802,21.8506,-5.6763,-4.4556,111.8958,-4.9384,-175.1715,0.059,0.826,-0.5604,-0.0121
independent_20260430_203326,trial_001,subject_001,1777552410.9327497,1777552410.9327497,275202.5423189,9,Trunk,224,1,0.7226,9.5799,0.5264,0.8545,-10.6812,-6.1646,92.1094,-3.1641,-151.5234,0.1956,0.6929,-0.6773,0.1514
independent_20260430_203326,trial_001,subject_001,1777552410.9327497,1777552410.9327497,275202.5424269,10,L_Femur,217,1,-0.1388,9.0439,2.5409,-8.3618,-34.9731,-2.3193,83.6224,1.6919,-15.661,0.6589,0.1017,-0.0918,0.7397
independent_20260430_203326,trial_001,subject_001,1777552410.9327497,1777552410.9327497,275202.5425305,11,L_Tibia,225,1,0.335,7.6945,-0.2393,7.1411,2.2583,-11.0474,81.557,3.9001,-56.673,0.5623,0.3325,-0.3397,0.6767
independent_20260430_203326,trial_001,subject_001,1777552410.9337547,1777552410.9337547,275202.542632,12,L_Foot,241,1,1.0145,4.2875,6.3738,-14.4653,14.6484,11.7188,-18.6328,6.3611,-124.563,-0.1236,-0.1176,-0.8764,0.4503
independent_20260430_203326,trial_001,subject_001,1777552410.9337547,1777552410.9337547,275202.5427313,13,R_Femur,236,1,-0.0335,9.5081,-2.1533,38.8794,-7.6904,-2.9297,111.5112,-2.038,-36.568,0.7879,0.2498,-0.1905,0.5296
independent_20260430_203326,trial_001,subject_001,1777552410.9337547,1777552410.9337547,275202.542829,15,R_Foot,117,1,0.5503,0.9188,9.9388,3.6621,-1.3428,-0.5493,5.1526,-3.2959,-175.1056,0.0306,0.0437,-0.9977,0.0413
independent_20260430_203326,trial_001,subject_001,1777552410.9337547,1777552410.9337547,275202.5429263,9,Trunk,225,1,0.6269,9.733,0.6221,0.1831,-13.3667,-6.8359,92.1094,-3.0652,-151.7102,0.1939,0.6934,-0.6774,0.1509
independent_20260430_203326,trial_001,subject_001,1777552410.9337547,1777552410.9337547,275202.543023,10,L_Femur,218,1,0.0287,8.7616,2.1103,-0.6104,-32.3486,-5.0049,83.573,1.7029,-16.1554,0.6581,0.1046,-0.095,0.7395
independent_20260430_203326,trial_001,subject_001,1777552410.9337547,1777552410.9337547,275202.5431199,11,L_Tibia,226,1,-0.1914,7.8812,-0.2345,20.6299,2.2583,-9.3384,81.8317,4.0594,-56.6565,0.5635,0.3342,-0.3379,0.6758
independent_20260430_203326,trial_001,subject_001,1777552410.9337547,1777552410.9337547,275202.5432176,12,L_Foot,242,1,-0.1005,3.8281,5.6704,9.9487,10.8032,15.7471,-18.5284,6.6138,-124.4092,-0.1253,-0.1156,-0.876,0.4513
independent_20260430_203326,trial_001,subject_001,1777552410.9337547,1777552410.9337547,275202.5433141,13,R_Femur,237,1,-0.1914,9.4268,-1.9906,36.8042,-18.4937,-2.6245,112.2583,-1.8896,-36.8317,0.7906,0.2535,-0.189,0.5244
independent_20260430_203326,trial_001,subject_001,1777552410.9337547,1777552410.9337547,275202.5434702,14,R_Tibia,121,1,0.7752,9.2066,-2.7371,27.71,-12.3901,-4.7607,112.8076,-4.6472,-175.4352,0.0556,0.8307,-0.5538,-0.0117
independent_20260430_203326,trial_001,subject_001,1777552410.9925122,1777552410.9925122,275202.6023596,9,Trunk,226,1,0.6125,9.7713,0.6843,-3.1128,-16.3574,-8.5449,92.0654,-2.9059,-152.0178,0.191,0.6939,-0.6778,0.1501
independent_20260430_203326,trial_001,subject_001,1777552410.9935112,1777552410.9935112,275202.6024934,10,L_Femur,219,1,0.1818,8.5654,1.536,8.9111,-20.2026,-7.8125,83.6884,1.7853,-16.6388,0.6583,0.108,-0.0975,0.7385
independent_20260430_203326,trial_001,subject_001,1777552410.9935112,1777552410.9935112,275202.6026022,11,L_Tibia,227,1,-0.4642,7.8477,-0.2488,37.9639,-2.6245,-6.3477,82.5073,4.2078,-56.6949,0.5668,0.3372,-0.3354,0.6727
independent_20260430_203326,trial_001,subject_001,1777552410.9935112,1777552410.9935112,275202.6027053,12,L_Foot,243,1,-1.7083,3.7229,7.1395,30.2124,-7.1411,9.2163,-17.9736,6.6687,-124.1949,-0.1237,-0.1109,-0.8757,0.4534
independent_20260430_203326,trial_001,subject_001,1777552410.9935112,1777552410.9935112,275202.6028098,13,R_Femur,238,1,-0.0861,9.3454,-1.8949,35.2783,-25.6958,-2.5635,112.7966,-1.7249,-37.1448,0.7921,0.2574,-0.1881,0.5205
independent_20260430_203326,trial_001,subject_001,1777552410.9935112,1777552410.9935112,275202.6029098,15,R_Foot,118,1,0.6843,0.9857,9.9053,5.7983,-1.0986,-0.9155,5.2515,-3.3179,-175.1221,0.0308,0.0445,-0.9977,0.0412
independent_20260430_203326,trial_001,subject_001,1777552410.9935112,1777552410.9935112,275202.6030099,9,Trunk,227,1,0.6269,9.6277,0.7513,-4.2114,-19.165,-9.5825,92.005,-2.7631,-152.287,0.1885,0.6942,-0.6784,0.1495
independent_20260430_203326,trial_001,subject_001,1777552410.9935112,1777552410.9935112,275202.6031085,10,L_Femur,220,1,0.2297,8.5319,1.3303,13.855,-9.2773,-10.6812,83.8696,1.9171,-16.8201,0.6592,0.11,-0.0977,0.7374
independent_20260430_203326,trial_001,subject_001,1777552410.9935112,1777552410.9935112,275202.6032056,11,L_Tibia,228,1,-0.7417,7.8381,-0.5886,52.6123,-14.2212,-3.6011,83.2379,4.2572,-56.8762,0.5704,0.3405,-0.3341,0.6687
independent_20260430_203326,trial_001,subject_001,1777552410.9935112,1777552410.9935112,275202.6033026,12,L_Foot,244,1,-5.2302,1.1149,6.0532,83.1909,-101.2573,-0.061,-16.9519,5.6689,-123.9038,-0.1124,-0.1069,-0.8753,0.4581
independent_20260430_203326,trial_001,subject_001,1777552410.9945116,1777552410.9945116,275202.6033998,13,R_Femur,239,1,0.1771,9.3885,-2.005,34.668,-28.6865,-2.1362,113.324,-1.5381,-37.5238,0.7934,0.2617,-0.1874,0.5167
independent_20260430_203326,trial_001,subject_001,1777552410.9945116,1777552410.9945116,275202.6034974,14,R_Tibia,122,1,0.8996,9.1109,-2.6031,34.4238,-15.625,-6.5918,113.9447,-4.2517,-175.8032,0.0509,0.8365,-0.5454,-0.0111
independent_20260430_203326,trial_001,subject_001,1777552410.9945116,1777552410.9945116,275202.6035949,9,Trunk,228,1,0.6364,9.6134,0.8709,-4.8828,-21.6675,-10.3149,91.9336,-2.6038,-152.6001,0.1856,0.6946,-0.679,0.1487
independent_20260430_203326,trial_001,subject_001,1777552410.9945116,1777552410.9945116,275202.6036923,10,L_Femur,221,1,0.1771,8.977,1.0336,16.4185,0.0,-14.1602,84.1882,2.1753,-16.886,0.6609,0.1123,-0.0963,0.7357
independent_20260430_203326,trial_001,subject_001,1777552410.9945116,1777552410.9945116,275202.6038028,11,L_Tibia,229,1,-0.7513,8.374,-0.6795,63.8428,-23.4985,-2.3193,84.1443,4.2682,-57.1948,0.5747,0.3448,-0.3331,0.6632
independent_20260430_203326,trial_001,subject_001,1777552410.9945116,1777552410.9945116,275202.6039001,12,L_Foot,245,1,-1.0958,-5.8427,6.7088,68.3594,-101.1353,8.606,-15.8588,4.2682,-123.3984,-0.0978,-0.1039,-0.8739,0.4647
independent_20260430_203326,trial_001,subject_001,1777552410.9945116,1777552410.9945116,275202.604037,13,R_Femur,240,1,0.3685,9.465,-2.4213,30.9448,-30.9448,-0.1221,113.9722,-1.2964,-38.0621,0.7947,0.2676,-0.1866,0.5119
independent_20260430_203326,trial_001,subject_001,1777552410.9945116,1777552410.9945116,275202.6041995,15,R_Foot,119,1,0.6221,1.0719,9.9005,8.8501,-1.4038,-1.3428,5.5151,-3.3563,-175.166,0.0313,0.0468,-0.9976,0.0407
independent_20260430_203326,trial_001,subject_001,1777552410.9955132,1777552410.9955132,275202.6043628,10,L_Femur,222,1,0.0813,9.221,0.7273,21.9727,11.3525,-16.1743,84.4958,2.4225,-16.7706,0.6627,0.1135,-0.0939,0.7342
independent_20260430_203326,trial_001,subject_001,1777552410.9955132,1777552410.9955132,275202.6045402,11,L_Tibia,230,1,-0.7321,9.2497,-0.2201,65.0635,-33.3862,-2.2583,85.4187,4.2572,-57.832,0.5801,0.3516,-0.333,0.6549
independent_20260430_203326,trial_001,subject_001,1777552410.9955132,1777552410.9955132,275202.6047039,12,L_Foot,246,1,5.0196,-3.0194,7.3165,103.7598,-19.4702,8.667,-13.7604,3.1641,-122.8931,-0.0813,-0.0921,-0.8733,0.4715
independent_20260430_203326,trial_001,subject_001,1777552410.9955132,1777552410.9955132,275202.604869,13,R_Femur,241,1,0.445,9.2736,-2.5936,28.8086,-32.2876,0.1221,114.4116,-1.1151,-38.4961,0.7953,0.2721,-0.1863,0.5086
independent_20260430_203326,trial_001,subject_001,1777552410.9955132,1777552410.9955132,275202.6050318,14,R_Tibia,123,1,0.7704,9.1396,-3.1773,40.8936,-19.4092,-9.3384,115.318,-3.7244,-176.2207,0.0452,0.8434,-0.5353,-0.0098
independent_20260430_203326,trial_001,subject_001,1777552410.9955132,1777552410.9955132,275202.6051628,9,Trunk,229,1,1.0192,9.8957,1.0288,-9.3384,-21.8506,-9.2773,91.6644,-2.2522,-153.3472,0.1786,0.6947,-0.6811,0.1469
independent_20260430_203326,trial_001,subject_001,1777552410.9955132,1777552410.9955132,275202.6052945,10,L_Femur,223,1,0.3158,9.1636,0.5599,29.8462,11.2915,-18.2495,84.9243,2.7026,-16.6113,0.6653,0.1147,-0.0908,0.7321
independent_20260430_203326,trial_001,subject_001,1777552411.022542,1777552411.022542,275202.6320532,11,L_Tibia,231,1,0.1053,10.2881,0.6077,56.2744,-34.2407,-3.6011,86.2537,4.2737,-58.3484,0.5832,0.3568,-0.3333,0.6492
independent_20260430_203326,trial_001,subject_001,1777552411.022542,1777552411.022542,275202.6321838,12,L_Foot,247,1,-4.6177,-1.1532,8.2592,105.7129,-40.7715,-5.0049,-12.1729,2.7905,-122.8546,-0.072,-0.0815,-0.8742,0.4732
independent_20260430_203326,trial_001,subject_001,1777552411.022542,1777552411.022542,275202.6322969,13,R_Femur,242,1,0.6364,9.2066,-2.6223,29.4189,-30.7617,-0.7935,114.8456,-0.9283,-38.9191,0.796,0.2766,-0.1858,0.5054
independent_20260430_203326,trial_001,subject_001,1777552411.023541,1777552411.023541,275202.6324064,15,R_Foot,120,1,0.6556,0.9427,9.7761,10.8032,-1.0986,-0.9155,5.8392,-3.3728,-175.1935,0.0315,0.0496,-0.9975,0.0404
independent_20260430_203326,trial_001,subject_001,1777552411.023541,1777552411.023541,275202.6325088,9,Trunk,230,1,0.9953,9.9053,1.0671,-7.6904,-23.7427,-6.8359,91.4886,-2.0984,-153.8086,0.1747,0.6946,-0.6826,0.1453
independent_20260430_203326,trial_001,subject_001,1777552411.023541,1777552411.023541,275202.63261,10,L_Femur,224,1,0.9475,9.4411,0.4067,46.936,13.1836,-14.2822,85.7703,3.0432,-16.3916,0.6706,0.1162,-0.0865,0.7276
independent_20260430_203326,trial_001,subject_001,1777552411.023541,1777552411.023541,275202.6327326,12,L_Foot,248,1,-1.9954,-3.4692,10.4699,135.437,-88.4399,-6.0425,-10.2063,1.3568,-122.6459,-0.053,-0.0724,-0.8743,0.477
independent_20260430_203326,trial_001,subject_001,1777552411.023541,1777552411.023541,275202.6328848,13,R_Femur,243,1,1.0575,9.4698,-2.6127,24.5972,-27.2827,-2.3804,115.3619,-0.6702,-39.408,0.7966,0.282,-0.1849,0.5017
independent_20260430_203326,trial_001,subject_001,1777552411.023541,1777552411.023541,275202.633039,14,R_Tibia,124,1,1.1819,9.1875,-3.1247,45.6543,-18.9209,-13.7939,116.6638,-3.1366,-176.5833,0.0397,0.85,-0.5253,-0.0076
independent_20260430_203326,trial_001,subject_001,1777552411.023541,1777552411.023541,275202.6331913,9,Trunk,231,1,0.9857,10.1206,0.9283,-3.1128,-23.7427,-4.2725,91.4282,-2.027,-154.1602,0.1721,0.6949,-0.6833,0.1438
independent_20260430_203326,trial_001,subject_001,1777552411.023541,1777552411.023541,275202.6333449,10,L_Femur,225,1,1.1963,10.9054,0.2536,51.3916,12.6343,-9.3994,86.5448,3.208,-16.1938,0.6755,0.1167,-0.0835,0.7233
independent_20260430_203326,trial_001,subject_001,1777552411.0832477,1777552411.0832477,275202.6924717,11,L_Tibia,232,1,2.6893,13.9535,6.3882,-8.1787,17.0898,-21.8506,86.8414,4.8615,-58.3868,0.5845,0.3619,-0.3285,0.6477
independent_20260430_203326,trial_001,subject_001,1777552411.0832477,1777552411.0832477,275202.692642,12,L_Foot,249,1,1.2011,-1.7992,11.5418,122.4365,-60.2417,-6.958,-7.9047,0.6866,-122.8217,-0.0382,-0.0577,-0.8762,0.477
independent_20260430_203326,trial_001,subject_001,1777552411.0832477,1777552411.0832477,275202.6927508,13,R_Femur,244,1,1.5169,9.6995,-2.584,22.3999,-24.5972,-4.0894,115.708,-0.4669,-39.7156,0.7971,0.2856,-0.184,0.4993
independent_20260430_203326,trial_001,subject_001,1777552411.0832477,1777552411.0832477,275202.6928504,15,R_Foot,121,1,0.7034,0.7465,10.0775,14.4043,-0.6104,-1.8921,6.2677,-3.3893,-175.2374,0.0318,0.0534,-0.9973,0.0399
independent_20260430_203326,trial_001,subject_001,1777552411.0832477,1777552411.0832477,275202.6929459,9,Trunk,232,1,1.1628,10.4125,0.4785,2.1362,-20.6909,-2.8076,91.4392,-1.9775,-154.4788,0.1699,0.6955,-0.6836,0.1421
independent_20260430_203326,trial_001,subject_001,1777552411.0832477,1777552411.0832477,275202.6930737,10,L_Femur,226,1,1.0623,13.0013,1.1963,26.123,-14.4653,-7.5684,87.0282,3.3179,-16.3147,0.6783,0.1184,-0.0831,0.7204
independent_20260430_203326,trial_001,subject_001,1777552411.0842535,1777552411.0842535,275202.693181,11,L_Tibia,233,1,2.3208,10.5034,4.2109,9.5215,19.7754,-18.1274,86.9403,5.1691,-58.1067,0.5849,0.3624,-0.325,0.6488
independent_20260430_203326,trial_001,subject_001,1777552411.0842535,1777552411.0842535,275202.693277,12,L_Foot,250,1,6.6609,0.3158,9.8,112.4268,5.3711,1.2207,-6.1304,0.4724,-122.7942,-0.0292,-0.045,-0.8768,0.4779
independent_20260430_203326,trial_001,subject_001,1777552411.0842535,1777552411.0842535,275202.6933701,13,R_Femur,245,1,1.9571,10.3934,-2.8807,16.0522,-18.6768,-3.8452,116.0706,-0.2307,-40.0507,0.7974,0.2895,-0.1829,0.4968
independent_20260430_203326,trial_001,subject_001,1777552411.0842535,1777552411.0842535,275202.6934634,14,R_Tibia,125,1,1.0384,9.9292,-3.4022,52.124,-15.686,-19.8975,118.4161,-2.2906,-176.8085,0.0341,0.8582,-0.5121,-0.0029
independent_20260430_203326,trial_001,subject_001,1777552411.0842535,1777552411.0842535,275202.6935572,10,L_Femur,227,1,-0.9666,15.0828,5.5221,-56.4575,-81.604,-6.2866,86.3361,3.3728,-17.5671,0.6725,0.1256,-0.0914,0.7236
independent_20260430_203326,trial_001,subject_001,1777552411.0842535,1777552411.0842535,275202.6936474,11,L_Tibia,234,1,1.3255,9.3358,0.8278,41.8091,-12.6953,-7.8125,87.6105,5.3888,-58.1561,0.5878,0.3657,-0.3219,0.6459
independent_20260430_203326,trial_001,subject_001,1777552411.0842535,1777552411.0842535,275202.693736,12,L_Foot,251,1,2.2107,1.426,11.6088,104.9194,35.5225,7.9346,-3.9386,0.9998,-122.6569,-0.0241,-0.026,-0.877,0.4792
independent_20260430_203326,trial_001,subject_001,1777552411.0842535,1777552411.0842535,275202.6938251,13,R_Femur,246,1,2.0385,10.202,-3.1247,15.9302,-8.3618,-3.9062,116.3013,-0.1208,-40.166,0.798,0.2912,-0.182,0.4953
independent_20260430_203326,trial_001,subject_001,1777552411.0842535,1777552411.0842535,275202.6939145,15,R_Foot,122,1,0.8135,0.8996,9.9771,19.3481,-0.4883,-0.9155,6.795,-3.4003,-175.2759,0.032,0.058,-0.997,0.0394
independent_20260430_203326,trial_001,subject_001,1777552411.0842535,1777552411.0842535,275202.6940282,12,L_Foot,252,1,-2.2538,0.6747,13.743,87.4023,42.1753,10.498,-2.6038,1.6974,-122.5525,-0.0239,-0.0128,-0.8768,0.4801
independent_20260430_203326,trial_001,subject_001,1777552411.0852528,1777552411.0852528,275202.6941797,13,R_Femur,247,1,1.9045,10.0536,-3.3353,14.8926,2.3804,-5.0659,116.521,-0.0714,-40.1221,0.799,0.2914,-0.1809,0.494
independent_20260430_203326,trial_001,subject_001,1777552411.0852528,1777552411.0852528,275202.6942739,14,R_Tibia,126,1,0.5551,9.7474,-3.3209,56.7017,-4.3335,-26.7334,120.3497,-1.4008,-176.6382,0.0315,0.8669,-0.4974,0.004
independent_20260430_203326,trial_001,subject_001,1777552411.0852528,1777552411.0852528,275202.6943645,9,Trunk,233,1,1.8088,10.7762,-0.268,-4.2725,-2.3804,3.418,91.3953,-1.9995,-154.9237,0.1672,0.6958,-0.6844,0.1394
independent_20260430_203326,trial_001,subject_001,1777552411.0852528,1777552411.0852528,275202.6944539,11,L_Tibia,235,1,-1.9141,10.3646,1.0479,47.0581,-46.5088,-2.0752,88.9178,5.5042,-59.2383,0.5912,0.3756,-0.3231,0.6364
independent_20260430_203326,trial_001,subject_001,1777552411.0852528,1777552411.0852528,275202.694542,12,L_Foot,253,1,-3.0529,0.8613,13.8626,94.3604,47.8516,9.0332,-1.1591,2.3676,-122.4481,-0.023,0.0011,-0.8764,0.4811
independent_20260430_203326,trial_001,subject_001,1777552411.0857587,1777552411.0857587,275202.6946516,13,R_Femur,248,1,1.3398,10.2115,-3.2108,6.5308,12.7563,-8.2397,116.6968,-0.0439,-39.8694,0.8003,0.29,-0.1792,0.4932
independent_20260430_203326,trial_001,subject_001,1777552411.0857587,1777552411.0857587,275202.6947553,15,R_Foot,123,1,0.713,0.9283,10.0297,26.2451,-2.9297,-0.1221,7.619,-3.4827,-175.2869,0.033,0.0651,-0.9966,0.039
independent_20260430_203326,trial_001,subject_001,1777552411.0857587,1777552411.0857587,275202.6949451,9,Trunk,234,1,1.6509,10.6518,-0.0048,-9.7656,3.54,6.7139,91.2085,-2.1259,-154.8853,0.168,0.6945,-0.6856,0.1391
independent_20260430_203326,trial_001,subject_001,1777552411.0857587,1777552411.0857587,275202.6950934,11,L_Tibia,236,1,-2.852,10.0536,-0.3637,53.3447,-79.895,2.7466,89.7968,5.4657,-60.6335,0.5916,0.385,-0.3281,0.6278
independent_20260430_203326,trial_001,subject_001,1777552411.0857587,1777552411.0857587,275202.6952089,12,L_Foot,254,1,-0.646,2.8472,18.4994,31.3721,32.5317,0.9766,-0.0989,3.1805,-122.3767,-0.0247,0.0126,-0.8759,0.4817
independent_20260430_203326,trial_001,subject_001,1777552411.0857587,1777552411.0857587,275202.6953258,13,R_Femur,249,1,0.8422,10.135,-2.8759,0.1221,13.855,-9.4604,116.7078,-0.0275,-39.6167,0.801,0.2884,-0.178,0.4936
independent_20260430_203326,trial_001,subject_001,1777552411.1027668,1777552411.1027668,275202.7121528,14,R_Tibia,127,1,0.1579,9.5799,-3.4979,66.1011,-6.3477,-31.4331,122.536,-0.4285,-176.2042,0.0308,0.8763,-0.4806,0.0126
independent_20260430_203326,trial_001,subject_001,1777552411.212589,1777552411.212589,275202.8222346,9,Trunk,235,1,1.3446,10.4173,0.1962,-10.1929,2.9907,9.0332,91.0382,-2.2632,-154.8358,0.1689,0.6932,-0.6868,0.1389
independent_20260430_203326,trial_001,subject_001,1777552411.212589,1777552411.212589,275202.8224563,10,L_Femur,228,1,-0.8039,8.5415,-0.6843,26.062,-40.7104,-15.3198,85.5176,3.0597,-20.9564,0.6638,0.1427,-0.1157,0.725
independent_20260430_203326,trial_001,subject_001,1777552411.212589,1777552411.212589,275202.8226494,11,L_Tibia,237,1,-3.5123,9.4698,-2.1198,67.4438,-106.0181,3.7842,90.6262,5.4272,-62.1442,0.5911,0.395,-0.3337,0.619
independent_20260430_203326,trial_001,subject_001,1777552411.212589,1777552411.212589,275202.8227909,12,L_Foot,255,1,-1.7035,0.847,11.939,34.1797,3.9062,0.3662,0.4669,3.2794,-122.3712,-0.0231,0.0174,-0.8758,0.4819
independent_20260430_203326,trial_001,subject_001,1777552411.212589,1777552411.212589,275202.8229189,13,R_Femur,250,1,0.4211,10.0967,-2.5409,-4.2114,8.1787,-9.0942,116.6528,0.0165,-39.4189,0.8012,0.2871,-0.177,0.4944
independent_20260430_203326,trial_001,subject_001,1777552411.2140963,1777552411.2140963,275202.8230449,15,R_Foot,124,1,0.847,1.2441,9.8526,26.6113,-0.1831,-0.5493,8.5638,-3.5486,-175.3033,0.0339,0.0733,-0.996,0.0385
independent_20260430_203326,trial_001,subject_001,1777552411.2140963,1777552411.2140963,275202.8231452,9,Trunk,236,1,0.7321,10.4508,0.2488,-10.1318,-4.5776,9.5215,90.824,-2.4664,-154.8853,0.1695,0.6917,-0.6884,0.1376
independent_20260430_203326,trial_001,subject_001,1777552411.2140963,1777552411.2140963,275202.8232565,10,L_Femur,229,1,-2.6653,9.5655,-1.3159,21.2402,-41.8091,-26.6113,85.9131,3.4827,-21.8024,0.6646,0.1507,-0.118,0.7222
independent_20260430_203326,trial_001,subject_001,1777552411.2140963,1777552411.2140963,275202.8233807,11,L_Tibia,238,1,-2.3017,9.1636,-2.1438,76.2939,-96.9849,-1.5869,91.9336,5.4767,-64.2316,0.5906,0.4099,-0.34,0.6063
independent_20260430_203326,trial_001,subject_001,1777552411.2140963,1777552411.2140963,275202.8235185,12,L_Foot,256,1,-0.8757,0.6412,10.8001,19.165,3.418,1.5869,0.791,3.3783,-122.3547,-0.0225,0.0203,-0.8756,0.4821
independent_20260430_203326,trial_001,subject_001,1777552411.2140963,1777552411.2140963,275202.823676,13,R_Femur,251,1,0.0239,10.3168,-2.8376,-9.3994,-3.6621,-5.6763,116.4825,0.1263,-39.3585,0.8004,0.2869,-0.1764,0.4959
independent_20260430_203326,trial_001,subject_001,1777552411.2140963,1777552411.2140963,275202.8238177,14,R_Tibia,128,1,-0.134,9.6373,-3.4884,74.0967,-22.2778,-32.8369,124.6838,0.6482,-176.0449,0.0279,0.8853,-0.4637,0.021
independent_20260430_203326,trial_001,subject_001,1777552411.2140963,1777552411.2140963,275202.8239388,9,Trunk,237,1,0.5981,10.3216,0.2201,-13.1836,-8.5449,5.9814,90.6262,-2.5708,-155.0006,0.1692,0.6905,-0.6898,0.1366
independent_20260430_203326,trial_001,subject_001,1777552411.2151058,1777552411.2151058,275202.8240616,11,L_Tibia,239,1,1.9093,9.7426,-2.1294,67.0776,-31.0669,-6.4697,92.9114,5.592,-64.9127,0.5929,0.4169,-0.3394,0.5996
independent_20260430_203326,trial_001,subject_001,1777552411.2151058,1777552411.2151058,275202.8241745,12,L_Foot,257,1,-0.9379,0.0766,10.4316,17.5171,2.5635,2.9907,1.1865,3.4607,-122.3053,-0.0215,0.0236,-0.8753,0.4825
independent_20260430_203326,trial_001,subject_001,1777552411.2151058,1777552411.2151058,275202.8242891,13,R_Femur,252,1,-0.2536,10.8192,-2.7754,-19.043,-13.2446,-1.8311,116.2354,0.2252,-39.4958,0.7988,0.2879,-0.1769,0.4977
independent_20260430_203326,trial_001,subject_001,1777552411.2151058,1777552411.2151058,275202.8244061,15,R_Foot,125,1,0.6986,0.1388,10.1158,48.8281,0.9766,-6.4087,9.9316,-3.5156,-175.4297,0.034,0.0852,-0.9951,0.0371
independent_20260430_203326,trial_001,subject_001,1777552411.2531486,1777552411.2531486,275202.8623393,9,Trunk,238,1,0.445,10.1685,0.2345,-13.7329,-13.4888,1.2817,90.4175,-2.6093,-155.1874,0.1681,0.6895,-0.6914,0.1355
independent_20260430_203326,trial_001,subject_001,1777552411.2531486,1777552411.2531486,275202.8624817,10,L_Femur,230,1,0.3637,8.9913,-1.2872,34.79,-18.1274,-28.0151,86.781,4.2957,-22.6318,0.6678,0.1614,-0.1172,0.7171
independent_20260430_203326,trial_001,subject_001,1777552411.2536337,1777552411.2536337,275202.862612,11,L_Tibia,240,1,4.6655,9.7234,-1.9476,64.27,44.6777,-15.0757,93.9276,5.7678,-64.4348,0.5993,0.4182,-0.3323,0.5963
independent_20260430_203326,trial_001,subject_001,1777552411.2536337,1777552411.2536337,275202.8627169,12,L_Foot,258,1,-0.5455,0.4067,10.1397,12.3901,3.1128,2.7466,1.3953,3.5046,-122.2668,-0.0209,0.0254,-0.8751,0.4828
independent_20260430_203326,trial_001,subject_001,1777552411.2536337,1777552411.2536337,275202.8628141,13,R_Femur,253,1,-1.6126,10.245,-2.3687,-34.0576,-5.4932,-5.3101,115.6036,0.3571,-39.6222,0.7956,0.2884,-0.1781,0.5022
independent_20260430_203326,trial_001,subject_001,1777552411.2536337,1777552411.2536337,275202.8629096,14,R_Tibia,129,1,-1.7849,9.7856,-4.3258,79.1016,-45.0439,-25.5127,127.359,2.1588,-176.391,0.0199,0.896,-0.4426,0.0308
independent_20260430_203326,trial_001,subject_001,1777552411.2536337,1777552411.2536337,275202.8630234,10,L_Femur,231,1,2.517,8.5415,-2.0337,47.2412,-7.0801,-21.9116,87.6434,4.7571,-22.8625,0.6722,0.1665,-0.1147,0.7123
independent_20260430_203326,trial_001,subject_001,1777552411.2536337,1777552411.2536337,275202.8631398,11,L_Tibia,241,1,3.0386,9.3071,-2.7754,55.542,64.7583,-26.2451,95.235,6.1469,-63.078,0.6097,0.4166,-0.3183,0.5944
independent_20260430_203326,trial_001,subject_001,1777552411.2536337,1777552411.2536337,275202.8632642,12,L_Foot,259,1,-0.335,0.5024,10.2833,6.958,5.0049,1.709,1.5985,3.6035,-122.2284,-0.0208,0.0274,-0.8749,0.4832
independent_20260430_203326,trial_001,subject_001,1777552411.2536337,1777552411.2536337,275202.8633735,13,R_Femur,254,1,-2.5074,9.9101,-1.8088,-40.7104,2.8076,-8.4229,115.0104,0.4395,-39.5508,0.793,0.2873,-0.1787,0.5066
independent_20260430_203326,trial_001,subject_001,1777552411.2536337,1777552411.2536337,275202.863467,9,Trunk,239,1,0.1483,9.3215,-0.4354,-10.6201,-14.1602,-4.6997,89.967,-2.5269,-155.7257,0.1638,0.6877,-0.6946,0.1334
independent_20260430_203326,trial_001,subject_001,1777552411.254634,1777552411.254634,275202.8635597,10,L_Femur,232,1,2.3734,8.8621,-1.469,44.8608,5.3101,-15.8081,88.3301,5.0153,-22.8186,0.6761,0.1685,-0.1119,0.7085
independent_20260430_203326,trial_001,subject_001,1777552411.254634,1777552411.254634,275202.863651,11,L_Tibia,242,1,-1.2441,9.7139,-1.8088,50.293,21.0571,-20.9351,96.0699,6.4435,-62.5671,0.6149,0.4176,-0.311,0.5923
independent_20260430_203326,trial_001,subject_001,1777552411.254634,1777552411.254634,275202.8637504,12,L_Foot,260,1,-0.2249,0.0813,10.0536,7.8125,7.8125,0.6714,1.7139,3.7079,-122.2119,-0.0211,0.0287,-0.8747,0.4833
independent_20260430_203326,trial_001,subject_001,1777552411.254634,1777552411.254634,275202.8638436,13,R_Femur,255,1,-2.5361,9.7713,-1.0575,-50.5371,-6.1646,-9.0332,114.2743,0.5768,-39.5343,0.7895,0.2866,-0.1795,0.5121
independent_20260430_203326,trial_001,subject_001,1777552411.254634,1777552411.254634,275202.8639335,14,R_Tibia,130,1,-1.6796,8.9195,-3.742,86.3647,-52.6123,-22.8882,130.199,3.9825,-177.2809,0.0069,0.9066,-0.4199,0.0415
independent_20260430_203326,trial_001,subject_001,1777552411.254634,1777552411.254634,275202.8640226,9,Trunk,240,1,0.2632,8.9291,-0.7369,-4.8218,-11.1084,-4.5776,89.8737,-2.4609,-155.896,0.1623,0.6874,-0.6953,0.1329
independent_20260430_203326,trial_001,subject_001,1777552411.254634,1777552411.254634,275202.8641113,10,L_Femur,233,1,0.5646,9.6086,-1.3877,50.415,19.5312,-13.5498,89.3408,5.2844,-22.4835,0.6824,0.1691,-0.1067,0.7031
independent_20260430_203326,trial_001,subject_001,1777552411.254634,1777552411.254634,275202.8641993,11,L_Tibia,243,1,-3.3975,10.5896,-2.5505,38.4521,-50.6592,-10.0098,96.6248,6.6962,-63.078,0.6151,0.4231,-0.3101,0.5887
independent_20260430_203326,trial_001,subject_001,1777552411.254634,1777552411.254634,275202.8642879,12,L_Foot,261,1,-0.3589,0.1818,9.934,8.5449,8.4229,-0.5493,1.8567,3.8397,-122.2174,-0.0215,0.0304,-0.8747,0.4833
independent_20260430_203326,trial_001,subject_001,1777552411.302973,1777552411.302973,275202.9121246,13,R_Femur,256,1,-3.0769,9.8,-1.0432,-62.0728,-39.856,-11.9629,113.0713,0.9998,-39.9957,0.7823,0.2898,-0.1817,0.5206
independent_20260430_203326,trial_001,subject_001,1777552411.302973,1777552411.302973,275202.9122697,15,R_Foot,126,1,0.9714,1.5504,10.0632,81.543,1.709,-11.1084,14.458,-3.175,-175.9296,0.0319,0.1247,-0.9912,0.0317
independent_20260430_203326,trial_001,subject_001,1777552411.302973,1777552411.302973,275202.9123967,10,L_Femur,234,1,-0.0383,9.6325,-1.5743,49.9878,21.2402,-15.5029,90.1208,5.5151,-22.1539,0.6873,0.1692,-0.1021,0.6989
independent_20260430_203326,trial_001,subject_001,1777552411.3036606,1777552411.3036606,275202.912533,11,L_Tibia,244,1,-0.8996,9.4459,-2.6462,35.1562,-79.9561,-8.728,97.1521,7.0642,-64.6271,0.6107,0.4345,-0.314,0.5828
independent_20260430_203326,trial_001,subject_001,1777552411.3036606,1777552411.3036606,275202.9126542,12,L_Foot,262,1,-0.6938,0.5551,10.1254,3.2959,7.5684,-1.0376,1.9666,4.0045,-122.2394,-0.0223,0.0319,-0.8747,0.4831
independent_20260430_203326,trial_001,subject_001,1777552411.3036606,1777552411.3036606,275202.9127695,13,R_Femur,257,1,-3.2539,10.1302,-1.5312,-65.6738,-61.8896,-15.686,112.0715,1.5271,-40.7043,0.775,0.2954,-0.1839,0.5276
independent_20260430_203326,trial_001,subject_001,1777552411.3036606,1777552411.3036606,275202.9128688,14,R_Tibia,131,1,-2.0098,9.5177,-3.9478,100.1587,-66.5894,-11.4746,133.4839,5.7239,-178.396,-0.0069,0.9178,-0.3937,0.0514
independent_20260430_203326,trial_001,subject_001,1777552411.3036606,1777552411.3036606,275202.9129666,9,Trunk,241,1,0.8996,9.3933,-1.3398,1.5259,-5.127,-6.5918,89.8737,-2.2906,-156.1761,0.1596,0.6881,-0.6954,0.1323
independent_20260430_203326,trial_001,subject_001,1777552411.3036606,1777552411.3036606,275202.9130829,10,L_Femur,235,1,-1.0192,9.1636,-1.493,53.7109,20.4468,-16.0522,90.9393,5.7458,-21.8353,0.6924,0.1694,-0.0976,0.6945
independent_20260430_203326,trial_001,subject_001,1777552411.3036606,1777552411.3036606,275202.9132166,11,L_Tibia,245,1,1.0145,9.2066,-2.2012,32.4707,-43.5791,-13.0615,97.5586,7.3499,-65.3687,0.609,0.4409,-0.3145,0.5795
independent_20260430_203326,trial_001,subject_001,1777552411.3036606,1777552411.3036606,275202.9133477,12,L_Foot,263,1,-0.9666,0.2728,10.0201,3.2959,6.0425,-0.4272,2.016,4.1089,-122.2504,-0.0229,0.0327,-0.8747,0.4831
independent_20260430_203326,trial_001,subject_001,1777552411.3036606,1777552411.3036606,275202.9134984,13,R_Femur,258,1,-2.2969,10.6661,-1.8279,-71.5332,-71.4111,-16.6626,110.9894,2.1368,-41.5833,0.7665,0.3023,-0.1867,0.535
independent_20260430_203326,trial_001,subject_001,1777552411.3036606,1777552411.3036606,275202.9136731,15,R_Foot,127,1,0.847,1.6413,10.2689,130.8594,-3.418,-20.9351,18.5284,-3.0377,-176.4899,0.0311,0.1601,-0.9863,0.026
independent_20260430_203326,trial_001,subject_001,1777552411.3036606,1777552411.3036606,275202.9138242,9,Trunk,242,1,0.9762,9.6564,-1.5504,0.2441,-1.4038,-10.2539,89.8737,-2.1204,-156.2201,0.1583,0.6884,-0.6953,0.133
independent_20260430_203326,trial_001,subject_001,1777552411.3036606,1777552411.3036606,275202.9139807,11,L_Tibia,246,1,1.6604,9.6852,-1.0814,32.1655,38.208,-22.7051,98.2397,7.7179,-65.0391,0.6124,0.4427,-0.3081,0.578
independent_20260430_203326,trial_001,subject_001,1777552411.3051696,1777552411.3051696,275202.9141452,12,L_Foot,264,1,-0.9857,0.1388,10.0297,4.1504,5.3101,0.4272,2.0874,4.1913,-122.2449,-0.0232,0.0336,-0.8746,0.4831
independent_20260430_203326,trial_001,subject_001,1777552411.3051696,1777552411.3051696,275202.9143265,13,R_Femur,259,1,0.0287,10.8288,-1.8088,-86.4868,-60.3638,-14.1602,109.2865,2.851,-42.6874,0.7542,0.3102,-0.1916,0.5462
independent_20260430_203326,trial_001,subject_001,1777552411.3051696,1777552411.3051696,275202.914519,14,R_Tibia,132,1,-1.1197,10.0249,-4.5603,108.5205,-85.2051,-7.9956,136.4777,7.5861,-179.8901,-0.0236,0.9267,-0.3699,0.0618
independent_20260430_203326,trial_001,subject_001,1777552411.3051696,1777552411.3051696,275202.9146627,9,Trunk,243,1,0.6938,9.5033,-1.6174,1.0986,0.3662,-12.6343,89.8682,-1.9446,-156.2201,0.1573,0.6886,-0.6951,0.1341
independent_20260430_203326,trial_001,subject_001,1777552411.3051696,1777552411.3051696,275202.9148054,10,L_Femur,236,1,-1.8327,10.2259,-0.6986,39.4897,43.8843,-19.4092,92.6422,6.3116,-20.6378,0.7036,0.1668,-0.0843,0.6855
independent_20260430_203326,trial_001,subject_001,1777552411.3051696,1777552411.3051696,275202.9149513,11,L_Tibia,247,1,-1.2968,10.0584,-0.8518,29.9072,50.354,-22.7661,98.8165,7.9486,-64.2151,0.6177,0.4408,-0.3004,0.5778
independent_20260430_203326,trial_001,subject_001,1777552411.3061779,1777552411.3061779,275202.9150803,12,L_Foot,265,1,-0.981,0.1196,10.0153,3.7842,3.7231,1.2817,2.1808,4.2847,-122.2284,-0.0235,0.0347,-0.8745,0.4833
independent_20260430_203326,trial_001,subject_001,1777552411.3061779,1777552411.3061779,275202.9152092,13,R_Femur,260,1,1.3925,10.8575,-1.8327,-94.9707,-36.8042,-12.146,107.8528,3.219,-43.2147,0.7451,0.3129,-0.1956,0.5556
independent_20260430_203326,trial_001,subject_001,1777552411.3061779,1777552411.3061779,275202.9153395,15,R_Foot,128,1,1.2011,1.7083,11.2068,229.4922,-13.4277,-52.3682,25.2905,-2.7301,-177.8027,0.0274,0.2184,-0.9754,0.0135
independent_20260430_203326,trial_001,subject_001,1777552411.4127886,1777552411.4127886,275203.0220598,9,Trunk,244,1,0.1771,9.5751,-1.6413,4.0894,0.6714,-14.2822,89.9066,-1.7413,-156.2091,0.1561,0.6891,-0.6946,0.1354
independent_20260430_203326,trial_001,subject_001,1777552411.4127886,1777552411.4127886,275203.0222417,10,L_Femur,237,1,-2.7371,9.9962,-0.9714,35.5835,44.0674,-21.3623,93.2629,6.5918,-19.9402,0.708,0.1645,-0.0775,0.6824
independent_20260430_203326,trial_001,subject_001,1777552411.4127886,1777552411.4127886,275203.0223774,11,L_Tibia,248,1,-3.7085,9.8813,-1.3829,27.3438,21.5454,-17.2119,99.2999,8.1628,-63.7482,0.6212,0.4405,-0.295,0.5771
independent_20260430_203326,trial_001,subject_001,1777552411.4127886,1777552411.4127886,275203.0225233,12,L_Foot,266,1,-0.8518,0.3541,10.0919,2.1362,3.1738,1.0986,2.2357,4.3341,-122.2119,-0.0237,0.0353,-0.8744,0.4834
independent_20260430_203326,trial_001,subject_001,1777552411.413792,1777552411.413792,275203.0226487,13,R_Femur,261,1,1.9332,11.1207,-2.6462,-104.5532,-2.3804,-9.4604,105.7983,3.4662,-43.3575,0.7341,0.3114,-0.2003,0.5692
independent_20260430_203326,trial_001,subject_001,1777552411.413792,1777552411.413792,275203.0227772,14,R_Tibia,133,1,1.4451,9.2976,-5.8283,104.0039,-41.1377,-14.0991,140.0812,9.5197,178.9893,0.0366,-0.9364,0.3409,-0.075
independent_20260430_203326,trial_001,subject_001,1777552411.413792,1777552411.413792,275203.0228951,9,Trunk,245,1,-0.2153,9.9148,-1.4643,3.2349,1.4648,-16.9067,89.9615,-1.4282,-156.1871,0.1545,0.6898,-0.6939,0.1373
independent_20260430_203326,trial_001,subject_001,1777552411.413792,1777552411.413792,275203.0230087,10,L_Femur,238,1,-3.297,9.6995,-0.8948,26.5503,30.1514,-13.1836,93.9331,6.8665,-19.2151,0.7126,0.1621,-0.0705,0.679
independent_20260430_203326,trial_001,subject_001,1777552411.413792,1777552411.413792,275203.0231253,12,L_Foot,267,1,-0.7704,0.5024,10.1254,0.7324,3.1738,0.9155,2.2687,4.4055,-122.1954,-0.0241,0.0359,-0.8743,0.4835
independent_20260430_203326,trial_001,subject_001,1777552411.413792,1777552411.413792,275203.0232306,13,R_Femur,262,1,1.5887,11.269,-3.2013,-111.5112,16.7847,-8.606,104.1559,3.5321,-43.1268,0.7263,0.3074,-0.2032,0.5802
independent_20260430_203326,trial_001,subject_001,1777552411.413792,1777552411.413792,275203.0233451,15,R_Foot,129,1,1.0671,2.8807,9.867,310.1807,7.6904,-70.0073,33.9368,-1.582,-179.2859,0.015,0.2917,-0.9564,0.0019
independent_20260430_203326,trial_001,subject_001,1777552411.413792,1777552411.413792,275203.0234636,9,Trunk,246,1,-0.2345,10.0249,-1.1915,2.9907,3.9673,-18.1274,89.989,-1.17,-156.1322,0.1533,0.6902,-0.6933,0.1392
independent_20260430_203326,trial_001,subject_001,1777552411.413792,1777552411.413792,275203.0235595,10,L_Femur,239,1,-3.2443,9.7809,-1.1676,24.4751,17.2729,-6.6528,94.3396,6.9598,-18.902,0.7153,0.1609,-0.0675,0.6767
independent_20260430_203326,trial_001,subject_001,1777552411.4147902,1777552411.4147902,275203.0236525,11,L_Tibia,249,1,-1.1006,9.8718,-1.4595,28.5645,-10.376,-6.1035,100.2502,8.5254,-64.0338,0.6236,0.4462,-0.2906,0.5723
independent_20260430_203326,trial_001,subject_001,1777552411.4147902,1777552411.4147902,275203.0237595,12,L_Foot,268,1,-0.78,0.5024,10.0345,1.709,2.9297,1.0376,2.3126,4.455,-122.179,-0.0243,0.0364,-0.8742,0.4837
independent_20260430_203326,trial_001,subject_001,1777552411.4147902,1777552411.4147902,275203.0238523,13,R_Femur,263,1,1.0767,11.1877,-3.431,-118.5303,27.0386,-6.5308,102.4146,3.5376,-42.7148,0.7185,0.3017,-0.2056,0.592
independent_20260430_203326,trial_001,subject_001,1777552411.4147902,1777552411.4147902,275203.0239437,14,R_Tibia,134,1,-0.7321,8.4697,-7.1395,81.2988,-11.6577,-11.4746,143.3441,10.1788,179.0277,0.0359,-0.9453,0.3139,-0.0815
independent_20260430_203326,trial_001,subject_001,1777552411.4147902,1777552411.4147902,275203.0240351,9,Trunk,247,1,-0.3158,10.1397,-1.0527,2.5024,6.1646,-18.1885,90.0165,-0.9064,-156.0443,0.1522,0.6906,-0.6928,0.1413
independent_20260430_203326,trial_001,subject_001,1777552411.4147902,1777552411.4147902,275203.0241251,12,L_Foot,269,1,-0.78,0.646,10.0345,1.0376,3.2959,0.9155,2.3401,4.5099,-122.168,-0.0246,0.0369,-0.8741,0.4838
independent_20260430_203326,trial_001,subject_001,1777552411.4147902,1777552411.4147902,275203.0242159,13,R_Femur,264,1,0.5407,10.6709,-3.3496,-118.103,30.2734,-3.418,100.0745,3.4991,-42.1051,0.7079,0.2935,-0.2088,0.6075
independent_20260430_203326,trial_001,subject_001,1777552411.4147902,1777552411.4147902,275203.0243281,15,R_Foot,130,1,-1.0527,5.5269,6.1489,336.853,-44.8608,-114.6851,45.6097,0.0769,177.5885,0.0088,-0.3875,0.9216,0.0191
independent_20260430_203326,trial_001,subject_001,1777552411.4147902,1777552411.4147902,275203.0244283,9,Trunk,248,1,-0.4737,10.0871,-0.9283,0.0,8.1177,-18.4326,90.011,-0.5493,-155.8905,0.151,0.6909,-0.6921,0.1443
independent_20260430_203326,trial_001,subject_001,1777552411.4147902,1777552411.4147902,275203.0245209,11,L_Tibia,250,1,-1.0575,9.2545,-2.8185,28.0762,25.0854,-8.8501,101.3434,8.7122,-63.3142,0.6313,0.4458,-0.2816,0.5687
independent_20260430_203326,trial_001,subject_001,1777552411.4147902,1777552411.4147902,275203.0246109,12,L_Foot,270,1,-0.7943,0.6938,10.0105,1.4648,2.9907,1.2207,2.384,4.5648,-122.146,-0.0248,0.0375,-0.874,0.4839
independent_20260430_203326,trial_001,subject_001,1777552411.4157908,1777552411.4157908,275203.0247216,13,R_Femur,265,1,-0.1244,10.5178,-3.2204,-115.6006,31.6772,-2.1362,98.3551,3.4497,-41.6162,0.7001,0.2871,-0.2108,0.6189
independent_20260430_203326,trial_001,subject_001,1777552411.4157908,1777552411.4157908,275203.0248194,14,R_Tibia,135,1,-1.0336,6.0389,-8.441,46.0205,-2.7466,-7.7515,145.448,10.5963,179.1595,0.0344,-0.9506,0.2963,-0.086
independent_20260430_203326,trial_001,subject_001,1777552411.4157908,1777552411.4157908,275203.02496,9,Trunk,249,1,-0.5551,9.8718,-0.7848,-2.3804,6.5918,-19.3481,89.967,-0.2692,-155.7806,0.1499,0.6908,-0.6919,0.1468
independent_20260430_203326,trial_001,subject_001,1777552411.4157908,1777552411.4157908,275203.025081,11,L_Tibia,251,1,-0.981,9.7043,-2.5983,26.3062,31.1279,-7.5073,101.8213,8.7451,-62.8528,0.6353,0.4445,-0.2773,0.5673
independent_20260430_203326,trial_001,subject_001,1777552411.4157908,1777552411.4157908,275203.0251999,12,L_Foot,271,1,-0.6604,0.4402,9.8861,2.8076,4.2114,1.2817,2.4225,4.6307,-122.1295,-0.0251,0.038,-0.8738,0.4841
independent_20260430_203326,trial_001,subject_001,1777552411.4157908,1777552411.4157908,275203.0252997,13,R_Femur,266,1,-0.8709,10.2737,-2.9524,-111.2671,33.3252,-0.4883,96.6907,3.3893,-41.1108,0.6924,0.2806,-0.2126,0.6298
independent_20260430_203326,trial_001,subject_001,1777552411.4157908,1777552411.4157908,275203.0254219,15,R_Foot,131,1,10.6996,4.4071,33.4722,-31.6162,-128.479,-56.3965,50.8228,0.2142,172.0349,0.0315,-0.428,0.9011,0.0619
independent_20260430_203326,trial_001,subject_001,1777552411.4157908,1777552411.4157908,275203.0255223,9,Trunk,250,1,-0.4833,9.6852,-0.4689,-1.0986,5.9204,-21.0571,89.9121,0.1263,-155.6653,0.1482,0.6909,-0.6916,0.1499
independent_20260430_203326,trial_001,subject_001,1777552411.4527354,1777552411.4527354,275203.0625508,10,L_Femur,240,1,-0.7321,9.8,-1.8375,24.7803,12.6953,-2.1362,95.9711,7.1411,-18.3417,0.7254,0.1593,-0.0608,0.6669
independent_20260430_203326,trial_001,subject_001,1777552411.453741,1777552411.453741,275203.0627508,11,L_Tibia,252,1,-1.0575,10.0393,-2.3926,12.7563,32.1655,-5.9814,102.2772,8.7341,-62.1771,0.6402,0.4418,-0.2723,0.5664
independent_20260430_203326,trial_001,subject_001,1777552411.453741,1777552411.453741,275203.0628734,13,R_Femur,267,1,-1.7705,10.1158,-2.7084,-99.9756,31.9824,-1.0376,94.6582,3.3398,-40.4407,0.6828,0.2726,-0.2141,0.6432
independent_20260430_203326,trial_001,subject_001,1777552411.453741,1777552411.453741,275203.062983,14,R_Tibia,136,1,-1.9571,3.9669,-9.3693,25.5127,-20.3247,7.2632,146.4642,10.7776,179.0826,0.0347,-0.953,0.2879,-0.0876
independent_20260430_203326,trial_001,subject_001,1777552411.453741,1777552411.453741,275203.0630888,9,Trunk,251,1,-0.1962,9.8479,-0.3732,1.1597,8.606,-21.4233,89.9066,0.4395,-155.5444,0.147,0.6911,-0.691,0.1525
independent_20260430_203326,trial_001,subject_001,1777552411.453741,1777552411.453741,275203.063193,10,L_Femur,241,1,-0.6843,9.6612,-1.7274,25.9399,22.4609,-5.7373,96.394,7.1796,-18.0176,0.7283,0.1577,-0.0581,0.6644
independent_20260430_203326,trial_001,subject_001,1777552411.4725413,1777552411.4725413,275203.0822642,11,L_Tibia,253,1,-1.7274,9.4507,-3.1295,14.5874,21.2402,-4.3945,102.5354,8.7341,-61.8091,0.6429,0.4404,-0.2695,0.5658
independent_20260430_203326,trial_001,subject_001,1777552411.4735365,1777552411.4735365,275203.0824072,12,L_Foot,272,1,-0.8853,0.5646,10.2163,0.7324,4.6997,0.4883,2.4994,4.823,-122.113,-0.0263,0.0394,-0.8737,0.4842
independent_20260430_203326,trial_001,subject_001,1777552411.4735365,1777552411.4735365,275203.082531,13,R_Femur,268,1,-2.4165,10.1924,-2.584,-93.689,27.9541,-2.9297,93.252,3.3398,-39.9957,0.6759,0.2673,-0.2149,0.6523
independent_20260430_203326,trial_001,subject_001,1777552411.4735365,1777552411.4735365,275203.0826511,15,R_Foot,132,1,4.1439,-2.45,3.8281,-159.9121,77.8809,35.5225,45.2142,0.6976,172.7106,0.03,-0.3833,0.9214,0.0563
independent_20260430_203326,trial_001,subject_001,1777552411.4735365,1777552411.4735365,275203.0827998,9,Trunk,252,1,-0.0287,9.9244,-0.4977,2.1362,10.6812,-20.5078,89.9286,0.7416,-155.3851,0.1462,0.6914,-0.6903,0.1553
independent_20260430_203326,trial_001,subject_001,1777552411.4735365,1777552411.4735365,275203.0829922,10,L_Femur,242,1,-1.0958,9.5703,-1.6604,29.3579,30.8228,-6.7749,96.8829,7.2235,-17.5562,0.7317,0.1553,-0.0545,0.6615
independent_20260430_203326,trial_001,subject_001,1777552411.4735365,1777552411.4735365,275203.0831383,11,L_Tibia,254,1,-1.0862,9.5177,-2.7945,12.3291,21.0571,-4.7607,102.7826,8.7396,-61.4795,0.6454,0.4391,-0.2668,0.5652
independent_20260430_203326,trial_001,subject_001,1777552411.4735365,1777552411.4735365,275203.0833022,12,L_Foot,273,1,-0.9283,0.5264,10.1254,-1.0376,4.1504,0.4272,2.5049,4.8944,-122.1075,-0.0268,0.0398,-0.8736,0.4842
independent_20260430_203326,trial_001,subject_001,1777552411.4745388,1777552411.4745388,275203.0834495,13,R_Femur,269,1,-2.5122,9.9196,-2.3639,-87.2803,16.3574,-0.6104,91.4832,3.3508,-39.5782,0.6667,0.2616,-0.2165,0.6635
independent_20260430_203326,trial_001,subject_001,1777552411.4745388,1777552411.4745388,275203.0835542,14,R_Tibia,137,1,-1.5265,5.9575,-4.3545,-39.1235,-17.4561,29.2969,145.7666,10.9644,177.995,0.0448,-0.9507,0.2945,-0.0862
independent_20260430_203326,trial_001,subject_001,1777552411.4745388,1777552411.4745388,275203.0836769,9,Trunk,253,1,-0.2249,9.5225,-0.6077,1.77,10.0708,-19.4092,89.9506,1.1261,-155.1764,0.1451,0.6917,-0.6894,0.1588
independent_20260430_203326,trial_001,subject_001,1777552411.4745388,1777552411.4745388,275203.0838502,10,L_Femur,243,1,-1.5504,9.3933,-1.7466,31.7383,31.7993,-7.1411,97.5806,7.2784,-16.8915,0.7365,0.1516,-0.0493,0.6574
independent_20260430_203326,trial_001,subject_001,1777552411.4745388,1777552411.4745388,275203.0839831,11,L_Tibia,255,1,-0.6508,9.3119,-2.5696,13.0005,27.8931,-5.7373,103.1342,8.7341,-60.9247,0.6493,0.4368,-0.2628,0.5645
independent_20260430_203326,trial_001,subject_001,1777552411.4745388,1777552411.4745388,275203.0841047,12,L_Foot,274,1,-0.9857,0.2823,9.8622,-0.3052,3.2959,0.5493,2.5104,4.9713,-122.0966,-0.0273,0.0401,-0.8735,0.4843
independent_20260430_203326,trial_001,subject_001,1777552411.4745388,1777552411.4745388,275203.0842061,13,R_Femur,270,1,-1.8184,9.4459,-2.0528,-80.9937,5.3711,4.0283,90.2472,3.2959,-39.4574,0.6599,0.2582,-0.2189,0.6708
independent_20260430_203326,trial_001,subject_001,1777552411.4745388,1777552411.4745388,275203.0843013,15,R_Foot,133,1,-4.1918,-0.2105,4.3401,-145.3857,42.6636,-8.1787,40.7648,1.9556,174.4354,0.0329,-0.347,0.9364,0.0396
independent_20260430_203326,trial_001,subject_001,1777552411.4755397,1777552411.4755397,275203.0843955,10,L_Femur,244,1,-1.7514,9.1731,-1.9954,33.8135,29.6631,-6.5918,98.1409,7.3169,-16.4191,0.7403,0.149,-0.0456,0.654
independent_20260430_203326,trial_001,subject_001,1777552411.4755397,1777552411.4755397,275203.0845023,12,L_Foot,275,1,-0.9953,0.2393,9.8957,-0.1831,2.3804,0.7935,2.5214,5.0153,-122.0856,-0.0276,0.0404,-0.8735,0.4844
independent_20260430_203326,trial_001,subject_001,1777552411.5333195,1777552411.5333195,275203.1424345,13,R_Femur,271,1,-0.8565,9.087,-1.8184,-74.1577,-0.9155,7.2021,89.1101,3.186,-39.4409,0.6535,0.2553,-0.222,0.6771
independent_20260430_203326,trial_001,subject_001,1777552411.5333195,1777552411.5333195,275203.1425697,14,R_Tibia,138,1,-2.5026,5.4599,-6.1298,-93.1396,-23.4985,40.0391,142.9376,10.827,176.5723,0.0582,-0.9426,0.3189,-0.0799
independent_20260430_203326,trial_001,subject_001,1777552411.5333195,1777552411.5333195,275203.1426812,10,L_Femur,245,1,-1.4643,9.3837,-2.1342,31.7993,26.4282,-2.6855,98.8605,7.3059,-15.8588,0.7451,0.1456,-0.0416,0.6495
independent_20260430_203326,trial_001,subject_001,1777552411.5333195,1777552411.5333195,275203.1427862,11,L_Tibia,256,1,-1.3925,9.4555,-2.4165,9.7046,16.9067,-3.9673,103.5791,8.7396,-60.249,0.654,0.434,-0.2578,0.5635
independent_20260430_203326,trial_001,subject_001,1777552411.5333195,1777552411.5333195,275203.1429104,12,L_Foot,276,1,-0.9188,0.3972,10.1063,-1.4038,1.9531,0.6714,2.5214,5.0482,-122.0801,-0.0279,0.0406,-0.8734,0.4845
independent_20260430_203326,trial_001,subject_001,1777552411.5333195,1777552411.5333195,275203.1430397,13,R_Femur,272,1,-0.2488,9.0296,-1.7514,-66.8945,3.3569,3.9673,87.7313,3.0707,-39.386,0.6457,0.2516,-0.2254,0.6848
independent_20260430_203326,trial_001,subject_001,1777552411.5333195,1777552411.5333195,275203.1431673,15,R_Foot,134,1,1.4021,1.0527,10.5608,-191.2231,-6.7139,-33.2031,34.8047,2.5488,173.4906,0.0382,-0.2973,0.9528,0.0475
independent_20260430_203326,trial_001,subject_001,1777552411.53432,1777552411.53432,275203.1432769,9,Trunk,254,1,-0.9188,9.0248,-0.2201,8.3618,6.1646,-14.8315,90.1483,1.9336,-154.8468,0.1425,0.6935,-0.6865,0.1654
independent_20260430_203326,trial_001,subject_001,1777552411.53432,1777552411.53432,275203.1434104,10,L_Femur,246,1,-1.4451,9.5368,-1.8854,28.3203,21.7896,0.3662,99.3329,7.251,-15.5127,0.7483,0.1432,-0.0394,0.6465
independent_20260430_203326,trial_001,subject_001,1777552411.53432,1777552411.53432,275203.1435879,11,L_Tibia,257,1,-1.024,9.5225,-2.2203,8.5449,11.7798,-3.1738,103.7933,8.7561,-59.9854,0.656,0.433,-0.2555,0.5629
independent_20260430_203326,trial_001,subject_001,1777552411.53432,1777552411.53432,275203.1437303,12,L_Foot,277,1,-0.8661,0.3924,9.9962,-1.9531,2.2583,0.4883,2.4994,5.1031,-122.0746,-0.0284,0.0406,-0.8734,0.4845
independent_20260430_203326,trial_001,subject_001,1777552411.53432,1777552411.53432,275203.1439163,13,R_Femur,273,1,-0.4594,9.0487,-1.7896,-63.7817,9.0942,-0.4272,86.7645,3.0597,-39.2542,0.6402,0.2489,-0.2268,0.6905
independent_20260430_203326,trial_001,subject_001,1777552411.53432,1777552411.53432,275203.1440624,14,R_Tibia,139,1,-1.2824,5.6082,-5.9958,-134.7046,14.3433,52.7344,138.4662,9.8987,175.155,0.0699,-0.9294,0.3563,-0.0657
independent_20260430_203326,trial_001,subject_001,1777552411.535323,1777552411.535323,275203.144223,9,Trunk,255,1,-0.914,9.4411,-0.2536,9.8267,7.019,-13.855,90.2802,2.1368,-154.7424,0.1421,0.6944,-0.6853,0.1671
independent_20260430_203326,trial_001,subject_001,1777552411.535323,1777552411.535323,275203.1443755,10,L_Femur,247,1,-1.493,9.489,-1.7179,27.0996,16.9067,1.2817,99.7778,7.1851,-15.2435,0.7512,0.1413,-0.0378,0.6437
independent_20260430_203326,trial_001,subject_001,1777552411.535323,1777552411.535323,275203.144507,11,L_Tibia,258,1,-0.6795,9.398,-1.9715,8.9722,14.5874,-3.8452,103.9691,8.7616,-59.7546,0.6577,0.4321,-0.2537,0.5624
independent_20260430_203326,trial_001,subject_001,1777552411.535323,1777552411.535323,275203.1446323,12,L_Foot,278,1,-0.8757,0.378,9.9436,-1.8311,2.5635,0.4272,2.4884,5.1416,-122.0691,-0.0287,0.0407,-0.8734,0.4845
independent_20260430_203326,trial_001,subject_001,1777552411.535323,1777552411.535323,275203.1447515,13,R_Femur,274,1,-0.5312,8.953,-1.6748,-60.6689,14.4043,-3.1738,85.8527,3.1091,-39.0454,0.635,0.2462,-0.2272,0.6961
independent_20260430_203326,trial_001,subject_001,1777552411.535323,1777552411.535323,275203.1448554,15,R_Foot,135,1,1.2346,2.182,6.9098,-195.4956,-8.2397,2.2583,27.7295,2.8015,173.2434,0.0378,-0.2377,0.9692,0.0513
independent_20260430_203326,trial_001,subject_001,1777552411.535323,1777552411.535323,275203.1449727,9,Trunk,256,1,-0.7608,9.7139,-0.2105,7.4463,6.4697,-13.0615,90.4395,2.3895,-154.6051,0.1417,0.6955,-0.6838,0.1692
independent_20260430_203326,trial_001,subject_001,1777552411.5533605,1777552411.5533605,275203.1623235,10,L_Femur,248,1,-1.4978,9.398,-1.6509,23.8037,16.6016,0.7324,100.3052,7.1082,-14.9249,0.7546,0.1389,-0.0359,0.6403
independent_20260430_203326,trial_001,subject_001,1777552411.5533605,1777552411.5533605,275203.1625602,11,L_Tibia,259,1,-1.3111,9.288,-2.1964,9.7656,13.7939,-2.9907,104.2163,8.7671,-59.4525,0.66,0.4309,-0.2513,0.5617
independent_20260430_203326,trial_001,subject_001,1777552411.5533605,1777552411.5533605,275203.1627645,12,L_Foot,279,1,-0.9905,0.3302,9.9196,-1.1597,2.4414,0.6104,2.4719,5.202,-122.0636,-0.0293,0.0408,-0.8733,0.4846
independent_20260430_203326,trial_001,subject_001,1777552411.5533605,1777552411.5533605,275203.1629609,13,R_Femur,275,1,-0.3063,8.6085,-1.3351,-52.002,15.8081,-2.3804,84.765,3.1805,-38.7158,0.6289,0.2427,-0.2271,0.7028
independent_20260430_203326,trial_001,subject_001,1777552411.5533605,1777552411.5533605,275203.1631169,14,R_Tibia,140,1,-2.6701,6.5509,-6.5222,-164.978,29.4189,46.2036,133.764,8.2123,174.7485,0.0701,-0.9151,0.3942,-0.0478
independent_20260430_203326,trial_001,subject_001,1777552411.6025128,1777552411.6025128,275203.212412,9,Trunk,257,1,-0.6125,9.556,-0.0096,5.9204,5.0659,-12.0239,90.5219,2.5653,-154.5227,0.1412,0.6961,-0.6829,0.1707
independent_20260430_203326,trial_001,subject_001,1777552411.6025128,1777552411.6025128,275203.2125514,10,L_Femur,249,1,-1.493,9.2928,-2.0433,25.8789,15.3809,-0.1221,100.7117,7.0587,-14.6777,0.7572,0.1371,-0.0343,0.6376
independent_20260430_203326,trial_001,subject_001,1777552411.6025128,1777552411.6025128,275203.2126754,11,L_Tibia,260,1,-1.4308,9.3693,-2.4596,9.1553,8.5449,-2.6855,104.3811,8.7781,-59.2987,0.6614,0.4305,-0.2498,0.5611
independent_20260430_203326,trial_001,subject_001,1777552411.6025128,1777552411.6025128,275203.2127948,12,L_Foot,280,1,-1.0145,0.4354,9.9723,-1.4038,1.6479,0.8545,2.4664,5.2295,-122.0526,-0.0295,0.0409,-0.8733,0.4847
independent_20260430_203326,trial_001,subject_001,1777552411.6040356,1777552411.6040356,275203.2129143,13,R_Femur,276,1,0.0,8.4745,-1.0049,-43.8843,15.1978,-0.2441,84.0894,3.208,-38.4741,0.6252,0.2402,-0.2269,0.7071
independent_20260430_203326,trial_001,subject_001,1777552411.6040356,1777552411.6040356,275203.2130309,15,R_Foot,136,1,0.7752,2.4835,9.4124,-173.4619,-56.4575,25.9399,21.4233,1.1426,173.1281,0.0209,-0.1849,0.9809,0.057
independent_20260430_203326,trial_001,subject_001,1777552411.6040356,1777552411.6040356,275203.2131463,9,Trunk,258,1,-0.5599,9.3646,0.0479,8.3008,3.6621,-11.1694,90.6262,2.7246,-154.4568,0.1408,0.6969,-0.6819,0.1719
independent_20260430_203326,trial_001,subject_001,1777552411.6040356,1777552411.6040356,275203.2132617,10,L_Femur,250,1,-1.4021,9.2066,-2.1294,28.0762,8.4229,0.9155,101.1456,7.0203,-14.5294,0.7599,0.1361,-0.0332,0.6348
independent_20260430_203326,trial_001,subject_001,1777552411.6040356,1777552411.6040356,275203.2133755,11,L_Tibia,261,1,-0.9953,9.3167,-2.5361,8.7891,5.7983,-2.6245,104.5404,8.8,-59.1998,0.6625,0.4303,-0.2486,0.5605
independent_20260430_203326,trial_001,subject_001,1777552411.6040356,1777552411.6040356,275203.2134852,12,L_Foot,281,1,-0.9427,0.4642,9.9483,-1.77,1.4648,0.7324,2.45,5.257,-122.0416,-0.0298,0.0409,-0.8732,0.4847
independent_20260430_203326,trial_001,subject_001,1777552411.6040356,1777552411.6040356,275203.2135814,13,R_Femur,277,1,0.1531,8.4458,-0.579,-34.1187,19.2871,-0.6104,83.3643,3.241,-38.1006,0.6214,0.2369,-0.2259,0.7118
independent_20260430_203326,trial_001,subject_001,1777552411.6040356,1777552411.6040356,275203.2136764,14,R_Tibia,141,1,-2.0433,7.4888,-7.3356,-191.8335,-0.8545,48.7061,127.2656,6.828,173.8422,0.0744,-0.8917,0.4456,-0.0295
independent_20260430_203326,trial_001,subject_001,1777552411.6040356,1777552411.6040356,275203.2137711,9,Trunk,259,1,-0.5503,9.4842,-0.0431,9.1553,3.9673,-10.6812,90.791,2.9279,-154.3799,0.1403,0.698,-0.6805,0.1734
independent_20260430_203326,trial_001,subject_001,1777552411.6040356,1777552411.6040356,275203.2138658,10,L_Femur,251,1,-1.469,9.4507,-1.9619,27.771,5.8594,2.7466,101.7169,6.9434,-14.4086,0.7633,0.135,-0.0324,0.631
independent_20260430_203326,trial_001,subject_001,1777552411.6050417,1777552411.6050417,275203.2139742,11,L_Tibia,262,1,-1.0097,9.4842,-2.1055,9.0332,8.4229,-2.0752,104.7601,8.8055,-59.0186,0.6642,0.4298,-0.2469,0.5596
independent_20260430_203326,trial_001,subject_001,1777552411.6050417,1777552411.6050417,275203.2140692,12,L_Foot,282,1,-0.9331,0.4307,10.0345,-1.5259,1.0986,0.5493,2.4445,5.2789,-122.0471,-0.03,0.0409,-0.8732,0.4847
independent_20260430_203326,trial_001,subject_001,1777552411.6050417,1777552411.6050417,275203.2141649,13,R_Femur,278,1,-0.134,8.4267,-0.3063,-27.0386,20.5688,-1.1597,82.9523,3.2904,-37.782,0.6194,0.2347,-0.2245,0.7147
independent_20260430_203326,trial_001,subject_001,1777552411.6050417,1777552411.6050417,275203.2142599,15,R_Foot,137,1,1.0575,4.2014,10.824,-165.5273,-53.2227,47.5464,16.2982,-0.7361,173.7927,0.0013,-0.1419,0.9884,0.0545
independent_20260430_203326,trial_001,subject_001,1777552411.6050417,1777552411.6050417,275203.2143568,9,Trunk,260,1,-0.5934,9.6325,-0.134,8.1787,4.2114,-9.8267,90.9064,3.0707,-154.3195,0.14,0.6988,-0.6795,0.1745
independent_20260430_203326,trial_001,subject_001,1777552411.6050417,1777552411.6050417,275203.2144516,11,L_Tibia,263,1,-1.158,9.532,-2.2299,8.1787,5.6763,-2.3193,104.9084,8.822,-58.9197,0.6653,0.4296,-0.2457,0.559
independent_20260430_203326,trial_001,subject_001,1777552411.6050417,1777552411.6050417,275203.2145468,12,L_Foot,283,1,-0.957,0.4594,10.044,-1.6479,0.7324,0.6104,2.428,5.3064,-122.0636,-0.0302,0.0409,-0.8733,0.4846
independent_20260430_203326,trial_001,subject_001,1777552411.6050417,1777552411.6050417,275203.2146418,13,R_Femur,279,1,-0.5216,8.3979,-0.0622,-21.7285,20.3857,0.3052,82.6227,3.3234,-37.4689,0.6179,0.2326,-0.223,0.7172
independent_20260430_203326,trial_001,subject_001,1777552411.6050417,1777552411.6050417,275203.2147375,14,R_Tibia,142,1,-0.4594,8.0343,-6.3978,-197.998,38.8184,36.6821,120.3278,5.202,173.7213,0.07,-0.864,0.4984,-0.0121
independent_20260430_203326,trial_001,subject_001,1777552411.6933458,1777552411.6933458,275203.3024861,9,Trunk,261,1,-0.6364,9.6756,-0.1723,5.9814,3.7842,-9.0332,90.9943,3.2025,-154.2535,0.1397,0.6994,-0.6786,0.1755
independent_20260430_203326,trial_001,subject_001,1777552411.6933458,1777552411.6933458,275203.3026434,10,L_Femur,252,1,-1.0145,9.3646,-1.871,28.0151,9.8267,2.1362,102.7222,6.806,-14.1394,0.7692,0.1327,-0.0307,0.6243
independent_20260430_203326,trial_001,subject_001,1777552411.6938245,1777552411.6938245,275203.3027547,11,L_Tibia,264,1,-0.9188,9.3646,-2.3591,8.728,5.9814,-2.0142,105.0568,8.833,-58.8208,0.6663,0.4294,-0.2446,0.5584
independent_20260430_203326,trial_001,subject_001,1777552411.6938245,1777552411.6938245,275203.302852,12,L_Foot,284,1,-0.9475,0.4546,9.9531,-1.2207,0.4272,0.3662,2.428,5.3064,-122.0636,-0.0302,0.0409,-0.8733,0.4846
independent_20260430_203326,trial_001,subject_001,1777552411.6938245,1777552411.6938245,275203.302947,13,R_Femur,280,1,-0.8565,8.5176,0.3924,-20.0806,19.165,2.3193,82.2327,3.3289,-37.0569,0.6163,0.2296,-0.2212,0.7201
independent_20260430_203326,trial_001,subject_001,1777552411.6938245,1777552411.6938245,275203.3030718,15,R_Foot,138,1,0.6843,5.4646,13.2405,-143.5547,-65.0635,52.1851,11.0742,-3.2959,175.0122,-0.0244,-0.0976,0.9939,0.0461
independent_20260430_203326,trial_001,subject_001,1777552411.6938245,1777552411.6938245,275203.3031719,9,Trunk,262,1,-0.6556,9.4698,-0.0239,3.8452,4.6997,-6.7749,91.0657,3.3398,-154.1656,0.1396,0.6999,-0.6778,0.1768
independent_20260430_203326,trial_001,subject_001,1777552411.6938245,1777552411.6938245,275203.3032644,10,L_Femur,253,1,-0.6699,9.2258,-2.1677,30.2124,14.2822,2.3193,103.1946,6.7236,-13.9417,0.7721,0.1311,-0.0296,0.6211
independent_20260430_203326,trial_001,subject_001,1777552411.6938245,1777552411.6938245,275203.3033553,11,L_Tibia,265,1,-0.7848,9.4268,-2.4021,7.5073,6.2256,-2.3193,105.249,8.8495,-58.678,0.6677,0.429,-0.2431,0.5576
independent_20260430_203326,trial_001,subject_001,1777552411.6938245,1777552411.6938245,275203.3034456,12,L_Foot,285,1,-0.9331,0.4498,10.0345,-2.1362,0.4272,0.3052,2.428,5.3064,-122.0691,-0.0302,0.0409,-0.8733,0.4845
independent_20260430_203326,trial_001,subject_001,1777552411.7128692,1777552411.7128692,275203.3221933,13,R_Femur,281,1,-0.847,8.7568,0.8613,-20.3857,17.8223,1.2817,81.936,3.3344,-36.7712,0.615,0.2276,-0.22,0.7222
independent_20260430_203326,trial_001,subject_001,1777552411.7128692,1777552411.7128692,275203.322316,14,R_Tibia,143,1,-1.5743,8.9435,-6.6131,-186.9507,27.71,32.7148,113.6536,3.587,174.3365,0.0584,-0.8347,0.5475,0.0009
independent_20260430_203326,trial_001,subject_001,1777552411.7128692,1777552411.7128692,275203.3224157,9,Trunk,263,1,-0.6412,9.3837,0.1101,4.6997,6.6528,-5.4321,91.1261,3.4167,-154.0723,0.1398,0.7002,-0.6772,0.1777
independent_20260430_203326,trial_001,subject_001,1777552411.7128692,1777552411.7128692,275203.3225137,10,L_Femur,254,1,-0.5599,9.2449,-2.206,31.5552,16.4795,3.0518,103.6835,6.6193,-13.7054,0.7751,0.1291,-0.0285,0.6178
independent_20260430_203326,trial_001,subject_001,1777552411.7128692,1777552411.7128692,275203.322662,11,L_Tibia,266,1,-0.8278,9.3454,-2.4404,8.3008,5.4321,-2.3193,105.3973,8.866,-58.5846,0.6688,0.4289,-0.242,0.557
independent_20260430_203326,trial_001,subject_001,1777552411.7128692,1777552411.7128692,275203.3228477,12,L_Foot,286,1,-0.8757,0.4689,10.0201,-2.4414,1.0986,0.1221,2.4335,5.3064,-122.0746,-0.0302,0.041,-0.8733,0.4845
independent_20260430_203326,trial_001,subject_001,1777552411.7128692,1777552411.7128692,275203.3229972,13,R_Femur,282,1,-0.7943,9.0248,1.2968,-20.2637,16.2354,-0.3052,81.6394,3.3618,-36.5131,0.6136,0.2258,-0.2188,0.7244
independent_20260430_203326,trial_001,subject_001,1777552411.7128692,1777552411.7128692,275203.3231447,15,R_Foot,139,1,0.9427,5.8618,14.0205,-151.001,-48.2788,52.9785,5.7294,-5.4382,176.5997,-0.0459,-0.0513,0.9971,0.032
independent_20260430_203326,trial_001,subject_001,1777552411.7143743,1777552411.7143743,275203.3232993,9,Trunk,264,1,-0.646,9.5033,0.0526,5.3711,8.4229,-4.6997,91.225,3.4991,-153.9075,0.1404,0.7007,-0.6762,0.1791
independent_20260430_203326,trial_001,subject_001,1777552411.7143743,1777552411.7143743,275203.3234558,10,L_Femur,255,1,-0.9092,9.5225,-1.8949,32.2266,19.6533,2.3804,104.3646,6.4709,-13.3429,0.7793,0.126,-0.0268,0.6132
independent_20260430_203326,trial_001,subject_001,1777552411.7143743,1777552411.7143743,275203.3236088,11,L_Tibia,267,1,-0.9044,9.4698,-2.0672,9.7046,8.9722,-1.709,105.6171,8.8605,-58.4143,0.6705,0.4283,-0.2404,0.5561
independent_20260430_203326,trial_001,subject_001,1777552411.7143743,1777552411.7143743,275203.323765,12,L_Foot,287,1,-0.9044,0.3972,9.8909,-1.0986,1.0986,0.3052,2.4335,5.3064,-122.0856,-0.0302,0.041,-0.8734,0.4844
independent_20260430_203326,trial_001,subject_001,1777552411.7143743,1777552411.7143743,275203.3238972,13,R_Femur,283,1,-0.8661,9.1971,1.6748,-19.2261,9.4604,-0.4883,81.2549,3.4003,-36.2714,0.6115,0.224,-0.2178,0.727
independent_20260430_203326,trial_001,subject_001,1777552411.7143743,1777552411.7143743,275203.323995,14,R_Tibia,144,1,-0.8661,8.9913,-5.5747,-170.7153,17.6392,34.4238,108.3691,2.4554,174.5123,0.0513,-0.8092,0.5852,0.0107
independent_20260430_203326,trial_001,subject_001,1777552411.802701,1777552411.802701,275203.412389,9,Trunk,265,1,-0.579,9.5081,-0.0048,7.019,9.0332,-3.9062,91.3184,3.5486,-153.7701,0.1411,0.7011,-0.6753,0.1801
independent_20260430_203326,trial_001,subject_001,1777552411.8037045,1777552411.8037045,275203.4125618,10,L_Femur,256,1,-1.1867,9.6708,-1.7849,32.2876,20.752,1.2207,104.8865,6.3666,-13.0408,0.7826,0.1235,-0.0254,0.6097
independent_20260430_203326,trial_001,subject_001,1777552411.8037045,1777552411.8037045,275203.4126695,11,L_Tibia,268,1,-1.2154,9.489,-1.8231,11.5356,8.4839,-1.5259,105.8093,8.855,-58.2715,0.672,0.4279,-0.239,0.5552
independent_20260430_203326,trial_001,subject_001,1777552411.8037045,1777552411.8037045,275203.4127703,12,L_Foot,288,1,-0.9331,0.4881,9.9531,-0.1831,1.2817,0.4883,2.4335,5.3064,-122.0911,-0.0302,0.041,-0.8734,0.4843
independent_20260430_203326,trial_001,subject_001,1777552411.8037045,1777552411.8037045,275203.412867,13,R_Femur,284,1,-0.9235,9.1157,1.9045,-16.2354,5.7983,-0.4883,81.0022,3.4167,-36.1615,0.6101,0.223,-0.2175,0.7285
independent_20260430_203326,trial_001,subject_001,1777552411.8037045,1777552411.8037045,275203.4129613,15,R_Foot,140,1,1.0001,5.0531,11.6519,-147.0947,-37.7808,44.2505,0.2417,-6.9818,178.1982,-0.0608,-0.0031,0.998,0.0158
independent_20260430_203326,trial_001,subject_001,1777552411.8037045,1777552411.8037045,275203.4130559,9,Trunk,266,1,-0.4689,9.5464,-0.1005,10.0708,9.9487,-3.1738,91.4557,3.587,-153.6218,0.142,0.7018,-0.6742,0.181
independent_20260430_203326,trial_001,subject_001,1777552411.8037045,1777552411.8037045,275203.4131497,10,L_Femur,257,1,-1.2968,9.7809,-1.7035,28.3203,20.5688,-0.3052,105.3589,6.2842,-12.7332,0.7855,0.1211,-0.0238,0.6065
independent_20260430_203326,trial_001,subject_001,1777552411.8037045,1777552411.8037045,275203.4132627,11,L_Tibia,269,1,-1.3159,9.4028,-1.7753,13.0005,9.0332,-0.9155,106.0236,8.844,-58.1342,0.6735,0.4275,-0.2376,0.5542
independent_20260430_203326,trial_001,subject_001,1777552411.8037045,1777552411.8037045,275203.413381,12,L_Foot,289,1,-0.9666,0.4546,9.9627,0.0,1.3428,0.3662,2.4335,5.3064,-122.1021,-0.0302,0.041,-0.8734,0.4843
independent_20260430_203326,trial_001,subject_001,1777552411.8037045,1777552411.8037045,275203.4134814,13,R_Femur,285,1,-0.9235,8.8621,2.048,-9.5825,4.6997,0.3662,80.766,3.4222,-36.0461,0.6088,0.222,-0.2172,0.73
independent_20260430_203326,trial_001,subject_001,1777552411.8047032,1777552411.8047032,275203.4135751,14,R_Tibia,145,1,-0.6508,9.1062,-4.0817,-151.6113,18.3716,33.5693,102.8156,1.1316,174.8859,0.041,-0.7805,0.6235,0.0201
independent_20260430_203326,trial_001,subject_001,1777552411.8047032,1777552411.8047032,275203.413694,9,Trunk,267,1,-0.5599,9.7569,-0.1531,9.0332,11.6577,-2.1362,91.6425,3.62,-153.3966,0.1435,0.7026,-0.6727,0.1823
independent_20260430_203326,trial_001,subject_001,1777552411.8047032,1777552411.8047032,275203.4137869,10,L_Femur,258,1,-1.56,9.4268,-2.0337,26.1841,19.7754,-2.8076,105.9082,6.2128,-12.3267,0.7889,0.118,-0.0216,0.6027
independent_20260430_203326,trial_001,subject_001,1777552411.8047032,1777552411.8047032,275203.4138782,12,L_Foot,290,1,-1.0192,0.4307,9.9579,0.9155,0.6714,0.6714,2.439,5.3064,-122.113,-0.0302,0.041,-0.8735,0.4842
independent_20260430_203326,trial_001,subject_001,1777552411.8047032,1777552411.8047032,275203.4139702,13,R_Femur,286,1,-0.8709,8.6563,2.005,-2.6855,2.7466,1.77,80.7056,3.4058,-35.9802,0.6086,0.2214,-0.217,0.7304
independent_20260430_203326,trial_001,subject_001,1777552411.8047032,1777552411.8047032,275203.4140808,15,R_Foot,141,1,1.1437,4.6942,11.6614,-123.3521,-53.833,35.9497,-3.8013,-8.41,179.3848,-0.0735,0.0327,0.9968,0.0029
independent_20260430_203326,trial_001,subject_001,1777552411.8047032,1777552411.8047032,275203.4142038,10,L_Femur,259,1,-1.2776,9.0918,-2.5361,26.4893,18.9819,-2.6855,106.3367,6.1688,-12.0245,0.7915,0.1158,-0.0199,0.5998
independent_20260430_203326,trial_001,subject_001,1777552411.8047032,1777552411.8047032,275203.4143198,11,L_Tibia,270,1,-1.2394,9.2354,-2.3687,15.564,6.5308,0.4272,106.5784,8.7891,-57.8705,0.6774,0.4268,-0.2346,0.5513
independent_20260430_203326,trial_001,subject_001,1777552411.8047032,1777552411.8047032,275203.4144431,12,L_Foot,291,1,-1.0001,0.4642,9.934,1.1597,0.1221,0.9155,2.439,5.3119,-122.113,-0.0303,0.041,-0.8735,0.4842
independent_20260430_203326,trial_001,subject_001,1777552411.8057039,1777552411.8057039,275203.4145677,13,R_Femur,287,1,-0.6986,8.7233,1.9571,3.9062,1.5259,2.8687,79.986,3.3783,-36.535,0.603,0.2228,-0.222,0.7331
independent_20260430_203326,trial_001,subject_001,1777552411.8057039,1777552411.8057039,275203.4146902,14,R_Tibia,146,1,-0.0813,9.422,-3.2683,-133.4839,15.564,31.4331,97.9047,-0.0604,175.1825,0.0314,-0.7535,0.6561,0.028
independent_20260430_203326,trial_001,subject_001,1777552411.8057039,1777552411.8057039,275203.4148126,9,Trunk,268,1,-0.8709,9.6277,0.1723,3.6621,12.2681,-1.4648,91.7908,3.642,-153.0341,0.1458,0.7031,-0.6711,0.1844
independent_20260430_203326,trial_001,subject_001,1777552411.8057039,1777552411.8057039,275203.4149418,10,L_Femur,260,1,-1.2489,8.8908,-2.4979,29.6631,16.5405,-1.2817,106.9409,6.1029,-11.6785,0.795,0.1132,-0.0179,0.5957
independent_20260430_203326,trial_001,subject_001,1777552411.8057039,1777552411.8057039,275203.4151437,11,L_Tibia,271,1,-0.8805,9.1205,-2.5122,16.2964,8.0566,0.4272,106.8365,8.7616,-57.7496,0.6791,0.4265,-0.2332,0.55
independent_20260430_203326,trial_001,subject_001,1777552411.8057039,1777552411.8057039,275203.4152457,12,L_Foot,292,1,-0.9905,0.4977,10.0058,0.3662,-0.1831,0.7324,2.439,5.3119,-122.1185,-0.0303,0.041,-0.8735,0.4841
independent_20260430_203326,trial_001,subject_001,1777552411.8057039,1777552411.8057039,275203.4153391,13,R_Femur,288,1,-0.3924,9.3885,1.8997,-0.061,3.1738,4.4556,80.0189,3.3014,-36.4526,0.6035,0.222,-0.2219,0.733
independent_20260430_203326,trial_001,subject_001,1777552411.8057039,1777552411.8057039,275203.415432,15,R_Foot,142,1,1.8901,4.2301,11.5801,-116.7603,-35.7666,46.2646,-8.2672,-9.6899,-178.9563,0.0836,-0.0726,-0.9937,0.0151
independent_20260430_203326,trial_001,subject_001,1777552411.8057039,1777552411.8057039,275203.4155249,9,Trunk,269,1,-0.9475,9.3454,0.2297,4.6997,10.6812,-1.2817,91.8732,3.6475,-152.8033,0.1473,0.7033,-0.6702,0.1857
independent_20260430_203326,trial_001,subject_001,1777552411.8057039,1777552411.8057039,275203.415616,10,L_Femur,261,1,-1.3925,9.0248,-2.3399,31.6162,17.0898,0.5493,107.4353,6.0205,-11.4203,0.7979,0.111,-0.0167,0.5922
independent_20260430_203326,trial_001,subject_001,1777552411.8057039,1777552411.8057039,275203.4157188,11,L_Tibia,272,1,-1.3781,9.2736,-2.2873,17.395,4.5166,1.4038,107.1991,8.7231,-57.6288,0.6814,0.4264,-0.2316,0.5479
independent_20260430_203326,trial_001,subject_001,1777552411.8057039,1777552411.8057039,275203.4158077,12,L_Foot,293,1,-1.0145,0.2967,9.9292,0.7324,-0.6714,0.8545,2.4445,5.3174,-122.124,-0.0303,0.0411,-0.8735,0.4841
independent_20260430_203326,trial_001,subject_001,1777552411.8057039,1777552411.8057039,275203.4159205,13,R_Femur,289,1,-0.1723,9.9292,2.1438,-12.085,4.5776,6.7749,79.8761,3.2135,-36.3593,0.603,0.2206,-0.222,0.7338
independent_20260430_203326,trial_001,subject_001,1777552411.8057039,1777552411.8057039,275203.4160379,14,R_Tibia,147,1,-0.0096,8.9339,-1.9715,-107.1777,22.644,23.6206,93.7848,-1.0272,175.8032,0.0206,-0.7298,0.6826,0.0316
independent_20260430_203326,trial_001,subject_001,1777552411.807211,1777552411.807211,275203.4162005,9,Trunk,270,1,-0.8805,9.3119,0.2297,6.8359,9.0332,-0.5493,91.9666,3.6475,-152.666,0.1483,0.7036,-0.6694,0.1863
independent_20260430_203326,trial_001,subject_001,1777552411.807211,1777552411.807211,275203.4163429,10,L_Femur,262,1,-1.4547,9.3502,-2.1772,31.1279,15.8081,1.2817,107.9242,5.9271,-11.1896,0.8007,0.109,-0.0157,0.5888
independent_20260430_203326,trial_001,subject_001,1777552411.807211,1777552411.807211,275203.4164748,11,L_Tibia,273,1,-1.426,9.4172,-2.005,18.5547,0.7324,2.2583,107.4792,8.7067,-57.6013,0.6829,0.4267,-0.2305,0.5463
independent_20260430_203326,trial_001,subject_001,1777552411.807211,1777552411.807211,275203.4166003,12,L_Foot,294,1,-0.9953,0.2919,9.8861,1.8311,-0.9766,1.0376,2.4774,5.3064,-122.113,-0.03,0.0413,-0.8735,0.4842
independent_20260430_203326,trial_001,subject_001,1777552411.807211,1777552411.807211,275203.4167179,13,R_Femur,290,1,0.0144,10.0153,2.5026,-25.7568,8.4839,8.9111,79.5355,3.1036,-36.2109,0.6013,0.2185,-0.2223,0.7357
independent_20260430_203326,trial_001,subject_001,1777552411.807211,1777552411.807211,275203.4168572,15,R_Foot,143,1,0.9092,3.4884,8.4075,-90.8203,-37.9639,43.7012,-12.2223,-10.6952,-177.1216,0.09,-0.1083,-0.9894,0.0348
independent_20260430_203326,trial_001,subject_001,1777552411.807211,1777552411.807211,275203.4169738,9,Trunk,271,1,-0.8039,9.5272,0.1627,7.6904,9.0332,0.6714,92.1094,3.6255,-152.4847,0.1498,0.7042,-0.6683,0.1871
independent_20260430_203326,trial_001,subject_001,1777552411.80822,1777552411.80822,275203.4170997,10,L_Femur,263,1,-1.3877,9.556,-1.9619,28.8696,13.7329,-0.4272,108.5449,5.8282,-10.9039,0.8043,0.1066,-0.0143,0.5845
independent_20260430_203326,trial_001,subject_001,1777552411.80822,1777552411.80822,275203.417218,12,L_Foot,295,1,-0.9618,0.3732,9.9531,2.9907,-1.0376,1.0986,2.5488,5.2954,-122.1021,-0.0297,0.0418,-0.8734,0.4843
independent_20260430_203326,trial_001,subject_001,1777552411.80822,1777552411.80822,275203.4173429,13,R_Femur,291,1,-0.0718,9.2258,3.0625,-24.9023,20.2026,9.0942,79.0192,2.9773,-35.8319,0.599,0.2147,-0.2215,0.7389
independent_20260430_203326,trial_001,subject_001,1777552411.80822,1777552411.80822,275203.4174601,14,R_Tibia,148,1,-0.1388,8.7712,-1.3446,-84.3506,25.5737,19.9585,90.9888,-1.6809,176.5173,0.0114,-0.7131,0.7003,0.0318
independent_20260430_203326,trial_001,subject_001,1777552411.8932662,1777552411.8932662,275203.5025601,9,Trunk,272,1,-0.8039,9.6373,0.1053,7.0801,9.3994,1.4648,92.2137,3.5925,-152.3474,0.151,0.7046,-0.6675,0.1875
independent_20260430_203326,trial_001,subject_001,1777552411.8932662,1777552411.8932662,275203.5028032,10,L_Femur,264,1,-1.2059,9.4363,-2.0193,27.3438,15.7471,-0.8545,108.9789,5.7623,-10.6787,0.8067,0.1047,-0.0132,0.5814
independent_20260430_203326,trial_001,subject_001,1777552411.8932662,1777552411.8932662,275203.5030004,11,L_Tibia,274,1,-1.1819,9.2641,-2.0672,25.6958,-0.4272,3.418,108.3087,8.6353,-57.6013,0.6871,0.428,-0.2278,0.5411
independent_20260430_203326,trial_001,subject_001,1777552411.8942766,1777552411.8942766,275203.5031885,12,L_Foot,296,1,-0.9666,0.3302,9.934,3.9062,-1.0376,1.1597,2.6202,5.2844,-122.0856,-0.0293,0.0423,-0.8733,0.4844
independent_20260430_203326,trial_001,subject_001,1777552411.8942766,1777552411.8942766,275203.503369,13,R_Femur,292,1,-0.4067,8.4362,3.1199,-15.9912,27.5269,9.1553,78.761,2.9114,-35.4034,0.5983,0.2116,-0.2196,0.741
independent_20260430_203326,trial_001,subject_001,1777552411.8942766,1777552411.8942766,275203.5035505,15,R_Foot,144,1,0.8183,3.1056,8.0534,-55.4199,-44.5557,37.9639,-14.9414,-11.7389,-175.3748,0.0961,-0.1333,-0.985,0.0531
independent_20260430_203326,trial_001,subject_001,1777552411.8942766,1777552411.8942766,275203.5037317,9,Trunk,273,1,-0.8135,9.6182,0.067,6.2866,9.9487,2.6855,92.3071,3.5431,-152.1991,0.1524,0.7049,-0.6668,0.188
independent_20260430_203326,trial_001,subject_001,1777552411.8942766,1777552411.8942766,275203.5039295,10,L_Femur,265,1,-1.0575,9.3406,-2.2347,26.6113,18.1274,-1.4038,109.4019,5.6909,-10.4095,0.8092,0.1025,-0.012,0.5784
independent_20260430_203326,trial_001,subject_001,1777552411.8942766,1777552411.8942766,275203.5041122,11,L_Tibia,275,1,-1.1771,9.2401,-2.2682,27.832,-2.7466,3.7842,108.7097,8.5968,-57.6453,0.6889,0.4289,-0.2268,0.5385
independent_20260430_203326,trial_001,subject_001,1777552411.8952794,1777552411.8952794,275203.5043082,13,R_Femur,293,1,-0.6604,8.1443,3.029,-6.0425,27.6489,7.6294,78.6182,2.851,-34.8047,0.5986,0.2078,-0.2163,0.7428
independent_20260430_203326,trial_001,subject_001,1777552411.8952794,1777552411.8952794,275203.5044886,14,R_Tibia,149,1,-0.2393,8.2879,-0.8518,-54.0771,20.5688,16.4185,88.6597,-2.2742,177.3193,0.0022,-0.6988,0.7147,0.0306
independent_20260430_203326,trial_001,subject_001,1777552411.8952794,1777552411.8952794,275203.5046652,9,Trunk,274,1,-0.8087,9.5942,0.134,3.7231,10.498,4.1504,92.3895,3.4497,-151.9904,0.1544,0.705,-0.6661,0.1885
independent_20260430_203326,trial_001,subject_001,1777552411.8952794,1777552411.8952794,275203.504775,11,L_Tibia,276,1,-1.091,9.1588,-2.718,28.9307,-4.9438,4.6997,109.2755,8.5529,-57.7332,0.6914,0.4304,-0.2254,0.5348
independent_20260430_203326,trial_001,subject_001,1777552411.8952794,1777552411.8952794,275203.5048739,12,L_Foot,297,1,-0.9762,0.4833,9.9723,4.3945,-1.2207,1.0986,2.8015,5.2515,-122.0581,-0.0282,0.0435,-0.8731,0.4847
independent_20260430_203326,trial_001,subject_001,1777552411.8952794,1777552411.8952794,275203.504971,13,R_Femur,294,1,-0.6364,8.5606,3.0338,-5.0659,25.2686,6.7749,78.5577,2.8235,-34.3927,0.599,0.2053,-0.2139,0.7439
independent_20260430_203326,trial_001,subject_001,1777552411.8952794,1777552411.8952794,275203.5050651,15,R_Foot,145,1,0.8565,2.9812,7.8429,-32.7759,-28.1372,31.7383,-16.463,-12.5189,-174.0564,0.1004,-0.1477,-0.9817,0.0666
independent_20260430_203326,trial_001,subject_001,1777552411.8952794,1777552411.8952794,275203.5051592,10,L_Femur,266,1,-0.9666,8.8621,-2.9764,29.1138,18.0054,-1.0376,110.3851,5.5151,-9.7668,0.8148,0.0972,-0.0092,0.5715
independent_20260430_203326,trial_001,subject_001,1777552411.896376,1777552411.896376,275203.5052523,11,L_Tibia,277,1,-0.7991,9.1492,-2.8615,29.7852,-5.188,4.0894,109.7095,8.5309,-57.8156,0.6931,0.4317,-0.2243,0.5319
independent_20260430_203326,trial_001,subject_001,1777552411.896376,1777552411.896376,275203.5053453,12,L_Foot,298,1,-0.9379,0.5646,9.9675,4.0283,-1.2207,1.0986,2.8784,5.235,-122.0416,-0.0278,0.0441,-0.8731,0.4848
independent_20260430_203326,trial_001,subject_001,1777552411.896376,1777552411.896376,275203.5054384,13,R_Femur,295,1,-0.6986,8.8478,3.1008,-4.0894,21.8506,7.0801,78.5028,2.7795,-34.0247,0.5994,0.203,-0.2118,0.7448
independent_20260430_203326,trial_001,subject_001,1777552411.896376,1777552411.896376,275203.5055537,14,R_Tibia,150,1,0.3254,8.0726,-0.6795,-25.7568,19.5923,12.8174,87.3743,-2.7356,178.006,-0.0052,-0.6907,0.7225,0.0291
independent_20260430_203326,trial_001,subject_001,1777552411.896376,1777552411.896376,275203.5056563,9,Trunk,275,1,-0.7848,9.4746,0.378,1.0986,8.9722,5.3101,92.428,3.2739,-151.7157,0.1571,0.7046,-0.6657,0.189
independent_20260430_203326,trial_001,subject_001,1777552411.896376,1777552411.896376,275203.5057508,11,L_Tibia,278,1,-0.4785,9.1971,-3.0529,30.7007,-1.8311,4.2725,110.1599,8.4979,-57.8595,0.6951,0.4327,-0.223,0.529
independent_20260430_203326,trial_001,subject_001,1777552411.896376,1777552411.896376,275203.5058742,12,L_Foot,299,1,-0.8948,0.5503,9.9579,4.3945,-0.9155,0.9155,2.9553,5.2295,-122.0361,-0.0274,0.0446,-0.873,0.4849
independent_20260430_203326,trial_001,subject_001,1777552411.896376,1777552411.896376,275203.505995,13,R_Femur,296,1,-0.8565,8.7521,3.1534,-0.7324,16.1743,8.4229,78.4808,2.6862,-33.6292,0.6001,0.2003,-0.2098,0.7455
independent_20260430_203326,trial_001,subject_001,1777552411.896376,1777552411.896376,275203.5061478,15,R_Foot,146,1,-0.1436,2.7228,7.8189,-7.6904,-13.6108,11.5967,-17.2321,-12.8979,-173.194,0.102,-0.1552,-0.9797,0.0751
independent_20260430_203326,trial_001,subject_001,1777552411.973212,1777552411.973212,275203.5823534,9,Trunk,276,1,-0.6699,9.5607,0.5455,1.0986,10.437,6.3477,92.439,3.1311,-151.5234,0.1592,0.7042,-0.6655,0.1892
independent_20260430_203326,trial_001,subject_001,1777552411.973212,1777552411.973212,275203.5824874,10,L_Femur,267,1,-0.6173,9.0487,-2.9668,34.9731,17.5781,2.5635,111.5442,5.2515,-9.223,0.8212,0.0921,-0.0074,0.5631
independent_20260430_203326,trial_001,subject_001,1777552411.973212,1777552411.973212,275203.5826079,11,L_Tibia,279,1,-0.4977,9.2976,-3.297,30.2734,1.2207,2.7466,110.7751,8.443,-57.8485,0.6982,0.4336,-0.221,0.5251
independent_20260430_203326,trial_001,subject_001,1777552411.973212,1777552411.973212,275203.5827228,12,L_Foot,300,1,-0.8853,0.5646,10.0345,4.0283,-0.4883,0.5493,2.9883,5.224,-122.0251,-0.0272,0.0449,-0.8729,0.485
independent_20260430_203326,trial_001,subject_001,1777552411.973212,1777552411.973212,275203.5828562,13,R_Femur,297,1,-0.9522,8.4889,3.0338,4.1504,13.0005,11.1084,78.5358,2.5653,-33.3875,0.6011,0.1984,-0.2088,0.7454
independent_20260430_203326,trial_001,subject_001,1777552411.973212,1777552411.973212,275203.5829843,14,R_Tibia,151,1,0.0431,8.0343,-0.8278,3.418,13.6108,8.2397,87.0996,-3.0322,178.6377,-0.011,-0.6889,0.7243,0.0268
independent_20260430_203326,trial_001,subject_001,1777552411.9742205,1777552411.9742205,275203.583104,9,Trunk,277,1,-0.5646,9.7091,0.6364,0.3662,11.3525,7.2021,92.4445,3.0103,-151.3586,0.1609,0.7038,-0.6654,0.1894
independent_20260430_203326,trial_001,subject_001,1777552411.9742205,1777552411.9742205,275203.5832516,10,L_Femur,268,1,-0.7369,9.1205,-3.0242,36.6211,21.4844,2.7466,112.1155,5.0922,-8.9429,0.8243,0.0893,-0.0067,0.559
independent_20260430_203326,trial_001,subject_001,1777552411.9742205,1777552411.9742205,275203.5833865,11,L_Tibia,280,1,-0.89,9.3119,-3.297,29.7241,1.5259,3.2959,111.2311,8.4045,-57.8265,0.7004,0.4342,-0.2194,0.5223
independent_20260430_203326,trial_001,subject_001,1777552411.9742205,1777552411.9742205,275203.5834842,12,L_Foot,301,1,-0.8853,0.4737,9.9483,4.8828,-0.3052,0.3662,3.0048,5.2295,-122.0251,-0.0272,0.045,-0.8729,0.485
independent_20260430_203326,trial_001,subject_001,1777552411.9742205,1777552411.9742205,275203.5835742,13,R_Femur,298,1,-1.0671,8.3405,2.9285,11.2305,9.0332,14.5264,78.6841,2.3895,-33.1842,0.6028,0.1964,-0.2081,0.7448
independent_20260430_203326,trial_001,subject_001,1777552411.9742205,1777552411.9742205,275203.5836648,15,R_Foot,147,1,1.9619,2.0098,6.8811,26.001,22.522,1.0376,-17.0288,-12.821,-173.1281,0.1014,-0.1535,-0.98,0.0754
independent_20260430_203326,trial_001,subject_001,1777552411.9833722,1777552411.9833722,275203.5923758,9,Trunk,278,1,-0.6077,9.6899,0.6269,-1.0376,11.8408,8.9722,92.4225,2.818,-151.1279,0.1634,0.7031,-0.6655,0.1897
independent_20260430_203326,trial_001,subject_001,1777552411.9833722,1777552411.9833722,275203.5925517,10,L_Femur,269,1,-0.8039,8.8334,-3.4501,40.4053,25.0854,1.5259,112.9395,4.8669,-8.4979,0.8288,0.0851,-0.0056,0.553
independent_20260430_203326,trial_001,subject_001,1777552411.9833722,1777552411.9833722,275203.5927856,11,L_Tibia,281,1,-0.8709,9.1731,-3.5123,27.771,-0.7324,3.0518,111.7969,8.3551,-57.8375,0.7031,0.4351,-0.2176,0.5186
independent_20260430_203326,trial_001,subject_001,1777552411.9833722,1777552411.9833722,275203.5929333,12,L_Foot,302,1,-0.914,0.6651,10.0249,4.4556,-0.4883,0.3052,3.1146,5.224,-122.0251,-0.0267,0.0458,-0.8729,0.485
independent_20260430_203326,trial_001,subject_001,1777552411.9833722,1777552411.9833722,275203.5930544,13,R_Femur,299,1,-1.0862,8.4219,2.8328,18.7988,-0.061,18.1885,79.0192,2.049,-33.0469,0.6059,0.1941,-0.2085,0.7428
independent_20260430_203326,trial_001,subject_001,1777552411.9833722,1777552411.9833722,275203.5931717,14,R_Tibia,152,1,0.1627,8.2783,-0.6077,26.2451,4.2114,6.0425,87.6489,-3.208,178.8794,-0.0134,-0.6923,0.721,0.0264
independent_20260430_203326,trial_001,subject_001,1777552411.984372,1777552411.984372,275203.5932896,9,Trunk,279,1,-0.7513,9.5847,0.6125,-2.5024,12.085,9.3384,92.384,2.6642,-150.9576,0.1653,0.7025,-0.6657,0.1898
independent_20260430_203326,trial_001,subject_001,1777552411.984372,1777552411.984372,275203.5934056,10,L_Femur,270,1,-0.646,8.5319,-3.7133,44.5557,25.2075,2.8076,113.6206,4.6747,-8.1519,0.8325,0.0817,-0.0048,0.548
independent_20260430_203326,trial_001,subject_001,1777552411.984372,1777552411.984372,275203.5935288,11,L_Tibia,282,1,-0.7943,8.9674,-3.5554,27.9541,1.2817,3.418,112.2144,8.3057,-57.8375,0.7051,0.4357,-0.2163,0.5159
independent_20260430_203326,trial_001,subject_001,1777552411.984372,1777552411.984372,275203.5936364,12,L_Foot,303,1,-0.9235,0.7178,10.001,4.1504,-0.3052,-0.1221,3.1915,5.224,-122.0306,-0.0264,0.0464,-0.8729,0.485
independent_20260430_203326,trial_001,subject_001,1777552411.984372,1777552411.984372,275203.5937302,13,R_Femur,300,1,-0.981,8.6324,2.7802,19.8975,-6.4697,19.4702,79.3103,1.7413,-33.0634,0.6084,0.1928,-0.2098,0.7407
independent_20260430_203326,trial_001,subject_001,1777552411.984372,1777552411.984372,275203.5938226,15,R_Foot,148,1,2.3399,0.3876,8.197,65.7959,105.957,12.3291,-14.8315,-10.2338,-173.4467,0.0809,-0.1334,-0.9854,0.0679
independent_20260430_203326,trial_001,subject_001,1777552412.0225525,1777552412.0225525,275203.6321671,9,Trunk,280,1,-0.7896,9.4507,0.7178,-4.6387,12.6953,9.5215,92.3181,2.5104,-150.7764,0.1672,0.7016,-0.6661,0.19
independent_20260430_203326,trial_001,subject_001,1777552412.0225525,1777552412.0225525,275203.6323037,10,L_Femur,271,1,-0.6843,8.5606,-3.6654,47.9736,23.5596,3.54,114.3567,4.4769,-7.8333,0.8363,0.0785,-0.0042,0.5426
independent_20260430_203326,trial_001,subject_001,1777552412.023563,1777552412.023563,275203.6324315,11,L_Tibia,283,1,-0.914,9.0918,-3.3927,26.3672,2.8687,4.0283,112.6263,8.2452,-57.8101,0.7073,0.4361,-0.215,0.5132
independent_20260430_203326,trial_001,subject_001,1777552412.023563,1777552412.023563,275203.6325373,12,L_Foot,304,1,-0.9188,0.5359,9.9914,4.2725,-0.2441,-0.1221,3.2629,5.2295,-122.0361,-0.0261,0.047,-0.8729,0.485
independent_20260430_203326,trial_001,subject_001,1777552412.023563,1777552412.023563,275203.6326391,13,R_Femur,301,1,-0.4211,9.0392,2.694,16.7847,-5.3101,21.9116,79.6509,1.2964,-33.0963,0.6114,0.1907,-0.2118,0.7382
independent_20260430_203326,trial_001,subject_001,1777552412.023563,1777552412.023563,275203.6327381,14,R_Tibia,153,1,1.2824,8.6085,-0.6795,51.2085,26.6113,-5.188,89.1376,-3.1311,179.4507,-0.0161,-0.7016,0.712,0.0226
independent_20260430_203326,trial_001,subject_001,1777552412.023563,1777552412.023563,275203.6328536,9,Trunk,281,1,-0.6125,9.4746,0.9475,-4.0894,14.7095,10.2539,92.2247,2.2852,-150.5017,0.1701,0.7003,-0.6666,0.1904
independent_20260430_203326,trial_001,subject_001,1777552412.023563,1777552412.023563,275203.6329581,10,L_Femur,272,1,-0.9331,8.7616,-3.541,50.415,24.7192,3.9062,115.3839,4.2023,-7.4158,0.8416,0.0742,-0.0036,0.535
independent_20260430_203326,trial_001,subject_001,1777552412.023563,1777552412.023563,275203.6330725,11,L_Tibia,284,1,-1.225,9.1444,-3.2778,26.6113,5.3101,3.9062,113.1647,8.1519,-57.7277,0.7102,0.4362,-0.2132,0.5097
independent_20260430_203326,trial_001,subject_001,1777552412.023563,1777552412.023563,275203.6331752,12,L_Foot,305,1,-0.9331,0.5694,10.0393,3.7231,-0.4272,-0.1221,3.3563,5.224,-122.0416,-0.0257,0.0477,-0.8729,0.4849
independent_20260430_203326,trial_001,subject_001,1777552412.023563,1777552412.023563,275203.633289,13,R_Femur,302,1,-0.0622,9.2976,2.45,17.0898,0.0,24.292,79.8981,0.9338,-33.0359,0.6138,0.1885,-0.2129,0.7364
independent_20260430_203326,trial_001,subject_001,1777552412.023563,1777552412.023563,275203.6333898,15,R_Foot,149,1,1.6509,-2.8663,7.929,93.5059,76.1719,16.2354,-12.2552,-7.641,-173.7158,0.0603,-0.11,-0.9902,0.0615
independent_20260430_203326,trial_001,subject_001,1777552412.0245626,1777552412.0245626,275203.6334851,9,Trunk,282,1,-0.4594,9.6899,0.914,-4.1504,15.1367,10.5591,92.1533,2.1149,-150.2765,0.1723,0.6993,-0.667,0.1907
independent_20260430_203326,trial_001,subject_001,1777552412.0245626,1777552412.0245626,275203.6336041,10,L_Femur,273,1,-1.1867,8.9147,-3.5027,49.1333,25.2075,4.6997,116.142,3.9716,-7.0917,0.8454,0.0707,-0.0033,0.5294
independent_20260430_203326,trial_001,subject_001,1777552412.0245626,1777552412.0245626,275203.6337265,11,L_Tibia,285,1,-1.2824,9.1875,-2.9812,28.0762,9.9487,5.4321,113.5986,8.0365,-57.6178,0.7129,0.4359,-0.2118,0.5069
independent_20260430_203326,trial_001,subject_001,1777552412.0245626,1777552412.0245626,275203.6338227,12,L_Foot,306,1,-0.9522,0.5407,9.9005,4.5166,-0.9155,0.1221,3.4332,5.2185,-122.0471,-0.0253,0.0482,-0.8729,0.4849
independent_20260430_203326,trial_001,subject_001,1777552412.0245626,1777552412.0245626,275203.6339153,13,R_Femur,303,1,0.1244,9.0392,1.8327,23.3154,4.2114,25.5127,80.2222,0.5658,-32.9041,0.6168,0.1861,-0.2135,0.7344
independent_20260430_203326,trial_001,subject_001,1777552412.0245626,1777552412.0245626,275203.6340068,14,R_Tibia,154,1,-0.1101,10.6757,1.6222,33.6914,30.6396,4.3945,90.5823,-3.0652,-179.3793,0.0227,0.7103,-0.7033,-0.0152
independent_20260430_203326,trial_001,subject_001,1777552412.0245626,1777552412.0245626,275203.6340985,9,Trunk,283,1,-0.402,9.7809,0.7608,-2.7466,15.1978,10.437,92.1039,1.9391,-150.0568,0.1746,0.6985,-0.6672,0.191
independent_20260430_203326,trial_001,subject_001,1777552412.0245626,1777552412.0245626,275203.63419,10,L_Femur,274,1,-1.5647,9.0392,-3.541,47.4854,21.7896,3.9673,117.1198,3.6859,-6.7072,0.8503,0.0666,-0.0031,0.522
independent_20260430_203326,trial_001,subject_001,1777552412.0245626,1777552412.0245626,275203.6343329,11,L_Tibia,286,1,-1.4021,9.1971,-2.8376,29.9683,10.437,6.6528,114.0601,7.8937,-57.4915,0.7158,0.4354,-0.2105,0.5038
independent_20260430_203326,trial_001,subject_001,1777552412.0255616,1777552412.0255616,275203.6344863,12,L_Foot,307,1,-0.9762,0.512,9.9531,5.249,-1.0986,0.3662,3.5211,5.2075,-122.0471,-0.0249,0.0488,-0.8728,0.4849
independent_20260430_203326,trial_001,subject_001,1777552412.0255616,1777552412.0255616,275203.6346356,13,R_Femur,304,1,0.0861,8.9339,0.823,32.6538,13.0615,21.9727,80.8209,0.1263,-32.6184,0.6219,0.1828,-0.2131,0.731
independent_20260430_203326,trial_001,subject_001,1777552412.0255616,1777552412.0255616,275203.6347959,15,R_Foot,150,1,0.5599,-2.8807,9.0583,100.4639,91.98,13.3667,-8.9539,-4.4275,-173.7543,0.0342,-0.08,-0.9946,0.0573
independent_20260430_203326,trial_001,subject_001,1777552412.0255616,1777552412.0255616,275203.6349175,9,Trunk,284,1,-0.579,9.9292,0.445,0.3662,14.7095,10.2539,92.0929,1.7139,-149.7656,0.1777,0.6976,-0.6672,0.1914
independent_20260430_203326,trial_001,subject_001,1777552412.0255616,1777552412.0255616,275203.635036,10,L_Femur,275,1,-1.6174,9.2641,-3.5458,46.3257,16.9067,4.4556,117.8339,3.4991,-6.4929,0.8538,0.0642,-0.0031,0.5167
independent_20260430_203326,trial_001,subject_001,1777552412.0533483,1777552412.0533483,275203.6622011,11,L_Tibia,287,1,-1.2681,9.4028,-2.8615,34.3018,10.0098,8.4839,114.7412,7.6685,-57.3596,0.7199,0.4349,-0.2088,0.499
independent_20260430_203326,trial_001,subject_001,1777552412.0533483,1777552412.0533483,275203.6623494,12,L_Foot,308,1,-0.8374,0.4737,9.9005,7.1411,-1.3428,1.0986,3.6639,5.191,-122.0361,-0.0241,0.0499,-0.8727,0.4851
independent_20260430_203326,trial_001,subject_001,1777552412.0533483,1777552412.0533483,275203.6625163,13,R_Femur,305,1,0.2632,9.6517,0.9188,31.4331,29.6021,18.5547,81.2988,-0.0989,-32.1735,0.6261,0.1799,-0.2108,0.7288
independent_20260430_203326,trial_001,subject_001,1777552412.0533483,1777552412.0533483,275203.6626778,14,R_Tibia,155,1,-0.3828,10.7379,2.7419,21.7285,2.6245,5.127,91.3184,-3.3673,-179.0112,0.0267,0.7147,-0.6988,-0.015
independent_20260430_203326,trial_001,subject_001,1777552412.1241019,1777552412.1241019,275203.732958,9,Trunk,285,1,-0.8135,10.202,0.2345,-0.4272,11.5967,8.9722,92.0764,1.5601,-149.5844,0.1797,0.697,-0.6672,0.1915
independent_20260430_203326,trial_001,subject_001,1777552412.1241019,1777552412.1241019,275203.733194,10,L_Femur,276,1,-1.4643,9.7139,-3.1773,41.9922,13.855,4.8218,118.4875,3.3289,-6.3281,0.8569,0.0622,-0.0033,0.5118
independent_20260430_203326,trial_001,subject_001,1777552412.1241019,1777552412.1241019,275203.7334044,11,L_Tibia,288,1,-0.8948,9.5607,-2.6223,39.1235,17.395,8.728,115.34,7.4597,-57.1893,0.7237,0.4341,-0.2072,0.4949
independent_20260430_203326,trial_001,subject_001,1777552412.1241019,1777552412.1241019,275203.7336129,12,L_Foot,309,1,-0.8661,0.5072,9.9483,8.0566,-0.9155,0.7324,3.7958,5.1801,-122.0251,-0.0235,0.0508,-0.8726,0.4852
independent_20260430_203326,trial_001,subject_001,1777552412.1241019,1777552412.1241019,275203.7338187,13,R_Femur,306,1,1.0671,11.1303,2.3017,9.5825,51.9409,15.0757,81.5131,-0.2307,-31.4264,0.6289,0.1753,-0.2064,0.7288
independent_20260430_203326,trial_001,subject_001,1777552412.1250803,1777552412.1250803,275203.7340208,15,R_Foot,151,1,-4.8043,-0.0909,9.221,113.5254,23.6816,-5.7983,-4.9658,-3.3289,-173.6279,0.0266,-0.0448,-0.997,0.0568
independent_20260430_203326,trial_001,subject_001,1777552412.1250803,1777552412.1250803,275203.7342185,9,Trunk,286,1,-0.8087,10.5704,-0.134,1.1597,9.5825,6.7139,92.0819,1.3953,-149.3921,0.1818,0.6965,-0.6672,0.1917
independent_20260430_203326,trial_001,subject_001,1777552412.1250803,1777552412.1250803,275203.7343682,10,L_Femur,277,1,-1.6796,10.0153,-2.6605,32.7759,12.6343,4.0894,119.2017,3.1201,-6.1304,0.8602,0.0599,-0.0036,0.5064
independent_20260430_203326,trial_001,subject_001,1777552412.1250803,1777552412.1250803,275203.7344874,11,L_Tibia,289,1,-1.2776,9.599,-2.048,44.3115,21.7285,11.2915,116.2408,7.0917,-56.8762,0.7297,0.4323,-0.2048,0.4885
independent_20260430_203326,trial_001,subject_001,1777552412.1250803,1777552412.1250803,275203.7346032,12,L_Foot,310,1,-1.0336,0.335,10.0153,10.6201,-0.3662,1.4648,4.01,5.1691,-122.0087,-0.0225,0.0524,-0.8725,0.4853
independent_20260430_203326,trial_001,subject_001,1777552412.1250803,1777552412.1250803,275203.7347246,13,R_Femur,307,1,1.9763,12.5323,5.0675,-23.4375,86.3647,11.8408,81.156,-0.2637,-29.8553,0.629,0.1659,-0.1971,0.7335
independent_20260430_203326,trial_001,subject_001,1777552412.1250803,1777552412.1250803,275203.7348405,14,R_Tibia,156,1,-0.5024,10.8192,1.0432,32.1045,40.1611,-9.3994,92.1423,-3.1805,-178.2312,0.0304,0.7195,-0.6937,-0.0093
independent_20260430_203326,trial_001,subject_001,1777552412.126079,1777552412.126079,275203.7349553,9,Trunk,287,1,-0.8135,10.7044,-0.4642,1.4648,6.958,4.8828,92.0874,1.3019,-149.2767,0.1831,0.6962,-0.6671,0.1918
independent_20260430_203326,trial_001,subject_001,1777552412.126079,1777552412.126079,275203.7350939,10,L_Femur,278,1,-1.9284,10.1685,-2.5983,22.9492,10.2539,3.2349,119.5807,2.9938,-6.004,0.862,0.0584,-0.0038,0.5035
independent_20260430_203326,trial_001,subject_001,1777552412.126079,1777552412.126079,275203.7352113,11,L_Tibia,290,1,-1.7657,9.5607,-1.8614,49.6826,15.8081,14.2212,116.9934,6.8005,-56.7224,0.7342,0.4316,-0.2033,0.483
independent_20260430_203326,trial_001,subject_001,1777552412.126079,1777552412.126079,275203.7353241,12,L_Foot,311,1,-1.0145,0.3637,9.9723,13.0615,-0.1221,1.77,4.2133,5.1691,-121.9867,-0.0216,0.054,-0.8723,0.4855
independent_20260430_203326,trial_001,subject_001,1777552412.126079,1777552412.126079,275203.7354359,13,R_Femur,308,1,0.5359,11.5035,5.2206,-6.4087,93.3838,6.5308,80.9857,-0.1703,-28.4436,0.6297,0.1584,-0.1878,0.7369
independent_20260430_203326,trial_001,subject_001,1777552412.126079,1777552412.126079,275203.735549,15,R_Foot,152,1,2.1342,0.1771,10.7235,124.2676,10.8032,-8.1177,-0.7526,-2.7411,-174.1223,0.0235,-0.0078,-0.9984,0.0514
independent_20260430_203326,trial_001,subject_001,1777552412.1436458,1777552412.1436458,275203.7529532,9,Trunk,288,1,-0.7991,10.7762,-0.6029,-1.4038,3.1128,1.77,92.0709,1.2579,-149.2218,0.1836,0.6959,-0.6672,0.1918
independent_20260430_203326,trial_001,subject_001,1777552412.144182,1777552412.144182,275203.7531003,10,L_Femur,279,1,-2.0098,10.1397,-2.6653,13.7939,6.4697,2.6245,119.8169,2.9004,-5.9216,0.8631,0.0573,-0.004,0.5017
independent_20260430_203326,trial_001,subject_001,1777552412.144182,1777552412.144182,275203.7532567,11,L_Tibia,291,1,-1.5695,9.5847,-1.9858,55.2368,10.2539,17.7002,117.8119,6.5039,-56.6675,0.7386,0.4315,-0.202,0.4769
independent_20260430_203326,trial_001,subject_001,1777552412.144182,1777552412.144182,275203.7534172,12,L_Foot,312,1,-0.9427,0.3302,9.8718,15.9912,0.4883,1.5869,4.4604,5.1746,-121.9647,-0.0206,0.0559,-0.8721,0.4858
independent_20260430_203326,trial_001,subject_001,1777552412.1447153,1777552412.1447153,275203.7535816,13,R_Femur,309,1,-2.761,10.5369,3.8999,0.5493,77.0264,-1.0376,80.9912,0.0549,-26.8286,0.6316,0.151,-0.1761,0.7398
independent_20260430_203326,trial_001,subject_001,1777552412.1447153,1777552412.1447153,275203.7537372,14,R_Tibia,157,1,-0.7321,10.4316,0.1196,29.7241,53.833,-4.6997,93.1531,-3.0212,-176.4569,0.0406,0.7251,-0.6874,0.0021
independent_20260430_203326,trial_001,subject_001,1777552412.1447153,1777552412.1447153,275203.7538773,9,Trunk,289,1,-0.6651,10.6374,-0.2201,-6.3477,-1.0986,-2.1362,91.9446,1.2689,-149.2218,0.1834,0.6952,-0.6679,0.1921
independent_20260430_203326,trial_001,subject_001,1777552412.1447153,1777552412.1447153,275203.7539864,10,L_Femur,280,1,-2.0576,9.9723,-2.7897,6.897,0.6104,2.3193,119.9872,2.829,-5.8942,0.8639,0.0568,-0.0044,0.5004
independent_20260430_203326,trial_001,subject_001,1777552412.1447153,1777552412.1447153,275203.7540902,11,L_Tibia,292,1,-0.9331,9.5942,-2.3208,62.0728,7.1411,21.9727,119.0149,6.0699,-56.7059,0.7445,0.4323,-0.2005,0.4676
independent_20260430_203326,trial_001,subject_001,1777552412.1452441,1777552412.1452441,275203.7541931,12,L_Foot,313,1,-0.8374,0.4498,9.9914,16.9678,1.8311,1.3428,4.812,5.213,-121.9373,-0.0194,0.0587,-0.8718,0.486
independent_20260430_203326,trial_001,subject_001,1777552412.1452441,1777552412.1452441,275203.754295,13,R_Femur,310,1,-3.7372,9.6038,3.163,4.6997,69.397,-0.7324,81.0352,0.2307,-25.7684,0.633,0.1464,-0.1682,0.7414
independent_20260430_203326,trial_001,subject_001,1777552412.1452441,1777552412.1452441,275203.7543985,15,R_Foot,153,1,-0.7896,0.5455,12.6137,64.1479,-9.3384,-3.1738,1.203,-2.0764,-174.1663,0.0186,0.0096,-0.9985,0.0507
independent_20260430_203326,trial_001,subject_001,1777552412.1452441,1777552412.1452441,275203.7545384,9,Trunk,290,1,-0.6986,10.5321,0.0718,-7.2632,-3.9673,-3.9673,91.8237,1.3184,-149.2712,0.1826,0.6947,-0.6687,0.1923
independent_20260430_203326,trial_001,subject_001,1777552412.1457582,1777552412.1457582,275203.7547256,10,L_Femur,281,1,-1.9045,10.0249,-3.0099,3.479,-1.8921,3.0518,120.0476,2.796,-5.9326,0.8642,0.057,-0.0047,0.4999
independent_20260430_203326,trial_001,subject_001,1777552412.1457582,1777552412.1457582,275203.7548754,11,L_Tibia,293,1,-0.5742,9.8048,-2.7371,67.1997,6.8359,24.4751,119.9982,5.7129,-56.7719,0.7491,0.4331,-0.1994,0.4599
independent_20260430_203326,trial_001,subject_001,1777552412.1457582,1777552412.1457582,275203.7550116,12,L_Foot,314,1,-1.0958,0.6508,9.9627,15.625,2.1362,0.9766,5.0812,5.246,-121.9263,-0.0185,0.0609,-0.8715,0.4862
independent_20260430_203326,trial_001,subject_001,1777552412.1634865,1777552412.1634865,275203.7723539,13,R_Femur,311,1,-3.0529,9.288,2.5313,6.6528,64.27,4.6387,81.1395,0.3186,-24.8016,0.6347,0.1417,-0.1614,0.7423
independent_20260430_203326,trial_001,subject_001,1777552412.1634865,1777552412.1634865,275203.7725844,14,R_Tibia,158,1,0.8661,8.7903,-1.9476,76.1719,82.2144,-5.6763,94.8889,-3.0487,-173.9081,0.0571,0.7344,-0.6762,0.0164
independent_20260430_203326,trial_001,subject_001,1777552412.1634865,1777552412.1634865,275203.7727879,9,Trunk,291,1,-0.7226,10.7331,0.2728,-7.1411,-3.9062,-5.4932,91.6974,1.3898,-149.3262,0.1816,0.6941,-0.6694,0.1926
independent_20260430_203326,trial_001,subject_001,1777552412.1640005,1777552412.1640005,275203.7729509,10,L_Femur,282,1,-1.4164,10.4316,-3.3209,-3.0518,-2.1362,3.7231,119.9432,2.7466,-6.026,0.8637,0.0575,-0.0056,0.5007
independent_20260430_203326,trial_001,subject_001,1777552412.1640005,1777552412.1640005,275203.7731209,11,L_Tibia,294,1,-0.1244,9.9531,-2.9237,70.7397,9.7656,25.1465,121.0419,5.3229,-56.8433,0.7539,0.434,-0.1984,0.4516
independent_20260430_203326,trial_001,subject_001,1777552412.1640005,1777552412.1640005,275203.7732687,12,L_Foot,315,1,-0.9475,0.4785,10.0728,18.2495,2.3193,-0.4272,5.3668,5.2844,-121.9263,-0.0176,0.0632,-0.8714,0.4862
independent_20260430_203326,trial_001,subject_001,1777552412.1645317,1777552412.1645317,275203.7734281,13,R_Femur,312,1,-1.3446,10.8958,1.7227,-13.6719,62.1338,12.2681,80.9308,0.3241,-23.4723,0.635,0.1341,-0.153,0.7453
independent_20260430_203326,trial_001,subject_001,1777552412.1645317,1777552412.1645317,275203.7735997,15,R_Foot,154,1,1.0432,0.1005,10.202,11.3525,-3.1128,-0.061,1.8677,-2.2247,-174.2102,0.0202,0.0153,-0.9984,0.0502
independent_20260430_203326,trial_001,subject_001,1777552412.1645317,1777552412.1645317,275203.7738001,9,Trunk,292,1,-0.3063,11.1781,0.3493,-14.0381,0.2441,-5.5542,91.4502,1.4996,-149.3427,0.1805,0.6929,-0.6707,0.1936
independent_20260430_203326,trial_001,subject_001,1777552412.1650648,1777552412.1650648,275203.7740107,10,L_Femur,283,1,-1.0432,10.824,-3.3831,-17.4561,-1.0986,2.8687,119.718,2.7136,-6.059,0.8627,0.0576,-0.0061,0.5024
independent_20260430_203326,trial_001,subject_001,1777552412.1650648,1777552412.1650648,275203.7742193,11,L_Tibia,295,1,0.445,10.4412,-3.0721,74.646,16.2964,26.2451,122.536,4.7351,-56.8597,0.761,0.4346,-0.1968,0.4396
independent_20260430_203326,trial_001,subject_001,1777552412.1650648,1777552412.1650648,275203.7744158,12,L_Foot,316,1,-0.6986,0.3589,9.9866,18.2495,2.5024,0.0,5.7294,5.3339,-121.9263,-0.0164,0.0662,-0.8711,0.4863
independent_20260430_203326,trial_001,subject_001,1777552412.1655881,1777552412.1655881,275203.7746048,13,R_Femur,313,1,-1.2489,9.0344,-0.9188,17.2729,14.6484,21.3013,81.0791,0.0824,-23.0383,0.6368,0.1303,-0.1513,0.7447
independent_20260430_203326,trial_001,subject_001,1777552412.1655881,1777552412.1655881,275203.7747658,14,R_Tibia,159,1,-0.9188,10.068,-3.0051,58.3496,32.1045,2.8076,97.24,-3.1696,-171.8646,0.0714,0.7469,-0.6606,0.0262
independent_20260430_203326,trial_001,subject_001,1777552412.232698,1777552412.232698,275203.8424134,9,Trunk,293,1,-0.335,10.7188,0.1627,-17.7612,-1.4038,-3.0518,91.1755,1.5436,-149.3536,0.1797,0.6914,-0.6723,0.1942
independent_20260430_203326,trial_001,subject_001,1777552412.2336957,1777552412.2336957,275203.8425867,10,L_Femur,284,1,-0.6986,11.0059,-2.8711,-34.6069,-1.3428,1.0376,119.2621,2.6971,-6.0754,0.8607,0.0576,-0.0065,0.5058
independent_20260430_203326,trial_001,subject_001,1777552412.2336957,1777552412.2336957,275203.8427292,11,L_Tibia,296,1,0.9857,9.9436,-3.1726,80.1392,28.8696,24.4751,123.7335,4.2188,-56.7114,0.7673,0.4338,-0.1952,0.4301
independent_20260430_203326,trial_001,subject_001,1777552412.2336957,1777552412.2336957,275203.8428716,12,L_Foot,317,1,-0.2728,-0.6077,9.8861,33.3862,6.0425,0.8545,6.1908,5.4108,-121.9098,-0.015,0.07,-0.8708,0.4865
independent_20260430_203326,trial_001,subject_001,1777552412.2336957,1777552412.2336957,275203.843013,13,R_Femur,314,1,-1.4547,7.8716,-2.2729,31.9824,-24.6582,24.0479,81.5295,-0.3076,-23.2526,0.64,0.1296,-0.1544,0.7415
independent_20260430_203326,trial_001,subject_001,1777552412.2336957,1777552412.2336957,275203.8431522,9,Trunk,294,1,0.0096,10.001,-0.0048,-15.9912,0.3052,-0.1221,90.824,1.5546,-149.3646,0.1789,0.6893,-0.6745,0.1948
independent_20260430_203326,trial_001,subject_001,1777552412.2336957,1777552412.2336957,275203.8432961,10,L_Femur,285,1,-0.2728,11.2499,-1.7179,-69.0308,-8.4229,-1.2207,118.0701,2.7631,-6.1688,0.8553,0.0585,-0.007,0.5147
independent_20260430_203326,trial_001,subject_001,1777552412.2336957,1777552412.2336957,275203.8434362,11,L_Tibia,297,1,0.8757,10.312,-3.1247,84.8999,44.9829,26.5503,125.4474,3.3398,-56.3214,0.777,0.4311,-0.1934,0.4161
independent_20260430_203326,trial_001,subject_001,1777552412.2346952,1777552412.2346952,275203.8435731,12,L_Foot,318,1,-0.2775,-0.5694,10.0393,50.4761,9.8267,-1.2817,7.0972,5.5811,-121.9153,-0.0125,0.0776,-0.8701,0.4866
independent_20260430_203326,trial_001,subject_001,1777552412.2346952,1777552412.2346952,275203.8437182,13,R_Femur,315,1,-0.6029,8.3597,-0.6795,40.3442,-34.668,28.0762,82.2601,-0.9448,-23.8239,0.6449,0.1297,-0.1608,0.7359
independent_20260430_203326,trial_001,subject_001,1777552412.2346952,1777552412.2346952,275203.8438747,14,R_Tibia,160,1,-2.048,9.4124,-3.919,43.5791,-32.8369,15.686,98.7946,-3.4387,-172.2931,0.0705,0.7559,-0.6506,0.021
independent_20260430_203326,trial_001,subject_001,1777552412.2346952,1777552412.2346952,275203.8440185,9,Trunk,295,1,0.3924,9.8526,-0.2249,-15.9302,2.0142,1.77,90.5713,1.5216,-149.3372,0.1789,0.6877,-0.676,0.1951
independent_20260430_203326,trial_001,subject_001,1777552412.2346952,1777552412.2346952,275203.8441495,10,L_Femur,286,1,0.2201,10.7235,-1.0384,-84.1064,-15.0757,-1.4648,116.8341,2.8729,-6.3336,0.8496,0.0602,-0.0076,0.5239
independent_20260430_203326,trial_001,subject_001,1777552412.2346952,1777552412.2346952,275203.8442776,11,L_Tibia,298,1,0.335,10.4795,-2.4356,92.6514,55.4199,27.832,126.8427,2.5378,-55.8929,0.7852,0.4278,-0.1921,0.4044
independent_20260430_203326,trial_001,subject_001,1777552412.2346952,1777552412.2346952,275203.8444146,12,L_Foot,319,1,-0.5455,-0.6269,10.0584,74.646,15.7471,-0.061,8.1628,5.8008,-121.8988,-0.0096,0.0866,-0.8691,0.4869
independent_20260430_203326,trial_001,subject_001,1777552412.2356946,1777552412.2356946,275203.8445478,13,R_Femur,316,1,0.0048,8.6898,-0.1531,56.5796,-35.2783,22.8271,83.0621,-1.3843,-24.2963,0.65,0.1307,-0.1654,0.7301
independent_20260430_203326,trial_001,subject_001,1777552412.2356946,1777552412.2356946,275203.8447081,15,R_Foot,155,1,0.4211,0.8039,10.2737,9.5825,-3.6011,-1.5869,2.7686,-2.4554,-174.353,0.0226,0.0231,-0.9983,0.0487
independent_20260430_203326,trial_001,subject_001,1777552412.2356946,1777552412.2356946,275203.8448422,9,Trunk,296,1,0.4881,9.5942,-0.6508,-11.9629,2.6855,3.2349,90.368,1.4722,-149.2987,0.179,0.6864,-0.6772,0.1954
independent_20260430_203326,trial_001,subject_001,1777552412.2831132,1777552412.2831132,275203.8925379,10,L_Femur,287,1,0.9188,10.1541,-0.9618,-82.3364,-16.2354,-1.0986,115.1422,3.0322,-6.6083,0.8415,0.0628,-0.0086,0.5365
independent_20260430_203326,trial_001,subject_001,1777552412.2831132,1777552412.2831132,275203.8927271,11,L_Tibia,299,1,0.1005,10.5704,-1.6796,99.2432,57.0679,24.4141,128.3313,1.7194,-55.426,0.7937,0.4243,-0.1907,0.392
independent_20260430_203326,trial_001,subject_001,1777552412.2831132,1777552412.2831132,275203.8928401,12,L_Foot,320,1,-1.1867,-0.6508,9.9866,102.356,19.043,4.5166,9.6295,6.0699,-121.8054,-0.0053,0.0989,-0.8673,0.4878
independent_20260430_203326,trial_001,subject_001,1777552412.2831132,1777552412.2831132,275203.8929485,13,R_Femur,317,1,1.1628,9.8813,0.1914,62.7441,-19.2871,13.9771,84.3036,-1.7688,-24.7357,0.6579,0.1325,-0.1689,0.7219
independent_20260430_203326,trial_001,subject_001,1777552412.2841134,1777552412.2841134,275203.8930494,14,R_Tibia,161,1,0.512,9.9627,-2.4309,36.377,-19.165,12.6953,100.2283,-3.7573,-173.6774,0.0633,0.7646,-0.6413,0.0102
independent_20260430_203326,trial_001,subject_001,1777552412.2841134,1777552412.2841134,275203.8931541,9,Trunk,297,1,0.2536,9.2306,-1.2298,-6.4697,5.9204,5.6152,90.1978,1.3623,-149.2053,0.18,0.6851,-0.6783,0.1955
independent_20260430_203326,trial_001,subject_001,1777552412.2934117,1777552412.2934117,275203.9026051,10,L_Femur,288,1,1.5073,10.4604,-1.1484,-84.3506,-10.437,-0.6104,113.8788,3.1146,-6.7621,0.8355,0.0642,-0.0094,0.5457
independent_20260430_203326,trial_001,subject_001,1777552412.2934117,1777552412.2934117,275203.9027416,11,L_Tibia,300,1,0.335,10.1589,-2.1246,108.0933,42.4805,13.3057,130.4736,0.8679,-54.8712,0.8044,0.4212,-0.1869,0.3749
independent_20260430_203326,trial_001,subject_001,1777552412.2934117,1777552412.2934117,275203.9028538,12,L_Foot,321,1,-1.3159,-0.1483,10.3838,142.5171,27.1606,18.7378,12.3047,6.4929,-121.4429,0.0032,0.1209,-0.8629,0.4908
independent_20260430_203326,trial_001,subject_001,1777552412.2934117,1777552412.2934117,275203.9029602,13,R_Femur,318,1,1.4021,10.2785,-0.1483,63.0493,-11.1694,8.3618,85.2539,-1.9336,-24.9005,0.6639,0.1339,-0.1698,0.7159
independent_20260430_203326,trial_001,subject_001,1777552412.2934117,1777552412.2934117,275203.9030653,15,R_Foot,156,1,0.1579,0.4546,10.0871,6.4087,-5.6763,1.4038,2.9608,-2.6093,-174.342,0.024,0.0247,-0.9982,0.0487
independent_20260430_203326,trial_001,subject_001,1777552412.2934117,1777552412.2934117,275203.903167,9,Trunk,298,1,0.0622,9.2019,-1.4643,-4.4556,6.2866,7.2021,90.1154,1.2524,-149.1064,0.1811,0.6843,-0.6788,0.1956
independent_20260430_203326,trial_001,subject_001,1777552412.2944174,1777552412.2944174,275203.9032733,10,L_Femur,289,1,1.8901,10.8862,-1.1963,-93.9941,3.7842,1.6479,112.5,3.0872,-6.7566,0.8288,0.0639,-0.0104,0.5557
independent_20260430_203326,trial_001,subject_001,1777552412.2944174,1777552412.2944174,275203.9033745,11,L_Tibia,301,1,0.6029,9.9579,-3.3735,112.1216,41.4429,6.3477,132.16,0.379,-54.4812,0.8121,0.4196,-0.1829,0.3619
independent_20260430_203326,trial_001,subject_001,1777552412.2944174,1777552412.2944174,275203.9034795,12,L_Foot,322,1,-1.9141,1.6365,11.2834,132.7515,22.644,23.6206,14.3701,6.7786,-121.0144,0.0104,0.1376,-0.8584,0.494
independent_20260430_203326,trial_001,subject_001,1777552412.2944174,1777552412.2944174,275203.9035779,13,R_Femur,319,1,1.0527,10.2546,-0.5072,54.7485,-5.4932,3.2959,86.0999,-2.0105,-24.9884,0.6691,0.1351,-0.1698,0.7108
independent_20260430_203326,trial_001,subject_001,1777552412.2944174,1777552412.2944174,275203.9036751,14,R_Tibia,162,1,1.804,9.8909,-1.4021,29.2969,53.5889,5.4932,101.2775,-4.2023,-172.7106,0.0723,0.7696,-0.6343,0.012
independent_20260430_203326,trial_001,subject_001,1777552412.3234382,1777552412.3234382,275203.9330594,9,Trunk,299,1,-0.0622,9.2354,-1.5647,-2.5024,5.7373,9.9487,90.0604,1.1041,-149.0186,0.1824,0.6836,-0.6792,0.1953
independent_20260430_203326,trial_001,subject_001,1777552412.3234382,1777552412.3234382,275203.9332457,10,L_Femur,290,1,0.7369,10.9149,-1.7035,-99.9146,19.2261,1.77,110.528,2.9279,-6.4764,0.8194,0.0609,-0.0112,0.5699
independent_20260430_203326,trial_001,subject_001,1777552412.3244438,1777552412.3244438,275203.9334101,11,L_Tibia,302,1,0.8278,9.9531,-5.2063,111.084,46.1426,4.8218,133.83,-0.1263,-54.0143,0.8198,0.4174,-0.179,0.3489
independent_20260430_203326,trial_001,subject_001,1777552412.3244438,1777552412.3244438,275203.9335628,12,L_Foot,323,1,-1.1054,0.6077,10.9341,165.1611,27.9541,31.0669,16.8311,7.0422,-120.4871,0.0198,0.157,-0.8527,0.4978
independent_20260430_203326,trial_001,subject_001,1777552412.3244438,1777552412.3244438,275203.9337146,13,R_Femur,320,1,0.8135,9.7952,-0.4067,44.6777,3.6621,3.1128,87.0337,-2.0819,-24.9445,0.6751,0.1358,-0.1688,0.7052
independent_20260430_203326,trial_001,subject_001,1777552412.3244438,1777552412.3244438,275203.9338677,15,R_Foot,157,1,0.7943,0.3397,10.0105,9.9487,-5.6152,0.5493,3.2629,-2.8235,-174.3146,0.026,0.0272,-0.9981,0.0489
independent_20260430_203326,trial_001,subject_001,1777552412.3244438,1777552412.3244438,275203.9340068,9,Trunk,300,1,-0.2297,9.4459,-1.4355,-1.3428,3.2349,13.3057,90.011,0.8405,-148.9417,0.1843,0.6827,-0.6798,0.1943
independent_20260430_203326,trial_001,subject_001,1777552412.3244438,1777552412.3244438,275203.9341599,10,L_Femur,291,1,-0.8565,10.781,-2.5074,-99.1821,25.2075,-2.7466,109.0503,2.829,-6.1249,0.8122,0.0578,-0.0109,0.5804
independent_20260430_203326,trial_001,subject_001,1777552412.325444,1777552412.325444,275203.9342935,11,L_Tibia,303,1,0.7608,9.4794,-6.0197,106.6284,43.335,8.8501,136.0217,-0.8459,-53.476,0.8293,0.4147,-0.1746,0.3313
independent_20260430_203326,trial_001,subject_001,1777552412.325444,1777552412.325444,275203.934443,12,L_Foot,324,1,-0.8709,0.7704,11.0154,215.6982,38.208,38.6353,20.9509,7.5256,-119.5367,0.0356,0.1892,-0.8418,0.5043
independent_20260430_203326,trial_001,subject_001,1777552412.325444,1777552412.325444,275203.9345964,13,R_Femur,321,1,1.024,9.867,-0.1483,42.2974,4.1504,5.4321,87.6654,-2.1588,-24.873,0.6791,0.1359,-0.1681,0.7015
independent_20260430_203326,trial_001,subject_001,1777552412.325444,1777552412.325444,275203.9347533,14,R_Tibia,163,1,-0.2632,9.6086,-2.8759,23.3765,4.3335,10.0708,102.085,-4.6747,-171.6229,0.0823,0.773,-0.6289,0.0143
independent_20260430_203326,trial_001,subject_001,1777552412.3259492,1777552412.3259492,275203.9349111,9,Trunk,301,1,-0.0431,9.6899,-1.1819,-2.2583,3.1738,13.2446,89.967,0.6317,-148.8922,0.1858,0.6821,-0.6804,0.1934
independent_20260430_203326,trial_001,subject_001,1777552412.3259492,1777552412.3259492,275203.9350644,10,L_Femur,292,1,-1.7514,10.6135,-3.6606,-100.708,20.1416,-5.0049,107.5616,2.7905,-5.7953,0.8048,0.0551,-0.0102,0.5909
independent_20260430_203326,trial_001,subject_001,1777552412.3259492,1777552412.3259492,275203.9352241,11,L_Tibia,304,1,0.5742,8.9004,-6.8428,102.8442,41.3818,11.7798,137.5763,-1.4172,-53.1464,0.8357,0.413,-0.1722,0.3184
independent_20260430_203326,trial_001,subject_001,1777552412.3259492,1777552412.3259492,275203.9353754,12,L_Foot,325,1,-0.378,1.9763,11.6327,250.1831,68.9087,51.8799,24.7302,8.064,-118.515,0.0502,0.2187,-0.8298,0.511
independent_20260430_203326,trial_001,subject_001,1777552412.3259492,1777552412.3259492,275203.9355306,13,R_Femur,322,1,0.847,9.8383,-0.268,44.1895,-6.7749,9.8877,88.3136,-2.3016,-24.928,0.6832,0.1363,-0.1685,0.6974
independent_20260430_203326,trial_001,subject_001,1777552412.3259492,1777552412.3259492,275203.9356801,15,R_Foot,158,1,0.847,0.6412,10.0105,5.3711,-2.3804,-1.0986,3.4937,-2.9443,-174.3365,0.0272,0.0292,-0.998,0.0486
independent_20260430_203326,trial_001,subject_001,1777552412.3269575,1777552412.3269575,275203.935832,9,Trunk,302,1,0.4259,9.8048,-0.9044,-4.5776,2.3804,13.2446,89.8737,0.3625,-148.8373,0.1876,0.681,-0.6813,0.1923
independent_20260430_203326,trial_001,subject_001,1777552412.3269575,1777552412.3269575,275203.9359739,10,L_Femur,293,1,-1.7657,10.5273,-4.9096,-109.314,-4.1504,-4.5166,105.4193,2.8564,-5.7019,0.7936,0.0546,-0.0103,0.6059
independent_20260430_203326,trial_001,subject_001,1777552412.3269575,1777552412.3269575,275203.9361751,11,L_Tibia,305,1,0.6029,8.4458,-7.3309,95.8862,38.6353,11.0474,139.5538,-2.1588,-52.7893,0.8433,0.4112,-0.1695,0.3017
independent_20260430_203326,trial_001,subject_001,1777552412.3269575,1777552412.3269575,275203.9363328,12,L_Foot,326,1,-1.56,1.469,10.4077,309.1431,70.0684,66.7114,30.9485,8.7177,-116.7297,0.0772,0.2649,-0.8075,0.5213
independent_20260430_203326,trial_001,subject_001,1777552412.3269575,1777552412.3269575,275203.9364878,13,R_Femur,323,1,0.2058,9.5272,-0.6795,48.5229,-26.7944,12.146,89.2749,-2.5598,-25.34,0.6888,0.1386,-0.1713,0.6906
independent_20260430_203326,trial_001,subject_001,1777552412.3269575,1777552412.3269575,275203.9366425,14,R_Tibia,164,1,0.6029,9.8,-2.3304,17.2729,-29.7852,13.916,102.7551,-4.8889,-172.4634,0.0779,0.7771,-0.6245,0.0077
independent_20260430_203326,trial_001,subject_001,1777552412.4327738,1777552412.4327738,275204.0424597,9,Trunk,303,1,0.6795,9.8048,-0.7226,-4.5166,1.2817,13.4277,89.7858,0.1538,-148.8153,0.1888,0.6801,-0.6821,0.1913
independent_20260430_203326,trial_001,subject_001,1777552412.4337723,1777552412.4337723,275204.0426268,10,L_Femur,294,1,-1.3063,10.5082,-5.1823,-111.9385,-23.3765,-1.2207,103.7384,2.9553,-5.9766,0.7844,0.0569,-0.0119,0.6175
independent_20260430_203326,trial_001,subject_001,1777552412.4337723,1777552412.4337723,275204.0427442,11,L_Tibia,306,1,0.1531,8.3118,-7.2734,82.0923,26.5503,11.3525,140.8118,-2.6038,-52.608,0.8477,0.4105,-0.1678,0.2911
independent_20260430_203326,trial_001,subject_001,1777552412.4337723,1777552412.4337723,275204.0428554,12,L_Foot,327,1,-1.1867,2.6845,8.6468,326.1108,80.9937,78.4912,36.0516,9.0912,-115.0983,0.1019,0.3007,-0.7868,0.5293
independent_20260430_203326,trial_001,subject_001,1777552412.4337723,1777552412.4337723,275204.0429619,13,R_Femur,324,1,-0.1675,9.9292,-0.6221,46.7529,-38.0249,10.1318,90.0055,-2.7301,-25.8728,0.6928,0.1418,-0.1747,0.6852
independent_20260430_203326,trial_001,subject_001,1777552412.4337723,1777552412.4337723,275204.0430673,15,R_Foot,159,1,0.4977,0.8039,10.202,3.9062,-2.5635,0.1221,3.6584,-3.0322,-174.353,0.028,0.0306,-0.998,0.0484
independent_20260430_203326,trial_001,subject_001,1777552412.4337723,1777552412.4337723,275204.0431703,9,Trunk,304,1,0.7752,9.8957,-0.6125,-3.0518,-0.7935,12.5732,89.7253,-0.0385,-148.8153,0.1898,0.6794,-0.6828,0.1903
independent_20260430_203326,trial_001,subject_001,1777552412.4337723,1777552412.4337723,275204.0432736,10,L_Femur,295,1,-0.3685,10.379,-4.3545,-116.4551,-30.0293,1.9531,101.3873,3.0597,-6.5588,0.7713,0.0611,-0.0156,0.6334
independent_20260430_203326,trial_001,subject_001,1777552412.4337723,1777552412.4337723,275204.0434018,11,L_Tibia,307,1,0.2058,7.5701,-7.4026,68.7256,10.6812,14.2212,141.8939,-2.8839,-52.6355,0.8506,0.4116,-0.166,0.282
independent_20260430_203326,trial_001,subject_001,1777552412.4337723,1777552412.4337723,275204.0435926,12,L_Foot,328,1,-0.5599,4.7708,6.6274,310.6689,92.5903,92.6514,41.0999,9.2999,-113.1812,0.1293,0.3339,-0.7634,0.5376
independent_20260430_203326,trial_001,subject_001,1777552412.434773,1777552412.434773,275204.0437736,13,R_Femur,325,1,0.0048,9.9866,-0.4259,46.5088,-47.3633,8.728,90.9503,-2.9114,-26.7572,0.6975,0.1476,-0.1798,0.6778
independent_20260430_203326,trial_001,subject_001,1777552412.434773,1777552412.434773,275204.0439166,14,R_Tibia,165,1,1.6365,9.7952,-2.5792,14.2822,9.6436,8.0566,103.3154,-5.1746,-172.7435,0.0775,0.7802,-0.6207,0.0039
independent_20260430_203326,trial_001,subject_001,1777552412.434773,1777552412.434773,275204.0440282,9,Trunk,305,1,0.7752,9.8191,-0.6364,-2.6245,-5.9204,11.8408,89.6484,-0.2911,-148.9032,0.1907,0.6787,-0.6838,0.1884
independent_20260430_203326,trial_001,subject_001,1777552412.434773,1777552412.434773,275204.0441307,10,L_Femur,296,1,-0.3158,9.9818,-3.7563,-111.7554,-26.4282,0.7324,99.6735,3.1201,-6.9653,0.7614,0.0639,-0.0184,0.6448
independent_20260430_203326,trial_001,subject_001,1777552412.434773,1777552412.434773,275204.0442337,11,L_Tibia,308,1,0.2632,6.0437,-8.508,44.8608,-3.7231,13.0005,142.9376,-3.0542,-52.8058,0.8527,0.4139,-0.1639,0.2733
independent_20260430_203326,trial_001,subject_001,1777552412.434773,1777552412.434773,275204.044333,12,L_Foot,329,1,0.3732,5.0627,10.9532,233.7646,141.7847,115.1733,46.9226,9.5636,-109.8413,0.1654,0.3686,-0.729,0.5525
independent_20260430_203326,trial_001,subject_001,1777552412.434773,1777552412.434773,275204.044484,13,R_Femur,326,1,0.4067,9.5799,-0.5694,49.8047,-54.0771,8.728,91.7249,-3.0322,-27.5427,0.7012,0.1529,-0.1842,0.6716
independent_20260430_203326,trial_001,subject_001,1777552412.434773,1777552412.434773,275204.0446135,15,R_Foot,160,1,0.5694,0.8709,10.001,2.2583,-1.9531,0.9766,3.7189,-3.0981,-174.3311,0.0286,0.0311,-0.9979,0.0485
independent_20260430_203326,trial_001,subject_001,1777552412.503275,1777552412.503275,275204.1126017,9,Trunk,306,1,0.7226,9.532,-0.6316,-1.2207,-8.728,12.3901,89.6155,-0.4834,-149.024,0.1911,0.6783,-0.6845,0.1866
independent_20260430_203326,trial_001,subject_001,1777552412.503275,1777552412.503275,275204.1127487,10,L_Femur,297,1,-0.5742,9.7617,-3.6702,-101.9287,-24.7192,0.1831,98.0914,3.1696,-7.3334,0.7522,0.0664,-0.0211,0.6552
independent_20260430_203326,trial_001,subject_001,1777552412.503275,1777552412.503275,275204.1128886,11,L_Tibia,309,1,0.2153,4.7373,-9.2593,32.4707,-18.7988,14.2212,143.4814,-2.9883,-53.1079,0.8528,0.4171,-0.1622,0.2691
independent_20260430_203326,trial_001,subject_001,1777552412.503275,1777552412.503275,275204.1130288,12,L_Foot,330,1,-9.4411,2.7897,31.7017,23.3154,114.1357,63.9038,48.3453,9.9097,-107.6331,0.1772,0.3758,-0.7127,0.5651
independent_20260430_203326,trial_001,subject_001,1777552412.5042815,1777552412.5042815,275204.1131507,14,R_Tibia,166,1,0.1148,9.4363,-1.9141,11.4746,-18.0054,9.0942,103.7714,-5.4382,-172.8699,0.0781,0.7826,-0.6177,0.0011
independent_20260430_203326,trial_001,subject_001,1777552412.5042815,1777552412.5042815,275204.1133093,10,L_Femur,298,1,-0.3015,10.0775,-3.7707,-96.9238,-33.6304,4.3945,96.0974,3.1805,-7.9431,0.7404,0.07,-0.0257,0.6681
independent_20260430_203326,trial_001,subject_001,1777552412.5042815,1777552412.5042815,275204.1134766,11,L_Tibia,310,1,1.2489,4.1918,-9.154,23.6206,-20.2026,6.0425,143.877,-2.796,-53.3936,0.8525,0.4202,-0.16,0.2665
independent_20260430_203326,trial_001,subject_001,1777552412.5042815,1777552412.5042815,275204.113641,12,L_Foot,331,1,-13.0635,2.1581,29.9694,-151.8555,-5.7983,-6.7749,46.5875,10.0415,-107.3804,0.1685,0.365,-0.7168,0.5697
independent_20260430_203326,trial_001,subject_001,1777552412.5042815,1777552412.5042815,275204.1137856,13,R_Femur,327,1,0.8805,9.7139,-1.0767,44.6777,-55.2979,4.9438,93.4607,-3.1915,-29.5038,0.7087,0.1669,-0.1941,0.6574
independent_20260430_203326,trial_001,subject_001,1777552412.5042815,1777552412.5042815,275204.1139105,15,R_Foot,161,1,0.6316,0.981,9.9818,1.6479,-2.3193,0.8545,3.7738,-3.186,-174.2981,0.0294,0.0315,-0.9979,0.0488
independent_20260430_203326,trial_001,subject_001,1777552412.5042815,1777552412.5042815,275204.11406,9,Trunk,307,1,0.3972,9.6469,-0.4833,0.3662,-12.5122,14.2822,89.566,-0.9833,-149.4141,0.1917,0.6778,-0.6862,0.1814
independent_20260430_203326,trial_001,subject_001,1777552412.5042815,1777552412.5042815,275204.1141992,10,L_Femur,299,1,0.5024,10.1397,-3.6415,-92.5903,-37.0483,6.958,94.6637,3.1311,-8.5034,0.7316,0.073,-0.0302,0.6771
independent_20260430_203326,trial_001,subject_001,1777552412.5042815,1777552412.5042815,275204.1143747,11,L_Tibia,311,1,2.0098,6.3403,-6.6035,-6.897,3.418,-7.9956,143.9594,-2.6862,-53.3386,0.8528,0.4202,-0.1587,0.2664
independent_20260430_203326,trial_001,subject_001,1777552412.5042815,1777552412.5042815,275204.114552,12,L_Foot,332,1,-4.4215,-3.7994,5.5795,-152.8931,-151.062,-32.6538,43.0499,8.7231,-109.5007,0.1534,0.3396,-0.7414,0.5581
independent_20260430_203326,trial_001,subject_001,1777552412.505789,1777552412.505789,275204.1148001,13,R_Femur,328,1,1.3686,9.867,-1.0479,45.4102,-48.7061,4.4556,94.1748,-3.219,-30.2509,0.7117,0.1726,-0.1975,0.6517
independent_20260430_203326,trial_001,subject_001,1777552412.505789,1777552412.505789,275204.1149368,14,R_Tibia,167,1,1.0384,9.5607,-2.6414,13.4888,-24.9023,8.7891,104.2712,-5.5151,-173.8202,0.072,0.7858,-0.6142,-0.0049
independent_20260430_203326,trial_001,subject_001,1777552412.505789,1777552412.505789,275204.1150612,9,Trunk,308,1,0.5216,9.7474,-0.5551,2.3804,-11.1694,14.8315,89.588,-1.214,-149.5844,0.1921,0.6779,-0.6867,0.1789
independent_20260430_203326,trial_001,subject_001,1777552412.505789,1777552412.505789,275204.1151673,10,L_Femur,300,1,1.1341,10.0249,-3.4214,-85.9985,-29.6631,5.127,93.3234,3.0817,-8.9703,0.7234,0.0753,-0.0342,0.6855
independent_20260430_203326,trial_001,subject_001,1777552412.505789,1777552412.505789,275204.1152921,11,L_Tibia,312,1,2.0098,6.6227,-4.8665,-39.4897,20.4468,-11.4136,143.454,-2.796,-53.0585,0.8528,0.4172,-0.1607,0.2701
independent_20260430_203326,trial_001,subject_001,1777552412.505789,1777552412.505789,275204.1153959,12,L_Foot,333,1,2.1007,-1.871,2.6223,-141.6016,-127.8076,-25.6958,40.6659,7.5037,-111.1816,0.1453,0.3207,-0.7591,0.5475
independent_20260430_203326,trial_001,subject_001,1777552412.505789,1777552412.505789,275204.1155673,13,R_Femur,329,1,1.7322,10.2833,-1.0288,40.4663,-41.1377,4.2725,94.834,-3.241,-30.8881,0.7145,0.1776,-0.2002,0.6464
independent_20260430_203326,trial_001,subject_001,1777552412.506796,1777552412.506796,275204.1156695,9,Trunk,309,1,0.7608,9.7378,-0.6077,1.0986,-8.3618,14.2822,89.61,-1.5161,-149.7656,0.1928,0.6778,-0.6873,0.176
independent_20260430_203326,trial_001,subject_001,1777552412.506796,1777552412.506796,275204.1157676,10,L_Femur,301,1,0.713,9.3693,-2.8376,-78.9795,-14.5264,-1.6479,91.6809,3.0872,-9.3384,0.7132,0.0771,-0.0374,0.6957
independent_20260430_203326,trial_001,subject_001,1777552412.506796,1777552412.506796,275204.1158666,11,L_Tibia,313,1,2.1629,5.881,-4.5555,-77.6978,38.208,-12.3291,142.0697,-3.1696,-52.4652,0.852,0.4098,-0.1671,0.2798
independent_20260430_203326,trial_001,subject_001,1777552412.506796,1777552412.506796,275204.1160018,12,L_Foot,334,1,4.1727,-1.2298,3.5793,-126.8921,-60.1196,9.2773,37.9523,6.2897,-112.2363,0.1379,0.2985,-0.7739,0.5412
independent_20260430_203326,trial_001,subject_001,1777552412.506796,1777552412.506796,275204.1161081,13,R_Femur,330,1,1.9332,9.7569,-1.1628,40.5884,-28.6255,4.1504,95.6525,-3.2794,-31.5198,0.7182,0.1827,-0.2027,0.6401
independent_20260430_203326,trial_001,subject_001,1777552412.506796,1777552412.506796,275204.1162251,14,R_Tibia,168,1,1.6126,9.532,-2.3208,9.5215,-14.0991,6.4087,104.6503,-5.5591,-174.4409,0.0679,0.7882,-0.6116,-0.0087
independent_20260430_203326,trial_001,subject_001,1777552412.5729938,1777552412.5729938,275204.1821846,9,Trunk,310,1,0.9905,9.3789,-0.579,-0.9766,-6.2256,13.7939,89.588,-1.7303,-149.8645,0.1935,0.6775,-0.6879,0.1742
independent_20260430_203326,trial_001,subject_001,1777552412.5729938,1777552412.5729938,275204.1823354,10,L_Femur,302,1,-0.3302,8.7377,-2.4452,-70.8618,-10.0098,-4.2725,90.5823,3.1476,-9.4922,0.7064,0.078,-0.0387,0.7024
independent_20260430_203326,trial_001,subject_001,1777552412.5729938,1777552412.5729938,275204.1824775,11,L_Tibia,314,1,2.1103,5.5508,-6.2063,-101.2573,43.7012,-14.2212,140.592,-3.5486,-51.8884,0.8507,0.4023,-0.1736,0.2903
independent_20260430_203326,trial_001,subject_001,1777552412.5729938,1777552412.5729938,275204.1826187,12,L_Foot,335,1,1.2202,0.2153,8.4697,-138.9771,-14.8315,26.8555,35.9418,5.8063,-112.1539,0.132,0.2826,-0.7796,0.5431
independent_20260430_203326,trial_001,subject_001,1777552412.5729938,1777552412.5729938,275204.1827537,13,R_Femur,331,1,2.0433,9.5799,-1.2776,39.3066,-18.9819,2.0752,96.2622,-3.2959,-31.8274,0.7211,0.1856,-0.2035,0.6357
independent_20260430_203326,trial_001,subject_001,1777552412.5739918,1777552412.5739918,275204.1828602,15,R_Foot,162,1,0.6986,0.7896,9.9101,1.77,-1.8921,0.1221,3.8947,-3.3728,-174.2596,0.0311,0.0325,-0.9978,0.049
independent_20260430_203326,trial_001,subject_001,1777552412.5739918,1777552412.5739918,275204.1829578,9,Trunk,311,1,1.2059,8.8478,-0.5072,0.6714,-3.54,14.2822,89.577,-1.9501,-149.9194,0.1945,0.6771,-0.6884,0.1726
independent_20260430_203326,trial_001,subject_001,1777552412.5739918,1777552412.5739918,275204.1830519,10,L_Femur,303,1,-0.6364,8.5224,-2.2969,-61.8286,-12.9395,-1.0376,89.2914,3.186,-9.7229,0.6982,0.0792,-0.0408,0.7103
independent_20260430_203326,trial_001,subject_001,1777552412.5739918,1777552412.5739918,275204.1831466,11,L_Tibia,315,1,1.1293,5.5125,-7.2782,-116.6382,33.3862,-18.7988,138.8562,-3.7848,-51.3446,0.8484,0.3949,-0.18,0.3031
independent_20260430_203326,trial_001,subject_001,1777552412.5739918,1777552412.5739918,275204.1832394,12,L_Foot,336,1,-3.2874,0.6651,11.47,-171.1426,-12.2681,13.916,33.5083,5.5261,-112.0276,0.1227,0.2645,-0.7853,0.5462
independent_20260430_203326,trial_001,subject_001,1777552412.5739918,1777552412.5739918,275204.1833372,13,R_Femur,332,1,1.5025,9.599,-1.0384,33.9966,-12.5122,-1.2207,96.9708,-3.2739,-32.0746,0.7246,0.1886,-0.2036,0.6308
independent_20260430_203326,trial_001,subject_001,1777552412.5739918,1777552412.5739918,275204.1834518,14,R_Tibia,169,1,0.7896,9.1588,-1.8949,10.1929,-16.7236,4.5776,105.0458,-5.5811,-174.9847,0.0643,0.7906,-0.6088,-0.012
independent_20260430_203326,trial_001,subject_001,1777552412.5739918,1777552412.5739918,275204.1835556,9,Trunk,312,1,1.2011,8.7664,-0.2201,3.418,-3.7231,13.6719,89.621,-2.2412,-149.9854,0.1959,0.677,-0.6887,0.1704
independent_20260430_203326,trial_001,subject_001,1777552412.5739918,1777552412.5739918,275204.1836762,10,L_Femur,304,1,-0.1053,8.819,-2.182,-58.6548,-14.3433,2.0142,88.385,3.1586,-9.9371,0.6925,0.08,-0.0429,0.7157
independent_20260430_203326,trial_001,subject_001,1777552412.5739918,1777552412.5739918,275204.1837793,11,L_Tibia,316,1,-0.1914,6.3499,-6.9863,-138.6108,-6.6528,-21.9727,136.1975,-3.576,-50.9436,0.8422,0.3883,-0.1865,0.3241
independent_20260430_203326,trial_001,subject_001,1777552412.5739918,1777552412.5739918,275204.1838771,12,L_Foot,337,1,-5.2158,0.4115,8.3645,-187.6221,-40.2222,-18.5547,29.762,5.0812,-112.533,0.1068,0.2372,-0.7966,0.5456
independent_20260430_203326,trial_001,subject_001,1777552412.5739918,1777552412.5739918,275204.1839703,13,R_Femur,333,1,1.091,9.5272,-0.957,31.4941,-11.2915,-2.9907,97.4542,-3.219,-32.2339,0.7269,0.1908,-0.2033,0.6276
independent_20260430_203326,trial_001,subject_001,1777552412.5739918,1777552412.5739918,275204.1840635,15,R_Foot,163,1,0.7417,0.6077,9.9818,-0.3662,-1.3428,0.3052,3.8837,-3.4222,-174.2487,0.0315,0.0323,-0.9978,0.0491
independent_20260430_203326,trial_001,subject_001,1777552412.5739918,1777552412.5739918,275204.184157,9,Trunk,313,1,1.158,8.9961,-0.0144,5.9814,-3.54,12.4512,89.6869,-2.439,-150.0348,0.1968,0.6771,-0.6887,0.1688
independent_20260430_203326,trial_001,subject_001,1777552412.5739918,1777552412.5739918,275204.1842527,11,L_Tibia,317,1,-0.6986,6.5892,-6.8093,-155.8838,-47.4243,-16.2964,133.9288,-2.9663,-51.1853,0.8341,0.3883,-0.1905,0.3425
independent_20260430_203326,trial_001,subject_001,1777552412.5754957,1777552412.5754957,275204.1843475,12,L_Foot,338,1,-3.6415,1.3542,6.5317,-175.9644,-33.0811,-34.9121,27.0319,4.8395,-113.2141,0.0942,0.2176,-0.8056,0.5429
independent_20260430_203326,trial_001,subject_001,1777552412.5754957,1777552412.5754957,275204.1844434,13,R_Femur,334,1,0.78,9.532,-0.9331,31.1279,-7.4463,-2.5635,97.9211,-3.1696,-32.3438,0.7292,0.1926,-0.2028,0.6245
independent_20260430_203326,trial_001,subject_001,1777552412.5754957,1777552412.5754957,275204.1845698,14,R_Tibia,170,1,1.1963,9.3885,-2.0624,10.6812,-7.2632,2.2583,105.4413,-5.5975,-175.3033,0.0621,0.7929,-0.6061,-0.014
independent_20260430_203326,trial_001,subject_001,1777552412.5754957,1777552412.5754957,275204.1846714,9,Trunk,314,1,1.2489,9.1971,0.0383,9.6436,-0.9155,11.2915,89.8077,-2.6202,-150.0568,0.198,0.6776,-0.6882,0.1673
independent_20260430_203326,trial_001,subject_001,1777552412.5754957,1777552412.5754957,275204.1847619,10,L_Femur,305,1,-0.4067,8.9578,-1.8901,-50.1099,-15.9912,-0.9766,86.4844,3.1036,-10.4205,0.6802,0.0818,-0.0477,0.7269
independent_20260430_203326,trial_001,subject_001,1777552412.5754957,1777552412.5754957,275204.1848518,11,L_Tibia,318,1,0.8278,6.7184,-6.5987,-166.8091,-53.6499,-8.0566,131.4734,-2.2961,-51.7017,0.8239,0.39,-0.1956,0.3618
independent_20260430_203326,trial_001,subject_001,1777552412.5754957,1777552412.5754957,275204.1849429,12,L_Foot,339,1,-2.005,2.9572,7.6754,-162.7808,0.1221,-43.457,24.516,5.0208,-113.8348,0.0799,0.2011,-0.8129,0.5407
independent_20260430_203326,trial_001,subject_001,1777552412.5754957,1777552412.5754957,275204.1850333,13,R_Femur,335,1,0.5264,9.6421,-0.9283,27.5879,-4.1504,-0.3662,98.4869,-3.1476,-32.4207,0.7321,0.1942,-0.2022,0.6208
independent_20260430_203326,trial_001,subject_001,1777552412.5754957,1777552412.5754957,275204.1851241,15,R_Foot,164,1,0.7369,0.5455,10.001,-0.9766,-0.8545,-0.1831,3.8452,-3.4607,-174.2432,0.0318,0.032,-0.9978,0.0492
independent_20260430_203326,trial_001,subject_001,1777552412.5754957,1777552412.5754957,275204.1852143,9,Trunk,315,1,1.4355,9.4603,0.0622,10.0708,2.0752,9.7046,89.9945,-2.8345,-150.0293,0.1997,0.6783,-0.6874,0.1659
independent_20260430_203326,trial_001,subject_001,1777552412.5754957,1777552412.5754957,275204.1853066,10,L_Femur,306,1,-1.0288,8.642,-1.6078,-45.0439,-24.0479,-0.4272,85.7703,3.0927,-10.7501,0.6754,0.0834,-0.0503,0.731
independent_20260430_203326,trial_001,subject_001,1777552412.652634,1777552412.652634,275204.2623245,11,L_Tibia,319,1,3.5554,7.4983,-6.8858,-179.5044,-7.9346,-11.1084,127.9797,-1.8567,-51.9324,0.811,0.3871,-0.2051,0.3878
independent_20260430_203326,trial_001,subject_001,1777552412.6536345,1777552412.6536345,275204.2625473,12,L_Foot,340,1,-1.1341,3.273,11.0681,-160.4004,27.5879,-42.4194,21.2805,5.7843,-114.4666,0.0581,0.1819,-0.8203,0.5391
independent_20260430_203326,trial_001,subject_001,1777552412.6536345,1777552412.6536345,275204.2627726,13,R_Femur,336,1,0.6843,9.3646,-1.3494,33.6914,-6.3477,-0.3052,98.9703,-3.1421,-32.4976,0.7346,0.1955,-0.2017,0.6176
independent_20260430_203326,trial_001,subject_001,1777552412.6536345,1777552412.6536345,275204.262992,14,R_Tibia,171,1,0.7991,9.3311,-2.7515,7.9346,-5.3711,3.1128,105.7709,-5.6195,-175.5231,0.0607,0.7947,-0.6038,-0.0155
independent_20260430_203326,trial_001,subject_001,1777552412.6536345,1777552412.6536345,275204.2631745,9,Trunk,316,1,1.4882,9.5033,0.134,8.2397,3.8452,8.4229,90.1099,-2.9718,-149.9744,0.201,0.6787,-0.6868,0.1652
independent_20260430_203326,trial_001,subject_001,1777552412.6536345,1777552412.6536345,275204.2633584,11,L_Tibia,320,1,2.3591,7.6419,-7.0533,-184.6924,16.4185,-20.2026,125.2112,-1.7468,-51.6028,0.8023,0.3801,-0.2124,0.4083
independent_20260430_203326,trial_001,subject_001,1777552412.6546352,1777552412.6546352,275204.2635402,12,L_Foot,341,1,-1.3494,3.7707,12.8577,-172.1802,27.3438,-39.4897,18.7042,6.3885,-114.895,0.041,0.1663,-0.8255,0.5377
independent_20260430_203326,trial_001,subject_001,1777552412.6546352,1777552412.6546352,275204.2637371,13,R_Femur,337,1,0.9475,9.2641,-1.6509,39.5508,-6.1035,-1.4038,99.5471,-3.1201,-32.58,0.7375,0.1972,-0.201,0.6138
independent_20260430_203326,trial_001,subject_001,1777552412.6546352,1777552412.6546352,275204.2639212,15,R_Foot,165,1,0.7034,0.6699,9.8813,-1.9531,-0.3052,0.0,3.7518,-3.4772,-174.2432,0.0319,0.0312,-0.9978,0.0492
independent_20260430_203326,trial_001,subject_001,1777552412.6546352,1777552412.6546352,275204.264164,9,Trunk,317,1,1.2537,9.3598,0.2201,9.1553,4.5166,7.6904,90.2582,-3.1421,-149.8865,0.2027,0.6791,-0.6861,0.1644
independent_20260430_203326,trial_001,subject_001,1777552412.6546352,1777552412.6546352,275204.2643683,10,L_Femur,307,1,-0.4354,8.5941,-0.7465,-33.8745,-32.4707,5.5542,84.3805,2.8619,-11.8488,0.6659,0.0877,-0.0598,0.7385
independent_20260430_203326,trial_001,subject_001,1777552412.6556342,1777552412.6556342,275204.2645418,11,L_Tibia,321,1,-0.1436,7.9481,-6.8236,-189.8193,2.2583,-23.4375,121.4374,-1.4447,-51.2238,0.7891,0.3715,-0.2213,0.4363
independent_20260430_203326,trial_001,subject_001,1777552412.6556342,1777552412.6556342,275204.264714,12,L_Foot,342,1,-1.6987,4.4215,11.738,-169.4336,11.6577,-34.4238,15.2161,6.9104,-115.4993,0.02,0.1436,-0.8325,0.5347
independent_20260430_203326,trial_001,subject_001,1777552412.6556342,1777552412.6556342,275204.264896,13,R_Femur,338,1,0.9427,9.3885,-1.5839,41.1987,-5.7983,-2.1973,100.3656,-3.0762,-32.6733,0.7416,0.1995,-0.1998,0.6085
independent_20260430_203326,trial_001,subject_001,1777552412.6556342,1777552412.6556342,275204.2650769,14,R_Tibia,172,1,1.3733,9.3693,-2.1772,6.4697,5.3101,1.77,105.9796,-5.6799,-175.5176,0.061,0.7958,-0.6023,-0.016
independent_20260430_203326,trial_001,subject_001,1777552412.6556342,1777552412.6556342,275204.2652514,10,L_Femur,308,1,0.1148,8.7425,-0.2632,-30.3955,-27.5879,4.6997,83.8916,2.7411,-12.2662,0.6625,0.0891,-0.0635,0.741
independent_20260430_203326,trial_001,subject_001,1777552412.6556342,1777552412.6556342,275204.2654309,11,L_Tibia,322,1,-0.2967,8.063,-6.6083,-189.209,-13.3057,-23.1323,118.6029,-1.0602,-51.1908,0.7775,0.3672,-0.2277,0.457
independent_20260430_203326,trial_001,subject_001,1777552412.6556342,1777552412.6556342,275204.2656093,12,L_Foot,343,1,-1.603,4.766,11.6423,-160.3394,6.8359,-26.9775,12.7441,7.1301,-115.8893,0.0064,0.1267,-0.837,0.5323
independent_20260430_203326,trial_001,subject_001,1777552412.6556342,1777552412.6556342,275204.2658055,13,R_Femur,339,1,0.8039,9.5942,-1.4595,39.5508,-5.7983,-2.9907,100.9644,-3.0267,-32.7448,0.7446,0.2012,-0.1988,0.6046
independent_20260430_203326,trial_001,subject_001,1777552412.657139,1777552412.657139,275204.265998,15,R_Foot,166,1,0.6651,0.713,9.8909,-1.5869,0.3662,-0.3052,3.6639,-3.4662,-174.2432,0.0318,0.0304,-0.9978,0.0492
independent_20260430_203326,trial_001,subject_001,1777552412.657139,1777552412.657139,275204.2661319,9,Trunk,318,1,0.8374,9.4698,0.1005,10.8032,1.8311,5.6152,90.5438,-3.3508,-149.7986,0.2049,0.6803,-0.6846,0.1632
independent_20260430_203326,trial_001,subject_001,1777552412.657139,1777552412.657139,275204.2662644,10,L_Femur,309,1,0.4546,8.7903,0.335,-28.0151,-17.7002,1.709,83.2983,2.6422,-12.6672,0.6584,0.0904,-0.0672,0.7442
independent_20260430_203326,trial_001,subject_001,1777552412.657139,1777552412.657139,275204.2663828,11,L_Tibia,323,1,0.4259,8.1587,-6.4217,-184.2651,-17.8223,-23.8037,115.8289,-0.6207,-51.2622,0.7651,0.3639,-0.2339,0.4769
independent_20260430_203326,trial_001,subject_001,1777552412.657139,1777552412.657139,275204.2665094,12,L_Foot,344,1,-2.0385,5.0723,12.896,-161.499,5.8594,-20.5688,10.3052,7.2894,-116.1969,-0.0064,0.1095,-0.8408,0.5301
independent_20260430_203326,trial_001,subject_001,1777552412.657139,1777552412.657139,275204.2666468,13,R_Femur,340,1,0.7369,9.934,-1.1771,36.0718,-2.8687,-4.8218,101.7059,-2.9443,-32.7942,0.7483,0.2033,-0.1973,0.5998
independent_20260430_203326,trial_001,subject_001,1777552412.657139,1777552412.657139,275204.2667655,14,R_Tibia,173,1,0.6029,9.6038,-1.9906,8.4229,6.7139,-0.061,106.2048,-5.7733,-175.188,0.0637,0.7967,-0.6008,-0.0151
independent_20260430_203326,trial_001,subject_001,1777552412.7330637,1777552412.7330637,275204.3421603,9,Trunk,319,1,0.7465,9.6804,0.0287,11.5356,0.0,4.4556,90.7526,-3.4552,-149.7876,0.2058,0.6813,-0.6835,0.1623
independent_20260430_203326,trial_001,subject_001,1777552412.7330637,1777552412.7330637,275204.3423498,10,L_Femur,310,1,0.5551,8.6994,0.5886,-23.4375,-10.0098,-0.1831,82.9193,2.6202,-12.832,0.6559,0.091,-0.0687,0.7462
independent_20260430_203326,trial_001,subject_001,1777552412.7330637,1777552412.7330637,275204.3425372,12,L_Foot,345,1,-3.1343,5.302,12.652,-162.1094,1.0376,-24.8413,6.9983,7.4158,-116.6473,-0.023,0.0857,-0.8456,0.5264
independent_20260430_203326,trial_001,subject_001,1777552412.7330637,1777552412.7330637,275204.3427468,13,R_Femur,341,1,0.3828,9.9771,-1.1197,34.1187,-2.8687,-4.0894,102.2168,-2.8784,-32.8107,0.7509,0.2046,-0.196,0.5966
independent_20260430_203326,trial_001,subject_001,1777552412.7330637,1777552412.7330637,275204.3428701,15,R_Foot,167,1,0.5934,0.7034,9.9579,1.0986,-0.5493,-0.061,3.6804,-3.4772,-174.2432,0.0319,0.0305,-0.9978,0.0492
independent_20260430_203326,trial_001,subject_001,1777552412.734069,1777552412.734069,275204.3429897,10,L_Femur,311,1,0.5407,8.6085,0.6029,-15.686,-1.8921,-1.5869,82.6556,2.6312,-12.8815,0.6541,0.0912,-0.0691,0.7477
independent_20260430_203326,trial_001,subject_001,1777552412.734069,1777552412.734069,275204.3431237,11,L_Tibia,324,1,0.6651,8.7568,-5.9001,-174.6826,-13.7329,-28.3203,109.6271,0.4504,-51.405,0.7354,0.3565,-0.247,0.5206
independent_20260430_203326,trial_001,subject_001,1777552412.734069,1777552412.734069,275204.343264,12,L_Foot,346,1,-3.1104,4.0961,12.1447,-167.1753,-4.7607,-32.8369,4.4385,7.3938,-117.1198,-0.0348,0.0666,-0.8495,0.5223
independent_20260430_203326,trial_001,subject_001,1777552412.734069,1777552412.734069,275204.3433957,13,R_Femur,342,1,0.134,9.8383,-1.1197,32.8369,-5.249,-2.1362,102.7057,-2.84,-32.8656,0.7533,0.206,-0.1952,0.5934
independent_20260430_203326,trial_001,subject_001,1777552412.734069,1777552412.734069,275204.343563,14,R_Tibia,174,1,1.1819,9.4028,-1.8901,13.0005,-0.6714,0.4272,106.6058,-5.7788,-175.2045,0.0636,0.7988,-0.598,-0.0154
independent_20260430_203326,trial_001,subject_001,1777552412.734069,1777552412.734069,275204.3437202,9,Trunk,320,1,0.5646,9.8574,0.0622,6.958,-6.3477,3.3569,90.9778,-3.5815,-149.8975,0.2062,0.6826,-0.6825,0.1604
independent_20260430_203326,trial_001,subject_001,1777552412.734069,1777552412.734069,275204.3438885,10,L_Femur,312,1,0.1962,8.575,0.4498,-6.7139,8.667,-3.3569,82.4744,2.7026,-12.7661,0.6529,0.0909,-0.0681,0.7488
independent_20260430_203326,trial_001,subject_001,1777552412.7350712,1777552412.7350712,275204.3441253,11,L_Tibia,325,1,0.2105,8.3788,-5.235,-176.1475,-11.5356,-28.9307,106.9904,0.9283,-51.4435,0.722,0.3532,-0.2523,0.5388
independent_20260430_203326,trial_001,subject_001,1777552412.7350712,1777552412.7350712,275204.3442842,12,L_Foot,347,1,-3.2396,3.1965,11.8002,-151.2451,-27.5879,-32.4707,2.0819,7.1136,-117.6471,-0.0437,0.0476,-0.8532,0.5176
independent_20260430_203326,trial_001,subject_001,1777552412.7350712,1777552412.7350712,275204.3444296,13,R_Femur,343,1,0.311,9.8479,-1.2106,29.1138,-13.5498,1.0986,103.3374,-2.807,-33.0798,0.7561,0.2087,-0.1949,0.5889
independent_20260430_203326,trial_001,subject_001,1777552412.7350712,1777552412.7350712,275204.3445572,15,R_Foot,168,1,0.6747,0.5646,9.934,2.0752,-0.8545,-0.3662,3.7189,-3.5046,-174.2487,0.0322,0.0309,-0.9978,0.0491
independent_20260430_203326,trial_001,subject_001,1777552412.7350712,1777552412.7350712,275204.3446764,9,Trunk,321,1,0.6843,9.5607,0.1148,8.1787,-9.0332,2.2583,91.1261,-3.6365,-150.0677,0.2058,0.6837,-0.6819,0.1588
independent_20260430_203326,trial_001,subject_001,1777552412.7350712,1777552412.7350712,275204.3447728,10,L_Femur,313,1,-0.2775,8.4267,0.4402,-0.9155,12.5732,-5.9814,82.4469,2.8015,-12.5958,0.6528,0.0905,-0.0665,0.7491
independent_20260430_203326,trial_001,subject_001,1777552412.7350712,1777552412.7350712,275204.3448657,11,L_Tibia,326,1,0.1818,9.0487,-4.7277,-172.1802,-13.6108,-24.8413,103.5242,1.5051,-51.5259,0.7038,0.3487,-0.2597,0.5618
independent_20260430_203326,trial_001,subject_001,1777552412.736071,1777552412.736071,275204.3449852,12,L_Foot,348,1,-1.3829,4.1966,11.8098,-149.0479,-2.0752,-34.4238,-0.9613,6.8445,-118.3337,-0.0555,0.0234,-0.8574,0.5112
independent_20260430_203326,trial_001,subject_001,1777552412.736071,1777552412.736071,275204.3450956,13,R_Femur,344,1,0.4498,9.9579,-1.4116,21.3623,-12.8174,3.418,103.678,-2.8125,-33.2776,0.7575,0.2105,-0.1954,0.5863
independent_20260430_203326,trial_001,subject_001,1777552412.736071,1777552412.736071,275204.3451859,14,R_Tibia,175,1,1.2346,9.3741,-1.8566,14.4043,4.7607,-1.4648,107.0947,-5.7568,-175.0671,0.0644,0.8013,-0.5946,-0.0148
independent_20260430_203326,trial_001,subject_001,1777552412.7733634,1777552412.7733634,275204.3825361,9,Trunk,322,1,0.7704,9.5368,0.1436,7.7515,-9.8877,2.1973,91.2415,-3.6749,-150.2161,0.2053,0.6846,-0.6815,0.1575
independent_20260430_203326,trial_001,subject_001,1777552412.7733634,1777552412.7733634,275204.3826949,10,L_Femur,314,1,-0.7226,8.3453,0.4594,5.4321,10.9253,-6.7749,82.5183,2.9224,-12.431,0.6533,0.0904,-0.0646,0.7489
independent_20260430_203326,trial_001,subject_001,1777552412.7733634,1777552412.7733634,275204.3828491,11,L_Tibia,327,1,0.1196,9.154,-3.9238,-171.0205,-11.5967,-23.0713,100.9589,1.8896,-51.6302,0.6898,0.3453,-0.2656,0.5783
independent_20260430_203326,trial_001,subject_001,1777552412.7733634,1777552412.7733634,275204.382986,12,L_Foot,349,1,-1.4834,4.0147,11.5466,-143.1885,2.5024,-33.5693,-3.186,6.8774,-118.8501,-0.0657,0.0066,-0.8599,0.5061
independent_20260430_203326,trial_001,subject_001,1777552412.7733634,1777552412.7733634,275204.3831158,13,R_Femur,345,1,0.3015,9.3454,-1.6939,22.7661,-12.5732,3.9062,104.0131,-2.8345,-33.4698,0.7589,0.2123,-0.1959,0.5837
independent_20260430_203326,trial_001,subject_001,1777552412.7743747,1777552412.7743747,275204.3832394,15,R_Foot,169,1,0.7082,0.6173,9.9388,1.3428,-0.6104,-0.6104,3.7683,-3.5266,-174.2706,0.0324,0.0313,-0.9978,0.0489
independent_20260430_203326,trial_001,subject_001,1777552412.7743747,1777552412.7743747,275204.3833555,9,Trunk,323,1,0.7991,9.5225,0.311,6.5308,-12.207,1.8921,91.3678,-3.7244,-150.4468,0.2043,0.6857,-0.6811,0.1556
independent_20260430_203326,trial_001,subject_001,1777552412.7743747,1777552412.7743747,275204.3834789,10,L_Femur,315,1,-1.1437,8.4937,0.3541,11.3525,0.5493,-6.2866,82.7216,3.0652,-12.3596,0.6546,0.0911,-0.0632,0.7478
independent_20260430_203326,trial_001,subject_001,1777552412.7743747,1777552412.7743747,275204.3835902,11,L_Tibia,328,1,0.0,8.977,-3.474,-163.4521,-17.4561,-22.3389,97.641,2.395,-51.8665,0.6707,0.3415,-0.2737,0.5989
independent_20260430_203326,trial_001,subject_001,1777552412.7743747,1777552412.7743747,275204.3836942,12,L_Foot,350,1,-2.3878,3.8855,12.5897,-134.8877,-5.7373,-35.2173,-5.9875,6.7621,-119.5422,-0.0771,-0.0154,-0.8629,0.4992
independent_20260430_203326,trial_001,subject_001,1777552412.7743747,1777552412.7743747,275204.3838136,13,R_Femur,346,1,0.3972,9.4698,-1.7609,24.1089,-13.9771,0.6714,104.5074,-2.818,-33.7225,0.7609,0.2149,-0.1961,0.58
independent_20260430_203326,trial_001,subject_001,1777552412.7743747,1777552412.7743747,275204.3839375,14,R_Tibia,176,1,0.4689,9.4459,-2.2682,15.625,-7.2021,-1.4648,107.5836,-5.6799,-175.1221,0.0635,0.8039,-0.5912,-0.0148
independent_20260430_203326,trial_001,subject_001,1777552412.7743747,1777552412.7743747,275204.3840632,9,Trunk,324,1,0.9475,9.4794,0.4211,7.5684,-11.1694,0.4883,91.4777,-3.7408,-150.6171,0.2036,0.6866,-0.6807,0.1543
independent_20260430_203326,trial_001,subject_001,1777552412.7743747,1777552412.7743747,275204.3841756,10,L_Femur,316,1,-1.1628,8.6516,0.4833,10.8643,-6.2866,-3.479,82.8809,3.1146,-12.442,0.6555,0.0919,-0.0633,0.7469
independent_20260430_203326,trial_001,subject_001,1777552412.7753692,1777552412.7753692,275204.3843109,11,L_Tibia,329,1,-0.0335,9.0583,-3.0481,-155.2124,-23.8647,-20.2637,95.2789,2.7466,-52.1686,0.6564,0.3393,-0.2803,0.6128
independent_20260430_203326,trial_001,subject_001,1777552412.7753692,1777552412.7753692,275204.3844353,12,L_Foot,351,1,-2.3064,4.0865,12.3074,-134.3384,-7.3242,-36.9263,-8.053,6.5863,-120.0806,-0.0847,-0.0321,-0.8648,0.4938
independent_20260430_203326,trial_001,subject_001,1777552412.7753692,1777552412.7753692,275204.3845641,13,R_Femur,347,1,0.3972,9.5895,-1.7131,24.7192,-19.4092,-0.5493,104.881,-2.7521,-33.9862,0.7622,0.2176,-0.1963,0.5772
independent_20260430_203326,trial_001,subject_001,1777552412.7753692,1777552412.7753692,275204.3846816,15,R_Foot,170,1,0.6412,0.579,9.9723,3.2959,-1.1597,-0.5493,3.8617,-3.5706,-174.2871,0.0328,0.0321,-0.9978,0.0487
independent_20260430_203326,trial_001,subject_001,1777552412.9024384,1777552412.9024384,275204.5122593,9,Trunk,325,1,1.024,9.5225,0.3828,7.2632,-10.498,-0.6104,91.582,-3.7354,-150.7764,0.2027,0.6875,-0.6803,0.1532
independent_20260430_203326,trial_001,subject_001,1777552412.903435,1777552412.903435,275204.5123882,10,L_Femur,317,1,-1.0336,9.0152,0.9618,7.5684,-15.3809,1.4648,83.0347,3.0762,-12.6837,0.6563,0.0932,-0.065,0.7459
independent_20260430_203326,trial_001,subject_001,1777552412.903435,1777552412.903435,275204.5124948,11,L_Tibia,330,1,0.2297,9.1779,-2.383,-146.3623,-26.5503,-19.5312,93.0432,3.0762,-52.5421,0.6423,0.3376,-0.287,0.6254
independent_20260430_203326,trial_001,subject_001,1777552412.903435,1777552412.903435,275204.5125972,12,L_Foot,352,1,-1.9906,4.1104,11.6949,-131.5918,-0.3052,-39.0625,-10.0909,6.4655,-120.6573,-0.0923,-0.0485,-0.8666,0.488
independent_20260430_203326,trial_001,subject_001,1777552412.903435,1777552412.903435,275204.5126971,13,R_Femur,348,1,0.402,9.3406,-1.7801,27.832,-22.3389,0.1221,105.4303,-2.6477,-34.4037,0.764,0.2219,-0.1967,0.5731
independent_20260430_203326,trial_001,subject_001,1777552412.903435,1777552412.903435,275204.5128003,14,R_Tibia,177,1,1.0814,9.3789,-2.4117,14.5264,-5.0049,-1.4038,108.1329,-5.5646,-175.3033,0.0616,0.8069,-0.5873,-0.0153
independent_20260430_203326,trial_001,subject_001,1777552412.903435,1777552412.903435,275204.5129023,9,Trunk,326,1,1.0623,9.4507,0.3685,6.4697,-11.2915,-1.9531,91.7139,-3.7079,-150.9961,0.2014,0.6887,-0.6797,0.1518
independent_20260430_203326,trial_001,subject_001,1777552412.903435,1777552412.903435,275204.5130047,11,L_Tibia,331,1,0.6077,8.9004,-1.8279,-130.249,-23.3765,-20.3247,90.3241,3.4991,-53.031,0.6246,0.3357,-0.2953,0.6403
independent_20260430_203326,trial_001,subject_001,1777552412.903435,1777552412.903435,275204.5131492,12,L_Foot,353,1,-1.8279,4.0195,10.714,-124.3286,6.3477,-38.9404,-12.6947,6.4215,-121.4594,-0.1025,-0.0691,-0.8686,0.4798
independent_20260430_203326,trial_001,subject_001,1777552412.9044359,1777552412.9044359,275204.5133171,13,R_Femur,349,1,0.4307,9.2401,-2.0146,30.2734,-23.0713,0.4883,105.8862,-2.5763,-34.7333,0.7655,0.2252,-0.1969,0.5696
independent_20260430_203326,trial_001,subject_001,1777552412.9044359,1777552412.9044359,275204.513554,15,R_Foot,171,1,0.7273,0.7943,9.9962,2.6245,-0.7935,-0.7324,3.9386,-3.598,-174.3036,0.033,0.0327,-0.9977,0.0486
independent_20260430_203326,trial_001,subject_001,1777552412.9044359,1777552412.9044359,275204.513709,9,Trunk,327,1,1.1484,9.355,0.4163,6.897,-11.7188,-2.5024,91.8127,-3.6749,-151.1719,0.2003,0.6897,-0.6793,0.1508
independent_20260430_203326,trial_001,subject_001,1777552412.9044359,1777552412.9044359,275204.5138929,10,L_Femur,318,1,-0.5838,9.2832,1.536,2.6855,-27.771,5.6763,83.1171,2.8564,-13.3704,0.6565,0.0957,-0.0707,0.7449
independent_20260430_203326,trial_001,subject_001,1777552412.9044359,1777552412.9044359,275204.5140207,11,L_Tibia,332,1,0.3876,8.8525,-1.4021,-118.8354,-21.5454,-21.1792,88.4894,3.8177,-53.3496,0.6124,0.3344,-0.3006,0.6502
independent_20260430_203326,trial_001,subject_001,1777552412.9044359,1777552412.9044359,275204.5141454,12,L_Foot,354,1,-1.4212,4.1009,9.8287,-116.5161,9.4604,-36.438,-14.5184,6.4215,-122.0361,-0.1097,-0.0834,-0.8698,0.4737
independent_20260430_203326,trial_001,subject_001,1777552412.9044359,1777552412.9044359,275204.514276,13,R_Femur,350,1,0.378,9.1684,-2.0289,33.7524,-21.4844,-0.7935,106.3861,-2.4884,-35.0354,0.7673,0.2285,-0.1969,0.566
independent_20260430_203326,trial_001,subject_001,1777552412.9054375,1777552412.9054375,275204.5143785,14,R_Tibia,178,1,0.5646,9.1684,-2.6271,16.4795,-4.6387,-2.1362,108.6658,-5.4657,-175.3363,0.0608,0.8097,-0.5835,-0.015
independent_20260430_203326,trial_001,subject_001,1777552413.0124772,1777552413.0124772,275204.6222227,9,Trunk,328,1,1.1771,9.3933,0.4211,7.8125,-13.0615,-3.0518,91.9281,-3.631,-151.3586,0.1991,0.6908,-0.6788,0.1498
independent_20260430_203326,trial_001,subject_001,1777552413.0134802,1777552413.0134802,275204.6223989,10,L_Femur,319,1,-0.3685,9.1779,1.8279,4.0283,-32.2266,4.8218,83.1555,2.6752,-13.9746,0.6564,0.098,-0.0756,0.7442
independent_20260430_203326,trial_001,subject_001,1777552413.0134802,1777552413.0134802,275204.6225756,11,L_Tibia,333,1,-0.2488,8.4793,-0.8183,-100.2808,-27.0386,-19.5312,86.347,4.2078,-53.8715,0.5974,0.3336,-0.3077,0.6611
independent_20260430_203326,trial_001,subject_001,1777552413.0134802,1777552413.0134802,275204.622754,12,L_Foot,355,1,-1.0336,4.0387,9.0152,-104.4922,11.2305,-33.9966,-16.1719,6.4435,-122.5854,-0.1163,-0.0964,-0.8708,0.4679
independent_20260430_203326,trial_001,subject_001,1777552413.0134802,1777552413.0134802,275204.622887,13,R_Femur,351,1,0.5838,9.3646,-1.9667,32.7759,-20.2026,-1.2817,107.0673,-2.3566,-35.4144,0.7697,0.2329,-0.1965,0.561
independent_20260430_203326,trial_001,subject_001,1777552413.0134802,1777552413.0134802,275204.6229928,15,R_Foot,172,1,0.6986,0.7178,9.9196,2.2583,-1.0986,-0.4883,4.0045,-3.6365,-174.3201,0.0334,0.0333,-0.9977,0.0484
independent_20260430_203326,trial_001,subject_001,1777552413.0134802,1777552413.0134802,275204.6230944,9,Trunk,329,1,1.0527,9.4172,0.311,7.9346,-14.0381,-4.4556,92.0819,-3.5541,-151.6333,0.1972,0.6923,-0.6781,0.1484
independent_20260430_203326,trial_001,subject_001,1777552413.0134802,1777552413.0134802,275204.6231881,10,L_Femur,320,1,-0.3924,9.1875,2.0337,4.4556,-33.4473,3.1738,83.194,2.5653,-14.458,0.6563,0.1001,-0.0793,0.7436
independent_20260430_203326,trial_001,subject_001,1777552413.0134802,1777552413.0134802,275204.6233002,11,L_Tibia,334,1,-0.3924,8.2544,-0.4402,-84.6558,-33.1421,-16.4795,85.0012,4.433,-54.3768,0.5875,0.3338,-0.3134,0.6673
independent_20260430_203326,trial_001,subject_001,1777552413.0134802,1777552413.0134802,275204.6234211,12,L_Foot,356,1,-0.8135,4.1918,8.307,-85.083,10.0098,-31.189,-18.045,6.46,-123.2721,-0.1233,-0.1113,-0.8719,0.4607
independent_20260430_203326,trial_001,subject_001,1777552413.0134802,1777552413.0134802,275204.6235204,13,R_Femur,352,1,0.8183,9.4124,-2.1438,32.5317,-18.2495,-1.2207,107.5616,-2.2687,-35.6726,0.7714,0.2359,-0.1962,0.5575
independent_20260430_203326,trial_001,subject_001,1777552413.0134802,1777552413.0134802,275204.6236253,14,R_Tibia,179,1,1.2968,9.2449,-2.4309,19.165,-2.0752,-3.7231,109.3195,-5.3064,-175.4462,0.0591,0.8131,-0.5789,-0.0148
independent_20260430_203326,trial_001,subject_001,1777552413.0148578,1777552413.0148578,275204.6237197,10,L_Femur,321,1,-0.4307,9.221,2.2969,4.6997,-34.0576,1.4648,83.2434,2.4774,-14.9524,0.6563,0.1024,-0.083,0.7429
independent_20260430_203326,trial_001,subject_001,1777552413.0148578,1777552413.0148578,275204.6238161,11,L_Tibia,335,1,-0.3302,8.1491,-0.2967,-66.5283,-37.7197,-13.916,83.9026,4.6033,-54.9481,0.5788,0.3347,-0.319,0.6717
independent_20260430_203326,trial_001,subject_001,1777552413.0148578,1777552413.0148578,275204.6239109,12,L_Foot,357,1,-0.7752,4.6177,7.9673,-71.8994,8.3618,-29.48,-19.2096,6.449,-123.7445,-0.1274,-0.1208,-0.8726,0.4558
independent_20260430_203326,trial_001,subject_001,1777552413.0148578,1777552413.0148578,275204.6240021,13,R_Femur,353,1,0.9092,9.5033,-2.3591,27.9541,-13.7939,-1.0986,107.9956,-2.1918,-35.8759,0.773,0.2384,-0.1957,0.5544
independent_20260430_203326,trial_001,subject_001,1777552413.0148578,1777552413.0148578,275204.6240977,15,R_Foot,173,1,0.7369,0.7417,9.9005,3.418,-0.7935,-0.9766,4.0924,-3.6694,-174.342,0.0337,0.0341,-0.9977,0.0482
independent_20260430_203326,trial_001,subject_001,1777552413.0148578,1777552413.0148578,275204.6241883,10,L_Femur,322,1,-0.3254,9.3023,2.6749,8.5449,-35.5835,0.7324,83.3588,2.3785,-15.6335,0.6565,0.1058,-0.0879,0.7417
independent_20260430_203326,trial_001,subject_001,1777552413.0148578,1777552413.0148578,275204.6242757,11,L_Tibia,336,1,-0.2536,8.0917,-0.0383,-40.5273,-37.3535,-8.9722,82.9083,4.7186,-55.7227,0.5704,0.3364,-0.3259,0.6748
independent_20260430_203326,trial_001,subject_001,1777552413.0148578,1777552413.0148578,275204.6243669,12,L_Foot,358,1,-0.6412,4.388,6.6801,-54.4434,0.4883,-27.9541,-20.4675,6.2842,-124.2883,-0.1306,-0.1316,-0.8733,0.4505
independent_20260430_203326,trial_001,subject_001,1777552413.0148578,1777552413.0148578,275204.6244567,13,R_Femur,354,1,0.8422,9.2019,-2.5457,26.5503,-8.3008,-0.7324,108.5175,-2.1368,-36.0352,0.7751,0.2407,-0.195,0.5507
independent_20260430_203326,trial_001,subject_001,1777552413.0148578,1777552413.0148578,275204.6245491,14,R_Tibia,180,1,0.6364,9.1684,-2.895,20.6299,-1.709,-4.2725,109.9292,-5.1471,-175.4407,0.0583,0.8163,-0.5745,-0.0139
independent_20260430_203326,trial_001,subject_001,1777552413.0148578,1777552413.0148578,275204.6246423,9,Trunk,330,1,1.0097,9.7043,0.4402,3.54,-13.0615,-5.7983,92.3895,-3.2684,-152.3035,0.1918,0.6957,-0.6767,0.1456
independent_20260430_203326,trial_001,subject_001,1777552413.015857,1777552413.015857,275204.6247544,10,L_Femur,323,1,-0.311,9.4172,2.8615,10.437,-38.0859,-0.6104,83.4851,2.3126,-16.1884,0.6569,0.1086,-0.0917,0.7405
independent_20260430_203326,trial_001,subject_001,1777552413.015857,1777552413.015857,275204.6248695,11,L_Tibia,337,1,-0.2105,7.5318,0.2201,-20.6909,-35.4614,-6.8359,82.4963,4.7681,-56.272,0.5662,0.3382,-0.3301,0.6754
independent_20260430_203326,trial_001,subject_001,1777552413.015857,1777552413.015857,275204.6249642,12,L_Foot,359,1,-0.5407,4.7517,5.924,-28.0762,-4.1504,-27.9541,-21.0004,6.0974,-124.6729,-0.1308,-0.1369,-0.8741,0.4473
independent_20260430_203326,trial_001,subject_001,1777552413.015857,1777552413.015857,275204.6250544,15,R_Foot,174,1,0.6508,0.9044,10.0153,1.1597,-1.3428,-0.4883,4.1693,-3.8672,-174.2487,0.0355,0.0346,-0.9976,0.0489
independent_20260430_203326,trial_001,subject_001,1777552413.015857,1777552413.015857,275204.6251487,10,L_Femur,324,1,-0.4259,9.3933,2.962,10.3149,-35.2783,-3.479,83.6609,2.2852,-16.9189,0.6574,0.1128,-0.0964,0.7388
independent_20260430_203326,trial_001,subject_001,1777552413.0163612,1777552413.0163612,275204.6252374,12,L_Foot,360,1,-0.3972,5.3977,5.6513,-1.4038,-8.1787,-27.4048,-21.1267,5.8502,-125.0244,-0.129,-0.1393,-0.8753,0.4448
independent_20260430_203326,trial_001,subject_001,1777552413.0163612,1777552413.0163612,275204.6253282,13,R_Femur,355,1,0.1723,9.0966,-2.2682,36.438,-12.8174,-3.9062,109.715,-1.9556,-36.2769,0.78,0.2452,-0.1924,0.5426
independent_20260430_203326,trial_001,subject_001,1777552413.0163612,1777552413.0163612,275204.6254178,14,R_Tibia,181,1,0.6029,9.1349,-3.029,22.522,-9.7046,-4.5166,110.7037,-4.9164,-175.5615,0.0562,0.8203,-0.569,-0.0133
independent_20260430_203326,trial_001,subject_001,1777552413.0163612,1777552413.0163612,275204.625508,9,Trunk,331,1,0.8518,9.5368,0.6508,1.3428,-16.1133,-6.4087,92.4664,-3.0542,-152.7924,0.1877,0.6973,-0.6766,0.1439
independent_20260430_203326,trial_001,subject_001,1777552413.0163612,1777552413.0163612,275204.6256076,10,L_Femur,325,1,-0.5503,9.6373,2.7371,4.7607,-30.1514,-5.6152,83.7323,2.3126,-17.3804,0.6573,0.1157,-0.0992,0.738
independent_20260430_203326,trial_001,subject_001,1777552413.0163612,1777552413.0163612,275204.6257392,11,L_Tibia,338,1,-0.335,7.2064,-0.0766,31.311,-33.5693,-0.3662,82.8204,4.7406,-57.42,0.5647,0.3447,-0.336,0.6704
independent_20260430_203326,trial_001,subject_001,1777552413.0163612,1777552413.0163612,275204.6259021,12,L_Foot,361,1,-0.1483,5.9719,6.2686,20.813,-12.0239,-24.231,-20.8411,5.4657,-125.4254,-0.1245,-0.1391,-0.877,0.4427
independent_20260430_203326,trial_001,subject_001,1777552413.0163612,1777552413.0163612,275204.6260704,13,R_Femur,356,1,0.1196,9.0344,-2.1438,40.4663,-20.813,-2.3804,110.3082,-1.8292,-36.5295,0.7821,0.2485,-0.1915,0.5384
independent_20260430_203326,trial_001,subject_001,1777552413.0163612,1777552413.0163612,275204.6261982,15,R_Foot,175,1,0.7178,0.7513,9.8813,0.3052,-1.1597,-0.7935,4.1693,-3.9001,-174.2432,0.0358,0.0346,-0.9976,0.0489
independent_20260430_203326,trial_001,subject_001,1777552413.0173678,1777552413.0173678,275204.6263682,9,Trunk,332,1,0.646,9.5655,0.7656,-2.1362,-18.6768,-7.019,92.45,-2.9443,-153.056,0.1854,0.6978,-0.6769,0.1431
independent_20260430_203326,trial_001,subject_001,1777552413.04337,1777552413.04337,275204.6527555,10,L_Femur,326,1,-0.6173,9.5655,2.4548,6.958,-25.9399,-10.376,83.8037,2.406,-17.7869,0.6573,0.1187,-0.1012,0.7373
independent_20260430_203326,trial_001,subject_001,1777552413.04337,1777552413.04337,275204.6529886,11,L_Tibia,339,1,-0.5264,7.2926,-0.5072,50.4761,-41.1987,2.6245,83.4851,4.6472,-58.0023,0.5672,0.349,-0.3378,0.6651
independent_20260430_203326,trial_001,subject_001,1777552413.04337,1777552413.04337,275204.653201,12,L_Foot,362,1,-1.7657,1.3638,3.8808,78.5522,-59.8145,-13.1836,-19.8853,4.7681,-125.4309,-0.1155,-0.1345,-0.8779,0.4448
independent_20260430_203326,trial_001,subject_001,1777552413.0443864,1777552413.0443864,275204.653475,13,R_Femur,357,1,0.1436,9.2401,-2.1868,41.1987,-26.7334,-0.8545,110.9344,-1.6919,-36.8756,0.7841,0.2526,-0.1908,0.5339
independent_20260430_203326,trial_001,subject_001,1777552413.0443864,1777552413.0443864,275204.6536509,14,R_Tibia,182,1,1.0479,9.3023,-2.7323,23.0103,-7.5684,-5.7983,111.5332,-4.6088,-175.7977,0.0529,0.8247,-0.563,-0.0126
independent_20260430_203326,trial_001,subject_001,1777552413.0443864,1777552413.0443864,275204.6538007,9,Trunk,333,1,0.6843,9.6564,0.8853,-5.3101,-19.043,-7.8735,92.3566,-2.785,-153.4351,0.1821,0.6981,-0.6777,0.142
independent_20260430_203326,trial_001,subject_001,1777552413.0443864,1777552413.0443864,275204.6539308,10,L_Femur,327,1,-0.1818,8.819,2.1342,16.2964,-22.0337,-11.7188,84.0729,2.5873,-18.2648,0.6583,0.1228,-0.1029,0.7355
independent_20260430_203326,trial_001,subject_001,1777552413.0443864,1777552413.0443864,275204.6540621,11,L_Tibia,340,1,-0.6029,8.0534,-0.4785,75.4395,-49.6826,4.8828,84.8035,4.4714,-58.9362,0.5725,0.3566,-0.3401,0.6554
independent_20260430_203326,trial_001,subject_001,1777552413.0443864,1777552413.0443864,275204.654164,12,L_Foot,363,1,0.3685,-8.3262,5.5316,81.8481,-74.5239,0.2441,-18.5834,3.7244,-125.1288,-0.1028,-0.1284,-0.8778,0.4498
independent_20260430_203326,trial_001,subject_001,1777552413.0453773,1777552413.0453773,275204.6542656,13,R_Femur,358,1,0.0861,9.2976,-2.1677,44.4336,-31.1279,-0.5493,111.8079,-1.4722,-37.4304,0.7866,0.2589,-0.1899,0.5275
independent_20260430_203326,trial_001,subject_001,1777552413.0453773,1777552413.0453773,275204.6544378,15,R_Foot,176,1,0.713,0.8374,9.8957,3.1738,-1.77,-1.1597,4.2407,-3.9496,-174.2432,0.0362,0.0352,-0.9975,0.0489
independent_20260430_203326,trial_001,subject_001,1777552413.0453773,1777552413.0453773,275204.6545732,9,Trunk,334,1,0.7656,9.7809,0.9331,-6.1035,-20.3857,-8.3008,92.2632,-2.6587,-153.7262,0.1795,0.6982,-0.6785,0.1412
independent_20260430_203326,trial_001,subject_001,1777552413.0453773,1777552413.0453773,275204.6547064,10,L_Femur,328,1,0.1436,8.5224,1.8375,19.8975,-19.2261,-11.9019,84.3475,2.7301,-18.5724,0.6595,0.1257,-0.1038,0.7338
independent_20260430_203326,trial_001,subject_001,1777552413.045883,1777552413.045883,275204.6548099,11,L_Tibia,341,1,-0.4498,8.2879,-0.5072,83.4961,-55.2368,3.9062,85.979,4.3506,-59.7437,0.577,0.3634,-0.3416,0.6467
independent_20260430_203326,trial_001,subject_001,1777552413.045883,1777552413.045883,275204.6549058,12,L_Foot,364,1,7.551,-2.1246,9.9627,101.9897,19.2871,8.1177,-16.3367,3.1146,-124.7552,-0.0897,-0.1134,-0.8785,0.4553
independent_20260430_203326,trial_001,subject_001,1777552413.045883,1777552413.045883,275204.6550026,13,R_Femur,359,1,0.2201,9.2832,-2.1246,46.936,-30.9448,-0.2441,112.511,-1.3019,-37.8534,0.7886,0.2637,-0.1891,0.5224
independent_20260430_203326,trial_001,subject_001,1777552413.045883,1777552413.045883,275204.6551034,14,R_Tibia,183,1,0.6699,9.2688,-2.8567,28.0151,-14.2212,-6.4697,112.4835,-4.2352,-176.0779,0.049,0.8296,-0.556,-0.0117
independent_20260430_203326,trial_001,subject_001,1777552413.1528406,1777552413.1528406,275204.7620724,9,Trunk,335,1,0.7417,9.8479,0.9714,-7.0801,-22.0947,-8.3618,92.1643,-2.5269,-154.0503,0.1766,0.6983,-0.6793,0.1402
independent_20260430_203326,trial_001,subject_001,1777552413.1528406,1777552413.1528406,275204.7622921,10,L_Femur,329,1,-0.0766,8.4793,1.2489,29.3579,-14.2212,-13.4888,84.7375,2.9059,-18.8141,0.6616,0.1286,-0.1039,0.7314
independent_20260430_203326,trial_001,subject_001,1777552413.1528406,1777552413.1528406,275204.7624701,11,L_Tibia,342,1,0.1866,8.953,0.1005,82.3364,-51.0254,3.1738,87.1655,4.2627,-60.5182,0.5815,0.3704,-0.3426,0.6382
independent_20260430_203326,trial_001,subject_001,1777552413.1528406,1777552413.1528406,275204.7626369,12,L_Foot,365,1,-1.3877,1.8327,8.4219,94.7266,53.1006,-5.0659,-14.8041,3.7958,-125.0079,-0.0886,-0.0991,-0.8811,0.4538
independent_20260430_203326,trial_001,subject_001,1777552413.1538465,1777552413.1538465,275204.7628103,13,R_Femur,360,1,0.5646,9.154,-2.2538,47.7295,-33.0811,0.4272,113.4778,-1.0712,-38.4467,0.7912,0.2705,-0.188,0.5153
independent_20260430_203326,trial_001,subject_001,1777552413.1538465,1777552413.1538465,275204.7629389,15,R_Foot,177,1,0.7082,0.8039,9.7904,4.8218,-0.6714,-1.1597,4.3671,-3.988,-174.2487,0.0366,0.0363,-0.9975,0.0488
independent_20260430_203326,trial_001,subject_001,1777552413.1538465,1777552413.1538465,275204.7630599,9,Trunk,336,1,0.6364,9.8718,1.0192,-12.5122,-24.7803,-7.4463,91.9446,-2.3676,-154.5227,0.1725,0.698,-0.681,0.1387
independent_20260430_203326,trial_001,subject_001,1777552413.1538465,1777552413.1538465,275204.7631802,10,L_Femur,330,1,0.4307,9.221,0.1053,41.1377,-11.3525,-6.897,85.4901,3.0817,-19.0723,0.6658,0.1319,-0.1036,0.727
independent_20260430_203326,trial_001,subject_001,1777552413.1538465,1777552413.1538465,275204.7632804,11,L_Tibia,343,1,2.0433,14.255,3.1343,39.978,-16.4795,-13.2446,88.2477,4.3945,-61.0895,0.5852,0.3773,-0.3416,0.6313
independent_20260430_203326,trial_001,subject_001,1777552413.1538465,1777552413.1538465,275204.7633744,12,L_Foot,366,1,-5.991,-4.2923,14.1258,88.1958,-102.9053,0.7935,-12.8485,2.0325,-124.541,-0.0677,-0.0908,-0.8804,0.4605
independent_20260430_203326,trial_001,subject_001,1777552413.1538465,1777552413.1538465,275204.7634927,13,R_Femur,361,1,0.7704,9.2162,-2.2299,44.4336,-35.4004,-0.3052,114.1589,-0.8679,-38.9246,0.7928,0.2758,-0.1871,0.5103
independent_20260430_203326,trial_001,subject_001,1777552413.1538465,1777552413.1538465,275204.7635967,9,Trunk,337,1,0.7321,9.9148,0.9283,-7.2632,-24.9023,-3.479,91.8127,-2.2961,-154.8962,0.1697,0.6979,-0.6822,0.1371
independent_20260430_203326,trial_001,subject_001,1777552413.1538465,1777552413.1538465,275204.7636884,12,L_Foot,367,1,-1.3207,-5.8331,6.2398,120.7275,-52.6123,-30.5786,-11.1621,1.1371,-124.7333,-0.0539,-0.0816,-0.8821,0.4607
independent_20260430_203326,trial_001,subject_001,1777552413.1548471,1777552413.1548471,275204.7638291,13,R_Femur,362,1,1.0814,9.6852,-1.9093,41.3208,-32.6538,-2.1362,114.7852,-0.6482,-39.364,0.7942,0.2808,-0.186,0.5058
independent_20260430_203326,trial_001,subject_001,1777552413.1548471,1777552413.1548471,275204.7639276,15,R_Foot,178,1,0.8757,0.5934,10.3072,7.9956,0.2441,-2.9907,4.5813,-3.9935,-174.2926,0.0368,0.0382,-0.9974,0.0483
independent_20260430_203326,trial_001,subject_001,1777552413.1548471,1777552413.1548471,275204.7640209,9,Trunk,338,1,1.1963,10.2594,0.4067,0.9155,-19.9585,-1.2207,91.8018,-2.2687,-155.2094,0.1676,0.6983,-0.6826,0.1355
independent_20260430_203326,trial_001,subject_001,1777552413.1548471,1777552413.1548471,275204.7641123,11,L_Tibia,344,1,1.2585,10.8384,6.2398,-9.7046,27.771,-27.2827,87.9675,5.2734,-60.5951,0.5823,0.3786,-0.335,0.6367
independent_20260430_203326,trial_001,subject_001,1777552413.155352,1777552413.155352,275204.7642048,12,L_Foot,368,1,5.8666,-2.5218,3.9382,149.5972,-47.5464,-4.5776,-8.9319,0.3021,-124.7552,-0.0384,-0.0678,-0.8834,0.4621
independent_20260430_203326,trial_001,subject_001,1777552413.155352,1777552413.155352,275204.7642949,13,R_Femur,363,1,1.4547,10.5896,-1.7657,30.4565,-22.7051,-0.8545,115.4553,-0.423,-39.809,0.7957,0.286,-0.1847,0.501
independent_20260430_203326,trial_001,subject_001,1777552413.155352,1777552413.155352,275204.7643845,14,R_Tibia,184,1,1.5312,9.7043,-2.1629,47.1191,-19.2261,-16.1743,115.0488,-3.0817,-176.748,0.0384,0.8426,-0.5372,-0.0074
independent_20260430_203326,trial_001,subject_001,1777552413.155352,1777552413.155352,275204.7644752,9,Trunk,339,1,1.8854,10.3264,-0.3876,-1.4648,-12.9395,-2.5635,91.7963,-2.2302,-155.5005,0.1656,0.6987,-0.6829,0.134
independent_20260430_203326,trial_001,subject_001,1777552413.155811,1777552413.155811,275204.7647785,10,L_Femur,331,1,-1.7227,12.5754,5.8188,-40.8325,-55.0537,-10.8643,85.7867,3.2904,-19.7864,0.6666,0.1376,-0.1066,0.7248
independent_20260430_203326,trial_001,subject_001,1777552413.155811,1777552413.155811,275204.7648798,11,L_Tibia,345,1,0.1436,8.0678,0.5934,32.5928,-15.564,-3.1128,88.4015,5.4767,-60.5402,0.5842,0.3806,-0.3322,0.6352
independent_20260430_203326,trial_001,subject_001,1777552413.155811,1777552413.155811,275204.7649999,12,L_Foot,369,1,6.0628,1.804,11.9198,125.8545,21.4844,11.1084,-6.2897,0.5493,-124.7003,-0.0297,-0.0464,-0.8846,0.4631
independent_20260430_203326,trial_001,subject_001,1777552413.155811,1777552413.155811,275204.7651647,13,R_Femur,364,1,1.5695,10.4269,-1.9954,21.6675,-16.4185,2.1973,115.8014,-0.3461,-40.0562,0.7964,0.2886,-0.1844,0.4984
independent_20260430_203326,trial_001,subject_001,1777552413.156356,1777552413.156356,275204.7653275,15,R_Foot,179,1,0.847,0.3541,9.7043,13.6108,1.5259,-2.7466,4.9164,-3.9331,-174.3365,0.0364,0.0411,-0.9973,0.0479
independent_20260430_203326,trial_001,subject_001,1777552413.156356,1777552413.156356,275204.7654805,9,Trunk,340,1,1.9858,9.8957,-0.5503,-4.8218,-7.9346,-2.3804,91.7194,-2.1973,-155.6323,0.1645,0.6985,-0.6835,0.1335
independent_20260430_203326,trial_001,subject_001,1777552413.156356,1777552413.156356,275204.7655773,10,L_Femur,332,1,-3.1917,11.4078,7.2782,-24.5972,-72.8149,-9.7046,85.2814,3.3618,-20.863,0.662,0.1438,-0.1136,0.7267
independent_20260430_203326,trial_001,subject_001,1777552413.156356,1777552413.156356,275204.7656676,11,L_Tibia,346,1,-0.5216,9.6277,0.7704,42.9688,-35.7056,-3.418,88.9838,5.5096,-61.051,0.5856,0.3851,-0.3329,0.6309
independent_20260430_203326,trial_001,subject_001,1777552413.156356,1777552413.156356,275204.7657569,12,L_Foot,370,1,0.9331,1.1819,13.8195,109.8633,48.7061,12.8174,-4.5703,1.214,-124.563,-0.0279,-0.0304,-0.8847,0.4644
independent_20260430_203326,trial_001,subject_001,1777552413.156356,1777552413.156356,275204.7658496,13,R_Femur,365,1,1.3638,10.0823,-2.5696,14.7095,-16.7847,0.2441,116.0376,-0.2582,-40.2814,0.7968,0.2909,-0.1842,0.4966
independent_20260430_203326,trial_001,subject_001,1777552413.156356,1777552413.156356,275204.7659375,14,R_Tibia,185,1,0.2153,9.5368,-2.4691,55.7251,-23.8037,-19.7144,116.9165,-2.1313,-177.1875,0.0306,0.8516,-0.5233,-0.003
independent_20260430_203326,trial_001,subject_001,1777552413.156356,1777552413.156356,275204.7660614,9,Trunk,341,1,1.5647,9.9723,-0.3063,-3.6011,-1.3428,-0.4272,91.626,-2.1808,-155.6927,0.1639,0.6981,-0.6841,0.1334
independent_20260430_203326,trial_001,subject_001,1777552413.156356,1777552413.156356,275204.7662407,10,L_Femur,333,1,1.4403,10.5896,4.0913,-7.5684,-28.8696,0.4272,85.0507,3.3289,-21.709,0.6595,0.1483,-0.1194,0.7272
independent_20260430_203326,trial_001,subject_001,1777552413.156356,1777552413.156356,275204.7664294,11,L_Tibia,347,1,-0.2105,10.4412,1.2202,39.7949,-32.6538,-2.6245,89.7473,5.5701,-61.7212,0.5873,0.391,-0.3337,0.6252
independent_20260430_203326,trial_001,subject_001,1777552413.156356,1777552413.156356,275204.7666001,12,L_Foot,371,1,-4.4215,1.5217,14.1832,90.8203,31.7993,7.3242,-3.1421,1.7468,-124.4641,-0.0263,-0.0172,-0.8846,0.4653
independent_20260430_203326,trial_001,subject_001,1777552413.15786,1777552413.15786,275204.7667651,13,R_Femur,366,1,0.6556,9.9818,-3.407,8.3008,-15.7471,-4.0283,116.2244,-0.0824,-40.545,0.7966,0.2938,-0.1836,0.4953
independent_20260430_203326,trial_001,subject_001,1777552413.15786,1777552413.15786,275204.7669467,15,R_Foot,180,1,0.7273,0.3063,9.9723,19.043,-0.3052,-1.77,5.4932,-3.8892,-174.353,0.0362,0.0462,-0.9971,0.0476
independent_20260430_203326,trial_001,subject_001,1777552413.15786,1777552413.15786,275204.7671197,9,Trunk,342,1,1.3925,10.379,-0.0048,-2.5024,2.3804,1.3428,91.5216,-2.2852,-155.6488,0.1647,0.6972,-0.6848,0.1331
independent_20260430_203326,trial_001,subject_001,1777552413.15786,1777552413.15786,275204.767301,10,L_Femur,334,1,2.8902,8.642,0.8135,14.0991,-13.0615,-2.4414,85.1605,3.3289,-21.9287,0.6599,0.1496,-0.1207,0.7263
independent_20260430_203326,trial_001,subject_001,1777552413.15786,1777552413.15786,275204.7674984,11,L_Tibia,348,1,-0.6986,10.8049,0.6651,41.1987,-44.7998,-0.6714,90.3021,5.592,-62.3474,0.5881,0.396,-0.335,0.6206
independent_20260430_203326,trial_001,subject_001,1777552413.15786,1777552413.15786,275204.767687,12,L_Foot,372,1,-1.4547,1.5982,18.4133,87.0361,8.2397,1.0986,-1.4008,2.1368,-124.4421,-0.0222,-0.0021,-0.8846,0.4657
independent_20260430_203326,trial_001,subject_001,1777552413.158865,1777552413.158865,275204.7678396,13,R_Femur,367,1,0.335,10.1637,-3.5362,2.1973,-10.7422,-5.6152,116.2738,0.0549,-40.6659,0.7963,0.2954,-0.183,0.4951
independent_20260430_203326,trial_001,subject_001,1777552413.158865,1777552413.158865,275204.7680177,14,R_Tibia,186,1,0.3637,9.7282,-3.0099,64.6973,-18.5547,-24.6582,119.0588,-1.0931,-177.3962,0.0244,0.8615,-0.5071,0.0033
independent_20260430_203326,trial_001,subject_001,1777552413.2431111,1777552413.2431111,275204.8525253,9,Trunk,343,1,1.1915,10.7475,0.2058,-1.2207,2.3193,3.1128,91.4447,-2.4005,-155.5939,0.1656,0.6965,-0.6854,0.1329
independent_20260430_203326,trial_001,subject_001,1777552413.2431111,1777552413.2431111,275204.8527566,10,L_Femur,335,1,0.7178,8.819,-1.225,22.9492,-22.8882,-8.3008,85.4846,3.4113,-22.2253,0.6615,0.1522,-0.1217,0.7242
independent_20260430_203326,trial_001,subject_001,1777552413.2431111,1777552413.2431111,275204.8529306,11,L_Tibia,349,1,-1.2872,10.044,-1.1054,50.1709,-66.4062,1.77,90.9283,5.592,-63.2703,0.5882,0.4026,-0.3378,0.6147
independent_20260430_203326,trial_001,subject_001,1777552413.2441125,1777552413.2441125,275204.8530662,12,L_Foot,373,1,0.8518,1.8375,15.9585,35.4614,19.104,1.4038,-0.9119,2.3895,-124.4366,-0.0222,0.0027,-0.8846,0.4658
independent_20260430_203326,trial_001,subject_001,1777552413.2441125,1777552413.2441125,275204.8532826,13,R_Femur,368,1,0.2584,10.4173,-3.2826,-4.3945,-9.7656,-3.1128,116.2079,0.1978,-40.7922,0.7955,0.2967,-0.1828,0.4958
independent_20260430_203326,trial_001,subject_001,1777552413.2441125,1777552413.2441125,275204.8534895,15,R_Foot,181,1,0.5981,0.3302,9.7043,24.5972,-1.8921,-2.0752,6.2402,-3.9276,-174.3915,0.0368,0.0527,-0.9968,0.047
independent_20260430_203326,trial_001,subject_001,1777552413.2441125,1777552413.2441125,275204.8536613,9,Trunk,344,1,0.2584,11.0585,0.1148,-2.8687,-6.897,3.479,91.3898,-2.4774,-155.6653,0.1656,0.6962,-0.6859,0.1321
independent_20260430_203326,trial_001,subject_001,1777552413.2441125,1777552413.2441125,275204.8538168,10,L_Femur,336,1,-2.584,10.4412,-0.3158,10.5591,-32.1045,-18.7988,85.6824,3.6749,-22.879,0.6615,0.1578,-0.124,0.7226
independent_20260430_203326,trial_001,subject_001,1777552413.2451122,1777552413.2451122,275204.8539971,11,L_Tibia,350,1,-1.7562,8.5989,-3.3018,68.9087,-69.5801,-1.5869,92.0764,5.6305,-64.7369,0.589,0.4137,-0.3413,0.6045
independent_20260430_203326,trial_001,subject_001,1777552413.2451122,1777552413.2451122,275204.8541416,12,L_Foot,374,1,-1.3207,0.4115,11.2116,17.6392,13.6719,2.2583,-0.5438,2.8674,-124.3982,-0.0243,0.0075,-0.8843,0.4661
independent_20260430_203326,trial_001,subject_001,1777552413.2451122,1777552413.2451122,275204.85425,14,R_Tibia,187,1,-0.335,9.9627,-2.9907,72.2656,-25.6348,-26.3062,121.1353,-0.0714,-177.5665,0.0188,0.8707,-0.4913,0.0099
independent_20260430_203326,trial_001,subject_001,1777552413.2451122,1777552413.2451122,275204.8543487,9,Trunk,345,1,0.0861,10.9628,-0.1675,-5.8594,-12.5122,0.2441,91.3074,-2.4994,-155.8411,0.1645,0.6959,-0.6866,0.131
independent_20260430_203326,trial_001,subject_001,1777552413.2451122,1777552413.2451122,275204.8544452,10,L_Femur,337,1,-2.1677,9.5177,-0.512,24.5361,-11.8408,-24.353,85.979,4.0045,-23.1482,0.6625,0.1618,-0.1233,0.7209
independent_20260430_203326,trial_001,subject_001,1777552413.2451122,1777552413.2451122,275204.8545395,11,L_Tibia,351,1,-1.1293,9.6134,-3.0864,68.4814,-41.8091,-6.4697,93.0487,5.7513,-65.4346,0.5911,0.4208,-0.3408,0.5978
independent_20260430_203326,trial_001,subject_001,1777552413.2451122,1777552413.2451122,275204.8546468,12,L_Foot,375,1,-2.2395,0.244,11.0346,3.2349,-3.1128,2.0752,-0.4669,2.9004,-124.3762,-0.0243,0.0082,-0.8842,0.4663
independent_20260430_203326,trial_001,subject_001,1777552413.2826195,1777552413.2826195,275204.8920932,13,R_Femur,369,1,-0.2058,10.9963,-2.5983,-15.4419,-16.7847,1.5869,115.8728,0.3571,-41.1768,0.7927,0.2996,-0.1842,0.4979
independent_20260430_203326,trial_001,subject_001,1777552413.2826195,1777552413.2826195,275204.8922999,15,R_Foot,182,1,0.89,0.7034,10.202,34.0576,-4.7607,-5.4321,7.3059,-4.054,-174.4739,0.0383,0.0619,-0.9963,0.0458
independent_20260430_203326,trial_001,subject_001,1777552413.2836194,1777552413.2836194,275204.8924944,9,Trunk,346,1,0.2393,10.7379,-0.4689,-6.7139,-14.5264,-3.54,91.203,-2.4554,-156.0498,0.1629,0.6957,-0.6874,0.1302
independent_20260430_203326,trial_001,subject_001,1777552413.2836194,1777552413.2836194,275204.8926804,10,L_Femur,338,1,-0.0479,8.8908,-2.7036,36.7432,-5.5542,-27.0386,86.6492,4.5264,-23.2745,0.6657,0.1664,-0.1201,0.7174
independent_20260430_203326,trial_001,subject_001,1777552413.2836194,1777552413.2836194,275204.8928621,11,L_Tibia,352,1,0.1962,10.001,-3.0146,61.5845,-16.0522,-7.4463,93.9606,5.8887,-65.7422,0.5942,0.4257,-0.3383,0.5926
independent_20260430_203326,trial_001,subject_001,1777552413.2836194,1777552413.2836194,275204.8930491,12,L_Foot,376,1,-0.4929,0.067,10.2881,0.6104,2.8076,2.1362,-0.434,2.9443,-124.3488,-0.0245,0.0086,-0.8841,0.4665
independent_20260430_203326,trial_001,subject_001,1777552413.2836194,1777552413.2836194,275204.8932693,13,R_Femur,370,1,-0.8278,11.5035,-2.206,-30.3955,-19.8364,2.9907,115.34,0.4614,-41.5338,0.7893,0.3016,-0.1864,0.5013
independent_20260430_203326,trial_001,subject_001,1777552413.2836194,1777552413.2836194,275204.8934561,14,R_Tibia,188,1,-0.402,10.8432,-3.0577,86.4258,-40.2222,-23.3154,123.9862,1.3184,-178.1049,0.0092,0.8828,-0.4693,0.0179
independent_20260430_203326,trial_001,subject_001,1777552413.284619,1777552413.284619,275204.8936512,9,Trunk,347,1,0.0,10.7857,-0.7943,-9.2773,-21.7896,-9.2773,91.0272,-2.3071,-156.4343,0.1595,0.6954,-0.6888,0.129
independent_20260430_203326,trial_001,subject_001,1777552413.284619,1777552413.284619,275204.8938601,10,L_Femur,339,1,0.3589,8.6181,-3.1869,43.9453,-7.0801,-20.752,87.2754,4.856,-23.3899,0.6689,0.1698,-0.1179,0.714
independent_20260430_203326,trial_001,subject_001,1777552413.284619,1777552413.284619,275204.8940417,11,L_Tibia,353,1,2.4356,9.7091,-3.5027,52.5513,24.7192,-14.8315,95.1086,6.1139,-65.4565,0.6004,0.4287,-0.3313,0.5882
independent_20260430_203326,trial_001,subject_001,1777552413.284619,1777552413.284619,275204.8942259,12,L_Foot,377,1,-0.4689,0.0574,10.1302,-0.4883,1.5259,1.709,-0.412,2.9663,-124.3158,-0.0246,0.0089,-0.884,0.4668
independent_20260430_203326,trial_001,subject_001,1777552413.284619,1777552413.284619,275204.8944137,13,R_Femur,371,1,-1.0814,11.4796,-1.804,-42.6025,-22.8271,6.0425,114.7302,0.5164,-41.8634,0.7857,0.3031,-0.1891,0.505
independent_20260430_203326,trial_001,subject_001,1777552413.285619,1777552413.285619,275204.8945998,15,R_Foot,183,1,0.7034,-0.2058,9.8957,55.1758,-2.8076,-10.0708,8.6517,-4.0869,-174.6771,0.039,0.0736,-0.9956,0.0436
independent_20260430_203326,trial_001,subject_001,1777552413.3433518,1777552413.3433518,275204.9525136,9,Trunk,348,1,-0.1005,10.4364,-1.0719,-9.0942,-24.5361,-13.1226,90.8899,-2.1259,-156.7969,0.156,0.6953,-0.6898,0.1281
independent_20260430_203326,trial_001,subject_001,1777552413.3433518,1777552413.3433518,275204.952652,10,L_Femur,340,1,0.0574,8.8669,-2.3974,46.2646,1.8921,-12.6343,87.962,5.0647,-23.3954,0.6729,0.1718,-0.1157,0.7102
independent_20260430_203326,trial_001,subject_001,1777552413.3433518,1777552413.3433518,275204.9527825,11,L_Tibia,354,1,1.6365,10.2211,-2.4835,45.5322,45.5933,-19.9585,95.8887,6.3501,-64.7809,0.6061,0.4285,-0.3236,0.5868
independent_20260430_203326,trial_001,subject_001,1777552413.3433518,1777552413.3433518,275204.9529003,12,L_Foot,378,1,-0.402,-0.0622,10.2402,0.6104,2.3193,1.1597,-0.39,3.0048,-124.3048,-0.0248,0.0092,-0.8839,0.4669
independent_20260430_203326,trial_001,subject_001,1777552413.3433518,1777552413.3433518,275204.9529994,13,R_Femur,372,1,-1.1819,11.159,-1.1389,-59.5093,-26.6113,9.7656,113.8843,0.5438,-42.2699,0.7808,0.3046,-0.193,0.5102
independent_20260430_203326,trial_001,subject_001,1777552413.3433518,1777552413.3433518,275204.9530985,14,R_Tibia,189,1,-1.9045,10.3359,-2.3495,103.6987,-54.4434,-16.4185,127.3425,2.9224,-179.1321,-0.0045,0.896,-0.4432,0.0262
independent_20260430_203326,trial_001,subject_001,1777552413.3443575,1777552413.3443575,275204.9532154,9,Trunk,349,1,0.2536,9.6182,-1.4738,-4.8828,-20.874,-14.8926,90.7635,-1.8402,-157.2308,0.1515,0.6955,-0.6907,0.1274
independent_20260430_203326,trial_001,subject_001,1777552413.3443575,1777552413.3443575,275204.9533394,10,L_Femur,341,1,-0.6986,10.178,-1.292,42.6636,7.6294,-8.3008,88.8574,5.2515,-23.2471,0.6784,0.1729,-0.1123,0.7052
independent_20260430_203326,trial_001,subject_001,1777552413.3443575,1777552413.3443575,275204.9534598,11,L_Tibia,355,1,-1.3877,10.4173,-1.9763,35.7056,11.7798,-11.8408,96.7236,6.5973,-64.2151,0.6117,0.429,-0.3161,0.5847
independent_20260430_203326,trial_001,subject_001,1777552413.3443575,1777552413.3443575,275204.9535786,12,L_Foot,379,1,-0.2345,-0.201,10.0153,2.9297,3.8452,0.5493,-0.3461,3.0597,-124.2993,-0.025,0.0098,-0.8839,0.4669
independent_20260430_203326,trial_001,subject_001,1777552413.3443575,1777552413.3443575,275204.9537042,13,R_Femur,373,1,-2.0768,10.9054,-0.2775,-86.6699,-24.4141,2.9297,112.2748,0.6262,-42.7808,0.7721,0.3057,-0.199,0.5205
independent_20260430_203326,trial_001,subject_001,1777552413.3443575,1777552413.3443575,275204.9538513,15,R_Foot,184,1,1.0575,-0.0813,10.3981,109.6191,0.4883,-20.874,11.7004,-3.988,-175.2429,0.0388,0.1003,-0.9935,0.0377
independent_20260430_203326,trial_001,subject_001,1777552413.3443575,1777552413.3443575,275204.9539636,9,Trunk,350,1,0.7656,9.3933,-1.5743,-3.3569,-16.3574,-15.4419,90.7031,-1.615,-157.489,0.1486,0.6957,-0.6911,0.1273
independent_20260430_203326,trial_001,subject_001,1777552413.3443575,1777552413.3443575,275204.9540596,10,L_Femur,342,1,-0.6556,9.9531,-1.2106,46.0205,5.4321,-8.728,89.5386,5.3778,-23.1537,0.6825,0.1738,-0.11,0.7014
independent_20260430_203326,trial_001,subject_001,1777552413.3443575,1777552413.3443575,275204.9541552,11,L_Tibia,356,1,-2.895,9.9101,-2.5122,30.5786,-37.6587,-5.0049,97.1521,6.7401,-64.6216,0.6118,0.433,-0.3158,0.5818
independent_20260430_203326,trial_001,subject_001,1777552413.3453574,1777552413.3453574,275204.9542468,12,L_Foot,380,1,-0.3637,0.0287,9.8909,3.54,5.6152,-0.2441,-0.2582,3.175,-124.3048,-0.0255,0.0109,-0.8839,0.4669
independent_20260430_203326,trial_001,subject_001,1777552413.3453574,1777552413.3453574,275204.9543397,13,R_Femur,374,1,-3.2443,10.4269,-0.3206,-92.4072,-20.2637,-6.1035,110.8905,0.791,-43.0389,0.7647,0.3057,-0.2028,0.5297
independent_20260430_203326,trial_001,subject_001,1777552413.3453574,1777552413.3453574,275204.9544302,14,R_Tibia,190,1,-0.6316,10.4891,-2.7802,114.1968,-53.1616,-13.7939,131.1713,4.5264,179.632,0.0192,-0.9098,0.4131,-0.0346
independent_20260430_203326,trial_001,subject_001,1777552413.3453574,1777552413.3453574,275204.9545228,10,L_Femur,343,1,-0.445,9.4268,-1.2585,46.3257,6.5308,-9.0942,90.2417,5.5151,-23.0493,0.6867,0.1747,-0.1074,0.6974
independent_20260430_203326,trial_001,subject_001,1777552413.3453574,1777552413.3453574,275204.9546129,11,L_Tibia,357,1,-2.383,9.1109,-2.2777,29.541,-64.3311,-4.7607,97.4982,6.9379,-65.506,0.6096,0.4396,-0.3178,0.5781
independent_20260430_203326,trial_001,subject_001,1777552413.3453574,1777552413.3453574,275204.9547059,12,L_Foot,381,1,-0.8518,0.1483,10.0728,2.6855,4.3335,-0.1221,-0.2032,3.2465,-124.3103,-0.0259,0.0117,-0.8839,0.4668
independent_20260430_203326,trial_001,subject_001,1777552413.3458617,1777552413.3458617,275204.9547993,13,R_Femur,375,1,-2.5936,10.4986,-0.7991,-106.1401,-34.4238,-12.4512,108.8416,1.1865,-43.5168,0.7531,0.3071,-0.2078,0.5435
independent_20260430_203326,trial_001,subject_001,1777552413.3458617,1777552413.3458617,275204.954923,15,R_Foot,185,1,0.8661,1.7322,11.0537,150.3906,6.2256,-27.0386,16.6772,-3.6804,-176.0724,0.0367,0.1438,-0.9885,0.0292
independent_20260430_203326,trial_001,subject_001,1777552413.3458617,1777552413.3458617,275204.9550246,9,Trunk,351,1,1.0623,8.9482,-1.3111,-4.3945,-4.4556,-14.1602,90.5164,-1.1206,-157.7527,0.1438,0.6956,-0.692,0.129
independent_20260430_203326,trial_001,subject_001,1777552413.352869,1777552413.352869,275204.9621556,10,L_Femur,344,1,-0.847,9.4698,-0.9857,40.7104,10.9863,-8.5449,91.1096,5.6854,-22.8406,0.692,0.1752,-0.1038,0.6925
independent_20260430_203326,trial_001,subject_001,1777552413.352869,1777552413.352869,275204.9623396,11,L_Tibia,358,1,0.8422,9.6086,-1.4738,27.1606,-33.8745,-8.3008,97.9486,7.207,-66.4178,0.6074,0.4469,-0.3191,0.5741
independent_20260430_203326,trial_001,subject_001,1777552413.352869,1777552413.352869,275204.9624673,12,L_Foot,382,1,-0.78,0.0909,10.3312,0.5493,3.1738,0.1221,-0.1593,3.3179,-124.3158,-0.0262,0.0123,-0.8839,0.4668
independent_20260430_203326,trial_001,subject_001,1777552413.352869,1777552413.352869,275204.9626104,13,R_Femur,376,1,-0.6125,10.647,-1.3686,-115.1123,-40.5884,-9.7656,107.1222,1.5106,-44.0277,0.7428,0.3088,-0.2128,0.5546
independent_20260430_203326,trial_001,subject_001,1777552413.3538687,1777552413.3538687,275204.9627417,14,R_Tibia,191,1,-1.3446,9.8718,-4.7182,120.0562,-42.0532,-12.6343,134.6594,5.6964,178.9838,0.0273,-0.9214,0.3853,-0.0424
independent_20260430_203326,trial_001,subject_001,1777552413.3538687,1777552413.3538687,275204.9628467,9,Trunk,352,1,0.3972,8.7855,-1.2011,-2.2583,-3.7231,-14.2822,90.4614,-0.9119,-157.8076,0.1421,0.6956,-0.6922,0.13
independent_20260430_203326,trial_001,subject_001,1777552413.3538687,1777552413.3538687,275204.9629497,11,L_Tibia,359,1,1.5408,9.9053,-1.4643,26.8555,13.6108,-14.0991,98.3661,7.3993,-66.319,0.6092,0.4484,-0.3159,0.5728
independent_20260430_203326,trial_001,subject_001,1777552413.3538687,1777552413.3538687,275204.9630496,13,R_Femur,377,1,0.9331,10.5082,-2.1103,-116.4551,-31.0669,-5.3101,105.3589,1.7303,-44.4727,0.7326,0.3094,-0.2183,0.5657
independent_20260430_203326,trial_001,subject_001,1777552413.3538687,1777552413.3538687,275204.9631494,15,R_Foot,186,1,0.2919,1.7083,10.9102,226.1353,-15.625,-55.9082,23.5657,-3.3673,-177.5336,0.0331,0.2034,-0.9784,0.0151
independent_20260430_203326,trial_001,subject_001,1777552413.3538687,1777552413.3538687,275204.9632501,9,Trunk,353,1,-0.1579,8.8813,-1.0097,0.9766,-2.3193,-14.3433,90.4504,-0.7031,-157.8461,0.1406,0.6958,-0.692,0.131
independent_20260430_203326,trial_001,subject_001,1777552413.3538687,1777552413.3538687,275204.9633493,10,L_Femur,345,1,-1.4212,9.5751,-1.0814,36.1938,19.4092,-13.4277,92.428,6.037,-22.2583,0.7003,0.1749,-0.0961,0.6853
independent_20260430_203326,trial_001,subject_001,1777552413.3538687,1777552413.3538687,275204.9634468,11,L_Tibia,360,1,-0.0526,9.5272,-1.4643,26.2451,32.8369,-16.6016,98.8275,7.5751,-65.8191,0.6128,0.4478,-0.3106,0.5723
independent_20260430_203326,trial_001,subject_001,1777552413.3538687,1777552413.3538687,275204.9635583,12,L_Foot,383,1,-0.6556,-0.0526,9.9005,1.0376,2.0142,0.7935,-0.0989,3.4003,-124.3048,-0.0266,0.0131,-0.8838,0.4669
independent_20260430_203326,trial_001,subject_001,1777552413.3538687,1777552413.3538687,275204.9636802,13,R_Femur,378,1,1.3925,10.6087,-3.0529,-116.8823,-1.6479,-5.7983,103.0188,1.8677,-44.632,0.7201,0.3066,-0.2245,0.5805
independent_20260430_203326,trial_001,subject_001,1777552413.3538687,1777552413.3538687,275204.9638192,14,R_Tibia,192,1,-0.6891,9.0583,-6.6322,112.7319,-47.4854,-11.2915,138.7079,7.3169,178.0939,0.038,-0.9334,0.3528,-0.0538
independent_20260430_203326,trial_001,subject_001,1777552413.3538687,1777552413.3538687,275204.9639384,9,Trunk,354,1,-0.3637,9.3693,-0.8613,-0.1221,-1.5869,-15.3198,90.4449,-0.412,-157.8735,0.1387,0.6962,-0.6918,0.1327
independent_20260430_203326,trial_001,subject_001,1777552413.3538687,1777552413.3538687,275204.9640689,10,L_Femur,346,1,-1.5982,9.6086,-0.9044,31.1279,20.4468,-11.4136,92.9498,6.2018,-21.9342,0.7037,0.1743,-0.0923,0.6826
independent_20260430_203326,trial_001,subject_001,1777552413.3538687,1777552413.3538687,275204.9642067,11,L_Tibia,361,1,-2.2251,9.5847,-1.6126,25.8179,16.1743,-12.3901,99.4208,7.7948,-65.3027,0.617,0.4476,-0.3044,0.5712
independent_20260430_203326,trial_001,subject_001,1777552413.3553746,1777552413.3553746,275204.9643443,12,L_Foot,384,1,-0.6604,0.1005,10.2067,0.2441,1.2817,0.8545,-0.0714,3.4332,-124.2938,-0.0268,0.0134,-0.8838,0.467
independent_20260430_203326,trial_001,subject_001,1777552413.3553746,1777552413.3553746,275204.9644646,13,R_Femur,379,1,0.6795,10.7092,-3.5123,-122.3755,18.6768,-9.8877,101.2061,1.9446,-44.3738,0.7114,0.3018,-0.2275,0.5926
independent_20260430_203326,trial_001,subject_001,1777552413.4034827,1777552413.4034827,275205.0126656,15,R_Foot,187,1,0.8757,2.6558,10.1685,298.2788,-20.9961,-80.0781,32.0032,-2.9169,-179.7473,0.0251,0.2755,-0.961,-0.0049
independent_20260430_203326,trial_001,subject_001,1777552413.4034827,1777552413.4034827,275205.0128263,9,Trunk,355,1,-0.3158,9.6756,-0.6843,-0.5493,-0.6714,-14.6484,90.423,-0.1978,-157.879,0.1373,0.6963,-0.6916,0.134
independent_20260430_203326,trial_001,subject_001,1777552413.4034827,1777552413.4034827,275205.0129756,10,L_Femur,347,1,-1.8662,9.7904,-0.8183,29.3579,17.0898,-7.9956,93.4167,6.3171,-21.6486,0.7067,0.1736,-0.0892,0.68
independent_20260430_203326,trial_001,subject_001,1777552413.4034827,1777552413.4034827,275205.0131239,11,L_Tibia,362,1,-2.5074,9.8574,-1.5504,24.5972,-8.0566,-7.8735,99.7943,7.9376,-65.3302,0.6183,0.4494,-0.3023,0.5696
independent_20260430_203326,trial_001,subject_001,1777552413.4034827,1777552413.4034827,275205.0133098,12,L_Foot,385,1,-0.7082,-0.0383,10.0393,1.2207,1.0376,0.7935,-0.0439,3.4497,-124.2883,-0.0268,0.0137,-0.8837,0.467
independent_20260430_203326,trial_001,subject_001,1777552413.4044874,1777552413.4044874,275205.0134475,13,R_Femur,380,1,0.0526,10.6422,-3.6415,-126.1597,28.7476,-14.0991,99.3329,2.0599,-43.9288,0.7025,0.2959,-0.2293,0.6053
independent_20260430_203326,trial_001,subject_001,1777552413.4044874,1777552413.4044874,275205.0135873,14,R_Tibia,193,1,-0.9762,7.9003,-7.5271,89.7217,-43.5181,-0.9155,142.0752,8.5693,177.2809,0.0466,-0.9422,0.3256,-0.0629
independent_20260430_203326,trial_001,subject_001,1777552413.4044874,1777552413.4044874,275205.013737,10,L_Femur,348,1,-1.6126,9.7665,-0.6843,27.8931,5.6763,-5.127,94.01,6.416,-21.4508,0.7104,0.1734,-0.0865,0.6766
independent_20260430_203326,trial_001,subject_001,1777552413.4044874,1777552413.4044874,275205.0138804,11,L_Tibia,363,1,-0.8805,9.5272,-1.5073,24.231,-15.686,-7.019,100.2338,8.1409,-65.6158,0.6187,0.453,-0.3008,0.5671
independent_20260430_203326,trial_001,subject_001,1777552413.4044874,1777552413.4044874,275205.0140237,12,L_Foot,386,1,-0.6364,0.0813,9.9627,1.2207,0.9766,0.5493,-0.0165,3.4717,-124.2828,-0.0268,0.014,-0.8837,0.4671
independent_20260430_203326,trial_001,subject_001,1777552413.4044874,1777552413.4044874,275205.0141945,13,R_Femur,381,1,-0.201,10.4938,-3.2778,-124.0234,24.5361,-14.2212,96.8445,2.2632,-43.3356,0.6902,0.2883,-0.2313,0.6221
independent_20260430_203326,trial_001,subject_001,1777552413.405487,1777552413.405487,275205.0143464,15,R_Foot,188,1,0.0622,5.4359,6.7519,290.3442,-53.833,-112.5488,42.6764,-1.8677,176.7096,-0.0047,-0.3641,0.9308,0.0327
independent_20260430_203326,trial_001,subject_001,1777552413.405487,1777552413.405487,275205.0145176,9,Trunk,356,1,-0.244,9.867,-0.7417,-0.7935,4.6997,-14.6484,90.3955,0.2692,-157.7692,0.1352,0.6965,-0.6911,0.1375
independent_20260430_203326,trial_001,subject_001,1777552413.405487,1777552413.405487,275205.0146508,10,L_Femur,349,1,-1.4116,9.7187,-0.3015,24.1699,0.1831,-2.8076,94.389,6.4655,-21.4233,0.7126,0.1738,-0.0854,0.6743
independent_20260430_203326,trial_001,subject_001,1777552413.405487,1777552413.405487,275205.0147562,11,L_Tibia,364,1,-0.1483,9.3167,-1.5456,26.5503,-5.3101,-6.7139,100.6183,8.2672,-65.7092,0.6198,0.455,-0.299,0.5652
independent_20260430_203326,trial_001,subject_001,1777552413.4059908,1777552413.4059908,275205.0148504,12,L_Foot,387,1,-0.4067,0.1771,10.178,0.5493,1.9531,0.4272,0.022,3.5101,-124.2773,-0.027,0.0145,-0.8837,0.4671
independent_20260430_203326,trial_001,subject_001,1777552413.4059908,1777552413.4059908,275205.0149447,14,R_Tibia,194,1,-0.335,6.2016,-8.2879,55.8472,-32.2876,0.061,144.3109,9.7284,176.4294,0.0555,-0.9472,0.3077,-0.0712
independent_20260430_203326,trial_001,subject_001,1777552413.4059908,1777552413.4059908,275205.0150414,9,Trunk,357,1,-0.3445,9.8096,-0.7896,-2.3804,5.9814,-15.2588,90.3516,0.4889,-157.6758,0.1344,0.6964,-0.691,0.1394
independent_20260430_203326,trial_001,subject_001,1777552413.4059908,1777552413.4059908,275205.015261,10,L_Femur,350,1,-1.3925,9.9914,-0.1292,19.2871,5.8594,-2.6855,94.6857,6.4929,-21.3464,0.7144,0.1737,-0.0844,0.6725
independent_20260430_203326,trial_001,subject_001,1777552413.4059908,1777552413.4059908,275205.0153556,11,L_Tibia,365,1,-0.4307,9.7043,-1.2729,28.2593,14.4043,-6.5918,101.0687,8.3386,-65.5225,0.6225,0.4555,-0.2958,0.5635
independent_20260430_203326,trial_001,subject_001,1777552413.4059908,1777552413.4059908,275205.0154522,12,L_Foot,388,1,-0.6364,0.1388,10.1493,1.5259,1.0376,0.6714,0.0604,3.5321,-124.2719,-0.027,0.0149,-0.8836,0.4672
independent_20260430_203326,trial_001,subject_001,1777552413.4059908,1777552413.4059908,275205.0155467,13,R_Femur,382,1,-0.5264,10.5226,-2.2395,-109.7412,4.1504,-3.7231,92.8455,2.4554,-42.9346,0.6686,0.2788,-0.2378,0.647
independent_20260430_203326,trial_001,subject_001,1777552413.4059908,1777552413.4059908,275205.0157019,15,R_Foot,189,1,10.0058,3.9334,29.7828,-72.5708,-34.3018,-59.9976,45.1813,-1.7688,172.403,0.0112,-0.3842,0.9207,0.0671
independent_20260430_203326,trial_001,subject_001,1777552413.4828658,1777552413.4828658,275205.0923639,9,Trunk,358,1,-0.3302,10.0584,-0.6938,-4.4556,5.8594,-15.0146,90.2582,0.78,-157.5549,0.1332,0.6961,-0.6911,0.142
independent_20260430_203326,trial_001,subject_001,1777552413.4828658,1777552413.4828658,275205.0924997,10,L_Femur,351,1,-1.5839,9.7187,-0.9044,22.7051,14.3433,-6.8359,95.1746,6.5863,-21.0828,0.7176,0.1729,-0.0815,0.6697
independent_20260430_203326,trial_001,subject_001,1777552413.4828658,1777552413.4828658,275205.0926062,11,L_Tibia,366,1,-1.6557,9.7569,-1.56,24.5972,19.104,-7.2021,101.64,8.4155,-65.105,0.6267,0.455,-0.2911,0.5617
independent_20260430_203326,trial_001,subject_001,1777552413.4828658,1777552413.4828658,275205.0927087,13,R_Femur,383,1,-0.8565,10.4029,-2.1342,-105.1025,8.1787,-2.6855,91.2524,2.4829,-42.8137,0.6598,0.2749,-0.2408,0.6566
independent_20260430_203326,trial_001,subject_001,1777552413.483865,1777552413.483865,275205.0928308,14,R_Tibia,195,1,-0.713,5.7039,-6.7662,14.2212,-22.644,11.2915,145.1349,10.1953,175.8911,0.0607,-0.9487,0.3012,-0.074
independent_20260430_203326,trial_001,subject_001,1777552413.483865,1777552413.483865,275205.093028,9,Trunk,359,1,-0.311,10.0584,-0.6843,-5.9204,4.8218,-16.1743,90.1593,1.0107,-157.478,0.1322,0.6956,-0.6913,0.144
independent_20260430_203326,trial_001,subject_001,1777552413.483865,1777552413.483865,275205.0931548,10,L_Femur,352,1,-1.9476,9.5177,-1.1341,26.001,17.2729,-8.2397,95.5756,6.6797,-20.8136,0.7202,0.1721,-0.0787,0.6675
independent_20260430_203326,trial_001,subject_001,1777552413.483865,1777552413.483865,275205.0932789,13,R_Femur,384,1,-0.8948,10.2737,-1.9715,-96.9238,12.6953,-0.6104,89.7748,2.4884,-42.6215,0.6517,0.2707,-0.2431,0.6655
independent_20260430_203326,trial_001,subject_001,1777552413.483865,1777552413.483865,275205.0934103,15,R_Foot,190,1,2.3447,-2.4165,5.0244,-90.9424,54.3823,-14.1602,42.0337,0.1154,172.6556,0.0239,-0.3578,0.9316,0.0594
independent_20260430_203326,trial_001,subject_001,1777552413.493649,1777552413.493649,275205.1029505,9,Trunk,360,1,-0.4115,9.7761,-0.6651,-3.7231,2.3193,-16.8457,90.0824,1.2524,-157.4341,0.1309,0.6954,-0.6914,0.1458
independent_20260430_203326,trial_001,subject_001,1777552413.493649,1777552413.493649,275205.103183,10,L_Femur,353,1,-1.6365,9.7139,-1.871,29.2358,19.5923,-7.0801,96.2073,6.7841,-20.4016,0.7243,0.1705,-0.0747,0.6639
independent_20260430_203326,trial_001,subject_001,1777552413.493649,1777552413.493649,275205.1033437,12,L_Foot,389,1,-0.7082,-0.0335,10.135,3.8452,0.1831,1.5259,0.2527,3.576,-124.2224,-0.0265,0.0165,-0.8834,0.4676
independent_20260430_203326,trial_001,subject_001,1777552413.493649,1777552413.493649,275205.1034967,13,R_Femur,385,1,-0.2105,10.044,-1.627,-88.7451,15.7471,0.3662,87.9675,2.4884,-42.3083,0.6419,0.2651,-0.2455,0.6763
independent_20260430_203326,trial_001,subject_001,1777552413.4946563,1777552413.4946563,275205.1036351,14,R_Tibia,196,1,-1.8423,6.1394,-5.3259,-47.4243,-13.9771,25.6348,144.0417,10.1843,174.9738,0.0689,-0.9453,0.3109,-0.0709
independent_20260430_203326,trial_001,subject_001,1777552413.4946563,1777552413.4946563,275205.1037617,9,Trunk,361,1,-0.6556,9.5464,-0.6269,-2.2583,-0.7935,-15.3198,90.0165,1.5601,-157.4341,0.1289,0.6954,-0.6914,0.1478
independent_20260430_203326,trial_001,subject_001,1777552413.4946563,1777552413.4946563,275205.1038973,10,L_Femur,354,1,-0.9188,9.666,-2.0193,28.8086,18.6157,-5.5542,96.6687,6.839,-20.0995,0.7273,0.1692,-0.0719,0.6612
independent_20260430_203326,trial_001,subject_001,1777552413.4946563,1777552413.4946563,275205.1040249,11,L_Tibia,367,1,-0.5503,9.5799,-2.761,16.4185,-2.8076,-1.0376,102.6727,8.5309,-64.9237,0.6321,0.4571,-0.2854,0.5568
independent_20260430_203326,trial_001,subject_001,1777552413.4946563,1777552413.4946563,275205.1041514,12,L_Foot,390,1,-0.5264,0.0048,10.1063,3.1128,0.1831,1.3428,0.3351,3.587,-124.2004,-0.0263,0.0172,-0.8833,0.4678
independent_20260430_203326,trial_001,subject_001,1777552413.4946563,1777552413.4946563,275205.1042905,13,R_Femur,386,1,0.0479,9.6947,-1.3542,-85.3271,16.6626,1.4038,86.6821,2.4719,-42.0447,0.6349,0.2608,-0.247,0.684
independent_20260430_203326,trial_001,subject_001,1777552413.4946563,1777552413.4946563,275205.104424,15,R_Foot,191,1,0.0479,-0.4498,9.5703,-125.1831,15.1367,-28.6255,38.7872,1.3513,172.749,0.0321,-0.3307,0.9416,0.0557
independent_20260430_203326,trial_001,subject_001,1777552413.4956543,1777552413.4956543,275205.104551,11,L_Tibia,368,1,0.1818,9.4076,-2.9955,13.7329,6.2866,-2.8687,102.9034,8.5529,-64.8468,0.6334,0.4574,-0.284,0.5558
independent_20260430_203326,trial_001,subject_001,1777552413.4956543,1777552413.4956543,275205.1046505,12,L_Foot,391,1,-0.5455,0.1723,10.0536,2.0142,0.8545,1.0376,0.3845,3.6035,-124.1895,-0.0262,0.0177,-0.8832,0.4679
independent_20260430_203326,trial_001,subject_001,1777552413.4956543,1777552413.4956543,275205.1047432,13,R_Femur,387,1,0.0766,9.5225,-1.2202,-82.6416,18.3716,0.6104,85.4407,2.4719,-41.7645,0.6281,0.2566,-0.2481,0.6915
independent_20260430_203326,trial_001,subject_001,1777552413.4956543,1777552413.4956543,275205.1048393,14,R_Tibia,197,1,-1.9667,5.857,-6.2638,-95.3979,-14.6484,36.2549,141.1084,9.9811,173.7323,0.0803,-0.9364,0.3356,-0.0638
independent_20260430_203326,trial_001,subject_001,1777552413.4956543,1777552413.4956543,275205.1049309,9,Trunk,362,1,-0.7561,9.2593,-0.2105,-0.9155,2.6245,-12.5122,89.9176,2.016,-157.3846,0.1263,0.6952,-0.6913,0.1509
independent_20260430_203326,trial_001,subject_001,1777552413.4961576,1777552413.4961576,275205.1050264,10,L_Femur,355,1,-0.4785,9.1492,-2.2442,30.0293,27.4658,-3.6621,97.8333,6.8939,-19.248,0.7352,0.1647,-0.065,0.6543
independent_20260430_203326,trial_001,subject_001,1777552413.4961576,1777552413.4961576,275205.1051413,11,L_Tibia,369,1,-0.4929,9.2545,-3.0194,11.2305,12.5122,-5.127,103.1836,8.6023,-64.5886,0.6356,0.4569,-0.2813,0.5551
independent_20260430_203326,trial_001,subject_001,1777552413.4961576,1777552413.4961576,275205.105275,12,L_Foot,392,1,-0.7082,0.1771,10.1302,0.4272,0.7324,0.8545,0.412,3.62,-124.1785,-0.0262,0.018,-0.8832,0.468
independent_20260430_203326,trial_001,subject_001,1777552413.4961576,1777552413.4961576,275205.1054062,13,R_Femur,388,1,-0.3015,9.3598,-1.2394,-77.6978,24.292,-3.9062,83.8751,2.5543,-41.2976,0.6194,0.2511,-0.2483,0.7012
independent_20260430_203326,trial_001,subject_001,1777552413.4961576,1777552413.4961576,275205.105543,15,R_Foot,192,1,2.7419,0.4594,9.489,-175.0488,3.479,-3.54,33.2172,1.7743,172.359,0.0338,-0.2842,0.9563,0.0594
independent_20260430_203326,trial_001,subject_001,1777552413.58366,1777552413.58366,275205.1929336,9,Trunk,363,1,-0.6651,9.288,-0.0096,0.0,3.1738,-11.6577,89.9011,2.1808,-157.3352,0.1256,0.6952,-0.6912,0.1522
independent_20260430_203326,trial_001,subject_001,1777552413.5842512,1777552413.5842512,275205.1931197,10,L_Femur,356,1,-0.7943,9.2258,-2.2442,31.6162,26.8555,-1.1597,98.3551,6.8555,-18.8306,0.7388,0.1621,-0.0621,0.6512
independent_20260430_203326,trial_001,subject_001,1777552413.5842512,1777552413.5842512,275205.1933056,12,L_Foot,393,1,-0.713,0.1388,10.0297,-0.3662,0.6714,0.9155,0.4175,3.6365,-124.1675,-0.0263,0.0181,-0.8831,0.468
independent_20260430_203326,trial_001,subject_001,1777552413.5842512,1777552413.5842512,275205.1934938,13,R_Femur,389,1,-0.7704,8.9674,-1.2633,-73.3643,28.0762,-5.188,82.771,2.6697,-40.8801,0.6132,0.2472,-0.2475,0.7082
independent_20260430_203326,trial_001,subject_001,1777552413.5842512,1777552413.5842512,275205.193701,14,R_Tibia,198,1,-1.3303,6.0484,-5.6656,-137.5122,28.1982,41.8091,136.6699,8.7891,172.9028,0.0856,-0.9231,0.3718,-0.0483
independent_20260430_203326,trial_001,subject_001,1777552413.5842512,1777552413.5842512,275205.1938639,9,Trunk,364,1,-0.4689,9.1923,0.0287,2.0752,2.9297,-11.1084,89.9121,2.3456,-157.2913,0.1249,0.6954,-0.6908,0.1535
independent_20260430_203326,trial_001,subject_001,1777552413.5842512,1777552413.5842512,275205.194078,10,L_Femur,357,1,-1.2489,9.4603,-2.0002,30.4565,18.6157,0.4272,98.8495,6.806,-18.5175,0.7421,0.1601,-0.06,0.6481
independent_20260430_203326,trial_001,subject_001,1777552413.5842512,1777552413.5842512,275205.1942467,11,L_Tibia,370,1,-1.0479,9.5703,-2.0385,8.9722,1.4038,-3.7842,103.4967,8.7122,-64.4458,0.6374,0.4573,-0.2787,0.5541
independent_20260430_203326,trial_001,subject_001,1777552413.6032822,1777552413.6032822,275205.2122133,12,L_Foot,394,1,-0.6316,0.1148,9.9388,-0.1221,0.9155,0.7324,0.4285,3.653,-124.162,-0.0264,0.0182,-0.8831,0.4681
independent_20260430_203326,trial_001,subject_001,1777552413.6032822,1777552413.6032822,275205.2123448,13,R_Femur,390,1,-1.0001,8.5654,-1.0001,-64.0259,26.8555,-4.6387,81.4526,2.829,-40.3253,0.6058,0.2424,-0.246,0.7167
independent_20260430_203326,trial_001,subject_001,1777552413.6032822,1777552413.6032822,275205.2124505,15,R_Foot,193,1,1.359,1.603,7.7759,-183.1665,-32.6538,30.2124,26.7902,0.9778,172.6776,0.0231,-0.2307,0.9709,0.0601
independent_20260430_203326,trial_001,subject_001,1777552413.6032822,1777552413.6032822,275205.2125894,9,Trunk,365,1,-0.1292,9.2306,0.0431,5.4932,5.4321,-10.9253,89.9945,2.5543,-157.1979,0.1243,0.6961,-0.6899,0.1552
independent_20260430_203326,trial_001,subject_001,1777552413.6032822,1777552413.6032822,275205.2127653,10,L_Femur,358,1,-1.804,9.6229,-1.5647,27.5269,7.8125,0.7935,99.4427,6.7511,-18.3032,0.7458,0.1587,-0.0583,0.6443
independent_20260430_203326,trial_001,subject_001,1777552413.6032822,1777552413.6032822,275205.2128958,11,L_Tibia,371,1,-1.0575,9.4172,-1.6509,10.0708,0.7324,-3.418,103.7109,8.7781,-64.3964,0.6384,0.4578,-0.2772,0.5532
independent_20260430_203326,trial_001,subject_001,1777552413.6032822,1777552413.6032822,275205.2130339,12,L_Foot,395,1,-0.6125,0.1436,10.0058,-0.1831,0.7935,0.4272,0.4395,3.6749,-124.1565,-0.0265,0.0184,-0.8831,0.4681
independent_20260430_203326,trial_001,subject_001,1777552413.6042788,1777552413.6042788,275205.2131635,13,R_Femur,391,1,-0.7896,8.3836,-0.6651,-54.9316,22.2168,-4.1504,80.6122,2.9388,-39.9792,0.601,0.2394,-0.245,0.7221
independent_20260430_203326,trial_001,subject_001,1777552413.6042788,1777552413.6042788,275205.2132915,14,R_Tibia,199,1,-2.5648,6.6083,-6.3786,-166.5649,36.7432,37.9028,131.9513,7.1631,172.8973,0.0819,-0.9083,0.4091,-0.0318
independent_20260430_203326,trial_001,subject_001,1777552413.6727831,1777552413.6727831,275205.2825527,9,Trunk,366,1,0.0191,9.3837,0.0574,6.6528,8.0566,-10.0098,90.0824,2.6971,-157.0825,0.1242,0.6966,-0.689,0.1567
independent_20260430_203326,trial_001,subject_001,1777552413.6737833,1777552413.6737833,275205.282673,10,L_Femur,359,1,-1.9811,9.7187,-1.3733,23.8037,2.6245,0.1221,99.8163,6.7346,-18.2373,0.748,0.1584,-0.0575,0.6419
independent_20260430_203326,trial_001,subject_001,1777552413.6737833,1777552413.6737833,275205.2828488,11,L_Tibia,372,1,-1.359,9.3311,-1.5887,10.3149,-3.418,-2.2583,103.8647,8.833,-64.4238,0.6388,0.4586,-0.2764,0.5525
independent_20260430_203326,trial_001,subject_001,1777552413.6737833,1777552413.6737833,275205.2830223,13,R_Femur,392,1,-0.445,8.1874,-0.2775,-44.8608,17.8223,-4.3945,79.9146,3.0432,-39.7046,0.5969,0.2372,-0.2442,0.7265
independent_20260430_203326,trial_001,subject_001,1777552413.6737833,1777552413.6737833,275205.2831653,9,Trunk,367,1,-0.0479,9.5033,-0.0096,6.897,9.1553,-8.8501,90.1758,2.829,-156.9452,0.1244,0.6972,-0.6881,0.1582
independent_20260430_203326,trial_001,subject_001,1777552413.6737833,1777552413.6737833,275205.2833148,10,L_Femur,360,1,-1.3925,9.4315,-1.3303,22.9492,-2.7466,0.4272,100.2722,6.7346,-18.2593,0.7506,0.1588,-0.057,0.6389
independent_20260430_203326,trial_001,subject_001,1777552413.6737833,1777552413.6737833,275205.2834632,11,L_Tibia,373,1,-1.0384,9.3646,-1.8519,12.6343,-2.8687,-2.3804,104.046,8.8824,-64.4513,0.6394,0.4594,-0.2755,0.5515
independent_20260430_203326,trial_001,subject_001,1777552413.6737833,1777552413.6737833,275205.2836163,12,L_Foot,396,1,-0.7513,0.1148,9.9723,0.7324,0.7935,0.7935,0.4724,3.7079,-124.1455,-0.0267,0.0188,-0.883,0.4682
independent_20260430_203326,trial_001,subject_001,1777552413.6737833,1777552413.6737833,275205.2837513,13,R_Femur,393,1,-0.1962,8.0151,0.1388,-31.25,14.1602,-5.9204,79.2279,3.197,-39.408,0.5928,0.2351,-0.2429,0.731
independent_20260430_203326,trial_001,subject_001,1777552413.6737833,1777552413.6737833,275205.2838771,9,Trunk,368,1,-0.4259,9.6612,0.0239,5.0049,10.6812,-8.0566,90.2802,2.9828,-156.7419,0.1249,0.6977,-0.6869,0.1602
independent_20260430_203326,trial_001,subject_001,1777552413.6737833,1777552413.6737833,275205.283983,10,L_Femur,361,1,-0.9427,9.4363,-1.1771,24.231,0.0,0.061,100.6293,6.7346,-18.2593,0.7526,0.1589,-0.0565,0.6366
independent_20260430_203326,trial_001,subject_001,1777552413.6737833,1777552413.6737833,275205.2841178,11,L_Tibia,374,1,-0.7273,9.3311,-1.8758,14.2212,6.2256,-3.3569,104.3427,8.9319,-64.3689,0.641,0.4599,-0.2736,0.5502
independent_20260430_203326,trial_001,subject_001,1777552413.6752892,1777552413.6752892,275205.2842446,12,L_Foot,397,1,-0.713,0.1244,9.934,1.0986,0.7324,0.8545,0.5109,3.7299,-124.1345,-0.0267,0.0192,-0.883,0.4683
independent_20260430_203326,trial_001,subject_001,1777552413.6752892,1777552413.6752892,275205.2845252,13,R_Femur,394,1,-0.1771,8.063,0.335,-22.1558,15.0146,-7.019,78.8708,3.3344,-39.1992,0.5906,0.2342,-0.2416,0.7335
independent_20260430_203326,trial_001,subject_001,1777552413.6752892,1777552413.6752892,275205.2846573,15,R_Foot,194,1,-0.201,3.8233,11.8959,-174.0723,-56.9458,69.2749,15.3369,-3.6859,175.0067,-0.026,-0.1346,0.9894,0.0474
independent_20260430_203326,trial_001,subject_001,1777552413.6752892,1777552413.6752892,275205.2847833,10,L_Femur,362,1,-0.9953,9.5799,-1.1724,25.2686,5.249,-0.4272,101.0083,6.7236,-18.1879,0.7548,0.1586,-0.0557,0.6341
independent_20260430_203326,trial_001,subject_001,1777552413.6752892,1777552413.6752892,275205.2849052,11,L_Tibia,375,1,-0.9522,9.4459,-1.871,14.5874,9.6436,-2.7466,104.5898,8.9484,-64.2151,0.6428,0.4596,-0.2718,0.5493
independent_20260430_203326,trial_001,subject_001,1777552413.6752892,1777552413.6752892,275205.2850484,12,L_Foot,398,1,-0.6556,0.0144,9.9244,2.4414,0.7935,1.1597,0.5548,3.7463,-124.1235,-0.0266,0.0196,-0.8829,0.4684
independent_20260430_203326,trial_001,subject_001,1777552413.6762948,1777552413.6762948,275205.285182,13,R_Femur,395,1,-0.2775,8.1061,0.4163,-15.3809,16.0522,-6.7749,78.6292,3.4772,-38.9685,0.5892,0.2334,-0.2398,0.7354
independent_20260430_203326,trial_001,subject_001,1777552413.6762948,1777552413.6762948,275205.2853086,14,R_Tibia,200,1,-0.9666,7.9338,-6.7136,-202.0874,28.2593,29.2969,118.548,4.2352,172.9523,0.0716,-0.8562,0.5116,-0.0003
independent_20260430_203326,trial_001,subject_001,1777552413.6762948,1777552413.6762948,275205.2854319,9,Trunk,369,1,-0.9905,9.4507,0.2823,3.6621,11.5967,-6.4697,90.3845,3.2135,-156.3245,0.1261,0.6982,-0.6854,0.164
independent_20260430_203326,trial_001,subject_001,1777552413.6762948,1777552413.6762948,275205.2855513,10,L_Femur,363,1,-0.9857,9.6086,-1.4355,25.8179,12.6953,-1.6479,101.5521,6.7017,-17.9572,0.7581,0.1572,-0.0538,0.6306
independent_20260430_203326,trial_001,subject_001,1777552413.6762948,1777552413.6762948,275205.2856739,11,L_Tibia,376,1,-1.0192,9.5655,-1.9667,15.1367,8.0566,-2.4414,104.9194,8.9594,-64.0338,0.645,0.4595,-0.2695,0.5479
independent_20260430_203326,trial_001,subject_001,1777552413.6762948,1777552413.6762948,275205.2857922,12,L_Foot,399,1,-0.5981,0.0335,10.0105,3.1128,1.1597,1.1597,0.6097,3.7628,-124.1071,-0.0265,0.0201,-0.8828,0.4685
independent_20260430_203326,trial_001,subject_001,1777552413.6762948,1777552413.6762948,275205.2859143,13,R_Femur,396,1,-0.4881,8.2305,0.579,-10.9253,14.6484,-5.6152,78.3984,3.642,-38.6829,0.5879,0.2325,-0.2376,0.7375
independent_20260430_203326,trial_001,subject_001,1777552413.6762948,1777552413.6762948,275205.2860492,15,R_Foot,195,1,0.0957,4.9766,13.6903,-179.1382,-45.2881,58.96,8.9484,-5.9216,176.803,-0.0493,-0.0793,0.9951,0.0318
independent_20260430_203326,trial_001,subject_001,1777552413.6772952,1777552413.6772952,275205.286176,9,Trunk,370,1,-0.9953,9.4938,0.2775,4.2725,11.0474,-5.249,90.4449,3.2849,-156.1542,0.1268,0.6984,-0.6847,0.1654
independent_20260430_203326,trial_001,subject_001,1777552413.6772952,1777552413.6772952,275205.2862984,10,L_Femur,364,1,-0.8853,9.6469,-1.493,21.7285,18.5547,-2.3193,101.9257,6.6797,-17.6935,0.7606,0.1555,-0.052,0.6282
independent_20260430_203326,trial_001,subject_001,1777552413.6772952,1777552413.6772952,275205.2863979,11,L_Tibia,377,1,-1.1867,9.422,-2.206,15.9912,6.0425,-1.77,105.1776,8.9648,-63.924,0.6467,0.4595,-0.268,0.5467
independent_20260430_203326,trial_001,subject_001,1777552413.6772952,1777552413.6772952,275205.2866049,12,L_Foot,400,1,-0.7034,0.0096,10.0536,2.8687,1.0986,0.7935,0.6866,3.7958,-124.0961,-0.0264,0.0208,-0.8827,0.4686
independent_20260430_203326,trial_001,subject_001,1777552413.6772952,1777552413.6772952,275205.2867325,13,R_Femur,397,1,-0.5312,8.4602,0.8278,-9.3384,14.8926,-4.6997,78.2611,3.7573,-38.4631,0.5872,0.2318,-0.2358,0.7388
independent_20260430_203326,trial_001,subject_001,1777552413.6772952,1777552413.6772952,275205.2868572,14,R_Tibia,201,1,-0.9666,8.8478,-6.2494,-195.3735,26.2451,20.9961,111.6156,3.0597,173.5291,0.0616,-0.8247,0.5621,0.0097
independent_20260430_203326,trial_001,subject_001,1777552413.6772952,1777552413.6772952,275205.2869852,9,Trunk,371,1,-0.89,9.5799,0.3206,3.2349,11.4746,-3.7231,90.4944,3.3344,-155.9839,0.1276,0.6986,-0.6841,0.1666
independent_20260430_203326,trial_001,subject_001,1777552413.6782985,1777552413.6782985,275205.2871683,10,L_Femur,365,1,-1.0097,9.3071,-1.8231,25.1465,24.0479,-4.0894,102.3212,6.6577,-17.3254,0.7632,0.1531,-0.0496,0.6258
independent_20260430_203326,trial_001,subject_001,1777552413.6782985,1777552413.6782985,275205.2873294,11,L_Tibia,378,1,-1.3255,9.4698,-2.45,14.7095,3.0518,-1.4648,105.4193,8.9813,-63.858,0.648,0.4597,-0.2666,0.5456
independent_20260430_203326,trial_001,subject_001,1777552413.6782985,1777552413.6782985,275205.2874824,12,L_Foot,401,1,-0.7848,0.0191,10.0345,2.8076,0.6714,0.9766,0.7416,3.8123,-124.0851,-0.0263,0.0213,-0.8827,0.4687
independent_20260430_203326,trial_001,subject_001,1777552413.6782985,1777552413.6782985,275205.2876047,13,R_Femur,398,1,-0.6938,8.7425,1.2681,-8.7891,10.437,-4.2114,78.0908,3.8782,-38.2269,0.5863,0.231,-0.234,0.7404
independent_20260430_203326,trial_001,subject_001,1777552413.7629309,1777552413.7629309,275205.372335,15,R_Foot,196,1,2.1581,5.546,14.0109,-182.4951,-29.48,61.5234,2.373,-7.3499,178.764,-0.0639,-0.0214,0.9977,0.0121
independent_20260430_203326,trial_001,subject_001,1777552413.7629309,1777552413.7629309,275205.3724832,9,Trunk,372,1,-0.8135,9.5512,0.3589,4.0283,11.1084,-1.77,90.5603,3.3673,-155.7587,0.1289,0.6988,-0.6833,0.1681
independent_20260430_203326,trial_001,subject_001,1777552413.7629309,1777552413.7629309,275205.3725945,10,L_Femur,366,1,-1.0097,9.1205,-2.2969,29.1138,26.2451,-3.418,102.9529,6.6138,-16.7816,0.7674,0.1495,-0.0461,0.6217
independent_20260430_203326,trial_001,subject_001,1777552413.7629309,1777552413.7629309,275205.3726976,11,L_Tibia,379,1,-0.89,9.2832,-2.8137,15.0757,5.4932,-1.4648,105.7324,8.9978,-63.7592,0.6499,0.46,-0.2647,0.5441
independent_20260430_203326,trial_001,subject_001,1777552413.763931,1777552413.763931,275205.3728012,12,L_Foot,402,1,-0.7226,0.1579,10.068,1.709,0.4883,0.8545,0.802,3.8287,-124.0741,-0.0262,0.0218,-0.8826,0.4688
independent_20260430_203326,trial_001,subject_001,1777552413.763931,1777552413.763931,275205.3728998,13,R_Femur,399,1,-0.8948,8.8286,1.6987,-7.9346,8.1177,-5.3101,77.9755,3.9716,-38.1061,0.5855,0.2307,-0.233,0.7414
independent_20260430_203326,trial_001,subject_001,1777552413.763931,1777552413.763931,275205.3729965,14,R_Tibia,202,1,-0.5981,9.0487,-5.1345,-183.0444,32.5317,18.7988,106.0181,2.2522,174.1772,0.0524,-0.7969,0.6016,0.0149
independent_20260430_203326,trial_001,subject_001,1777552413.763931,1777552413.763931,275205.3730998,9,Trunk,373,1,-0.8374,9.5464,0.2919,4.5166,11.5356,-0.9766,90.6207,3.3783,-155.5829,0.13,0.6989,-0.6826,0.1691
independent_20260430_203326,trial_001,subject_001,1777552413.763931,1777552413.763931,275205.3732,10,L_Femur,367,1,-1.3781,9.1014,-2.3352,31.9824,23.1934,-2.6855,103.4637,6.5698,-16.4081,0.7707,0.147,-0.0437,0.6184
independent_20260430_203326,trial_001,subject_001,1777552413.763931,1777552413.763931,275205.3732937,11,L_Tibia,380,1,-0.8613,9.2784,-2.6079,13.855,7.7515,-1.709,105.9631,8.9978,-63.6383,0.6515,0.4598,-0.2632,0.543
independent_20260430_203326,trial_001,subject_001,1777552413.763931,1777552413.763931,275205.3733863,12,L_Foot,403,1,-0.6843,0.2058,10.0584,1.0986,0.1831,0.7324,0.8295,3.8397,-124.0631,-0.0262,0.0221,-0.8826,0.4689
independent_20260430_203326,trial_001,subject_001,1777552413.763931,1777552413.763931,275205.3735192,13,R_Femur,400,1,-1.0575,8.8286,2.1294,-5.3711,8.0566,-6.8359,77.8876,4.0869,-37.9962,0.5849,0.2307,-0.2318,0.7422
independent_20260430_203326,trial_001,subject_001,1777552413.763931,1777552413.763931,275205.3736217,15,R_Foot,197,1,2.0002,5.2302,11.6471,-168.457,-23.7427,68.2983,-4.1144,-8.1189,-178.775,0.0704,-0.0366,-0.9968,0.0132
independent_20260430_203326,trial_001,subject_001,1777552413.763931,1777552413.763931,275205.3737492,9,Trunk,374,1,-0.8805,9.4555,0.2249,4.5166,11.0474,-0.061,90.6866,3.3673,-155.4126,0.1312,0.6991,-0.682,0.17
independent_20260430_203326,trial_001,subject_001,1777552413.763931,1777552413.763931,275205.3739356,10,L_Femur,368,1,-1.5169,9.2162,-2.45,33.02,16.9067,-0.061,104.1724,6.4929,-16.0126,0.7751,0.1442,-0.0412,0.6137
independent_20260430_203326,trial_001,subject_001,1777552413.763931,1777552413.763931,275205.3741282,11,L_Tibia,381,1,-0.9953,9.3071,-2.45,13.6108,5.5542,-1.3428,106.1774,9.0088,-63.5284,0.6529,0.4597,-0.2618,0.5421
independent_20260430_203326,trial_001,subject_001,1777552413.7654364,1777552413.7654364,275205.3742991,12,L_Foot,404,1,-0.6364,0.2536,10.0201,0.9155,0.3662,0.7935,0.8514,3.8507,-124.0576,-0.0262,0.0223,-0.8825,0.469
independent_20260430_203326,trial_001,subject_001,1777552413.7654364,1777552413.7654364,275205.3744725,13,R_Femur,401,1,-1.2298,8.7568,2.4548,-0.9155,9.9487,-7.5073,77.8491,4.2627,-37.8314,0.5846,0.2309,-0.2299,0.743
independent_20260430_203326,trial_001,subject_001,1777552413.8237352,1777552413.8237352,275205.4327896,14,R_Tibia,203,1,-0.847,9.2162,-3.7803,-161.0718,31.189,16.7847,100.08,1.4172,175.2155,0.0399,-0.7654,0.642,0.0173
independent_20260430_203326,trial_001,subject_001,1777552413.8237352,1777552413.8237352,275205.4330258,9,Trunk,375,1,-0.8422,9.4698,0.2632,5.3101,10.437,-0.1831,90.78,3.3563,-155.2039,0.1327,0.6994,-0.6811,0.1711
independent_20260430_203326,trial_001,subject_001,1777552413.8237352,1777552413.8237352,275205.4332591,11,L_Tibia,382,1,-0.8709,9.3502,-2.3591,15.564,5.3711,-0.3662,106.496,9.0088,-63.4241,0.6548,0.4598,-0.26,0.5405
independent_20260430_203326,trial_001,subject_001,1777552413.8237352,1777552413.8237352,275205.4335165,12,L_Foot,405,1,-0.6651,0.268,10.0201,0.7935,0.9766,0.3662,0.8789,3.8672,-124.0796,-0.0262,0.0226,-0.8826,0.4688
independent_20260430_203326,trial_001,subject_001,1777552413.8247437,1777552413.8247437,275205.4337309,13,R_Femur,402,1,-1.2681,8.7568,2.584,2.8076,13.1836,-7.3853,77.8876,4.4055,-37.6556,0.5848,0.231,-0.228,0.7434
independent_20260430_203326,trial_001,subject_001,1777552413.8247437,1777552413.8247437,275205.433943,15,R_Foot,198,1,1.1149,5.0723,10.8384,-137.7563,-35.2783,52.4902,-8.855,-8.9099,-176.8744,0.0753,-0.079,-0.9935,0.0331
independent_20260430_203326,trial_001,subject_001,1777552413.8247437,1777552413.8247437,275205.4341373,9,Trunk,376,1,-0.78,9.6277,0.311,5.249,11.2305,0.1221,90.8569,3.3453,-155.0336,0.1339,0.6997,-0.6804,0.1719
independent_20260430_203326,trial_001,subject_001,1777552413.8247437,1777552413.8247437,275205.4343234,10,L_Femur,369,1,-1.3255,9.398,-1.8758,30.6396,10.6812,2.3804,105.1227,6.3336,-15.6665,0.7808,0.1413,-0.0393,0.6073
independent_20260430_203326,trial_001,subject_001,1777552413.8257446,1777552413.8257446,275205.4346081,11,L_Tibia,383,1,-1.1771,9.3119,-2.2107,16.3574,4.5776,-0.2441,106.7542,9.0088,-63.3362,0.6564,0.4599,-0.2586,0.5392
independent_20260430_203326,trial_001,subject_001,1777552413.8257446,1777552413.8257446,275205.4347911,12,L_Foot,406,1,-0.7417,0.2919,10.0584,0.8545,0.6714,0.3662,0.8734,3.9001,-124.118,-0.0265,0.0227,-0.8828,0.4685
independent_20260430_203326,trial_001,subject_001,1777552413.8257446,1777552413.8257446,275205.4349618,13,R_Femur,403,1,-1.2059,8.9004,2.6175,5.7373,13.7939,-5.8594,77.9755,4.5374,-37.4579,0.5855,0.231,-0.2258,0.7435
independent_20260430_203326,trial_001,subject_001,1777552413.8257446,1777552413.8257446,275205.4351675,14,R_Tibia,204,1,-0.6269,9.1731,-2.9189,-132.6294,14.5874,19.8975,95.0702,0.6866,175.8636,0.0307,-0.7371,0.6748,0.0199
independent_20260430_203326,trial_001,subject_001,1777552413.8264458,1777552413.8264458,275205.435563,9,Trunk,377,1,-0.6508,9.6134,0.3302,5.8594,11.8408,1.6479,90.9613,3.3124,-154.8029,0.1357,0.7,-0.6795,0.173
independent_20260430_203326,trial_001,subject_001,1777552413.8264458,1777552413.8264458,275205.4357975,10,L_Femur,370,1,-1.6748,9.4172,-1.9141,29.9683,12.3901,2.1362,105.7434,6.2183,-15.4358,0.7845,0.1394,-0.0381,0.6031
independent_20260430_203326,trial_001,subject_001,1777552413.8264458,1777552413.8264458,275205.435926,11,L_Tibia,384,1,-1.4403,9.4124,-2.2347,16.7847,4.2725,0.9766,107.1057,8.9868,-63.2373,0.6585,0.4601,-0.2568,0.5374
independent_20260430_203326,trial_001,subject_001,1777552413.8264458,1777552413.8264458,275205.4360686,12,L_Foot,407,1,-0.7513,0.2345,9.9196,2.1973,0.1831,0.6104,0.8789,3.9056,-124.1455,-0.0265,0.0227,-0.8829,0.4683
independent_20260430_203326,trial_001,subject_001,1777552413.8264458,1777552413.8264458,275205.4362201,13,R_Femur,404,1,-1.0527,9.1971,2.7323,5.127,12.3901,-3.1738,78.1018,4.6527,-37.2052,0.5865,0.2307,-0.2233,0.7436
independent_20260430_203326,trial_001,subject_001,1777552413.8274517,1777552413.8274517,275205.4363873,15,R_Foot,199,1,0.9092,4.1057,9.8813,-107.2388,-19.9585,37.8418,-13.299,-9.4482,-175.1385,0.0768,-0.1188,-0.9886,0.0515
independent_20260430_203326,trial_001,subject_001,1777552413.8274517,1777552413.8274517,275205.4365695,9,Trunk,378,1,-0.6699,9.5895,0.3206,5.7373,11.7188,2.6245,91.0492,3.2629,-154.6216,0.1372,0.7002,-0.6788,0.1737
independent_20260430_203326,trial_001,subject_001,1777552413.8274517,1777552413.8274517,275205.4367578,10,L_Femur,371,1,-1.56,9.2258,-2.2873,33.5083,12.3901,1.0986,106.2543,6.1469,-15.2435,0.7875,0.1378,-0.037,0.5996
independent_20260430_203326,trial_001,subject_001,1777552413.8274517,1777552413.8274517,275205.4369066,11,L_Tibia,385,1,-1.2968,9.2688,-2.5266,17.8223,0.6104,1.5259,107.3694,8.9648,-63.2153,0.6599,0.4604,-0.2558,0.5358
independent_20260430_203326,trial_001,subject_001,1777552413.8274517,1777552413.8274517,275205.4370353,12,L_Foot,408,1,-0.6986,0.3063,10.0058,1.8921,0.3662,0.5493,0.8844,3.9111,-124.1455,-0.0265,0.0228,-0.8829,0.4683
independent_20260430_203326,trial_001,subject_001,1777552413.8274517,1777552413.8274517,275205.4371961,13,R_Femur,405,1,-0.9188,9.4555,2.8998,-1.2817,11.2915,-1.6479,78.1128,4.7131,-37.0294,0.5868,0.2302,-0.2218,0.7439
independent_20260430_203326,trial_001,subject_001,1777552413.8284502,1777552413.8284502,275205.4373387,14,R_Tibia,205,1,-0.0813,8.7281,-1.6844,-100.8911,9.2773,18.1885,91.1151,0.0,176.2042,0.0236,-0.7136,0.6998,0.0232
independent_20260430_203326,trial_001,subject_001,1777552413.8284502,1777552413.8284502,275205.4374708,9,Trunk,379,1,-0.8087,9.5847,0.3302,4.9438,11.2915,2.5635,91.1206,3.2135,-154.4513,0.1387,0.7004,-0.6781,0.1743
independent_20260430_203326,trial_001,subject_001,1777552413.8284502,1777552413.8284502,275205.4376222,10,L_Femur,372,1,-1.0814,9.2784,-2.4883,32.5317,10.498,1.4648,106.7596,6.0754,-15.0842,0.7904,0.1365,-0.036,0.5961
independent_20260430_203326,trial_001,subject_001,1777552413.8289542,1777552413.8289542,275205.4378994,11,L_Tibia,386,1,-0.7465,9.2354,-2.5218,18.3716,4.4556,1.2207,107.655,8.9429,-63.1604,0.6615,0.4607,-0.2545,0.5342
independent_20260430_203326,trial_001,subject_001,1777552413.8289542,1777552413.8289542,275205.4380408,12,L_Foot,409,1,-0.6891,0.1962,10.0105,2.0752,0.4883,0.5493,0.8899,3.9111,-124.173,-0.0265,0.0228,-0.883,0.4681
independent_20260430_203326,trial_001,subject_001,1777552413.8289542,1777552413.8289542,275205.4381769,13,R_Femur,406,1,-0.89,9.4411,3.2874,-9.1553,10.8032,0.4272,77.981,4.7571,-36.7987,0.5863,0.229,-0.2203,0.7451
independent_20260430_203326,trial_001,subject_001,1777552413.8289542,1777552413.8289542,275205.4383107,15,R_Foot,200,1,0.7321,3.9765,8.8143,-78.6133,-22.522,18.2495,-16.6278,-10.025,-174.0125,0.0788,-0.1484,-0.9837,0.0641
independent_20260430_203326,trial_001,subject_001,1777552413.8289542,1777552413.8289542,275205.4384471,9,Trunk,380,1,-0.981,9.6182,0.378,5.5542,10.5591,2.8076,91.2195,3.1421,-154.2371,0.1406,0.7006,-0.6773,0.175
independent_20260430_203326,trial_001,subject_001,1777552413.8289542,1777552413.8289542,275205.4386967,10,L_Femur,373,1,-0.6986,9.2019,-2.4835,33.8745,15.7471,1.9531,107.4408,5.9546,-14.8151,0.7944,0.1343,-0.0347,0.5914
independent_20260430_203326,trial_001,subject_001,1777552413.8299592,1777552413.8299592,275205.4388399,11,L_Tibia,387,1,-1.0049,9.3215,-2.7084,17.9443,5.3101,1.5869,108.0396,8.8934,-63.0396,0.6639,0.4606,-0.2527,0.5321
independent_20260430_203326,trial_001,subject_001,1777552413.8299592,1777552413.8299592,275205.4389809,12,L_Foot,410,1,-0.7178,0.2345,10.0775,1.6479,0.3052,0.3052,0.8954,3.9166,-124.2004,-0.0265,0.0229,-0.8831,0.4679
independent_20260430_203326,trial_001,subject_001,1777552413.883226,1777552413.883226,275205.4925599,13,R_Femur,407,1,-0.914,9.1731,3.4645,-10.6201,11.2305,2.6245,77.8326,4.7571,-36.6174,0.5857,0.2278,-0.2195,0.7462
independent_20260430_203326,trial_001,subject_001,1777552413.883226,1777552413.883226,275205.4927995,14,R_Tibia,206,1,-0.1627,8.3214,-1.1389,-69.397,4.3945,17.7002,88.6926,-0.5164,176.4075,0.0187,-0.6987,0.7147,0.0256
independent_20260430_203326,trial_001,subject_001,1777552413.883226,1777552413.883226,275205.4930274,9,Trunk,381,1,-1.0001,9.6564,0.3924,4.3335,10.6201,3.479,91.2799,3.0817,-154.0778,0.142,0.7007,-0.6768,0.1755
independent_20260430_203326,trial_001,subject_001,1777552413.8842323,1777552413.8842323,275205.4931833,10,L_Femur,374,1,-0.7608,9.0439,-2.4931,36.3159,22.1558,1.6479,108.0066,5.8282,-14.5074,0.7978,0.1317,-0.0333,0.5875
independent_20260430_203326,trial_001,subject_001,1777552413.8842323,1777552413.8842323,275205.4933335,11,L_Tibia,388,1,-1.292,9.2784,-2.8137,19.2261,2.6855,2.2583,108.3307,8.866,-62.9846,0.6656,0.4608,-0.2515,0.5305
independent_20260430_203326,trial_001,subject_001,1777552413.8842323,1777552413.8842323,275205.4934814,12,L_Foot,411,1,-0.7226,0.1771,10.001,1.8311,0.2441,0.2441,0.8954,3.9166,-124.2279,-0.0266,0.0229,-0.8832,0.4677
independent_20260430_203326,trial_001,subject_001,1777552413.8842323,1777552413.8842323,275205.4936284,13,R_Femur,408,1,-0.8135,8.8669,3.4884,-9.0942,12.9395,6.0425,77.7008,4.7131,-36.3977,0.5854,0.2262,-0.2185,0.7473
independent_20260430_203326,trial_001,subject_001,1777552413.8842323,1777552413.8842323,275205.4937782,15,R_Foot,201,1,1.091,3.6319,7.6132,-49.1333,-9.2163,10.8032,-18.8745,-10.3436,-173.3917,0.0794,-0.1682,-0.98,0.0714
independent_20260430_203326,trial_001,subject_001,1777552413.8842323,1777552413.8842323,275205.4939531,9,Trunk,382,1,-0.8422,9.5703,0.4737,2.9297,11.7188,4.2725,91.3239,3.0103,-153.9075,0.1435,0.7007,-0.6764,0.176
independent_20260430_203326,trial_001,subject_001,1777552413.8852339,1777552413.8852339,275205.4940938,10,L_Femur,375,1,-0.9953,9.1349,-2.4452,39.4897,24.0479,1.8921,108.8196,5.636,-14.0515,0.8026,0.1277,-0.0314,0.5818
independent_20260430_203326,trial_001,subject_001,1777552413.8852339,1777552413.8852339,275205.4942333,12,L_Foot,412,1,-0.713,0.1914,9.9436,2.1362,0.1831,0.4883,0.9009,3.9221,-124.2499,-0.0266,0.0229,-0.8833,0.4675
independent_20260430_203326,trial_001,subject_001,1777552413.8852339,1777552413.8852339,275205.4943776,13,R_Femur,409,1,-0.4594,8.6611,3.4597,-5.0659,14.6484,9.7046,77.5964,4.5923,-36.0626,0.5857,0.2235,-0.2172,0.7483
independent_20260430_203326,trial_001,subject_001,1777552413.8852339,1777552413.8852339,275205.4945173,14,R_Tibia,207,1,0.4785,8.1252,-0.6747,-33.7524,12.8174,11.2915,87.0392,-0.9833,176.7206,0.0135,-0.6885,0.7246,0.0267
independent_20260430_203326,trial_001,subject_001,1777552413.8852339,1777552413.8852339,275205.4947367,9,Trunk,383,1,-0.5359,9.422,0.5216,3.7231,13.9771,4.5776,91.3898,2.9004,-153.6438,0.1459,0.7006,-0.6757,0.1768
independent_20260430_203326,trial_001,subject_001,1777552413.8852339,1777552413.8852339,275205.4948718,10,L_Femur,376,1,-0.9379,9.0966,-2.4261,41.0767,25.2075,1.5869,109.4623,5.4877,-13.7,0.8064,0.1247,-0.03,0.5773
independent_20260430_203326,trial_001,subject_001,1777552413.943345,1777552413.943345,275205.5529256,11,L_Tibia,389,1,-0.6364,9.0296,-2.5026,20.6299,7.2632,2.1362,109.0393,8.7616,-62.8418,0.6698,0.4611,-0.2486,0.5263
independent_20260430_203326,trial_001,subject_001,1777552413.9630167,1777552413.9630167,275205.5724802,13,R_Femur,410,1,-0.4163,8.7329,3.5937,-3.7231,13.7329,10.9253,77.5525,4.4714,-35.8099,0.5861,0.2213,-0.2162,0.7488
independent_20260430_203326,trial_001,subject_001,1777552413.9630167,1777552413.9630167,275205.5727176,15,R_Foot,202,1,1.1484,3.3592,6.1154,-6.958,-3.54,9.5825,-19.6326,-10.4095,-173.0182,0.0789,-0.1749,-0.9785,0.0752
independent_20260430_203326,trial_001,subject_001,1777552413.96402,1777552413.96402,275205.5729214,9,Trunk,384,1,-0.4402,9.4315,0.5407,3.3569,14.7705,4.6997,91.4392,2.818,-153.4241,0.1478,0.7005,-0.6752,0.1776
independent_20260430_203326,trial_001,subject_001,1777552413.96402,1777552413.96402,275205.5731138,10,L_Femur,377,1,-0.8805,9.1684,-2.316,42.8467,26.8555,2.3193,110.1379,5.3174,-13.3209,0.8104,0.1214,-0.0286,0.5725
independent_20260430_203326,trial_001,subject_001,1777552413.96402,1777552413.96402,275205.5732999,11,L_Tibia,390,1,-0.9427,9.1205,-2.5648,22.2168,7.019,2.5635,109.3854,8.6957,-62.7484,0.6719,0.4611,-0.2472,0.5242
independent_20260430_203326,trial_001,subject_001,1777552413.96402,1777552413.96402,275205.5734994,12,L_Foot,413,1,-0.6795,0.3589,10.001,2.3193,0.6104,0.2441,0.9064,3.9221,-124.2719,-0.0266,0.023,-0.8834,0.4673
independent_20260430_203326,trial_001,subject_001,1777552413.96402,1777552413.96402,275205.5736903,13,R_Femur,411,1,-0.6651,8.7951,3.7994,-2.2583,13.855,12.3291,77.5305,4.3341,-35.5627,0.5868,0.2191,-0.2154,0.7492
independent_20260430_203326,trial_001,subject_001,1777552413.96402,1777552413.96402,275205.5739325,14,R_Tibia,208,1,0.3158,7.8668,-0.3206,4.7607,25.1465,3.6011,86.6656,-1.1481,177.4457,0.008,-0.6862,0.727,0.0231
independent_20260430_203326,trial_001,subject_001,1777552413.96402,1777552413.96402,275205.5741423,9,Trunk,385,1,-0.5312,9.4411,0.6221,2.3804,14.8926,5.9204,91.4886,2.6917,-153.1274,0.1504,0.7002,-0.6747,0.1785
independent_20260430_203326,trial_001,subject_001,1777552413.96402,1777552413.96402,275205.5743688,10,L_Femur,378,1,-1.1676,9.1731,-2.5601,41.687,29.2969,2.0752,111.0168,5.0702,-12.7881,0.8155,0.1166,-0.0268,0.5663
independent_20260430_203326,trial_001,subject_001,1777552413.9655268,1777552413.9655268,275205.5745853,11,L_Tibia,391,1,-1.3016,9.2784,-2.6223,23.4375,5.0659,3.3569,109.8688,8.6078,-62.6385,0.6748,0.4611,-0.2453,0.5213
independent_20260430_203326,trial_001,subject_001,1777552413.9655268,1777552413.9655268,275205.5747793,12,L_Foot,414,1,-0.7513,0.2536,9.9196,3.479,0.2441,0.4883,0.9119,3.9276,-124.2883,-0.0266,0.023,-0.8835,0.4672
independent_20260430_203326,trial_001,subject_001,1777552413.9655268,1777552413.9655268,275205.5749905,13,R_Femur,412,1,-0.8278,8.7568,3.6319,-1.5869,19.9585,14.9536,77.514,4.1254,-35.1288,0.588,0.2156,-0.2137,0.7498
independent_20260430_203326,trial_001,subject_001,1777552413.9655268,1777552413.9655268,275205.5751422,15,R_Foot,203,1,0.7943,3.4836,6.6801,31.9824,8.4229,5.7983,-19.0503,-10.2228,-172.7216,0.0772,-0.1701,-0.9794,0.0771
independent_20260430_203326,trial_001,subject_001,1777552413.9655268,1777552413.9655268,275205.5753368,9,Trunk,386,1,-0.6651,9.5272,0.713,1.2817,14.7705,6.8359,91.5051,2.5763,-152.9077,0.1525,0.6999,-0.6744,0.179
independent_20260430_203326,trial_001,subject_001,1777552413.9665368,1777552413.9665368,275205.5756051,10,L_Femur,379,1,-1.2011,8.953,-3.1295,44.4336,29.2358,2.1362,111.709,4.8779,-12.3761,0.8195,0.1129,-0.0254,0.5613
independent_20260430_203326,trial_001,subject_001,1777552413.9665368,1777552413.9665368,275205.5757696,11,L_Tibia,392,1,-1.0192,9.2354,-2.9524,23.8647,4.9438,3.2959,110.2368,8.5474,-62.5726,0.677,0.4612,-0.2439,0.5191
independent_20260430_203326,trial_001,subject_001,1777552413.9665368,1777552413.9665368,275205.5759488,12,L_Foot,415,1,-0.7369,0.3015,10.0153,3.418,0.061,0.5493,0.9229,3.9276,-124.3048,-0.0265,0.0231,-0.8835,0.4671
independent_20260430_203326,trial_001,subject_001,1777552413.9665368,1777552413.9665368,275205.5761319,13,R_Femur,413,1,-0.7369,8.6372,3.3927,-1.2817,23.4375,16.3574,77.5195,3.9606,-34.7278,0.5891,0.2124,-0.2119,0.7503
independent_20260430_203326,trial_001,subject_001,1777552413.9665368,1777552413.9665368,275205.5762889,14,R_Tibia,209,1,0.3924,7.795,-0.6508,38.3301,22.1558,1.5259,87.5775,-1.17,178.2422,0.0032,-0.692,0.7217,0.0181
independent_20260430_203326,trial_001,subject_001,1777552414.0132568,1777552414.0132568,275205.6224941,9,Trunk,387,1,-0.7704,9.6325,0.8374,-0.5493,15.1978,6.8359,91.4996,2.4609,-152.6825,0.1545,0.6994,-0.6743,0.1797
independent_20260430_203326,trial_001,subject_001,1777552414.0132568,1777552414.0132568,275205.6226887,10,L_Femur,380,1,-0.981,8.8478,-3.3113,47.3633,24.9023,2.8687,112.4396,4.6912,-12.019,0.8235,0.1096,-0.0243,0.5561
independent_20260430_203326,trial_001,subject_001,1777552414.0132568,1777552414.0132568,275205.6228569,11,L_Tibia,393,1,-0.646,9.1109,-3.163,24.7192,7.2632,3.418,110.6213,8.476,-62.4738,0.6793,0.4612,-0.2424,0.5168
independent_20260430_203326,trial_001,subject_001,1777552414.0132568,1777552414.0132568,275205.6230225,12,L_Foot,416,1,-0.6986,0.3637,9.9914,3.6621,0.3052,0.4272,0.9229,3.9331,-124.3213,-0.0266,0.0231,-0.8836,0.4669
independent_20260430_203326,trial_001,subject_001,1777552414.0142643,1777552414.0142643,275205.623141,13,R_Femur,414,1,-0.6795,8.264,3.1438,2.4414,23.3765,17.7002,77.5635,3.7189,-34.173,0.591,0.2081,-0.2095,0.7507
independent_20260430_203326,trial_001,subject_001,1777552414.0142643,1777552414.0142643,275205.6232692,15,R_Foot,204,1,1.2537,0.3637,7.015,79.9561,70.1904,7.2021,-16.864,-8.9374,-172.9633,0.068,-0.1506,-0.9836,0.0719
independent_20260430_203326,trial_001,subject_001,1777552414.0142643,1777552414.0142643,275205.6234047,9,Trunk,388,1,-0.7896,9.5847,0.9666,-2.6245,17.0288,7.2632,91.4557,2.2961,-152.3639,0.1574,0.6985,-0.6743,0.1806
independent_20260430_203326,trial_001,subject_001,1777552414.0142643,1777552414.0142643,275205.6235711,10,L_Femur,381,1,-0.78,8.7329,-3.23,50.293,24.9023,3.3569,113.4613,4.433,-11.5796,0.8291,0.1054,-0.0231,0.5486
independent_20260430_203326,trial_001,subject_001,1777552414.0142643,1777552414.0142643,275205.6237193,11,L_Tibia,394,1,-0.8613,9.0679,-3.2156,26.8555,9.6436,3.3569,111.1707,8.3606,-62.3035,0.6828,0.4609,-0.2401,0.5135
independent_20260430_203326,trial_001,subject_001,1777552414.0142643,1777552414.0142643,275205.6239361,12,L_Foot,417,1,-0.6747,0.4115,10.0393,3.1128,0.7935,0.061,0.9283,3.9331,-124.3323,-0.0266,0.0232,-0.8836,0.4669
independent_20260430_203326,trial_001,subject_001,1777552414.0142643,1777552414.0142643,275205.6240714,13,R_Femur,415,1,-0.4115,8.0199,2.7658,10.0708,23.3154,20.5078,77.7118,3.4937,-33.7555,0.5932,0.2048,-0.2077,0.7504
independent_20260430_203326,trial_001,subject_001,1777552414.0152638,1777552414.0152638,275205.624245,9,Trunk,389,1,-0.6986,9.532,1.0049,-4.9438,18.8599,8.3008,91.3843,2.1643,-152.0837,0.1598,0.6975,-0.6745,0.1816
independent_20260430_203326,trial_001,subject_001,1777552414.0152638,1777552414.0152638,275205.624428,10,L_Femur,382,1,-0.8183,8.7233,-3.1773,53.4668,27.71,4.6387,114.2798,4.2023,-11.228,0.8335,0.1019,-0.0224,0.5426
independent_20260430_203326,trial_001,subject_001,1777552414.0152638,1777552414.0152638,275205.6245953,11,L_Tibia,395,1,-1.2059,9.1875,-2.9859,27.8931,7.7515,4.3335,111.6046,8.2672,-62.1991,0.6855,0.4608,-0.2385,0.5108
independent_20260430_203326,trial_001,subject_001,1777552414.0157707,1777552414.0157707,275205.6247337,13,R_Femur,416,1,-0.1005,8.0965,2.3734,16.1743,24.4751,22.8882,77.959,3.2355,-33.316,0.5961,0.2013,-0.2057,0.7495
independent_20260430_203326,trial_001,subject_001,1777552414.0157707,1777552414.0157707,275205.6248702,15,R_Foot,205,1,-3.5506,-3.364,1.6844,148.8037,106.5063,-34.6069,-12.7826,-5.7349,-174.3585,0.0442,-0.1135,-0.9911,0.0544
independent_20260430_203326,trial_001,subject_001,1777552414.0157707,1777552414.0157707,275205.6250277,9,Trunk,390,1,-0.6795,9.5416,1.0192,-6.0425,19.8975,9.3384,91.2909,2.0105,-151.7926,0.1623,0.6964,-0.6749,0.1825
independent_20260430_203326,trial_001,subject_001,1777552414.0157707,1777552414.0157707,275205.6251581,10,L_Femur,383,1,-1.0671,9.0392,-3.0338,52.2461,26.3672,4.0894,115.3674,3.8892,-10.7556,0.8392,0.0972,-0.0215,0.5346
independent_20260430_203326,trial_001,subject_001,1777552414.0157707,1777552414.0157707,275205.6253169,11,L_Tibia,396,1,-1.2059,9.2114,-2.651,29.7852,11.2915,5.4932,112.066,8.1409,-62.0728,0.6884,0.4605,-0.2369,0.5079
independent_20260430_203326,trial_001,subject_001,1777552414.0157707,1777552414.0157707,275205.6254942,12,L_Foot,418,1,-0.7656,0.1244,9.867,5.127,-0.1831,0.3662,0.9723,3.9386,-124.3433,-0.0264,0.0235,-0.8837,0.4668
independent_20260430_203326,trial_001,subject_001,1777552414.0167778,1777552414.0167778,275205.6256406,13,R_Femur,417,1,-0.402,8.0726,1.8854,27.0386,23.0103,23.8037,78.4424,2.8619,-32.7393,0.601,0.1967,-0.2031,0.7475
independent_20260430_203326,trial_001,subject_001,1777552414.0167778,1777552414.0167778,275205.6258389,14,R_Tibia,210,1,-0.9905,9.3119,-0.3302,58.2275,15.3198,1.77,91.2469,-1.0217,-179.8901,0.0069,0.7147,-0.6993,-0.0057
independent_20260430_203326,trial_001,subject_001,1777552414.0167778,1777552414.0167778,275205.6259821,9,Trunk,391,1,-0.6316,9.6995,1.1054,-8.728,21.3013,10.1929,91.1316,1.7908,-151.3806,0.1659,0.6945,-0.6755,0.1838
independent_20260430_203326,trial_001,subject_001,1777552414.0167778,1777552414.0167778,275205.6261062,10,L_Femur,384,1,-1.2059,9.0487,-2.9142,53.833,25.5737,2.8687,116.1859,3.6749,-10.4205,0.8434,0.0939,-0.0209,0.5286
independent_20260430_203326,trial_001,subject_001,1777552414.0167778,1777552414.0167778,275205.6262585,11,L_Tibia,397,1,-1.1293,9.1205,-2.6749,32.8979,14.0381,6.1646,112.7307,7.9376,-61.8585,0.6928,0.4598,-0.2346,0.5036
independent_20260430_203326,trial_001,subject_001,1777552414.0167778,1777552414.0167778,275205.6263696,12,L_Foot,419,1,-0.7417,0.2728,9.8766,6.2256,-0.2441,0.6104,1.1096,3.9386,-124.3378,-0.0259,0.0246,-0.8836,0.4669
independent_20260430_203326,trial_001,subject_001,1777552414.0167778,1777552414.0167778,275205.6264907,13,R_Femur,418,1,-1.1006,8.1874,1.3638,38.147,12.3901,23.0713,78.9972,2.5598,-32.4371,0.6058,0.1942,-0.2018,0.7447
independent_20260430_203326,trial_001,subject_001,1777552414.0177786,1777552414.0177786,275205.6266464,15,R_Foot,206,1,7.3548,2.0289,19.1358,73.8525,60.9131,6.958,-9.3878,-3.5706,-175.4791,0.0278,-0.083,-0.9953,0.0418
independent_20260430_203326,trial_001,subject_001,1777552414.122596,1777552414.122596,275205.7326591,9,Trunk,392,1,-0.5407,9.867,1.1341,-9.3994,21.8506,8.606,90.9888,1.6425,-151.0565,0.1685,0.693,-0.6761,0.1851
independent_20260430_203326,trial_001,subject_001,1777552414.122596,1777552414.122596,275205.7328013,10,L_Femur,385,1,-1.3159,9.0918,-2.8424,53.1006,26.2451,2.0142,117.0044,3.4662,-10.069,0.8476,0.0905,-0.0201,0.5225
independent_20260430_203326,trial_001,subject_001,1777552414.1241019,1777552414.1241019,275205.7329561,11,L_Tibia,398,1,-1.3159,9.2736,-2.6845,37.0483,15.0757,8.1787,113.302,7.7509,-61.6772,0.6965,0.4591,-0.2327,0.4999
independent_20260430_203326,trial_001,subject_001,1777552414.1241019,1777552414.1241019,275205.7331057,12,L_Foot,420,1,-0.6604,0.2393,9.9723,7.3853,-0.6104,0.5493,1.2305,3.9331,-124.3378,-0.0253,0.0255,-0.8836,0.4669
independent_20260430_203326,trial_001,subject_001,1777552414.1241019,1777552414.1241019,275205.7332385,13,R_Femur,419,1,-1.7801,9.1923,0.9188,44.1284,-0.1831,20.3247,79.6399,2.2467,-32.3328,0.6107,0.1927,-0.2018,0.741
independent_20260430_203326,trial_001,subject_001,1777552414.1241019,1777552414.1241019,275205.7333907,14,R_Tibia,211,1,-0.9235,13.1113,4.4071,11.9019,-24.9023,12.4512,92.3456,-1.2689,179.7034,-0.0058,-0.7214,0.6924,0.0098
independent_20260430_203326,trial_001,subject_001,1777552414.1241019,1777552414.1241019,275205.7335583,9,Trunk,393,1,-0.7561,10.2211,0.7226,-3.54,19.3481,5.0049,90.8679,1.5051,-150.65,0.1716,0.6915,-0.6764,0.1868
independent_20260430_203326,trial_001,subject_001,1777552414.1241019,1777552414.1241019,275205.7336988,10,L_Femur,386,1,-1.67,9.7091,-2.8472,48.7061,24.4751,3.1128,118.0371,3.175,-9.635,0.8528,0.0862,-0.0195,0.5147
independent_20260430_203326,trial_001,subject_001,1777552414.1241019,1777552414.1241019,275205.7338426,11,L_Tibia,399,1,-1.5695,9.6373,-2.2538,41.8701,16.0522,11.4136,114.1479,7.4377,-61.452,0.702,0.4583,-0.2303,0.4941
independent_20260430_203326,trial_001,subject_001,1777552414.1251113,1777552414.1251113,275205.7339861,12,L_Foot,421,1,-0.6891,0.1388,10.1541,9.0942,-0.8545,0.6104,1.4117,3.9276,-124.3323,-0.0246,0.0269,-0.8835,0.467
independent_20260430_203326,trial_001,subject_001,1777552414.153109,1777552414.153109,275205.7625158,13,R_Femur,420,1,-2.1007,11.3743,2.1916,38.208,3.8452,20.4468,80.4584,1.8512,-32.2339,0.617,0.1911,-0.2019,0.7363
independent_20260430_203326,trial_001,subject_001,1777552414.153109,1777552414.153109,275205.7627701,15,R_Foot,207,1,-0.5407,-2.6749,5.881,127.7466,39.5508,11.9629,-5.5975,-2.038,-175.0891,0.0157,-0.0495,-0.9977,0.0437
independent_20260430_203326,trial_001,subject_001,1777552414.15411,1777552414.15411,275205.7629831,9,Trunk,394,1,-1.0001,10.4938,0.0431,0.1221,15.3809,3.7231,90.8514,1.4392,-150.4083,0.1734,0.6909,-0.6762,0.1879
independent_20260430_203326,trial_001,subject_001,1777552414.15411,1777552414.15411,275205.7631906,10,L_Femur,387,1,-1.9619,10.1685,-2.9812,37.1094,21.7285,2.4414,118.6469,2.9773,-9.3494,0.8558,0.0833,-0.0193,0.5101
independent_20260430_203326,trial_001,subject_001,1777552414.15411,1777552414.15411,275205.7633958,11,L_Tibia,400,1,-1.4068,9.6899,-2.115,45.9595,15.4419,13.0615,114.8456,7.1796,-61.2982,0.7063,0.4577,-0.2286,0.4892
independent_20260430_203326,trial_001,subject_001,1777552414.15411,1777552414.15411,275205.763594,12,L_Foot,422,1,-0.9044,0.1675,9.9771,10.6812,-1.4648,-0.061,1.582,3.9111,-124.3323,-0.0237,0.0281,-0.8835,0.467
independent_20260430_203326,trial_001,subject_001,1777552414.15411,1777552414.15411,275205.763792,13,R_Femur,421,1,-1.292,12.9534,5.2924,4.8218,34.2407,23.6206,80.6671,1.571,-31.767,0.6196,0.1872,-0.2001,0.7355
independent_20260430_203326,trial_001,subject_001,1777552414.15411,1777552414.15411,275205.7639872,14,R_Tibia,212,1,-1.3686,10.0058,1.9332,27.8931,33.9355,-8.1787,92.8125,-1.2854,-179.9835,0.0078,0.7242,-0.6895,-0.008
independent_20260430_203326,trial_001,subject_001,1777552414.15411,1777552414.15411,275205.7641794,9,Trunk,395,1,-1.0049,10.6661,-0.3876,-2.4414,12.5122,1.8311,90.8185,1.3898,-150.2106,0.1748,0.6903,-0.6762,0.1888
independent_20260430_203326,trial_001,subject_001,1777552414.15411,1777552414.15411,275205.7643929,10,L_Femur,388,1,-2.0768,9.9627,-3.0721,27.2217,20.6299,1.709,119.0918,2.796,-9.0802,0.8581,0.0805,-0.0191,0.5068
independent_20260430_203326,trial_001,subject_001,1777552414.1556194,1777552414.1556194,275205.7645927,11,L_Tibia,401,1,-1.4164,9.5129,-2.1294,50.7202,13.1836,15.3198,115.6091,6.8994,-61.1884,0.7108,0.4575,-0.2269,0.4837
independent_20260430_203326,trial_001,subject_001,1777552414.1556194,1777552414.1556194,275205.7647884,12,L_Foot,423,1,-0.8948,0.1818,10.0058,11.9019,-1.5869,-0.7324,1.7633,3.8947,-124.3488,-0.0229,0.0295,-0.8835,0.4669
independent_20260430_203326,trial_001,subject_001,1777552414.1556194,1777552414.1556194,275205.7649784,13,R_Femur,422,1,0.3445,12.7812,8.6994,-41.5649,88.7451,19.4702,80.0244,1.3843,-30.2069,0.6183,0.1764,-0.1921,0.7414
independent_20260430_203326,trial_001,subject_001,1777552414.1556194,1777552414.1556194,275205.7651795,9,Trunk,396,1,-0.8422,10.6135,-0.4642,-7.2632,6.6528,-2.1362,90.6812,1.4008,-150.0403,0.1755,0.6893,-0.6767,0.1901
independent_20260430_203326,trial_001,subject_001,1777552414.1556194,1777552414.1556194,275205.7653793,10,L_Femur,389,1,-2.1581,9.666,-3.2156,19.6533,14.5264,2.3804,119.5312,2.5873,-8.8,0.8603,0.0776,-0.0192,0.5034
independent_20260430_203326,trial_001,subject_001,1777552414.1566274,1777552414.1566274,275205.7655729,11,L_Tibia,402,1,-1.493,9.5368,-2.2203,57.6782,6.897,19.165,116.7297,6.5039,-61.1774,0.7166,0.4582,-0.2249,0.4754
independent_20260430_203326,trial_001,subject_001,1777552414.1566274,1777552414.1566274,275205.7657648,12,L_Foot,424,1,-0.847,0.0718,10.1254,13.3667,-1.709,-0.6104,2.0435,3.8782,-124.3652,-0.0216,0.0316,-0.8835,0.4668
independent_20260430_203326,trial_001,subject_001,1777552414.1566274,1777552414.1566274,275205.7659766,14,R_Tibia,213,1,-0.7561,10.5943,0.311,43.2739,48.7061,-7.019,94.0759,-1.0986,-178.4894,0.0162,0.7316,-0.6815,0.002
independent_20260430_203326,trial_001,subject_001,1777552414.1566274,1777552414.1566274,275205.7661752,9,Trunk,397,1,-0.7321,10.4843,-0.2967,-8.4229,2.3804,-4.9438,90.5438,1.4557,-149.9908,0.1753,0.6885,-0.6774,0.1909
independent_20260430_203326,trial_001,subject_001,1777552414.1566274,1777552414.1566274,275205.7663954,10,L_Femur,390,1,-2.2203,9.6229,-3.3592,15.625,4.8828,3.2959,119.7784,2.4939,-8.7231,0.8615,0.0767,-0.0194,0.5015
independent_20260430_203326,trial_001,subject_001,1777552414.1576283,1777552414.1576283,275205.7665897,11,L_Tibia,403,1,-1.3542,9.5033,-2.3208,61.2793,2.9297,21.1182,117.6306,6.2073,-61.2653,0.7208,0.4594,-0.2236,0.4685
independent_20260430_203326,trial_001,subject_001,1777552414.1576283,1777552414.1576283,275205.7667853,13,R_Femur,423,1,-3.0481,9.7809,3.0434,-7.9956,90.5151,-2.9297,79.6674,1.7743,-27.4384,0.6194,0.1635,-0.1725,0.7483
independent_20260430_203326,trial_001,subject_001,1777552414.2130961,1777552414.2130961,275205.8225394,15,R_Foot,208,1,2.2634,-2.9429,5.5651,100.8301,-83.313,-0.6714,0.7635,-2.1478,-175.1715,0.019,0.0059,-0.9989,0.042
independent_20260430_203326,trial_001,subject_001,1777552414.2130961,1777552414.2130961,275205.822761,9,Trunk,398,1,-0.7226,10.5465,0.0574,-10.3149,0.7324,-7.8125,90.3845,1.5601,-149.9799,0.1745,0.6877,-0.6781,0.1918
independent_20260430_203326,trial_001,subject_001,1777552414.2141066,1777552414.2141066,275205.8229602,10,L_Femur,391,1,-1.9858,9.9101,-3.4549,6.1646,-2.0752,3.6011,119.9542,2.4335,-8.7616,0.8623,0.0767,-0.0199,0.5002
independent_20260430_203326,trial_001,subject_001,1777552414.2141066,1777552414.2141066,275205.8231454,11,L_Tibia,404,1,-0.9283,9.5703,-2.4644,65.8569,2.9297,22.644,118.5974,5.8997,-61.3641,0.7251,0.4608,-0.2221,0.4611
independent_20260430_203326,trial_001,subject_001,1777552414.2141066,1777552414.2141066,275205.8233072,12,L_Foot,425,1,-0.579,-0.0813,9.8909,17.9443,0.3662,0.1831,2.5598,3.8727,-124.3762,-0.0195,0.0355,-0.8834,0.4669
independent_20260430_203326,trial_001,subject_001,1777552414.2141066,1777552414.2141066,275205.8234392,13,R_Femur,424,1,-2.6271,8.508,0.0813,10.498,66.8335,2.1973,79.7772,2.0215,-25.9607,0.6218,0.1572,-0.1613,0.7501
independent_20260430_203326,trial_001,subject_001,1777552414.2141066,1777552414.2141066,275205.8235493,14,R_Tibia,214,1,0.3589,9.1779,-3.2061,73.6694,88.0127,-0.6714,96.059,-1.2195,-176.0065,0.033,0.7427,-0.6686,0.0154
independent_20260430_203326,trial_001,subject_001,1777552414.2141066,1777552414.2141066,275205.823652,9,Trunk,399,1,-0.4689,10.7905,0.4881,-10.6812,4.0894,-11.5967,90.1538,1.7633,-149.9194,0.1732,0.6865,-0.6791,0.1937
independent_20260430_203326,trial_001,subject_001,1777552414.2141066,1777552414.2141066,275205.8237533,10,L_Femur,392,1,-1.6222,10.2307,-3.4262,-0.8545,-0.4883,3.479,119.9542,2.3895,-8.7891,0.8623,0.0767,-0.0203,0.5001
independent_20260430_203326,trial_001,subject_001,1777552414.2141066,1777552414.2141066,275205.823872,11,L_Tibia,405,1,-0.2775,9.9675,-2.7945,71.3501,10.0708,24.5361,119.9927,5.4108,-61.441,0.7316,0.4622,-0.22,0.4503
independent_20260430_203326,trial_001,subject_001,1777552414.2151058,1777552414.2151058,275205.8240683,12,L_Foot,426,1,-0.8135,0.335,10.1493,18.8599,0.8545,0.1831,2.9553,3.8947,-124.3707,-0.018,0.0386,-0.8832,0.467
independent_20260430_203326,trial_001,subject_001,1777552414.2151058,1777552414.2151058,275205.8242019,13,R_Femur,425,1,-0.3493,8.8525,-0.9235,19.3481,39.4897,8.4839,80.0739,2.027,-25.2631,0.6247,0.1539,-0.1563,0.7495
independent_20260430_203326,trial_001,subject_001,1777552414.2151058,1777552414.2151058,275205.8243386,15,R_Foot,209,1,0.6173,0.4546,10.8432,11.0474,-4.0283,-0.6104,1.2854,-2.2742,-175.1605,0.0203,0.0104,-0.9989,0.042
independent_20260430_203326,trial_001,subject_001,1777552414.2151058,1777552414.2151058,275205.82447,9,Trunk,400,1,-0.2871,10.8097,0.4737,-11.5356,7.5684,-11.2915,89.9725,1.9281,-149.8151,0.1726,0.6856,-0.6797,0.1956
independent_20260430_203326,trial_001,subject_001,1777552414.2151058,1777552414.2151058,275205.8245804,10,L_Femur,393,1,-1.1054,10.6135,-3.3544,-8.728,4.7607,1.6479,119.8499,2.3291,-8.7506,0.8619,0.0762,-0.0207,0.5009
independent_20260430_203326,trial_001,subject_001,1777552414.2151058,1777552414.2151058,275205.8246776,11,L_Tibia,406,1,0.2775,10.2881,-3.0051,77.0874,17.6392,23.7427,121.1353,4.9878,-61.3971,0.7373,0.4626,-0.218,0.4415
independent_20260430_203326,trial_001,subject_001,1777552414.2328882,1777552414.2328882,275205.8423592,12,L_Foot,427,1,-0.8326,0.4163,9.9771,18.0664,1.0986,1.3428,3.252,3.9111,-124.3597,-0.0169,0.041,-0.8831,0.4671
independent_20260430_203326,trial_001,subject_001,1777552414.2328882,1777552414.2328882,275205.8425135,13,R_Femur,426,1,1.1963,9.3406,-1.9188,17.334,7.5073,22.3389,80.343,1.7688,-25.0049,0.6272,0.1511,-0.1557,0.7481
independent_20260430_203326,trial_001,subject_001,1777552414.2328882,1777552414.2328882,275205.8426473,14,R_Tibia,215,1,-1.0958,9.3023,-4.0291,61.8896,14.8926,7.8735,98.4705,-1.5326,-174.2267,0.0469,0.7559,-0.6526,0.0228
independent_20260430_203326,trial_001,subject_001,1777552414.2338867,1777552414.2338867,275205.8427837,9,Trunk,401,1,-0.4163,10.5991,0.3302,-14.0381,8.2397,-7.8735,89.6924,2.0929,-149.6448,0.1721,0.6839,-0.6808,0.198
independent_20260430_203326,trial_001,subject_001,1777552414.2338867,1777552414.2338867,275205.8429136,10,L_Femur,394,1,-0.4067,10.7044,-3.0625,-18.4937,10.1318,-0.3662,119.5367,2.2357,-8.5858,0.8607,0.0745,-0.0209,0.5033
independent_20260430_203326,trial_001,subject_001,1777552414.2338867,1777552414.2338867,275205.8430467,11,L_Tibia,407,1,0.7369,10.1876,-3.0529,80.6274,28.8086,23.2544,122.7283,4.3286,-61.1884,0.7458,0.462,-0.2152,0.4291
independent_20260430_203326,trial_001,subject_001,1777552414.2338867,1777552414.2338867,275205.843172,12,L_Foot,428,1,-0.646,0.4402,9.8957,19.104,2.3193,1.9531,3.6804,3.9551,-124.3268,-0.0155,0.0445,-0.8828,0.4674
independent_20260430_203326,trial_001,subject_001,1777552414.2338867,1777552414.2338867,275205.8432893,13,R_Femur,427,1,-0.1388,8.7425,-1.225,35.5225,8.3618,33.3862,80.9308,1.1646,-24.7742,0.6322,0.1468,-0.1568,0.7445
independent_20260430_203326,trial_001,subject_001,1777552414.2338867,1777552414.2338867,275205.8434174,15,R_Foot,210,1,0.7943,0.3302,10.1254,4.2114,-0.3052,-2.2583,1.4612,-2.3291,-175.166,0.0208,0.0119,-0.9988,0.0419
independent_20260430_203326,trial_001,subject_001,1777552414.2338867,1777552414.2338867,275205.8435434,10,L_Femur,395,1,0.067,10.8479,-2.6701,-28.2593,11.2915,-1.4038,119.1467,2.1643,-8.4265,0.8591,0.0729,-0.021,0.5062
independent_20260430_203326,trial_001,subject_001,1777552414.2338867,1777552414.2338867,275205.8436669,11,L_Tibia,408,1,1.2298,9.9388,-3.3927,81.543,38.8184,22.644,123.9697,3.7463,-60.8972,0.7529,0.4604,-0.213,0.4193
independent_20260430_203326,trial_001,subject_001,1777552414.234886,1777552414.234886,275205.8438091,12,L_Foot,429,1,-0.1723,-0.3158,9.7474,26.001,4.3335,2.1973,4.054,4.0155,-124.2938,-0.0144,0.0476,-0.8825,0.4677
independent_20260430_203326,trial_001,subject_001,1777552414.234886,1777552414.234886,275205.8439413,13,R_Femur,428,1,-0.8613,9.1349,0.0574,52.6733,4.0894,30.7617,81.6614,0.7031,-24.6094,0.6378,0.1439,-0.1573,0.7401
independent_20260430_203326,trial_001,subject_001,1777552414.234886,1777552414.234886,275205.8440778,14,R_Tibia,216,1,-0.7034,10.1445,-3.2348,39.3677,-18.5547,13.4888,100.2173,-1.8237,-174.776,0.0452,0.7659,-0.6411,0.017
independent_20260430_203326,trial_001,subject_001,1777552414.3233294,1777552414.3233294,275205.9325872,9,Trunk,402,1,-0.7991,9.9627,-0.3063,-6.3477,-0.3052,-2.0752,89.3738,2.2028,-149.5679,0.1713,0.682,-0.6824,0.1996
independent_20260430_203326,trial_001,subject_001,1777552414.3233294,1777552414.3233294,275205.9328083,10,L_Femur,396,1,0.512,11.3839,-2.1103,-54.0161,10.8643,-3.479,118.4326,2.1149,-8.2507,0.8561,0.0712,-0.021,0.5115
independent_20260430_203326,trial_001,subject_001,1777552414.3233294,1777552414.3233294,275205.9329798,13,R_Femur,429,1,0.1244,10.1732,-0.0191,58.7158,-7.2632,27.3438,82.8149,0.1263,-24.6259,0.646,0.1419,-0.1592,0.7329
independent_20260430_203326,trial_001,subject_001,1777552414.3233294,1777552414.3233294,275205.9331572,15,R_Foot,211,1,0.3206,0.2967,10.2354,5.188,-2.3193,-1.9531,1.637,-2.3785,-175.2319,0.0213,0.0134,-0.9988,0.0413
independent_20260430_203326,trial_001,subject_001,1777552414.3243306,1777552414.3243306,275205.9333316,9,Trunk,403,1,-0.5312,10.1445,-0.6173,-6.1035,-1.3428,0.7324,89.2365,2.1863,-149.5844,0.1711,0.6812,-0.6832,0.1996
independent_20260430_203326,trial_001,subject_001,1777552414.3243306,1777552414.3243306,275205.9335027,10,L_Femur,397,1,0.9379,10.7379,-1.2106,-88.562,9.8877,-2.7466,116.7737,2.0764,-8.02,0.8487,0.069,-0.0213,0.5239
independent_20260430_203326,trial_001,subject_001,1777552414.3243306,1777552414.3243306,275205.933676,11,L_Tibia,409,1,1.7609,10.4316,-3.0003,95.0928,67.9932,22.2168,127.1722,1.9446,-59.7162,0.7729,0.4524,-0.2083,0.3933
independent_20260430_203326,trial_001,subject_001,1777552414.3243306,1777552414.3243306,275205.9339082,12,L_Foot,430,1,-0.5886,-0.6077,10.1063,53.7109,11.2915,2.0142,5.5756,4.3011,-124.2224,-0.0104,0.0605,-0.8813,0.4685
independent_20260430_203326,trial_001,subject_001,1777552414.3243306,1777552414.3243306,275205.9341377,13,R_Femur,430,1,0.5694,10.2785,0.0909,58.96,-5.5542,23.0713,83.6938,-0.2472,-24.6643,0.6521,0.1409,-0.1605,0.7274
independent_20260430_203326,trial_001,subject_001,1777552414.3253655,1777552414.3253655,275205.9343426,14,R_Tibia,217,1,0.1771,10.3312,-2.3447,33.3862,-13.3667,11.5967,101.283,-2.0764,-175.4681,0.042,0.772,-0.6341,0.0111
independent_20260430_203326,trial_001,subject_001,1777552414.3253655,1777552414.3253655,275205.9344958,9,Trunk,404,1,-0.3015,9.9101,-1.0192,-5.6152,-3.1128,2.3193,89.1321,2.1478,-149.6283,0.1709,0.6806,-0.684,0.1993
independent_20260430_203326,trial_001,subject_001,1777552414.3253655,1777552414.3253655,275205.9346328,11,L_Tibia,410,1,1.804,10.1924,-2.2538,100.2808,75.3174,14.2822,128.6829,1.0767,-58.9636,0.7826,0.4471,-0.2057,0.3811
independent_20260430_203326,trial_001,subject_001,1777552414.3253655,1777552414.3253655,275205.9347661,12,L_Foot,431,1,-1.0001,-1.5408,9.8,84.8999,11.2305,8.3008,6.7621,4.4604,-124.1071,-0.0067,0.0703,-0.8801,0.4695
independent_20260430_203326,trial_001,subject_001,1777552414.3253655,1777552414.3253655,275205.9349205,13,R_Femur,431,1,0.067,10.4412,0.0383,53.7109,-3.6011,16.4185,84.5123,-0.5219,-24.6863,0.6576,0.1405,-0.1612,0.7224
independent_20260430_203326,trial_001,subject_001,1777552414.3253655,1777552414.3253655,275205.9351114,15,R_Foot,212,1,0.0909,0.2058,9.8335,7.0801,-3.7231,-0.5493,1.8292,-2.4719,-175.2209,0.0222,0.015,-0.9988,0.0413
independent_20260430_203326,trial_001,subject_001,1777552414.3263633,1777552414.3263633,275205.9352492,9,Trunk,405,1,-0.0144,9.4172,-1.2968,-3.54,-3.9673,3.54,89.0607,2.0929,-149.6832,0.1708,0.6802,-0.6846,0.1987
independent_20260430_203326,trial_001,subject_001,1777552414.3263633,1777552414.3263633,275205.9353775,10,L_Femur,398,1,2.0672,10.4556,-2.1055,-88.6841,-1.2207,7.4463,113.9172,1.9006,-7.9761,0.8355,0.0673,-0.024,0.5448
independent_20260430_203326,trial_001,subject_001,1777552414.3263633,1777552414.3263633,275205.9355095,11,L_Tibia,411,1,0.7513,9.8574,-2.694,101.9897,66.8945,7.5073,130.2264,0.3241,-58.2275,0.7919,0.4424,-0.2025,0.3689
independent_20260430_203326,trial_001,subject_001,1777552414.3263633,1777552414.3263633,275205.9356416,12,L_Foot,432,1,-1.0719,-0.7752,9.9818,113.2812,11.5967,14.8926,8.421,4.6088,-123.8873,-0.0009,0.0836,-0.878,0.4713
independent_20260430_203326,trial_001,subject_001,1777552414.3263633,1777552414.3263633,275205.9357723,13,R_Femur,432,1,-0.981,9.2401,-0.3924,54.0771,-3.2349,13.0615,85.5725,-0.813,-24.7137,0.6646,0.1403,-0.1618,0.7158
independent_20260430_203326,trial_001,subject_001,1777552414.3263633,1777552414.3263633,275205.935902,14,R_Tibia,218,1,0.5264,9.2258,-1.9906,24.1699,61.6455,9.4604,102.1729,-2.7026,-174.0948,0.0549,0.7761,-0.6281,0.014
independent_20260430_203326,trial_001,subject_001,1777552414.3263633,1777552414.3263633,275205.9360303,9,Trunk,406,1,0.311,9.0009,-1.2441,-2.9297,-4.6997,5.5542,88.9783,1.9775,-149.7711,0.1708,0.6796,-0.6854,0.1977
independent_20260430_203326,trial_001,subject_001,1777552414.3263633,1777552414.3263633,275205.9361381,10,L_Femur,399,1,1.4212,10.6183,-1.8136,-103.2104,4.0283,6.4697,112.3956,1.7853,-7.9761,0.8282,0.0664,-0.0258,0.5558
independent_20260430_203326,trial_001,subject_001,1777552414.3273654,1777552414.3273654,275205.9362407,11,L_Tibia,412,1,0.5216,9.355,-4.656,108.7646,57.1899,3.54,132.3578,-0.5109,-57.3651,0.8034,0.4375,-0.1974,0.3524
independent_20260430_203326,trial_001,subject_001,1777552414.3273654,1777552414.3273654,275205.936485,12,L_Foot,433,1,-0.9618,-0.7608,10.4891,170.105,14.5264,21.7896,11.5082,4.812,-123.4424,0.0107,0.108,-0.8734,0.4747
independent_20260430_203326,trial_001,subject_001,1777552414.3532567,1777552414.3532567,275205.9627081,13,R_Femur,433,1,-0.6316,8.9435,-0.4211,52.4902,-7.8735,13.2446,86.3635,-1.0217,-24.7961,0.6697,0.1406,-0.1625,0.7108
independent_20260430_203326,trial_001,subject_001,1777552414.3532567,1777552414.3532567,275205.9629771,15,R_Foot,213,1,0.5742,0.5359,10.0153,6.958,-4.0894,-0.4272,2.0764,-2.6257,-175.1935,0.0236,0.0171,-0.9987,0.0415
independent_20260430_203326,trial_001,subject_001,1777552414.3542645,1777552414.3542645,275205.9632069,9,Trunk,407,1,0.512,8.8956,-1.0001,-0.8545,-2.7466,6.8359,88.9398,1.8732,-149.8206,0.1711,0.6793,-0.6859,0.1968
independent_20260430_203326,trial_001,subject_001,1777552414.3542645,1777552414.3542645,275205.9634216,10,L_Femur,400,1,-0.2967,10.0823,-1.9811,-98.1445,11.3525,2.5635,110.9015,1.6754,-7.8497,0.8211,0.0646,-0.0268,0.5665
independent_20260430_203326,trial_001,subject_001,1777552414.3542645,1777552414.3542645,275205.9636692,11,L_Tibia,413,1,0.1723,9.5464,-5.0675,111.3892,50.7202,5.7373,134.0222,-1.0986,-56.8323,0.8114,0.4348,-0.1936,0.3393
independent_20260430_203326,trial_001,subject_001,1777552414.3542645,1777552414.3542645,275205.9638805,12,L_Foot,434,1,-0.6843,1.9523,11.2451,165.4053,19.8975,26.3672,14.0955,5.0262,-122.9974,0.0202,0.1285,-0.8688,0.4778
independent_20260430_203326,trial_001,subject_001,1777552414.3542645,1777552414.3542645,275205.9640965,13,R_Femur,434,1,0.2632,9.2066,-0.2393,52.9785,-13.6108,14.6484,87.149,-1.2579,-24.9664,0.6747,0.1412,-0.164,0.7057
independent_20260430_203326,trial_001,subject_001,1777552414.3552656,1777552414.3552656,275205.9643319,14,R_Tibia,219,1,-1.0432,9.465,-2.4452,18.9209,12.6953,16.4795,102.8265,-3.3783,-172.9797,0.0662,0.7787,-0.6237,0.0152
independent_20260430_203326,trial_001,subject_001,1777552414.3552656,1777552414.3552656,275205.9645528,9,Trunk,408,1,0.646,9.0679,-0.89,2.3804,0.5493,10.6201,88.9563,1.6699,-149.8206,0.1723,0.6791,-0.6862,0.1956
independent_20260430_203326,trial_001,subject_001,1777552414.3557746,1777552414.3557746,275205.9647761,10,L_Femur,401,1,-1.9332,10.4125,-2.9859,-95.6421,5.188,-0.2441,108.9899,1.6095,-7.7014,0.8116,0.0628,-0.0276,0.5802
independent_20260430_203326,trial_001,subject_001,1777552414.3557746,1777552414.3557746,275205.9650003,11,L_Tibia,414,1,-0.0574,9.1253,-6.1202,109.8022,37.7197,14.9536,136.214,-1.8347,-56.4093,0.8204,0.4332,-0.1893,0.3215
independent_20260430_203326,trial_001,subject_001,1777552414.3557746,1777552414.3557746,275205.9652167,12,L_Foot,435,1,-0.7656,1.9476,10.8288,193.5425,25.3906,34.4238,17.8748,5.2734,-122.2833,0.0351,0.1579,-0.8608,0.4825
independent_20260430_203326,trial_001,subject_001,1777552414.3557746,1777552414.3557746,275205.9654287,13,R_Femur,435,1,0.5981,9.7761,-0.0622,49.1943,-22.1558,14.6484,88.1708,-1.5765,-25.3235,0.6809,0.1428,-0.1668,0.6987
independent_20260430_203326,trial_001,subject_001,1777552414.356783,1777552414.356783,275205.9656585,15,R_Foot,214,1,0.6173,0.4737,9.9723,6.5308,-2.4414,-1.0376,2.2577,-2.7136,-175.2045,0.0245,0.0187,-0.9987,0.0414
independent_20260430_203326,trial_001,subject_001,1777552414.356783,1777552414.356783,275205.9658763,9,Trunk,409,1,0.5646,9.2688,-0.8853,3.9673,0.4272,11.5967,88.9948,1.4886,-149.8096,0.1736,0.679,-0.6862,0.1945
independent_20260430_203326,trial_001,subject_001,1777552414.356783,1777552414.356783,275205.9660908,10,L_Femur,402,1,-2.3304,10.3838,-3.6989,-97.1069,-6.7749,-2.5635,107.5342,1.6534,-7.7454,0.8041,0.063,-0.0283,0.5904
independent_20260430_203326,trial_001,subject_001,1777552414.356783,1777552414.356783,275205.9663067,11,L_Tibia,415,1,0.0909,8.4793,-7.0007,104.8584,27.832,19.6533,137.807,-2.3566,-56.3049,0.8259,0.4336,-0.1867,0.3082
independent_20260430_203326,trial_001,subject_001,1777552414.356783,1777552414.356783,275205.9665139,12,L_Foot,436,1,-1.5791,1.5408,10.9437,222.168,30.2734,44.0063,21.2146,5.4932,-121.5253,0.0487,0.1834,-0.8524,0.4872
independent_20260430_203326,trial_001,subject_001,1777552414.3577857,1777552414.3577857,275205.9667284,13,R_Femur,436,1,0.9379,10.2689,0.0335,43.7012,-28.3203,14.3433,88.8464,-1.8127,-25.719,0.6848,0.1447,-0.1697,0.6937
independent_20260430_203326,trial_001,subject_001,1777552414.3577857,1777552414.3577857,275205.9669432,14,R_Tibia,220,1,1.6461,9.6134,-1.9715,15.686,-13.6719,15.8081,103.4802,-3.8507,-173.551,0.0649,0.7824,-0.6194,0.0085
independent_20260430_203326,trial_001,subject_001,1777552414.3577857,1777552414.3577857,275205.9671563,9,Trunk,410,1,0.5168,9.4985,-0.8565,5.4321,-0.6104,11.1084,89.0607,1.3129,-149.8096,0.1747,0.6792,-0.6861,0.1934
independent_20260430_203326,trial_001,subject_001,1777552414.3577857,1777552414.3577857,275205.9673698,10,L_Femur,403,1,-1.8423,10.2737,-4.4741,-101.5625,-21.7896,-2.3193,106.0181,1.7633,-8.0035,0.796,0.065,-0.0297,0.601
independent_20260430_203326,trial_001,subject_001,1777552414.3577857,1777552414.3577857,275205.967595,11,L_Tibia,416,1,-0.1053,8.1683,-7.417,96.1304,20.4468,16.7236,139.2792,-2.774,-56.272,0.8305,0.4345,-0.184,0.296
independent_20260430_203326,trial_001,subject_001,1777552414.3577857,1777552414.3577857,275205.9678542,12,L_Foot,437,1,-2.7897,1.8471,10.4556,257.1411,-5.4932,35.2783,25.0488,5.2734,-121.0199,0.0675,0.2107,-0.8439,0.4887
independent_20260430_203326,trial_001,subject_001,1777552414.3830922,1777552414.3830922,275205.9923753,13,R_Femur,437,1,1.6365,10.1254,0.134,41.9922,-31.7993,14.0991,89.7144,-2.1149,-26.3287,0.6897,0.1479,-0.1741,0.6872
independent_20260430_203326,trial_001,subject_001,1777552414.3837028,1777552414.3837028,275205.9928977,15,R_Foot,215,1,0.6221,0.5359,10.1732,2.3804,-0.4883,-0.7935,2.3785,-2.7576,-175.1935,0.0249,0.0197,-0.9986,0.0414
independent_20260430_203326,trial_001,subject_001,1777552414.3842788,1777552414.3842788,275205.993188,9,Trunk,411,1,0.579,9.8622,-0.7369,3.9062,-1.2207,11.1084,89.1321,1.0822,-149.826,0.1761,0.6793,-0.6861,0.1918
independent_20260430_203326,trial_001,subject_001,1777552414.3842788,1777552414.3842788,275205.9934172,10,L_Femur,404,1,-0.5551,10.3455,-4.7182,-107.9712,-33.4473,-0.6714,103.8647,1.9446,-8.5968,0.7842,0.0694,-0.0329,0.6158
independent_20260430_203326,trial_001,subject_001,1777552414.3842788,1777552414.3842788,275205.993612,14,R_Tibia,221,1,1.9188,9.9962,-1.7849,14.2212,21.4233,10.5591,103.9362,-4.2847,-173.3368,0.0687,0.7844,-0.6163,0.0064
independent_20260430_203326,trial_001,subject_001,1777552414.483262,1777552414.483262,275206.0927112,9,Trunk,412,1,0.6316,10.0967,-0.6604,2.9907,-2.8687,10.7422,89.165,0.9119,-149.8645,0.177,0.6793,-0.6863,0.1905
independent_20260430_203326,trial_001,subject_001,1777552414.483262,1777552414.483262,275206.0929114,10,L_Femur,405,1,-0.1292,10.3981,-4.2301,-112.2437,-32.5317,-0.9766,102.1729,2.0654,-9.0747,0.7746,0.0728,-0.0357,0.6272
independent_20260430_203326,trial_001,subject_001,1777552414.483262,1777552414.483262,275206.0930907,11,L_Tibia,417,1,0.5455,7.1729,-7.1203,69.458,20.6909,11.1694,142.0697,-3.4991,-56.228,0.8384,0.4367,-0.1785,0.2729
independent_20260430_203326,trial_001,subject_001,1777552414.483262,1777552414.483262,275206.0932507,12,L_Foot,438,1,-0.6029,3.6128,8.4889,300.415,13.855,54.9316,35.343,4.7131,-119.5203,0.1189,0.2818,-0.8162,0.4902
independent_20260430_203326,trial_001,subject_001,1777552414.484518,1777552414.484518,275206.0933885,13,R_Femur,438,1,1.4212,9.6756,-0.244,44.0063,-29.2969,12.3291,90.9833,-2.5104,-27.2131,0.6966,0.1528,-0.1801,0.6775
independent_20260430_203326,trial_001,subject_001,1777552414.484518,1777552414.484518,275206.0935599,15,R_Foot,216,1,0.5503,0.5072,10.1254,0.1221,0.3052,0.0,2.395,-2.7576,-175.155,0.0249,0.0199,-0.9986,0.0417
independent_20260430_203326,trial_001,subject_001,1777552414.484518,1777552414.484518,275206.0937271,9,Trunk,413,1,0.7704,10.1397,-0.646,2.8687,-4.5166,10.6201,89.1925,0.7471,-149.9249,0.1777,0.6793,-0.6865,0.1892
independent_20260430_203326,trial_001,subject_001,1777552414.484518,1777552414.484518,275206.0938787,10,L_Femur,406,1,0.0574,10.2067,-3.7707,-107.605,-24.292,-3.2349,99.9591,2.2083,-9.5801,0.762,0.0763,-0.039,0.6419
independent_20260430_203326,trial_001,subject_001,1777552414.4935634,1777552414.4935634,275206.1026656,11,L_Tibia,418,1,0.8996,6.704,-7.8524,56.9458,24.5361,9.8877,142.9431,-3.8727,-56.1182,0.8413,0.4363,-0.1777,0.2652
independent_20260430_203326,trial_001,subject_001,1777552414.4935634,1777552414.4935634,275206.1028504,12,L_Foot,439,1,0.3397,5.1393,7.996,303.772,41.748,68.9087,39.9957,4.5374,-118.4052,0.143,0.3126,-0.7996,0.4924
independent_20260430_203326,trial_001,subject_001,1777552414.4935634,1777552414.4935634,275206.1030196,13,R_Femur,439,1,1.2011,9.5895,-0.4307,45.6543,-26.2451,9.8877,91.9061,-2.7246,-27.7515,0.7016,0.1563,-0.1833,0.6707
independent_20260430_203326,trial_001,subject_001,1777552414.4935634,1777552414.4935634,275206.1031642,14,R_Tibia,222,1,0.3015,9.6804,-2.3782,9.7656,13.916,8.3618,104.2822,-4.7406,-172.6831,0.0757,0.7856,-0.614,0.0065
independent_20260430_203326,trial_001,subject_001,1777552414.4935634,1777552414.4935634,275206.1032977,10,L_Femur,407,1,0.0909,10.1445,-3.9525,-96.1304,-18.3716,-6.8359,98.4705,2.3456,-9.8492,0.7533,0.0783,-0.0406,0.6517
independent_20260430_203326,trial_001,subject_001,1777552414.494564,1777552414.494564,275206.1034344,11,L_Tibia,419,1,0.6269,6.0389,-8.3501,25.0854,15.4419,8.4229,143.6133,-4.2792,-56.0193,0.8436,0.4355,-0.1778,0.2588
independent_20260430_203326,trial_001,subject_001,1777552414.494564,1777552414.494564,275206.103581,12,L_Foot,440,1,2.5313,1.603,13.6855,261.9629,109.8633,99.6704,45.9229,4.5319,-115.9497,0.1758,0.3498,-0.7719,0.501
independent_20260430_203326,trial_001,subject_001,1777552414.494564,1777552414.494564,275206.1037454,13,R_Femur,440,1,0.4881,9.8191,-0.4977,44.1284,-26.7334,6.7749,92.5873,-2.829,-28.147,0.7051,0.1592,-0.1853,0.6657
independent_20260430_203326,trial_001,subject_001,1777552414.494564,1777552414.494564,275206.1039138,15,R_Foot,217,1,0.4402,0.2919,9.8335,2.6245,-0.2441,0.1831,2.4115,-2.7521,-175.1056,0.0249,0.02,-0.9986,0.0422
independent_20260430_203326,trial_001,subject_001,1777552414.494564,1777552414.494564,275206.1040447,9,Trunk,414,1,0.7704,9.6086,-0.5072,3.3569,-6.897,13.7329,89.2529,0.2856,-150.1172,0.1794,0.6792,-0.6872,0.1852
independent_20260430_203326,trial_001,subject_001,1777552414.494564,1777552414.494564,275206.1041701,10,L_Femur,408,1,0.2345,10.2689,-3.9669,-93.2617,-17.6392,-7.9956,97.0642,2.4939,-10.0909,0.745,0.0802,-0.042,0.6609
independent_20260430_203326,trial_001,subject_001,1777552414.494564,1777552414.494564,275206.1042926,11,L_Tibia,420,1,1.1867,4.6942,-8.2975,12.3901,9.8267,6.3477,143.8275,-4.4659,-56.0028,0.8444,0.4353,-0.1783,0.2565
independent_20260430_203326,trial_001,subject_001,1777552414.494564,1777552414.494564,275206.1044104,12,L_Foot,441,1,-5.3259,-1.2059,25.1125,47.1802,72.2046,93.0176,47.5763,4.3726,-113.9667,0.1904,0.357,-0.7583,0.5111
independent_20260430_203326,trial_001,subject_001,1777552414.495563,1777552414.495563,275206.1045353,13,R_Femur,441,1,-0.0383,10.1063,-0.2201,36.9873,-28.7476,5.6152,93.1805,-2.9004,-28.5699,0.7081,0.1623,-0.1873,0.6612
independent_20260430_203326,trial_001,subject_001,1777552414.495563,1777552414.495563,275206.104667,14,R_Tibia,223,1,0.8948,9.6229,-1.5217,11.9629,-1.4648,8.606,104.6887,-5.0537,-172.6886,0.0773,0.7876,-0.6113,0.0041
independent_20260430_203326,trial_001,subject_001,1777552414.495563,1777552414.495563,275206.1048018,9,Trunk,415,1,0.2201,9.4555,-0.5072,6.4697,-10.5591,14.4043,89.3463,-0.0055,-150.304,0.1802,0.6796,-0.6874,0.1822
independent_20260430_203326,trial_001,subject_001,1777552414.495563,1777552414.495563,275206.1049735,11,L_Tibia,421,1,1.9619,4.7277,-8.0965,-5.127,16.2354,-3.9673,143.8275,-4.6802,-55.827,0.8452,0.4334,-0.1795,0.2559
independent_20260430_203326,trial_001,subject_001,1777552414.495563,1777552414.495563,275206.1051551,12,L_Foot,442,1,-8.4267,2.7084,27.9405,-211.731,44.4946,5.127,44.588,4.6307,-112.9999,0.178,0.3367,-0.7625,0.523
independent_20260430_203326,trial_001,subject_001,1777552414.495563,1777552414.495563,275206.1053309,13,R_Femur,442,1,0.3397,9.9388,-0.067,34.1797,-36.0107,9.5825,93.9001,-3.0322,-29.2346,0.7114,0.1669,-0.1909,0.6554
independent_20260430_203326,trial_001,subject_001,1777552414.4965627,1777552414.4965627,275206.1055086,15,R_Foot,218,1,0.5407,0.6412,10.0728,3.2349,-0.061,-0.061,2.4994,-2.7576,-175.0836,0.025,0.0208,-0.9986,0.0423
independent_20260430_203326,trial_001,subject_001,1777552414.5729656,1777552414.5729656,275206.1823246,9,Trunk,416,1,0.1101,9.4555,-0.4689,7.0801,-10.7422,13.855,89.4342,-0.2252,-150.4633,0.1807,0.68,-0.6875,0.1798
independent_20260430_203326,trial_001,subject_001,1777552414.573584,1777552414.573584,275206.1824775,10,L_Femur,409,1,0.6699,9.6277,-2.7802,-81.7261,-26.3062,-6.897,93.8562,2.829,-10.9534,0.7253,0.0865,-0.0472,0.6813
independent_20260430_203326,trial_001,subject_001,1777552414.573584,1777552414.573584,275206.1826165,11,L_Tibia,422,1,2.0863,5.5651,-7.4983,-22.644,18.7988,-10.3149,143.5364,-4.8175,-55.5469,0.8458,0.4306,-0.181,0.258
independent_20260430_203326,trial_001,subject_001,1777552414.573584,1777552414.573584,275206.1827258,12,L_Foot,443,1,-4.7421,0.2584,12.4797,-237.793,-6.897,-1.2817,41.0229,4.7351,-112.923,0.1612,0.3132,-0.772,0.5291
independent_20260430_203326,trial_001,subject_001,1777552414.573584,1777552414.573584,275206.1828307,13,R_Femur,443,1,0.914,9.7043,-0.4642,34.729,-39.1235,11.4746,94.444,-3.1696,-29.8224,0.7138,0.1706,-0.1943,0.6508
independent_20260430_203326,trial_001,subject_001,1777552414.573584,1777552414.573584,275206.1829336,14,R_Tibia,224,1,1.0145,9.3646,-2.3782,14.7095,2.3193,6.1035,105.1831,-5.3009,-172.6556,0.0789,0.79,-0.6079,0.0022
independent_20260430_203326,trial_001,subject_001,1777552414.5741215,1777552414.5741215,275206.183035,9,Trunk,417,1,0.2823,9.3598,-0.3685,9.2163,-9.7656,14.0381,89.5551,-0.4449,-150.6116,0.1813,0.6806,-0.6873,0.1774
independent_20260430_203326,trial_001,subject_001,1777552414.5741215,1777552414.5741215,275206.1831337,11,L_Tibia,423,1,2.6749,6.3882,-6.1011,-51.8799,23.7427,-12.4512,142.8387,-4.9713,-55.2063,0.8456,0.4265,-0.1839,0.2631
independent_20260430_203326,trial_001,subject_001,1777552414.5741215,1777552414.5741215,275206.1832324,12,L_Foot,444,1,-0.7082,-1.8279,2.2203,-208.6182,-26.9775,-8.1787,37.793,4.4824,-113.2635,0.1471,0.2906,-0.7826,0.5306
independent_20260430_203326,trial_001,subject_001,1777552414.5741215,1777552414.5741215,275206.1833338,13,R_Femur,444,1,1.5265,9.8957,-0.9044,30.3955,-30.3345,10.376,95.1141,-3.3453,-30.498,0.7168,0.175,-0.1982,0.6452
independent_20260430_203326,trial_001,subject_001,1777552414.5741215,1777552414.5741215,275206.1834337,15,R_Foot,219,1,0.4929,0.5407,9.934,2.9907,-0.3052,-0.2441,2.5818,-2.7576,-175.0452,0.025,0.0215,-0.9985,0.0427
independent_20260430_203326,trial_001,subject_001,1777552414.5746536,1777552414.5746536,275206.1835337,9,Trunk,418,1,0.6125,9.4985,-0.1627,10.0098,-6.958,14.5264,89.7363,-0.7471,-150.7654,0.1825,0.6815,-0.6869,0.1744
independent_20260430_203326,trial_001,subject_001,1777552414.5746536,1777552414.5746536,275206.1836312,10,L_Femur,410,1,0.2632,9.5129,-2.6031,-72.3877,-26.3672,1.1597,91.1865,2.9388,-11.7609,0.7086,0.091,-0.0534,0.6977
independent_20260430_203326,trial_001,subject_001,1777552414.5746536,1777552414.5746536,275206.1837574,11,L_Tibia,424,1,2.5696,6.0628,-4.8091,-80.8716,32.7759,-26.062,141.3171,-5.1965,-54.4647,0.845,0.418,-0.1894,0.2746
independent_20260430_203326,trial_001,subject_001,1777552414.5746536,1777552414.5746536,275206.1838999,12,L_Foot,445,1,-1.7753,-0.3972,3.3257,-178.833,-18.0054,-24.4141,34.0411,4.5099,-113.7469,0.1283,0.2655,-0.7939,0.5318
independent_20260430_203326,trial_001,subject_001,1777552414.5746536,1777552414.5746536,275206.1840268,13,R_Femur,445,1,1.5121,9.8718,-1.3542,24.9023,-18.6768,8.728,95.5206,-3.4607,-30.8112,0.7188,0.177,-0.2,0.6418
independent_20260430_203326,trial_001,subject_001,1777552414.5751889,1777552414.5751889,275206.1841403,14,R_Tibia,225,1,0.847,9.422,-2.45,14.4653,-5.6763,5.9204,105.661,-5.4327,-172.8094,0.0785,0.7926,-0.6047,0.0002
independent_20260430_203326,trial_001,subject_001,1777552414.5751889,1777552414.5751889,275206.1842419,9,Trunk,419,1,1.0623,9.4985,-0.0766,9.7656,-1.709,13.1226,89.8737,-0.9558,-150.8038,0.1837,0.682,-0.6865,0.1727
independent_20260430_203326,trial_001,subject_001,1777552414.5751889,1777552414.5751889,275206.1843405,10,L_Femur,411,1,0.3397,9.1062,-2.2825,-71.8994,-30.9448,4.8828,90.0769,2.8784,-12.2113,0.7015,0.0929,-0.0575,0.7043
independent_20260430_203326,trial_001,subject_001,1777552414.5751889,1777552414.5751889,275206.1844396,11,L_Tibia,425,1,2.0098,5.8618,-5.8188,-100.2197,24.1699,-30.8228,139.8175,-5.2075,-53.8824,0.8434,0.4112,-0.1935,0.2866
independent_20260430_203326,trial_001,subject_001,1777552414.5751889,1777552414.5751889,275206.1845372,12,L_Foot,446,1,-1.2059,1.4978,6.7375,-181.2134,-13.1836,-28.5645,31.322,4.5319,-114.2358,0.1145,0.2472,-0.8022,0.5313
independent_20260430_203326,trial_001,subject_001,1777552414.5757213,1777552414.5757213,275206.1846348,13,R_Femur,446,1,1.3781,9.4555,-1.6892,25.0244,-14.7705,7.0801,95.8942,-3.5541,-31.0419,0.7207,0.1786,-0.2013,0.6389
independent_20260430_203326,trial_001,subject_001,1777552414.5757213,1777552414.5757213,275206.1847321,15,R_Foot,220,1,0.5886,0.6173,9.9818,1.9531,0.1831,-0.7935,2.6587,-2.7576,-175.0177,0.025,0.0221,-0.9985,0.0429
independent_20260430_203326,trial_001,subject_001,1777552414.5757213,1777552414.5757213,275206.1848297,9,Trunk,420,1,1.4116,9.3598,-0.1005,10.6201,3.0518,11.7188,90.011,-1.1426,-150.7709,0.1852,0.6825,-0.6859,0.1716
independent_20260430_203326,trial_001,subject_001,1777552414.5757213,1777552414.5757213,275206.1849269,10,L_Femur,412,1,0.3063,8.9674,-1.8088,-67.3828,-26.6113,6.958,88.6761,2.7411,-12.7716,0.6925,0.0947,-0.0629,0.7124
independent_20260430_203326,trial_001,subject_001,1777552414.5757213,1777552414.5757213,275206.1850253,11,L_Tibia,426,1,1.5456,6.0054,-6.5413,-114.4409,7.3242,-32.2876,138.1036,-5.0208,-53.3936,0.8406,0.4052,-0.197,0.3007
independent_20260430_203326,trial_001,subject_001,1777552414.5762534,1777552414.5762534,275206.1851214,12,L_Foot,447,1,-0.3637,1.1197,8.2735,-185.791,4.2725,-30.3955,28.5205,4.7845,-114.6149,0.0989,0.229,-0.8094,0.5317
independent_20260430_203326,trial_001,subject_001,1777552414.5762534,1777552414.5762534,275206.1852183,13,R_Femur,447,1,0.9714,8.9674,-1.737,36.499,-17.2729,4.2114,96.5808,-3.6365,-31.3715,0.7241,0.1814,-0.2026,0.6339
independent_20260430_203326,trial_001,subject_001,1777552414.5762534,1777552414.5762534,275206.1853155,14,R_Tibia,226,1,0.4163,9.2784,-3.4214,7.7515,0.0,5.5542,106.0016,-5.5811,-172.9028,0.0786,0.7944,-0.6023,-0.0016
independent_20260430_203326,trial_001,subject_001,1777552414.5762534,1777552414.5762534,275206.1854131,9,Trunk,421,1,1.5025,9.4076,-0.0479,10.8032,5.9204,11.7188,90.2087,-1.3843,-150.6665,0.1876,0.6831,-0.6849,0.1704
independent_20260430_203326,trial_001,subject_001,1777552414.5762534,1777552414.5762534,275206.1855109,10,L_Femur,413,1,0.2488,9.1349,-1.6078,-63.6597,-19.5312,6.5308,87.6929,2.6312,-13.0792,0.6862,0.0953,-0.0663,0.7181
independent_20260430_203326,trial_001,subject_001,1777552414.5762534,1777552414.5762534,275206.185608,11,L_Tibia,427,1,1.3925,6.5461,-6.838,-132.6294,-9.4604,-29.2358,135.5219,-4.5099,-53.042,0.8342,0.3997,-0.2015,0.3221
independent_20260430_203326,trial_001,subject_001,1777552414.5767875,1777552414.5767875,275206.1857275,12,L_Foot,448,1,-0.4546,1.2633,9.221,-186.7676,14.1602,-30.5786,24.7742,5.2734,-115.0708,0.0771,0.2049,-0.8179,0.5321
independent_20260430_203326,trial_001,subject_001,1777552414.5767875,1777552414.5767875,275206.185873,13,R_Femur,448,1,0.512,9.2593,-1.5504,40.5273,-16.0522,0.1221,97.1851,-3.631,-31.6077,0.727,0.184,-0.2029,0.6296
independent_20260430_203326,trial_001,subject_001,1777552414.5767875,1777552414.5767875,275206.1860465,15,R_Foot,221,1,0.4546,0.3541,9.9675,0.0,-0.1831,0.0,2.6532,-2.7631,-175.0012,0.0251,0.0221,-0.9985,0.043
independent_20260430_203326,trial_001,subject_001,1777552414.6327076,1777552414.6327076,275206.2423221,9,Trunk,422,1,1.2968,9.5129,0.0479,10.5591,6.5308,11.7188,90.3516,-1.571,-150.5676,0.1895,0.6835,-0.6842,0.1697
independent_20260430_203326,trial_001,subject_001,1777552414.6327076,1777552414.6327076,275206.2424772,10,L_Femur,414,1,0.1723,9.2401,-1.4595,-58.4106,-15.9302,4.8828,86.7865,2.5378,-13.3154,0.6803,0.0956,-0.0691,0.7233
independent_20260430_203326,trial_001,subject_001,1777552414.6337097,1777552414.6337097,275206.2425931,11,L_Tibia,428,1,1.7466,6.637,-7.1586,-146.4844,-15.686,-25.2075,133.363,-4.0759,-52.9321,0.8278,0.3964,-0.2055,0.3396
independent_20260430_203326,trial_001,subject_001,1777552414.6528842,1777552414.6528842,275206.2621272,12,L_Foot,449,1,0.134,2.0576,10.7475,-190.3076,20.3247,-26.9165,21.9177,5.7074,-115.3455,0.0602,0.1866,-0.8235,0.5323
independent_20260430_203326,trial_001,subject_001,1777552414.6528842,1777552414.6528842,275206.2622733,13,R_Femur,449,1,0.2584,9.5942,-1.3111,41.5649,-16.6626,-1.6479,97.8168,-3.587,-31.8439,0.73,0.1869,-0.2029,0.6253
independent_20260430_203326,trial_001,subject_001,1777552414.6528842,1777552414.6528842,275206.2623956,14,R_Tibia,227,1,0.6604,9.5225,-2.3639,3.7842,-2.9907,6.5308,106.1774,-5.7733,-172.9962,0.079,0.7952,-0.6012,-0.0036
independent_20260430_203326,trial_001,subject_001,1777552414.6528842,1777552414.6528842,275206.2625018,9,Trunk,423,1,0.8805,9.5607,0.0335,13.4277,5.5542,10.7422,90.5823,-1.8018,-150.4468,0.1919,0.6843,-0.683,0.1686
independent_20260430_203326,trial_001,subject_001,1777552414.6528842,1777552414.6528842,275206.2625982,10,L_Femur,415,1,-0.0287,8.886,-1.3016,-46.5698,-16.0522,1.77,85.7758,2.4609,-13.6285,0.6737,0.0964,-0.0724,0.7291
independent_20260430_203326,trial_001,subject_001,1777552414.6528842,1777552414.6528842,275206.2626913,11,L_Tibia,429,1,2.048,6.771,-6.8715,-161.7432,-13.1836,-24.292,130.2045,-3.5101,-52.8333,0.8177,0.3918,-0.2121,0.3645
independent_20260430_203326,trial_001,subject_001,1777552414.6528842,1777552414.6528842,275206.2627975,12,L_Foot,450,1,-0.0909,2.584,11.2978,-197.2656,21.9116,-24.6582,17.9956,6.2952,-115.6641,0.0372,0.1611,-0.8302,0.5323
independent_20260430_203326,trial_001,subject_001,1777552414.6528842,1777552414.6528842,275206.2629052,13,R_Femur,450,1,0.4642,9.9579,-0.8805,38.208,-18.5547,-1.709,98.6133,-3.5101,-32.1844,0.7337,0.1909,-0.203,0.6197
independent_20260430_203326,trial_001,subject_001,1777552414.6528842,1777552414.6528842,275206.2629981,15,R_Foot,222,1,0.5455,0.2775,10.0345,0.7935,-0.9766,-0.2441,2.6587,-2.796,-174.9628,0.0254,0.0221,-0.9985,0.0434
independent_20260430_203326,trial_001,subject_001,1777552414.6528842,1777552414.6528842,275206.2630905,9,Trunk,424,1,0.6173,9.7043,-0.0479,14.2822,3.1128,10.3149,90.78,-1.9666,-150.3973,0.1935,0.6851,-0.682,0.1676
independent_20260430_203326,trial_001,subject_001,1777552414.6528842,1777552414.6528842,275206.2631827,11,L_Tibia,430,1,2.182,7.1634,-6.5317,-171.6919,-4.0894,-25.7568,127.6556,-3.1531,-52.6685,0.8094,0.3871,-0.2177,0.3842
independent_20260430_203326,trial_001,subject_001,1777552414.654389,1777552414.654389,275206.2632706,12,L_Foot,451,1,-0.5694,2.651,10.7522,-199.8291,14.5874,-26.4282,14.9799,6.6522,-115.9717,0.0202,0.1408,-0.8353,0.5311
independent_20260430_203326,trial_001,subject_001,1777552414.654389,1777552414.654389,275206.2633603,13,R_Femur,451,1,0.9092,9.8861,-0.713,37.2314,-17.4561,-0.4272,99.1846,-3.4662,-32.4371,0.7363,0.1938,-0.2031,0.6157
independent_20260430_203326,trial_001,subject_001,1777552414.654389,1777552414.654389,275206.2634505,14,R_Tibia,228,1,1.2154,9.398,-1.9523,4.3335,-4.1504,5.3101,106.3257,-5.9106,-173.205,0.0782,0.796,-0.6001,-0.0057
independent_20260430_203326,trial_001,subject_001,1777552414.654389,1777552414.654389,275206.2635374,10,L_Femur,416,1,0.4977,8.6516,-0.823,-30.3955,0.3052,1.6479,84.5068,2.395,-13.8538,0.6655,0.0964,-0.0753,0.7363
independent_20260430_203326,trial_001,subject_001,1777552414.654389,1777552414.654389,275206.2636366,11,L_Tibia,431,1,2.0337,7.4983,-6.5892,-176.6968,1.9531,-28.4424,125.0079,-2.818,-52.4158,0.8006,0.3814,-0.2234,0.4045
independent_20260430_203326,trial_001,subject_001,1777552414.654389,1777552414.654389,275206.2637246,12,L_Foot,452,1,-0.8996,2.5792,10.5943,-196.9604,4.8218,-27.2827,11.9806,6.85,-116.3507,0.0044,0.1198,-0.8402,0.5288
independent_20260430_203326,trial_001,subject_001,1777552414.654389,1777552414.654389,275206.2638118,13,R_Femur,452,1,1.4451,9.7426,-0.89,36.438,-12.3291,-0.1831,99.9261,-3.4332,-32.7008,0.7398,0.1969,-0.203,0.6105
independent_20260430_203326,trial_001,subject_001,1777552414.7433527,1777552414.7433527,275206.3525583,15,R_Foot,223,1,0.5455,0.4977,9.9531,0.7935,-0.6714,0.1221,2.6697,-2.8235,-174.9188,0.0256,0.0222,-0.9985,0.0437
independent_20260430_203326,trial_001,subject_001,1777552414.7433527,1777552414.7433527,275206.3527079,9,Trunk,425,1,0.2967,9.6038,-0.2297,12.9395,-2.9297,9.9487,91.214,-2.3291,-150.4303,0.1961,0.6871,-0.68,0.1644
independent_20260430_203326,trial_001,subject_001,1777552414.7433527,1777552414.7433527,275206.3528446,10,L_Femur,417,1,0.4881,8.575,-0.5503,-23.2544,6.2866,1.8921,84.1388,2.373,-13.7604,0.6632,0.0955,-0.0751,0.7385
independent_20260430_203326,trial_001,subject_001,1777552414.7433527,1777552414.7433527,275206.3529675,11,L_Tibia,432,1,1.6365,7.9338,-6.6609,-185.4858,6.897,-30.8838,121.333,-2.373,-51.9928,0.7879,0.3729,-0.2309,0.4323
independent_20260430_203326,trial_001,subject_001,1777552414.7433527,1777552414.7433527,275206.3530936,12,L_Foot,453,1,-1.292,2.3017,10.245,-185.1196,5.3101,-28.6255,8.1519,7.0312,-116.9055,-0.015,0.0925,-0.8462,0.5246
independent_20260430_203326,trial_001,subject_001,1777552414.7443547,1777552414.7443547,275206.3532604,13,R_Femur,453,1,1.6174,10.0153,-0.9188,29.0527,-6.6528,-0.1831,100.3876,-3.4167,-32.8107,0.742,0.1986,-0.2027,0.6074
independent_20260430_203326,trial_001,subject_001,1777552414.7443547,1777552414.7443547,275206.3534355,14,R_Tibia,229,1,1.5647,9.3741,-1.6317,7.8125,2.5024,1.8921,106.5234,-5.9985,-173.1885,0.0788,0.797,-0.5988,-0.0064
independent_20260430_203326,trial_001,subject_001,1777552414.7443547,1777552414.7443547,275206.3535774,9,Trunk,426,1,0.4163,9.599,-0.2967,11.5356,-4.3335,9.8877,91.3788,-2.4829,-150.4962,0.1968,0.688,-0.6793,0.1628
independent_20260430_203326,trial_001,subject_001,1777552414.7443547,1777552414.7443547,275206.3536947,11,L_Tibia,433,1,1.2489,8.2161,-6.2494,-189.5142,4.4556,-32.8369,118.493,-1.983,-51.6687,0.7772,0.3665,-0.2362,0.4537
independent_20260430_203326,trial_001,subject_001,1777552414.7443547,1777552414.7443547,275206.3538173,12,L_Foot,454,1,-1.7801,2.4261,10.7714,-174.8657,11.4136,-28.0762,5.4602,7.24,-117.312,-0.0291,0.0734,-0.8498,0.5211
independent_20260430_203326,trial_001,subject_001,1777552414.7443547,1777552414.7443547,275206.3539436,13,R_Femur,454,1,1.4068,10.0058,-1.0049,21.6675,-3.479,1.8921,100.7336,-3.4387,-32.8601,0.7438,0.1994,-0.2025,0.605
independent_20260430_203326,trial_001,subject_001,1777552414.7443547,1777552414.7443547,275206.3540799,15,R_Foot,224,1,0.5934,0.5742,9.9675,1.5259,-0.1221,-0.6104,2.6971,-2.84,-174.9023,0.0258,0.0224,-0.9985,0.0439
independent_20260430_203326,trial_001,subject_001,1777552414.7443547,1777552414.7443547,275206.3542046,9,Trunk,427,1,0.7848,9.6373,-0.244,9.3994,-3.9673,9.2163,91.5161,-2.6312,-150.5621,0.1975,0.6886,-0.6788,0.1613
independent_20260430_203326,trial_001,subject_001,1777552414.7443547,1777552414.7443547,275206.354329,10,L_Femur,418,1,0.0,8.6994,-0.0144,-10.2539,3.1128,4.8218,83.6609,2.2742,-13.5516,0.6604,0.0934,-0.0748,0.7413
independent_20260430_203326,trial_001,subject_001,1777552414.7443547,1777552414.7443547,275206.3544446,11,L_Tibia,434,1,1.0288,8.3884,-6.0102,-188.6597,-3.1738,-33.3862,115.6531,-1.5271,-51.4709,0.7655,0.3611,-0.2414,0.4747
independent_20260430_203326,trial_001,subject_001,1777552414.7443547,1777552414.7443547,275206.3545587,12,L_Foot,455,1,-2.2682,3.1008,12.8434,-171.6309,16.8457,-26.4282,2.84,7.5092,-117.702,-0.0432,0.055,-0.8529,0.5174
independent_20260430_203326,trial_001,subject_001,1777552414.7443547,1777552414.7443547,275206.354676,13,R_Femur,455,1,0.8518,9.3885,-1.3351,25.9399,-1.77,2.5024,101.2061,-3.4991,-32.8931,0.7463,0.2001,-0.2022,0.6018
independent_20260430_203326,trial_001,subject_001,1777552414.745862,1777552414.745862,275206.3547783,14,R_Tibia,230,1,1.0336,9.3406,-2.3639,10.0708,-2.8076,0.4883,106.886,-5.993,-173.2379,0.0784,0.7989,-0.5962,-0.0068
independent_20260430_203326,trial_001,subject_001,1777552414.803019,1777552414.803019,275206.412186,9,Trunk,428,1,1.2729,9.465,-0.0766,8.728,-0.6104,8.728,91.6754,-2.818,-150.5951,0.1986,0.6893,-0.6782,0.1597
independent_20260430_203326,trial_001,subject_001,1777552414.803019,1777552414.803019,275206.4123127,10,L_Femur,419,1,-0.0479,8.8525,0.2823,-9.0942,0.3662,6.8359,83.5236,2.1808,-13.5187,0.6596,0.0925,-0.0752,0.7421
independent_20260430_203326,trial_001,subject_001,1777552414.8235652,1777552414.8235652,275206.4324506,11,L_Tibia,435,1,1.1006,8.6946,-5.6561,-183.2275,-10.1929,-34.3018,111.9672,-0.824,-51.3611,0.7487,0.3556,-0.2478,0.5016
independent_20260430_203326,trial_001,subject_001,1777552414.8235652,1777552414.8235652,275206.4326605,12,L_Foot,456,1,-2.2825,3.3544,13.03,-164.6118,22.2168,-21.3013,-0.5438,7.9486,-118.1635,-0.0619,0.0316,-0.856,0.5123
independent_20260430_203326,trial_001,subject_001,1777552414.8235652,1777552414.8235652,275206.4328399,13,R_Femur,456,1,0.4594,9.2928,-1.4834,27.0996,-7.5073,1.0986,101.6125,-3.5101,-32.981,0.7483,0.2013,-0.2021,0.5989
independent_20260430_203326,trial_001,subject_001,1777552414.8235652,1777552414.8235652,275206.4330049,15,R_Foot,225,1,0.5264,0.6173,10.001,1.2207,0.0,-0.5493,2.7246,-2.9333,-174.8419,0.0266,0.0226,-0.9984,0.0444
independent_20260430_203326,trial_001,subject_001,1777552414.8235652,1777552414.8235652,275206.4331104,9,Trunk,429,1,1.3686,9.3263,0.0048,8.8501,0.4272,8.5449,91.7963,-2.9498,-150.5951,0.1995,0.6898,-0.6776,0.1587
independent_20260430_203326,trial_001,subject_001,1777552414.8235652,1777552414.8235652,275206.4332084,10,L_Femur,420,1,-0.1148,8.8956,0.4737,-8.3618,-1.4038,8.5449,83.3917,2.0544,-13.5187,0.6589,0.0916,-0.076,0.7428
independent_20260430_203326,trial_001,subject_001,1777552414.8235652,1777552414.8235652,275206.4333039,11,L_Tibia,436,1,1.2394,9.1062,-5.0196,-179.3213,-9.3384,-35.3394,109.27,-0.2747,-51.3116,0.7357,0.3518,-0.2524,0.5209
independent_20260430_203326,trial_001,subject_001,1777552414.8235652,1777552414.8235652,275206.4333973,12,L_Foot,457,1,-2.1103,2.5553,11.3647,-151.6724,20.0806,-19.043,-2.9004,8.2562,-118.4711,-0.0747,0.0151,-0.8577,0.5085
independent_20260430_203326,trial_001,subject_001,1777552414.8245687,1777552414.8245687,275206.4335111,13,R_Femur,457,1,0.2201,9.3741,-1.3016,28.8086,-12.4512,-0.1221,102.041,-3.4827,-33.1403,0.7502,0.2033,-0.202,0.5959
independent_20260430_203326,trial_001,subject_001,1777552414.8245687,1777552414.8245687,275206.4336398,14,R_Tibia,231,1,0.9044,9.3693,-2.4069,11.9629,-2.5635,-0.1221,107.309,-5.9491,-173.3423,0.0774,0.8012,-0.5933,-0.0074
independent_20260430_203326,trial_001,subject_001,1777552414.8245687,1777552414.8245687,275206.4337826,9,Trunk,430,1,1.4499,9.2928,0.0957,10.9863,2.1362,6.8359,91.9775,-3.1146,-150.5676,0.2009,0.6906,-0.6767,0.1575
independent_20260430_203326,trial_001,subject_001,1777552414.8245687,1777552414.8245687,275206.433881,10,L_Femur,421,1,-0.2105,8.8573,0.5694,-5.7373,-5.188,9.0942,83.2599,1.8622,-13.5681,0.6581,0.0905,-0.0776,0.7434
independent_20260430_203326,trial_001,subject_001,1777552414.8245687,1777552414.8245687,275206.4339922,11,L_Tibia,437,1,0.6891,9.2162,-3.943,-179.9927,-3.2349,-34.6069,105.6775,0.4504,-51.2238,0.7176,0.3466,-0.2583,0.5461
independent_20260430_203326,trial_001,subject_001,1777552414.8245687,1777552414.8245687,275206.434124,12,L_Foot,458,1,-1.7801,0.9188,10.7283,-121.46,11.4136,-17.1509,-5.5426,8.5583,-118.8776,-0.0887,-0.0036,-0.8595,0.5033
independent_20260430_203326,trial_001,subject_001,1777552414.8245687,1777552414.8245687,275206.4342497,13,R_Femur,458,1,0.067,9.6182,-1.1197,31.9214,-20.813,-0.9155,102.6782,-3.4058,-33.4918,0.7528,0.2071,-0.2021,0.5913
independent_20260430_203326,trial_001,subject_001,1777552414.8245687,1777552414.8245687,275206.434399,15,R_Foot,226,1,0.4785,0.4881,9.9292,2.5024,-0.3052,-0.6104,2.7246,-2.9333,-174.8419,0.0266,0.0226,-0.9984,0.0444
independent_20260430_203326,trial_001,subject_001,1777552414.8256903,1777552414.8256903,275206.4345508,9,Trunk,431,1,1.4021,9.355,0.0526,12.5122,2.6855,4.8828,92.1478,-3.2025,-150.5292,0.2019,0.6913,-0.6758,0.1569
independent_20260430_203326,trial_001,subject_001,1777552414.8256903,1777552414.8256903,275206.4347116,10,L_Femur,422,1,-0.2967,8.843,0.6795,-5.6152,-9.2773,7.0801,83.1665,1.7358,-13.6725,0.6576,0.0902,-0.079,0.7438
independent_20260430_203326,trial_001,subject_001,1777552414.8256903,1777552414.8256903,275206.4348841,11,L_Tibia,438,1,0.6221,9.3215,-3.9621,-175.6592,-0.3662,-33.4473,103.0353,0.9393,-51.0974,0.704,0.3422,-0.2626,0.5642
independent_20260430_203326,trial_001,subject_001,1777552414.8256903,1777552414.8256903,275206.4350403,12,L_Foot,459,1,-1.7322,2.8902,15.7145,-129.0283,18.1885,-17.7002,-7.4652,8.7671,-119.1632,-0.0986,-0.0174,-0.8605,0.4995
independent_20260430_203326,trial_001,subject_001,1777552414.8256903,1777552414.8256903,275206.4351896,13,R_Femur,459,1,0.3397,9.7569,-1.0623,31.9824,-24.292,-0.3662,103.1726,-3.3289,-33.8269,0.7546,0.2106,-0.2025,0.5876
independent_20260430_203326,trial_001,subject_001,1777552414.8256903,1777552414.8256903,275206.4353363,14,R_Tibia,232,1,0.9283,9.3167,-2.0289,15.3198,-5.249,-0.9155,107.8143,-5.8612,-173.4686,0.076,0.804,-0.5897,-0.0077
independent_20260430_203326,trial_001,subject_001,1777552414.8256903,1777552414.8256903,275206.4354847,9,Trunk,432,1,1.2298,9.3885,0.0287,13.0005,2.1973,3.1738,92.3236,-3.2629,-150.4962,0.2027,0.6922,-0.6748,0.1564
independent_20260430_203326,trial_001,subject_001,1777552414.8266914,1777552414.8266914,275206.4356359,10,L_Femur,423,1,-0.2632,8.843,1.0001,-5.188,-12.5122,5.0049,83.0511,1.5985,-13.8867,0.6568,0.0905,-0.0813,0.7442
independent_20260430_203326,trial_001,subject_001,1777552414.8266914,1777552414.8266914,275206.435804,11,L_Tibia,439,1,0.7369,8.9722,-3.7994,-166.4429,-3.3569,-30.3955,100.5139,1.4117,-51.0425,0.6904,0.3384,-0.2669,0.581
independent_20260430_203326,trial_001,subject_001,1777552414.8266914,1777552414.8266914,275206.4359602,12,L_Foot,460,1,-2.2299,3.2539,16.5327,-149.9634,19.3481,-23.7427,-9.7064,9.0253,-119.5587,-0.1102,-0.0334,-0.8617,0.4942
independent_20260430_203326,trial_001,subject_001,1777552414.8266914,1777552414.8266914,275206.4361134,13,R_Femur,460,1,0.8948,9.7904,-1.3016,25.3296,-22.2778,0.7935,103.7384,-3.241,-34.2773,0.7565,0.215,-0.2031,0.5832
independent_20260430_203326,trial_001,subject_001,1777552414.8266914,1777552414.8266914,275206.4362431,15,R_Foot,227,1,0.5838,0.4977,10.0105,2.9297,-0.4883,-0.6104,2.7301,-2.9333,-174.8364,0.0266,0.0226,-0.9984,0.0444
independent_20260430_203326,trial_001,subject_001,1777552414.8266914,1777552414.8266914,275206.4363718,9,Trunk,433,1,1.0049,9.4794,0.1627,11.7798,0.7935,2.0752,92.5488,-3.3179,-150.4688,0.2035,0.6934,-0.6734,0.1559
independent_20260430_203326,trial_001,subject_001,1777552414.913265,1777552414.913265,275206.5224038,10,L_Femur,424,1,-0.1196,8.9339,1.1149,-4.2114,-9.8877,5.0049,82.9797,1.4996,-14.0295,0.6563,0.0906,-0.0829,0.7445
independent_20260430_203326,trial_001,subject_001,1777552414.913265,1777552414.913265,275206.5225513,11,L_Tibia,440,1,0.4929,9.2736,-2.8567,-158.1421,-4.5166,-28.6255,97.3279,2.005,-51.026,0.6726,0.3338,-0.2726,0.6016
independent_20260430_203326,trial_001,subject_001,1777552414.913265,1777552414.913265,275206.5226833,12,L_Foot,461,1,-1.8901,2.5313,11.5083,-149.0479,7.7515,-26.7334,-12.8101,9.1571,-120.119,-0.1242,-0.0568,-0.8628,0.4867
independent_20260430_203326,trial_001,subject_001,1777552414.913265,1777552414.913265,275206.5228093,13,R_Femur,461,1,1.158,9.4315,-1.5169,26.3672,-17.6392,0.061,104.1339,-3.1915,-34.541,0.758,0.2177,-0.2034,0.5803
independent_20260430_203326,trial_001,subject_001,1777552414.913265,1777552414.913265,275206.5229405,14,R_Tibia,233,1,1.1245,9.2832,-2.3256,17.5171,-2.7466,-2.5635,108.4021,-5.7458,-173.5455,0.0749,0.8071,-0.5856,-0.0077
independent_20260430_203326,trial_001,subject_001,1777552414.913265,1777552414.913265,275206.5230626,9,Trunk,434,1,0.8948,9.5847,0.2201,10.437,-0.7935,1.8921,92.6971,-3.3563,-150.4797,0.2038,0.6942,-0.6726,0.1553
independent_20260430_203326,trial_001,subject_001,1777552414.9142752,1777552414.9142752,275206.5231917,10,L_Femur,425,1,0.1244,8.9147,1.1054,-2.3193,-2.9907,3.8452,82.9358,1.4282,-14.0845,0.656,0.0904,-0.0837,0.7446
independent_20260430_203326,trial_001,subject_001,1777552414.9142752,1777552414.9142752,275206.5233002,11,L_Tibia,441,1,0.4115,9.2401,-2.2873,-150.5737,-4.6997,-28.5034,95.0482,2.4445,-51.0535,0.6592,0.3308,-0.2767,0.616
independent_20260430_203326,trial_001,subject_001,1777552414.9142752,1777552414.9142752,275206.5234019,12,L_Foot,462,1,-1.7609,2.0241,8.6755,-121.46,-10.7422,-23.5596,-14.7821,8.9813,-120.4651,-0.1311,-0.0728,-0.8632,0.4821
independent_20260430_203326,trial_001,subject_001,1777552414.9142752,1777552414.9142752,275206.5235801,13,R_Femur,462,1,1.4403,9.4698,-1.6892,25.0244,-9.9487,-1.0376,104.5239,-3.1421,-34.7003,0.7596,0.2197,-0.2031,0.5775
independent_20260430_203326,trial_001,subject_001,1777552414.9142752,1777552414.9142752,275206.5237169,15,R_Foot,228,1,0.6125,0.3541,9.9244,3.418,0.061,-0.6714,2.7301,-2.9388,-174.8364,0.0267,0.0226,-0.9984,0.0444
independent_20260430_203326,trial_001,subject_001,1777552414.9142752,1777552414.9142752,275206.5238392,9,Trunk,435,1,0.8326,9.6469,0.1771,9.3994,-1.3428,1.1597,92.829,-3.3838,-150.4962,0.204,0.695,-0.6719,0.1548
independent_20260430_203326,trial_001,subject_001,1777552414.9142752,1777552414.9142752,275206.5239856,12,L_Foot,463,1,-0.7752,2.5601,9.9818,-104.3091,-0.7324,-19.3481,-16.3861,8.8275,-120.7288,-0.1365,-0.0858,-0.8632,0.4785
independent_20260430_203326,trial_001,subject_001,1777552414.9142752,1777552414.9142752,275206.5241161,13,R_Femur,463,1,1.4068,9.465,-2.1725,21.5454,-1.77,-1.77,104.9579,-3.1146,-34.7443,0.7616,0.2209,-0.2024,0.5746
independent_20260430_203326,trial_001,subject_001,1777552414.9152734,1777552414.9152734,275206.5242583,14,R_Tibia,234,1,1.0192,9.2593,-2.6175,18.2495,-0.061,-3.7231,108.9349,-5.6305,-173.5455,0.0743,0.8099,-0.5818,-0.0072
independent_20260430_203326,trial_001,subject_001,1777552414.9152734,1777552414.9152734,275206.524376,9,Trunk,436,1,0.8853,9.6229,0.1962,8.1177,-3.1738,-0.4272,92.9828,-3.3893,-150.5457,0.204,0.696,-0.671,0.1542
independent_20260430_203326,trial_001,subject_001,1777552414.9152734,1777552414.9152734,275206.5245191,10,L_Femur,426,1,0.2297,8.7186,1.426,1.4038,2.2583,2.2583,82.8369,1.2964,-14.0186,0.6555,0.0891,-0.0841,0.7452
independent_20260430_203326,trial_001,subject_001,1777552414.9152734,1777552414.9152734,275206.5246427,11,L_Tibia,442,1,0.3302,8.776,-1.8949,-128.2959,-16.1133,-25.0244,90.2142,3.4167,-51.4435,0.6288,0.3263,-0.2871,0.6447
independent_20260430_203326,trial_001,subject_001,1777552414.9152734,1777552414.9152734,275206.5247499,13,R_Femur,464,1,0.9762,9.1062,-2.3447,25.0854,2.1973,-3.7231,105.3094,-3.0817,-34.7058,0.7634,0.2215,-0.2013,0.5724
independent_20260430_203326,trial_001,subject_001,1777552414.9152734,1777552414.9152734,275206.5248502,15,R_Foot,229,1,0.5216,0.6269,10.0153,2.6855,-0.061,-0.6714,2.7301,-2.9388,-174.8364,0.0267,0.0226,-0.9984,0.0444
independent_20260430_203326,trial_001,subject_001,1777552414.9152734,1777552414.9152734,275206.5249483,9,Trunk,437,1,1.0192,9.5368,0.2105,7.5684,-3.7231,-1.3428,93.0872,-3.3783,-150.6006,0.2037,0.6967,-0.6704,0.1538
independent_20260430_203326,trial_001,subject_001,1777552414.9152734,1777552414.9152734,275206.5250459,10,L_Femur,427,1,-0.0096,8.7903,1.7322,3.479,-1.8921,1.8311,82.8479,1.2469,-14.0405,0.6556,0.089,-0.0845,0.745
independent_20260430_203326,trial_001,subject_001,1777552414.9152734,1777552414.9152734,275206.5251712,11,L_Tibia,443,1,0.4929,8.8047,-1.5408,-115.2344,-14.5874,-23.8037,88.4399,3.7793,-51.6742,0.6171,0.325,-0.2915,0.6547
independent_20260430_203326,trial_001,subject_001,1777552414.9163363,1777552414.9163363,275206.5253501,12,L_Foot,464,1,-1.2059,2.7371,9.1827,-96.3135,1.709,-10.6201,-20.083,8.7671,-121.2451,-0.1509,-0.1146,-0.8621,0.47
independent_20260430_203326,trial_001,subject_001,1777552414.9163363,1777552414.9163363,275206.5255187,13,R_Femur,465,1,0.4498,9.3119,-2.1868,26.5503,4.8218,-5.9814,105.694,-3.0267,-34.6124,0.7654,0.2218,-0.1997,0.5701
independent_20260430_203326,trial_001,subject_001,1777552414.9163363,1777552414.9163363,275206.5256931,14,R_Tibia,235,1,0.3397,9.2354,-3.1917,17.9443,-3.9062,-3.1128,109.5721,-5.4877,-173.4961,0.0739,0.8132,-0.5773,-0.0064
independent_20260430_203326,trial_001,subject_001,1777552414.9163363,1777552414.9163363,275206.5258461,9,Trunk,438,1,1.1484,9.6421,0.2345,7.4463,-2.7466,-1.9531,93.2245,-3.3453,-150.6555,0.2034,0.6976,-0.6696,0.1534
independent_20260430_203326,trial_001,subject_001,1777552414.9163363,1777552414.9163363,275206.5260088,10,L_Femur,428,1,-0.244,8.886,2.0815,8.0566,-5.9204,0.4883,82.9742,1.214,-14.1284,0.6564,0.0893,-0.0852,0.7442
independent_20260430_203326,trial_001,subject_001,1777552414.9163363,1777552414.9163363,275206.5261636,11,L_Tibia,444,1,0.067,8.709,-0.6508,-100.8911,-11.4746,-20.3857,86.3361,4.2023,-51.9324,0.603,0.3234,-0.2966,0.6663
independent_20260430_203326,trial_001,subject_001,1777552414.9173388,1777552414.9173388,275206.5263079,12,L_Foot,465,1,-1.4164,2.7658,7.5079,-65.979,1.2817,-12.6343,-21.5936,8.7067,-121.4813,-0.1563,-0.1265,-0.8614,0.4663
independent_20260430_203326,trial_001,subject_001,1777552414.9173388,1777552414.9173388,275206.5264518,13,R_Femur,466,1,-0.0144,9.1349,-1.9284,33.6914,-1.4648,-5.249,106.3037,-2.9388,-34.552,0.7684,0.2229,-0.1976,0.5664
independent_20260430_203326,trial_001,subject_001,1777552414.9173388,1777552414.9173388,275206.5266002,15,R_Foot,230,1,0.4977,0.6412,9.9723,2.4414,-0.4883,-0.2441,2.7301,-2.9388,-174.8364,0.0267,0.0226,-0.9984,0.0444
independent_20260430_203326,trial_001,subject_001,1777552414.9173388,1777552414.9173388,275206.526746,9,Trunk,439,1,1.1245,9.6708,0.2393,5.3101,-3.2959,-2.4414,93.3014,-3.3179,-150.6995,0.2031,0.6982,-0.6692,0.1532
independent_20260430_203326,trial_001,subject_001,1777552414.9173388,1777552414.9173388,275206.5268632,10,L_Femur,429,1,-0.3254,8.9243,2.2395,9.7656,-5.9814,-0.8545,83.1171,1.214,-14.2108,0.6573,0.0899,-0.0856,0.7434
independent_20260430_203326,trial_001,subject_001,1777552414.9173388,1777552414.9173388,275206.527047,11,L_Tibia,445,1,-0.1818,8.1156,-0.6173,-86.3647,-17.395,-17.4561,84.9738,4.4604,-52.1906,0.5935,0.3226,-0.3005,0.6733
independent_20260430_203326,trial_001,subject_001,1777552414.9173388,1777552414.9173388,275206.5271709,12,L_Foot,466,1,-1.603,3.5027,8.7042,-50.5371,-0.4272,-16.1133,-22.4121,8.6243,-121.7065,-0.1588,-0.1333,-0.8614,0.4636
independent_20260430_203326,trial_001,subject_001,1777552414.918337,1777552414.918337,275206.527293,13,R_Femur,467,1,0.0096,9.0439,-1.9858,41.748,-9.2773,-5.5542,106.908,-2.84,-34.6344,0.7711,0.225,-0.1962,0.5624
independent_20260430_203326,trial_001,subject_001,1777552414.918337,1777552414.918337,275206.5273939,14,R_Tibia,236,1,0.9762,9.3215,-2.9429,16.5405,-3.479,-3.2349,110.1874,-5.3284,-173.606,0.0722,0.8164,-0.5729,-0.0062
independent_20260430_203326,trial_001,subject_001,1777552414.918337,1777552414.918337,275206.5274932,9,Trunk,440,1,1.0145,9.532,0.2201,3.9673,-4.2725,-3.54,93.3563,-3.2739,-150.7599,0.2025,0.6987,-0.6689,0.153
independent_20260430_203326,trial_001,subject_001,1777552414.918337,1777552414.918337,275206.5275917,10,L_Femur,430,1,-0.335,8.9722,2.4261,10.5591,-6.897,-2.6245,83.3203,1.2415,-14.3372,0.6585,0.091,-0.0861,0.7421
independent_20260430_203326,trial_001,subject_001,1777552414.918337,1777552414.918337,275206.5277034,11,L_Tibia,446,1,-0.378,7.9194,-0.6364,-66.5283,-24.292,-12.5122,83.8861,4.6362,-52.5531,0.5855,0.3226,-0.3048,0.6784
independent_20260430_203326,trial_001,subject_001,1777552414.918337,1777552414.918337,275206.5278439,12,L_Foot,467,1,-1.6987,3.8951,8.2305,-40.7104,-8.4839,-20.874,-23.0768,8.421,-121.9482,-0.1597,-0.1395,-0.8615,0.4613
independent_20260430_203326,trial_001,subject_001,1777552414.918337,1777552414.918337,275206.5280399,13,R_Femur,468,1,0.2584,9.422,-2.048,43.8843,-15.0757,-4.6997,107.7814,-2.6697,-34.8596,0.7747,0.2288,-0.1944,0.5565
independent_20260430_203326,trial_001,subject_001,1777552414.9193382,1777552414.9193382,275206.5281994,15,R_Foot,231,1,0.4929,0.6508,9.9436,2.7466,-0.3662,-0.2441,2.7411,-2.9388,-174.8364,0.0267,0.0227,-0.9984,0.0444
independent_20260430_203326,trial_001,subject_001,1777552414.9334202,1777552414.9334202,275206.5425972,9,Trunk,441,1,0.8278,9.4698,0.2105,3.2959,-6.1035,-4.2725,93.4113,-3.1915,-150.8643,0.2015,0.6994,-0.6685,0.1528
independent_20260430_203326,trial_001,subject_001,1777552414.9334202,1777552414.9334202,275206.542721,10,L_Femur,431,1,-0.4929,9.1636,2.5361,9.9487,-12.5122,-3.479,83.4631,1.2689,-14.502,0.6592,0.0922,-0.0869,0.7412
independent_20260430_203326,trial_001,subject_001,1777552414.9334202,1777552414.9334202,275206.5428277,11,L_Tibia,447,1,-0.6986,7.9003,-0.2058,-44.9829,-31.3721,-4.4556,82.8259,4.7076,-53.1519,0.5773,0.3232,-0.3109,0.6823
independent_20260430_203326,trial_001,subject_001,1777552414.9429305,1777552414.9429305,275206.5523107,12,L_Foot,468,1,-1.3781,4.4885,6.6705,-23.4985,-18.7378,-29.4189,-23.6755,7.9156,-122.3328,-0.1579,-0.1467,-0.8622,0.4585
independent_20260430_203326,trial_001,subject_001,1777552414.9429305,1777552414.9429305,275206.5524829,13,R_Femur,469,1,0.3541,9.3837,-1.9093,44.1895,-16.6016,-3.54,108.446,-2.5488,-35.0684,0.7773,0.232,-0.1933,0.5519
independent_20260430_203326,trial_001,subject_001,1777552414.9429305,1777552414.9429305,275206.5526341,9,Trunk,442,1,0.713,9.5416,0.3015,1.8921,-8.3618,-4.5776,93.4387,-3.1256,-150.9741,0.2005,0.6998,-0.6684,0.1525
independent_20260430_203326,trial_001,subject_001,1777552414.9439309,1777552414.9439309,275206.5527827,10,L_Femur,432,1,-0.7656,9.3311,2.4787,9.5825,-19.8975,-4.9438,83.6005,1.3074,-14.7766,0.6599,0.0941,-0.0883,0.7402
independent_20260430_203326,trial_001,subject_001,1777552414.9439309,1777552414.9439309,275206.5529061,11,L_Tibia,448,1,-0.5216,7.4936,0.2393,-26.9165,-38.4521,-0.5493,82.326,4.6637,-53.7067,0.5729,0.3244,-0.3159,0.6832
independent_20260430_203326,trial_001,subject_001,1777552414.9439309,1777552414.9439309,275206.5530083,13,R_Femur,470,1,0.4785,9.5655,-1.938,37.6587,-19.3481,-3.2959,109.0393,-2.4225,-35.3156,0.7795,0.2353,-0.1924,0.5477
independent_20260430_203326,trial_001,subject_001,1777552414.9439309,1777552414.9439309,275206.5531015,15,R_Foot,232,1,0.5981,0.6077,9.9818,3.6011,-0.3052,-0.3662,2.7466,-2.9388,-174.8364,0.0267,0.0228,-0.9984,0.0444
independent_20260430_203326,trial_001,subject_001,1777552414.9439309,1777552414.9439309,275206.553196,9,Trunk,443,1,0.7704,9.5225,0.4307,1.0986,-9.5825,-5.7373,93.4497,-3.0432,-151.1115,0.1992,0.7003,-0.6684,0.1522
independent_20260430_203326,trial_001,subject_001,1777552414.9439309,1777552414.9439309,275206.5532893,11,L_Tibia,449,1,-0.2249,7.2064,0.4402,-6.3477,-43.0298,2.3804,82.1228,4.5538,-54.3274,0.5703,0.3263,-0.3207,0.6822
independent_20260430_203326,trial_001,subject_001,1777552414.9439309,1777552414.9439309,275206.5533825,12,L_Foot,469,1,-0.914,4.3928,4.3593,36.8652,-36.8042,-36.438,-23.3679,6.6577,-122.926,-0.1465,-0.1504,-0.8645,0.4567
independent_20260430_203326,trial_001,subject_001,1777552414.9439309,1777552414.9439309,275206.5534744,13,R_Femur,471,1,0.6699,9.3454,-2.2442,30.4565,-19.9585,-2.8076,109.671,-2.2522,-35.6616,0.7815,0.2395,-0.1916,0.5432
independent_20260430_203326,trial_001,subject_001,1777552414.9439309,1777552414.9439309,275206.5535664,14,R_Tibia,237,1,1.0671,9.1492,-2.6701,22.8882,-5.249,-5.188,111.4783,-4.9548,-173.6993,0.0697,0.8231,-0.5635,-0.0048
independent_20260430_203326,trial_001,subject_001,1777552415.0229833,1777552415.0229833,275206.6324072,9,Trunk,444,1,0.9283,9.4938,0.5072,-0.6714,-10.437,-6.2866,93.4387,-2.9169,-151.3037,0.1973,0.7007,-0.6686,0.1519
independent_20260430_203326,trial_001,subject_001,1777552415.0229833,1777552415.0229833,275206.6326294,10,L_Femur,433,1,-0.2967,8.9578,2.4356,9.9487,-20.9961,-7.0801,83.9191,1.4447,-15.5182,0.6612,0.0995,-0.092,0.7379
independent_20260430_203326,trial_001,subject_001,1777552415.0229833,1777552415.0229833,275206.6327663,13,R_Femur,472,1,0.6364,8.9482,-2.2873,35.9497,-17.6392,-4.0283,110.1929,-2.1149,-35.8923,0.7833,0.2426,-0.1907,0.5396
independent_20260430_203326,trial_001,subject_001,1777552415.0229833,1777552415.0229833,275206.6328985,15,R_Foot,233,1,0.5072,0.6173,9.8909,4.2725,-0.7324,-0.7324,2.7521,-2.9443,-174.8364,0.0267,0.0228,-0.9984,0.0444
independent_20260430_203326,trial_001,subject_001,1777552415.0229833,1777552415.0229833,275206.6330296,9,Trunk,445,1,0.9092,9.5225,0.5838,-2.6245,-12.6953,-6.2256,93.4003,-2.818,-151.4795,0.1956,0.701,-0.6689,0.1515
independent_20260430_203326,trial_001,subject_001,1777552415.0229833,1777552415.0229833,275206.6331656,10,L_Femur,434,1,-0.4211,9.3598,2.1916,2.7466,-19.2261,-8.4229,83.985,1.5381,-15.8203,0.6612,0.1019,-0.0934,0.7373
independent_20260430_203326,trial_001,subject_001,1777552415.0229833,1777552415.0229833,275206.6332891,11,L_Tibia,450,1,-0.3541,7.3596,1.0527,38.4521,-45.4102,5.8594,82.782,4.1913,-55.8545,0.571,0.3337,-0.3298,0.6737
independent_20260430_203326,trial_001,subject_001,1777552415.0244896,1777552415.0244896,275206.6334118,12,L_Foot,470,1,1.3303,2.7036,7.7137,107.4219,-23.1934,-3.6621,-20.127,5.3613,-123.0634,-0.1237,-0.1315,-0.8685,0.4616
independent_20260430_203326,trial_001,subject_001,1777552415.0244896,1777552415.0244896,275206.6335387,13,R_Femur,473,1,0.6029,9.1588,-2.1772,37.5977,-15.3198,-5.0659,110.7587,-1.9775,-36.0846,0.7854,0.2455,-0.1894,0.5357
independent_20260430_203326,trial_001,subject_001,1777552415.0244896,1777552415.0244896,275206.6336578,14,R_Tibia,238,1,0.5168,9.0487,-3.0242,27.771,-11.8408,-5.7373,112.4066,-4.6362,-173.9026,0.0666,0.828,-0.5568,-0.004
independent_20260430_203326,trial_001,subject_001,1777552415.0828304,1777552415.0828304,275206.6923134,9,Trunk,446,1,0.8565,9.5129,0.7082,-4.3335,-14.4043,-7.3242,93.3179,-2.6752,-151.7542,0.1929,0.7012,-0.6696,0.151
independent_20260430_203326,trial_001,subject_001,1777552415.0828304,1777552415.0828304,275206.6924426,10,L_Femur,435,1,-0.6938,9.1827,2.1916,7.019,-20.5078,-12.3901,84.0509,1.7194,-16.2213,0.6611,0.1055,-0.0948,0.7368
independent_20260430_203326,trial_001,subject_001,1777552415.0828304,1777552415.0828304,275206.6925529,11,L_Tibia,451,1,-0.5742,6.9672,-1.0049,69.9463,-57.9834,8.3008,83.9355,3.9276,-56.9092,0.5754,0.3408,-0.3339,0.6642
independent_20260430_203326,trial_001,subject_001,1777552415.0828304,1777552415.0828304,275206.6926582,12,L_Foot,471,1,1.9619,-4.4741,14.8962,93.4448,-19.2871,13.916,-18.1439,4.9493,-122.7173,-0.1129,-0.1178,-0.8691,0.4669
independent_20260430_203326,trial_001,subject_001,1777552415.0838308,1777552415.0838308,275206.6927631,13,R_Femur,474,1,0.4833,9.2066,-2.0768,39.6118,-19.043,-4.8218,111.5332,-1.7688,-36.3702,0.7881,0.2497,-0.1877,0.5304
independent_20260430_203326,trial_001,subject_001,1777552415.0838308,1777552415.0838308,275206.692865,10,L_Femur,436,1,-0.7513,8.6133,2.0433,11.4136,-27.0996,-11.8408,84.1992,1.8567,-16.6168,0.6616,0.1088,-0.0965,0.7357
independent_20260430_203326,trial_001,subject_001,1777552415.0838308,1777552415.0838308,275206.6929658,11,L_Tibia,452,1,-0.378,7.5223,-1.6844,86.1206,-63.1714,11.7188,85.1276,3.6804,-57.8265,0.5804,0.3476,-0.3369,0.6549
independent_20260430_203326,trial_001,subject_001,1777552415.0838308,1777552415.0838308,275206.693066,12,L_Foot,472,1,1.469,-3.7946,11.2738,89.7827,51.2085,-0.8545,-16.8475,5.4987,-122.8436,-0.1117,-0.1058,-0.8711,0.4665
independent_20260430_203326,trial_001,subject_001,1777552415.0838308,1777552415.0838308,275206.6931665,13,R_Femur,475,1,0.5168,9.288,-1.9715,41.2598,-21.3013,-4.7607,112.1484,-1.5985,-36.6284,0.7901,0.2533,-0.1863,0.5262
independent_20260430_203326,trial_001,subject_001,1777552415.0838308,1777552415.0838308,275206.6932651,14,R_Tibia,239,1,1.0192,9.1492,-2.6605,33.1421,-13.6719,-8.2397,113.4998,-4.2188,-174.2102,0.0624,0.8336,-0.5488,-0.0031
independent_20260430_203326,trial_001,subject_001,1777552415.0838308,1777552415.0838308,275206.6933625,9,Trunk,447,1,0.8948,9.532,0.6795,-7.0801,-16.5405,-8.606,93.1256,-2.417,-152.1991,0.1885,0.7012,-0.671,0.1503
independent_20260430_203326,trial_001,subject_001,1777552415.0838308,1777552415.0838308,275206.6934598,11,L_Tibia,453,1,0.6077,8.8382,-0.4785,88.3789,-56.6406,10.8032,86.402,3.4552,-58.6835,0.5857,0.3545,-0.339,0.6453
independent_20260430_203326,trial_001,subject_001,1777552415.0838308,1777552415.0838308,275206.6935584,12,L_Foot,473,1,-4.1296,0.1148,6.2542,104.248,54.0771,-13.2446,-15.3864,6.3446,-123.2886,-0.1117,-0.0916,-0.8743,0.4634
independent_20260430_203326,trial_001,subject_001,1777552415.0838308,1777552415.0838308,275206.6936575,13,R_Femur,476,1,0.4977,9.5655,-1.7131,36.9873,-20.752,-2.9907,112.9175,-1.3843,-36.9855,0.7925,0.258,-0.1848,0.5208
independent_20260430_203326,trial_001,subject_001,1777552415.0848305,1777552415.0848305,275206.6937568,15,R_Foot,234,1,0.5886,0.7082,9.8526,6.958,-1.1597,-0.4272,2.9443,-2.9938,-174.8419,0.0272,0.0245,-0.9983,0.0443
independent_20260430_203326,trial_001,subject_001,1777552415.0848305,1777552415.0848305,275206.6938705,9,Trunk,448,1,0.6556,9.6469,0.78,-8.3008,-23.0713,-8.9111,92.9663,-2.2247,-152.6056,0.1847,0.7013,-0.6722,0.1493
independent_20260430_203326,trial_001,subject_001,1777552415.0848305,1777552415.0848305,275206.6939687,10,L_Femur,437,1,0.6508,7.9673,0.4642,50.354,-16.4185,-7.2021,85.2649,2.0929,-17.5562,0.6672,0.1166,-0.1,0.7289
independent_20260430_203326,trial_001,subject_001,1777552415.0848305,1777552415.0848305,275206.6940659,11,L_Tibia,454,1,1.9284,12.2069,1.6987,59.3262,-16.3574,-9.3384,87.7753,3.4772,-59.2548,0.5915,0.3616,-0.3378,0.6366
independent_20260430_203326,trial_001,subject_001,1777552415.0848305,1777552415.0848305,275206.6941614,12,L_Foot,474,1,-6.6657,-3.3353,17.1356,45.4712,-58.8989,-7.6904,-14.0735,5.5151,-123.2227,-0.1002,-0.0849,-0.8749,0.4661
independent_20260430_203326,trial_001,subject_001,1777552415.0848305,1777552415.0848305,275206.694257,14,R_Tibia,240,1,1.2776,9.0152,-2.4356,43.6401,-16.4185,-11.5356,114.9115,-3.642,-174.5947,0.0568,0.8408,-0.5383,-0.0014
independent_20260430_203326,trial_001,subject_001,1777552415.0848305,1777552415.0848305,275206.6943523,9,Trunk,449,1,0.5934,9.8574,0.7656,-5.3711,-26.5503,-7.019,92.8729,-2.0984,-152.9901,0.1815,0.7015,-0.6731,0.148
independent_20260430_203326,trial_001,subject_001,1777552415.0848305,1777552415.0848305,275206.6944475,10,L_Femur,438,1,1.6557,8.9913,-0.89,68.7256,8.2397,-1.4038,86.2482,2.1313,-17.5067,0.6734,0.1174,-0.0985,0.7232
independent_20260430_203326,trial_001,subject_001,1777552415.0848305,1777552415.0848305,275206.6945435,12,L_Foot,475,1,-5.0579,-7.1012,4.3066,68.6035,-122.3145,0.9155,-13.1342,3.9716,-122.8656,-0.0849,-0.0839,-0.8739,0.4713
independent_20260430_203326,trial_001,subject_001,1777552415.0848305,1777552415.0848305,275206.6946621,13,R_Femur,477,1,0.6843,9.8096,-1.2824,35.9497,-25.3906,-3.1128,114.0161,-1.0657,-37.5623,0.7957,0.2652,-0.1827,0.513
independent_20260430_203326,trial_001,subject_001,1777552415.085831,1777552415.085831,275206.6947884,15,R_Foot,235,1,0.5934,0.5838,10.2115,10.376,-1.0986,-0.7935,3.252,-3.0267,-174.8529,0.0276,0.0272,-0.9983,0.0441
independent_20260430_203326,trial_001,subject_001,1777552415.1125796,1777552415.1125796,275206.722352,9,Trunk,450,1,0.981,10.3312,0.4354,0.4883,-23.1323,-4.5776,92.8619,-2.016,-153.3472,0.1788,0.7021,-0.6735,0.1464
independent_20260430_203326,trial_001,subject_001,1777552415.113584,1777552415.113584,275206.7224772,10,L_Femur,439,1,1.7083,11.7093,-0.6077,43.0908,13.2446,-7.5684,87.3193,2.2467,-17.1716,0.6804,0.1171,-0.0946,0.7172
independent_20260430_203326,trial_001,subject_001,1777552415.113584,1777552415.113584,275206.7225804,11,L_Tibia,455,1,-1.8566,10.7953,6.192,-13.6719,23.9258,-39.4287,87.5665,4.7736,-58.678,0.5879,0.3649,-0.3283,0.6429
independent_20260430_203326,trial_001,subject_001,1777552415.113584,1777552415.113584,275206.7226777,12,L_Foot,476,1,-0.823,-6.4791,-5.5986,166.8091,-117.2485,-16.6626,-10.8765,2.0874,-122.6459,-0.0614,-0.0744,-0.8741,0.4761
independent_20260430_203326,trial_001,subject_001,1777552415.113584,1777552415.113584,275206.7228071,13,R_Femur,478,1,1.2011,10.3168,-1.7227,28.8086,-32.7148,-0.4883,114.6368,-0.7965,-38.1061,0.7968,0.2712,-0.1818,0.5085
independent_20260430_203326,trial_001,subject_001,1777552415.113584,1777552415.113584,275206.7229254,14,R_Tibia,241,1,1.4978,9.6469,-2.5888,53.5889,-23.9868,-16.9678,116.4331,-2.9443,-174.9408,0.051,0.8483,-0.527,0.0014
independent_20260430_203326,trial_001,subject_001,1777552415.113584,1777552415.113584,275206.7230233,11,L_Tibia,456,1,-2.1725,9.2401,3.5123,5.6152,-2.8687,-14.3433,87.6324,5.0867,-58.6121,0.5875,0.3665,-0.326,0.6436
independent_20260430_203326,trial_001,subject_001,1777552415.113584,1777552415.113584,275206.723116,12,L_Foot,477,1,6.2781,1.7609,13.6281,150.1465,-24.353,-5.4932,-7.6245,1.4062,-122.7832,-0.0426,-0.0525,-0.8763,0.477
independent_20260430_203326,trial_001,subject_001,1777552415.113584,1777552415.113584,275206.7232095,13,R_Femur,479,1,1.4116,10.2211,-2.072,24.0479,-34.1797,1.6479,115.0104,-0.6097,-38.573,0.797,0.2759,-0.1817,0.5056
independent_20260430_203326,trial_001,subject_001,1777552415.113584,1777552415.113584,275206.7233009,15,R_Foot,236,1,0.5264,0.3732,9.8574,14.5874,0.9766,-1.0376,3.7024,-2.9993,-174.9023,0.0276,0.0311,-0.9982,0.0436
independent_20260430_203326,trial_001,subject_001,1777552415.113584,1777552415.113584,275206.7233924,9,Trunk,451,1,2.1103,10.3216,-0.1579,-13.9771,-8.9111,-3.479,92.5433,-1.8787,-153.7811,0.1749,0.7011,-0.6758,0.1452
independent_20260430_203326,trial_001,subject_001,1777552415.1145837,1777552415.1145837,275206.7234991,10,L_Femur,440,1,-3.4788,13.9344,7.484,-48.0957,-85.8765,-24.7192,86.6766,2.7631,-18.7152,0.6741,0.1289,-0.1019,0.7201
independent_20260430_203326,trial_001,subject_001,1777552415.1145837,1777552415.1145837,275206.7236027,11,L_Tibia,457,1,0.4594,9.6756,1.8231,29.6021,-51.1475,-0.7935,87.9346,5.0977,-59.2657,0.587,0.3707,-0.3287,0.6402
independent_20260430_203326,trial_001,subject_001,1777552415.1145837,1777552415.1145837,275206.7239765,12,L_Foot,478,1,6.1394,3.9478,20.514,86.3037,5.6152,10.3149,-6.1084,1.3788,-122.6843,-0.0361,-0.041,-0.8765,0.4783
independent_20260430_203326,trial_001,subject_001,1777552415.1145837,1777552415.1145837,275206.7242003,13,R_Femur,480,1,1.3973,9.8526,-2.3399,21.3013,-32.4097,0.6104,115.329,-0.4285,-39.0179,0.7971,0.2803,-0.1816,0.5031
independent_20260430_203326,trial_001,subject_001,1777552415.1145837,1777552415.1145837,275206.7243181,14,R_Tibia,242,1,0.8135,9.5416,-2.9285,62.5,-28.0151,-22.3999,118.5095,-1.8457,-175.4681,0.0422,0.8583,-0.5113,0.0064
independent_20260430_203326,trial_001,subject_001,1777552415.2036092,1777552415.2036092,275206.8128156,9,Trunk,452,1,1.6509,10.0871,-0.0574,-8.728,-4.9438,-2.2583,92.3071,-1.8292,-153.902,0.1736,0.7,-0.6774,0.1452
independent_20260430_203326,trial_001,subject_001,1777552415.2036092,1777552415.2036092,275206.8130826,10,L_Femur,441,1,-1.024,13.4894,7.5271,-41.687,-51.0254,-8.667,85.8032,2.9718,-20.0171,0.6669,0.137,-0.1099,0.7242
independent_20260430_203326,trial_001,subject_001,1777552415.2036092,1777552415.2036092,275206.8132587,11,L_Tibia,458,1,2.9142,10.379,1.6126,49.9268,-35.6445,-4.8828,88.775,5.1636,-60.1282,0.5887,0.3779,-0.3304,0.6336
independent_20260430_203326,trial_001,subject_001,1777552415.2036092,1777552415.2036092,275206.8133762,12,L_Foot,479,1,-0.7561,0.1675,11.7858,83.313,20.874,5.8594,-4.455,1.7029,-122.5305,-0.0317,-0.0269,-0.8764,0.4798
independent_20260430_203326,trial_001,subject_001,1777552415.2046168,1777552415.2046168,275206.8134865,13,R_Femur,481,1,1.3877,10.1015,-2.8711,17.4561,-23.4375,-4.6997,115.708,-0.1538,-39.4629,0.7972,0.2852,-0.1807,0.5005
independent_20260430_203326,trial_001,subject_001,1777552415.2046168,1777552415.2046168,275206.8135946,15,R_Foot,237,1,0.9044,0.201,10.0058,19.4702,1.0986,-1.4648,4.2188,-2.9608,-174.9188,0.0274,0.0356,-0.998,0.0433
independent_20260430_203326,trial_001,subject_001,1777552415.2046168,1777552415.2046168,275206.8137005,9,Trunk,453,1,1.359,10.3694,-0.3302,-2.6245,-0.7324,-1.2207,92.2412,-1.8127,-153.924,0.1733,0.6997,-0.6778,0.1452
independent_20260430_203326,trial_001,subject_001,1777552415.2046168,1777552415.2046168,275206.8138044,11,L_Tibia,459,1,3.3113,11.1733,1.6844,55.9692,-17.4561,-9.8267,89.5715,5.2954,-60.4358,0.5916,0.3825,-0.3287,0.629
independent_20260430_203326,trial_001,subject_001,1777552415.2046168,1777552415.2046168,275206.8139085,12,L_Foot,480,1,-2.4356,0.2632,12.25,75.1343,22.2778,0.8545,-3.2904,2.038,-122.5305,-0.0294,-0.0166,-0.8766,0.48
independent_20260430_203326,trial_001,subject_001,1777552415.2046168,1777552415.2046168,275206.814011,13,R_Femur,482,1,1.4068,10.8671,-3.2874,3.418,-12.4512,-6.2866,115.7904,0.0055,-39.6167,0.7969,0.2871,-0.1801,0.5
independent_20260430_203326,trial_001,subject_001,1777552415.2046168,1777552415.2046168,275206.8141137,14,R_Tibia,243,1,1.0384,10.2163,-2.6127,70.0684,-16.1133,-28.3813,120.8496,-0.7086,-175.578,0.0366,0.8689,-0.4934,0.0137
independent_20260430_203326,trial_001,subject_001,1777552415.2046168,1777552415.2046168,275206.8142159,9,Trunk,454,1,1.0575,10.7331,-0.579,0.9155,1.8311,-0.9766,92.1808,-1.8896,-153.8855,0.1739,0.6991,-0.6782,0.1451
independent_20260430_203326,trial_001,subject_001,1777552415.2046168,1777552415.2046168,275206.814329,10,L_Femur,442,1,3.273,7.9529,-0.4594,21.4233,-20.1416,-4.2725,85.7208,3.0048,-20.6158,0.6656,0.1406,-0.1136,0.7241
independent_20260430_203326,trial_001,subject_001,1777552415.2046168,1777552415.2046168,275206.814459,11,L_Tibia,460,1,0.2393,10.6661,0.4498,61.2183,-30.9448,-7.5684,90.4449,5.4327,-60.8423,0.5945,0.3878,-0.3272,0.6237
independent_20260430_203326,trial_001,subject_001,1777552415.205618,1777552415.205618,275206.8145911,12,L_Foot,481,1,-0.6699,2.9142,20.7389,42.5415,-0.6104,-3.9673,-2.5653,2.2357,-122.558,-0.0279,-0.0103,-0.8768,0.48
independent_20260430_203326,trial_001,subject_001,1777552415.205618,1777552415.205618,275206.8147305,13,R_Femur,483,1,1.2106,11.5322,-3.0673,-13.6719,-1.8921,-2.1973,115.6091,0.0934,-39.6552,0.7959,0.2874,-0.1801,0.5015
independent_20260430_203326,trial_001,subject_001,1777552415.205618,1777552415.205618,275206.8148839,15,R_Foot,238,1,0.713,0.2488,9.8813,28.7476,0.9766,-3.6621,5.0922,-2.9169,-175.0067,0.0273,0.0433,-0.9978,0.0424
independent_20260430_203326,trial_001,subject_001,1777552415.205618,1777552415.205618,275206.8149967,9,Trunk,455,1,-0.1292,11.3073,-0.6556,0.3052,-3.54,-1.709,92.1533,-1.9281,-153.8965,0.174,0.6989,-0.6784,0.1448
independent_20260430_203326,trial_001,subject_001,1777552415.205618,1777552415.205618,275206.8150996,10,L_Femur,443,1,-0.823,8.7712,-1.3255,17.7612,-30.9448,-11.9629,85.968,3.1146,-21.0773,0.6664,0.1442,-0.1155,0.7223
independent_20260430_203326,trial_001,subject_001,1777552415.205618,1777552415.205618,275206.8152019,11,L_Tibia,461,1,-3.6176,8.7664,-2.7323,68.9697,-70.3735,-0.1831,91.6589,5.4987,-62.0123,0.5969,0.3977,-0.329,0.6143
independent_20260430_203326,trial_001,subject_001,1777552415.205618,1777552415.205618,275206.8153258,12,L_Foot,482,1,-1.2106,-0.5024,10.3024,33.3252,16.4185,0.4883,-2.2687,2.7136,-122.569,-0.0303,-0.006,-0.8768,0.4798
independent_20260430_203326,trial_001,subject_001,1777552415.2066145,1777552415.2066145,275206.815474,13,R_Femur,484,1,0.6029,11.7141,-2.7323,-26.1841,-0.9766,3.9673,115.2466,0.0549,-39.6771,0.7943,0.2869,-0.1813,0.5038
independent_20260430_203326,trial_001,subject_001,1777552415.2066145,1777552415.2066145,275206.8156522,14,R_Tibia,244,1,-0.9044,10.8192,-2.4979,88.7451,-22.8882,-26.8555,123.75,0.4669,-175.6219,0.0318,0.8813,-0.4709,0.0216
independent_20260430_203326,trial_001,subject_001,1777552415.283285,1777552415.283285,275206.8922954,9,Trunk,456,1,-0.957,11.4078,-0.7369,-5.127,-10.8643,-3.6011,92.0819,-1.8842,-154.0338,0.1728,0.6988,-0.679,0.1444
independent_20260430_203326,trial_001,subject_001,1777552415.283285,1777552415.283285,275206.8924142,11,L_Tibia,462,1,-4.2205,9.0727,-3.5075,72.5098,-82.1533,-0.4883,92.6312,5.5591,-63.2153,0.5976,0.4071,-0.3317,0.6059
independent_20260430_203326,trial_001,subject_001,1777552415.283285,1777552415.283285,275206.8925324,12,L_Foot,483,1,-2.7371,-0.1818,10.7235,2.6855,2.6245,-0.2441,-2.2467,2.7686,-122.5854,-0.0306,-0.0056,-0.8769,0.4797
independent_20260430_203326,trial_001,subject_001,1777552415.283285,1777552415.283285,275206.8926568,13,R_Femur,485,1,-0.3063,11.5131,-2.1868,-36.377,-3.8452,8.4229,114.7247,-0.0385,-39.765,0.792,0.2862,-0.1837,0.5071
independent_20260430_203326,trial_001,subject_001,1777552415.283285,1777552415.283285,275206.8927563,15,R_Foot,239,1,0.7082,0.0335,10.3216,44.9219,4.0894,-6.1035,6.427,-2.8619,-175.1935,0.0273,0.0549,-0.9973,0.0405
independent_20260430_203326,trial_001,subject_001,1777552415.283285,1777552415.283285,275206.8928668,9,Trunk,457,1,-1.1437,10.891,-1.0288,-9.7656,-25.8789,-7.6904,91.9006,-1.7468,-154.4623,0.1692,0.6985,-0.6804,0.143
independent_20260430_203326,trial_001,subject_001,1777552415.283285,1777552415.283285,275206.8930012,10,L_Femur,444,1,-2.6271,9.5703,-3.4022,18.4326,-4.2114,-27.4048,86.7316,3.8947,-21.5002,0.6696,0.1523,-0.1126,0.7182
independent_20260430_203326,trial_001,subject_001,1777552415.283285,1777552415.283285,275206.8931164,11,L_Tibia,463,1,-1.9523,9.9579,-3.6702,65.1855,-67.8711,1.2207,93.8342,5.6305,-64.704,0.5983,0.4187,-0.3348,0.5955
independent_20260430_203326,trial_001,subject_001,1777552415.2842867,1777552415.2842867,275206.8932154,12,L_Foot,484,1,-1.0336,-0.2297,10.513,2.5024,-2.7466,0.6714,-2.1698,2.7246,-122.58,-0.0299,-0.0052,-0.8769,0.4798
independent_20260430_203326,trial_001,subject_001,1777552415.2842867,1777552415.2842867,275206.8933086,13,R_Femur,486,1,-1.603,11.2403,-1.1054,-52.9175,-5.4932,7.5684,113.7524,-0.1593,-39.9188,0.7874,0.2852,-0.1876,0.5132
independent_20260430_203326,trial_001,subject_001,1777552415.2842867,1777552415.2842867,275206.8934003,14,R_Tibia,245,1,-1.3063,10.3407,-2.5648,103.0884,-35.2783,-23.7427,126.6504,1.6315,-175.9186,0.0254,0.8931,-0.4481,0.0287
independent_20260430_203326,trial_001,subject_001,1777552415.2842867,1777552415.2842867,275206.8934924,9,Trunk,458,1,-0.4354,10.3312,-1.1867,-11.1084,-36.5601,-10.498,91.7358,-1.593,-154.9731,0.1649,0.6985,-0.6819,0.1411
independent_20260430_203326,trial_001,subject_001,1777552415.313323,1777552415.313323,275206.9225235,10,L_Femur,445,1,-0.6556,9.7282,-3.0721,26.3062,-15.564,-30.3345,87.0776,4.3341,-21.7035,0.6709,0.1565,-0.1108,0.7163
independent_20260430_203326,trial_001,subject_001,1777552415.313323,1777552415.313323,275206.9226467,11,L_Tibia,464,1,1.1867,9.8957,-3.4166,57.4341,-22.2168,-4.0283,94.6802,5.7129,-65.1874,0.6006,0.4241,-0.3337,0.59
independent_20260430_203326,trial_001,subject_001,1777552415.313323,1777552415.313323,275206.9227936,12,L_Foot,485,1,-0.9905,-0.2967,10.1541,4.2725,-3.9673,1.6479,-2.0764,2.6862,-122.558,-0.0293,-0.0046,-0.8768,0.48
independent_20260430_203326,trial_001,subject_001,1777552415.313323,1777552415.313323,275206.9229018,13,R_Femur,487,1,-2.4404,11.0059,-0.201,-69.0308,-4.6387,1.9531,112.7582,-0.1868,-40.0012,0.7828,0.284,-0.1907,0.5198
independent_20260430_203326,trial_001,subject_001,1777552415.313323,1777552415.313323,275206.9230037,15,R_Foot,240,1,0.5407,-0.1771,10.0393,80.9326,9.2773,-16.4185,8.7231,-2.5543,-175.567,0.0251,0.0751,-0.9962,0.0369
independent_20260430_203326,trial_001,subject_001,1777552415.383253,1777552415.383253,275206.9925742,9,Trunk,459,1,0.4833,9.7139,-1.2394,-10.0098,-41.3818,-12.6343,91.582,-1.3953,-155.5774,0.1599,0.6987,-0.6833,0.1389
independent_20260430_203326,trial_001,subject_001,1777552415.383253,1777552415.383253,275206.992818,11,L_Tibia,465,1,3.2061,10.135,-3.0721,49.8047,31.6162,-13.4277,95.4822,5.8612,-64.8413,0.6055,0.4253,-0.3281,0.5872
independent_20260430_203326,trial_001,subject_001,1777552415.383253,1777552415.383253,275206.9929813,12,L_Foot,486,1,-0.3876,-0.1675,10.2737,3.2349,-2.0752,1.77,-2.016,2.6477,-122.536,-0.0287,-0.0043,-0.8767,0.4802
independent_20260430_203326,trial_001,subject_001,1777552415.3842537,1777552415.3842537,275206.9931309,13,R_Femur,488,1,-3.1821,10.7235,-0.2536,-89.4775,-9.4604,-8.9111,111.0718,-0.0439,-40.0836,0.7746,0.2824,-0.1942,0.5315
independent_20260430_203326,trial_001,subject_001,1777552415.3842537,1777552415.3842537,275206.9932796,14,R_Tibia,246,1,-3.0386,10.3359,-3.8186,109.6802,-61.0962,-13.3057,130.3693,3.252,-176.8964,0.0127,0.9073,-0.4187,0.0371
independent_20260430_203326,trial_001,subject_001,1777552415.3842537,1777552415.3842537,275206.9934237,9,Trunk,460,1,1.0288,9.2641,-1.3159,-6.4697,-36.9873,-14.2822,91.4337,-1.1096,-156.3464,0.1533,0.6993,-0.6848,0.1363
independent_20260430_203326,trial_001,subject_001,1777552415.3842537,1777552415.3842537,275206.9935622,10,L_Femur,446,1,-0.7034,9.4842,-1.4595,39.1846,-15.9302,-9.0332,88.4015,4.9384,-22.4506,0.6772,0.1659,-0.11,0.7084
independent_20260430_203326,trial_001,subject_001,1777552415.3842537,1777552415.3842537,275206.9936875,11,L_Tibia,466,1,2.5218,10.1541,-2.5026,45.2881,62.439,-16.0522,96.5424,6.0699,-63.6383,0.6147,0.4229,-0.3169,0.5856
independent_20260430_203326,trial_001,subject_001,1777552415.3842537,1777552415.3842537,275206.9938262,12,L_Foot,487,1,-0.1723,-0.1866,10.135,3.1128,0.061,0.9766,-1.9391,2.6532,-122.514,-0.0284,-0.0037,-0.8766,0.4803
independent_20260430_203326,trial_001,subject_001,1777552415.3842537,1777552415.3842537,275206.993963,13,R_Femur,489,1,-4.0482,10.5896,-0.9092,-104.4312,-27.5879,-16.3574,109.5447,0.2747,-40.3253,0.7663,0.2829,-0.197,0.5422
independent_20260430_203326,trial_001,subject_001,1777552415.3842537,1777552415.3842537,275206.994085,15,R_Foot,241,1,0.9092,-0.5599,10.647,127.0752,16.6016,-21.5454,11.8268,-2.1094,-176.1603,0.0217,0.1023,-0.994,0.0314
independent_20260430_203326,trial_001,subject_001,1777552415.3852532,1777552415.3852532,275206.9942143,9,Trunk,461,1,0.89,9.1779,-1.3207,-4.5776,-28.9307,-14.5264,91.3568,-0.8899,-156.7969,0.1492,0.6997,-0.6855,0.1351
independent_20260430_203326,trial_001,subject_001,1777552415.3852532,1777552415.3852532,275206.9943419,10,L_Femur,447,1,-0.0766,9.7904,-1.7179,38.0249,-18.9819,-4.8218,88.9453,5.0098,-22.7087,0.6801,0.1684,-0.1103,0.705
independent_20260430_203326,trial_001,subject_001,1777552415.3852532,1777552415.3852532,275206.9944666,11,L_Tibia,467,1,-0.5024,10.2307,-2.2729,39.7339,32.7759,-12.0239,97.229,6.1963,-63.0011,0.6201,0.4219,-0.3104,0.5841
independent_20260430_203326,trial_001,subject_001,1777552415.3852532,1777552415.3852532,275206.9945927,12,L_Foot,488,1,-0.0957,-0.2823,9.9866,3.9062,2.7466,0.3662,-1.8677,2.6862,-122.514,-0.0284,-0.003,-0.8766,0.4804
independent_20260430_203326,trial_001,subject_001,1777552415.3852532,1777552415.3852532,275206.9946944,13,R_Femur,490,1,-4.1439,10.4029,-1.426,-111.6333,-49.9878,-20.1416,107.8748,0.7581,-40.8691,0.7561,0.2859,-0.2005,0.5535
independent_20260430_203326,trial_001,subject_001,1777552415.3852532,1777552415.3852532,275206.9947933,14,R_Tibia,247,1,-2.584,10.2785,-3.9908,118.5913,-83.1299,-7.4463,134.2694,5.3174,-178.6047,-0.0068,0.9206,-0.3876,0.0475
independent_20260430_203326,trial_001,subject_001,1777552415.3852532,1777552415.3852532,275206.9948907,9,Trunk,462,1,0.512,8.9865,-1.2489,-1.9531,-21.9116,-13.3667,91.3074,-0.6866,-157.1429,0.1458,0.7001,-0.686,0.1343
independent_20260430_203326,trial_001,subject_001,1777552415.3852532,1777552415.3852532,275206.9949872,10,L_Femur,448,1,0.7656,9.6373,-1.7705,33.9355,-28.0151,-5.6152,89.6045,5.1031,-23.2306,0.6832,0.1727,-0.112,0.7006
independent_20260430_203326,trial_001,subject_001,1777552415.3852532,1777552415.3852532,275206.9950821,11,L_Tibia,468,1,-3.364,9.3023,-2.3734,33.5083,-38.6963,-6.958,97.7124,6.3666,-63.3362,0.6208,0.4258,-0.3093,0.5811
independent_20260430_203326,trial_001,subject_001,1777552415.3862524,1777552415.3862524,275206.9951779,12,L_Foot,489,1,-0.402,-0.0431,10.001,2.7466,3.418,-0.1831,-1.8127,2.7466,-122.5195,-0.0286,-0.0023,-0.8766,0.4803
independent_20260430_203326,trial_001,subject_001,1777552415.3862524,1777552415.3862524,275206.9952729,15,R_Foot,242,1,0.3206,2.4404,10.8049,169.3726,1.0376,-34.3018,17.3529,-1.7523,-177.1106,0.0189,0.1504,-0.9882,0.0226
independent_20260430_203326,trial_001,subject_001,1777552415.3862524,1777552415.3862524,275206.9953896,9,Trunk,463,1,0.1771,8.7712,-1.3111,-0.6714,-14.3433,-11.6577,91.2799,-0.4449,-157.4561,0.1424,0.7006,-0.6862,0.1339
independent_20260430_203326,trial_001,subject_001,1777552415.3862524,1777552415.3862524,275206.9955301,10,L_Femur,449,1,0.512,9.3263,-1.1676,32.0435,-21.1182,-7.8735,90.0549,5.213,-23.5657,0.6853,0.1758,-0.1127,0.6977
independent_20260430_203326,trial_001,subject_001,1777552415.3862524,1777552415.3862524,275206.995665,11,L_Tibia,469,1,-2.1725,8.8621,-2.4356,34.79,-95.3979,-2.1362,98.2123,6.6797,-65.0116,0.6159,0.4377,-0.3141,0.5748
independent_20260430_203326,trial_001,subject_001,1777552415.3862524,1777552415.3862524,275206.9958098,12,L_Foot,490,1,-0.6125,-0.1196,10.1206,1.6479,3.479,-0.4272,-1.7523,2.8235,-122.536,-0.0289,-0.0016,-0.8767,0.4802
independent_20260430_203326,trial_001,subject_001,1777552415.3862524,1777552415.3862524,275206.9959474,13,R_Femur,491,1,-0.5407,10.7044,-2.0576,-117.981,-73.4253,-9.3994,103.7823,1.8732,-43.0664,0.7281,0.2981,-0.2145,0.5787
independent_20260430_203326,trial_001,subject_001,1777552415.3862524,1777552415.3862524,275206.9960811,14,R_Tibia,248,1,-0.7417,9.7665,-6.2686,119.4458,-83.1909,-9.9487,138.252,7.7014,179.5496,0.0276,-0.9322,0.3558,-0.0614
independent_20260430_203326,trial_001,subject_001,1777552415.3872528,1777552415.3872528,275206.9962151,9,Trunk,464,1,0.1818,8.6946,-1.3063,0.1831,-10.3149,-11.3525,91.2634,-0.2802,-157.6208,0.1404,0.7009,-0.6863,0.134
independent_20260430_203326,trial_001,subject_001,1777552415.3872528,1777552415.3872528,275206.9963499,10,L_Femur,450,1,-0.4881,9.6469,-0.7608,31.25,-10.8643,-8.3008,90.5054,5.3339,-23.7524,0.6875,0.1781,-0.1124,0.695
independent_20260430_203326,trial_001,subject_001,1777552415.3872528,1777552415.3872528,275206.9964832,11,L_Tibia,470,1,0.2153,9.8622,-2.3112,32.7148,-76.9043,-3.7231,98.5693,6.9104,-66.2256,0.6122,0.4462,-0.3174,0.5703
independent_20260430_203326,trial_001,subject_001,1777552415.3872528,1777552415.3872528,275206.9966124,12,L_Foot,491,1,-0.6173,-0.1579,10.0536,1.0986,2.3804,-0.1221,-1.7249,2.8674,-122.547,-0.0292,-0.0012,-0.8767,0.4801
independent_20260430_203326,trial_001,subject_001,1777552415.3872528,1777552415.3872528,275206.9967478,13,R_Femur,492,1,0.4737,10.7379,-2.3639,-120.7886,-61.9507,-6.1035,101.9366,2.1753,-43.9728,0.7157,0.3019,-0.2221,0.5894
independent_20260430_203326,trial_001,subject_001,1777552415.3872528,1777552415.3872528,275206.9969968,15,R_Foot,243,1,2.6605,1.3686,11.872,253.418,26.8555,-50.6592,25.1642,-1.1151,-178.7311,0.0119,0.2177,-0.9759,0.0087
independent_20260430_203326,trial_001,subject_001,1777552415.388252,1777552415.388252,275206.997128,9,Trunk,465,1,0.1962,9.1014,-1.1915,2.8076,-7.1411,-11.5356,91.2909,-0.0549,-157.7692,0.1382,0.7015,-0.686,0.1344
independent_20260430_203326,trial_001,subject_001,1777552415.388252,1777552415.388252,275206.9972519,10,L_Femur,451,1,-0.3876,9.7569,-0.7752,29.4189,4.8828,-11.1694,91.1151,5.5371,-23.725,0.6909,0.1797,-0.11,0.6915
independent_20260430_203326,trial_001,subject_001,1777552415.388252,1777552415.388252,275206.9973752,11,L_Tibia,471,1,2.5409,9.599,-1.67,32.8979,-7.2021,-14.5874,99.1516,7.2345,-66.7584,0.6119,0.4522,-0.3159,0.5668
independent_20260430_203326,trial_001,subject_001,1777552415.4533017,1777552415.4533017,275207.0622043,12,L_Foot,492,1,-0.5216,-0.2153,9.9244,0.5493,2.0142,0.1221,-1.7029,2.9004,-122.5525,-0.0293,-0.0009,-0.8768,0.4801
independent_20260430_203326,trial_001,subject_001,1777552415.4533017,1777552415.4533017,275207.0623622,13,R_Femur,493,1,0.5886,10.7714,-3.0242,-116.394,-37.9639,-4.6997,99.5361,2.4335,-44.8242,0.7004,0.3037,-0.2312,0.6031
independent_20260430_203326,trial_001,subject_001,1777552415.4533017,1777552415.4533017,275207.0624946,14,R_Tibia,249,1,1.1102,8.2688,-6.369,98.999,-58.7769,-2.8076,141.2787,9.3768,178.3905,0.0403,-0.9398,0.3315,-0.0725
independent_20260430_203326,trial_001,subject_001,1777552415.4533017,1777552415.4533017,275207.0626132,9,Trunk,466,1,0.1962,9.6612,-1.0575,1.8921,-5.0659,-12.0239,91.3074,0.1099,-157.8461,0.1367,0.7019,-0.6858,0.135
independent_20260430_203326,trial_001,subject_001,1777552415.4533017,1777552415.4533017,275207.062748,10,L_Femur,452,1,-0.6221,9.8383,-0.6412,27.2827,19.2871,-11.7188,91.5546,5.7074,-23.4668,0.6937,0.1796,-0.1067,0.6893
independent_20260430_203326,trial_001,subject_001,1777552415.4533017,1777552415.4533017,275207.0628701,11,L_Tibia,472,1,1.7322,9.8766,-1.3255,33.0811,48.3398,-19.165,99.7339,7.4158,-66.1377,0.6166,0.4512,-0.3095,0.566
independent_20260430_203326,trial_001,subject_001,1777552415.4533017,1777552415.4533017,275207.0630139,12,L_Foot,493,1,-0.5742,-0.2632,10.0201,2.8076,2.2583,0.9155,-1.6425,2.9498,-122.547,-0.0295,-0.0002,-0.8767,0.4801
independent_20260430_203326,trial_001,subject_001,1777552415.4533017,1777552415.4533017,275207.063136,13,R_Femur,494,1,0.7561,10.9867,-3.3927,-115.2344,-20.0195,-3.1128,97.7893,2.5269,-45.1483,0.69,0.3026,-0.237,0.6133
independent_20260430_203326,trial_001,subject_001,1777552415.454298,1777552415.454298,275207.0632706,15,R_Foot,244,1,0.2871,3.364,8.6898,328.186,-4.6997,-86.6089,35.8594,0.3461,179.2035,0.005,-0.3078,0.9514,0.0057
independent_20260430_203326,trial_001,subject_001,1777552415.454298,1777552415.454298,275207.063372,9,Trunk,467,1,0.1579,9.9627,-0.8374,3.1128,-2.1362,-12.3901,91.3348,0.2911,-157.8845,0.1354,0.7024,-0.6855,0.1358
independent_20260430_203326,trial_001,subject_001,1777552415.454298,1777552415.454298,275207.0634824,10,L_Femur,453,1,-1.0671,10.0058,-0.8422,26.9775,29.9683,-12.6953,92.005,5.8777,-23.0273,0.6969,0.1783,-0.1023,0.6871
independent_20260430_203326,trial_001,subject_001,1777552415.454298,1777552415.454298,275207.0635834,11,L_Tibia,473,1,-0.3685,10.0871,-1.9428,26.3672,63.2935,-20.4468,100.2777,7.5641,-65.1434,0.6227,0.448,-0.3016,0.5662
independent_20260430_203326,trial_001,subject_001,1777552415.454298,1777552415.454298,275207.0636851,12,L_Foot,494,1,-0.6651,0.0096,10.2402,1.9531,1.4038,0.9766,-1.5985,2.9773,-122.536,-0.0295,0.0003,-0.8767,0.4802
independent_20260430_203326,trial_001,subject_001,1777552415.454298,1777552415.454298,275207.0637789,13,R_Femur,495,1,1.536,11.0154,-3.6032,-118.1641,0.8545,-3.0518,95.4327,2.5818,-45.2197,0.677,0.2983,-0.2432,0.6273
independent_20260430_203326,trial_001,subject_001,1777552415.454298,1777552415.454298,275207.0638688,14,R_Tibia,250,1,-0.7848,7.216,-7.9338,67.749,-35.6445,7.2632,143.9648,10.415,177.4567,0.0491,-0.9462,0.3099,-0.0795
independent_20260430_203326,trial_001,subject_001,1777552415.454298,1777552415.454298,275207.0639584,9,Trunk,468,1,-0.0574,10.3646,-0.6986,1.5869,2.9297,-12.7563,91.3678,0.5328,-157.8461,0.1343,0.7028,-0.685,0.1375
independent_20260430_203326,trial_001,subject_001,1777552415.454298,1777552415.454298,275207.064048,10,L_Femur,454,1,-1.4021,9.7378,-1.0097,30.1514,36.6211,-14.2822,92.6422,6.1194,-22.3077,0.7014,0.1759,-0.0955,0.6841
independent_20260430_203326,trial_001,subject_001,1777552415.4552975,1777552415.4552975,275207.0641553,11,L_Tibia,474,1,-3.1678,9.7187,-2.5792,22.4609,27.9541,-14.6484,100.8765,7.7454,-64.2755,0.6284,0.4456,-0.2939,0.5658
independent_20260430_203326,trial_001,subject_001,1777552415.4552975,1777552415.4552975,275207.0642521,12,L_Foot,495,1,-0.6986,0.0,10.0536,1.77,0.6714,0.9766,-1.5436,3.0103,-122.5195,-0.0295,0.0008,-0.8766,0.4803
independent_20260430_203326,trial_001,subject_001,1777552415.4552975,1777552415.4552975,275207.064344,13,R_Femur,496,1,1.7609,10.7522,-3.4501,-116.9434,15.5029,-4.2114,93.6694,2.6202,-45.011,0.6677,0.2936,-0.2464,0.6382
independent_20260430_203326,trial_001,subject_001,1777552415.4552975,1777552415.4552975,275207.0644343,15,R_Foot,245,1,-3.1295,3.4357,10.1637,271.4233,-62.9272,-139.2822,45.2362,2.1313,176.1658,0.03,-0.3837,0.9227,0.0237
independent_20260430_203326,trial_001,subject_001,1777552415.4552975,1777552415.4552975,275207.0645242,9,Trunk,469,1,-0.3397,10.3742,-0.7226,-0.8545,5.0659,-12.8784,91.3458,0.7141,-157.7692,0.1336,0.7028,-0.6848,0.1391
independent_20260430_203326,trial_001,subject_001,1777552415.4552975,1777552415.4552975,275207.0646461,10,L_Femur,455,1,-1.4403,9.4555,-1.3446,33.6304,37.4756,-14.2822,93.208,6.3062,-21.72,0.7054,0.1738,-0.09,0.6812
independent_20260430_203326,trial_001,subject_001,1777552415.4552975,1777552415.4552975,275207.0647497,11,L_Tibia,475,1,-2.9812,9.6804,-2.5122,18.6157,-5.4321,-9.7656,101.1731,7.9102,-64.2261,0.6295,0.4468,-0.2916,0.5648
independent_20260430_203326,trial_001,subject_001,1777552415.4552975,1777552415.4552975,275207.0648694,12,L_Foot,496,1,-0.5646,-0.0144,10.068,0.9766,0.7324,0.7324,-1.5216,3.0267,-122.514,-0.0295,0.0011,-0.8766,0.4804
independent_20260430_203326,trial_001,subject_001,1777552415.4552975,1777552415.4552975,275207.064973,13,R_Femur,497,1,1.6652,10.4077,-2.8807,-112.1216,28.5034,-7.1411,91.9885,2.6862,-44.6045,0.6591,0.2879,-0.248,0.649
independent_20260430_203326,trial_001,subject_001,1777552415.4734006,1777552415.4734006,275207.0827379,9,Trunk,470,1,-0.5838,10.1302,-0.7465,-2.1362,4.5166,-14.0991,91.3074,0.9119,-157.6978,0.1328,0.7027,-0.6847,0.1408
independent_20260430_203326,trial_001,subject_001,1777552415.4734006,1777552415.4734006,275207.0828954,10,L_Femur,456,1,-1.5217,9.6373,-1.0145,32.1045,30.4565,-9.0942,93.9331,6.4709,-21.0333,0.7105,0.1711,-0.0838,0.6774
independent_20260430_203326,trial_001,subject_001,1777552415.4734006,1777552415.4734006,275207.0830765,11,L_Tibia,476,1,-1.5982,9.7809,-2.2921,18.5547,-20.5078,-5.249,101.4203,8.0585,-64.4733,0.6293,0.4495,-0.2909,0.5633
independent_20260430_203326,trial_001,subject_001,1777552415.4734006,1777552415.4734006,275207.0832327,12,L_Foot,497,1,-0.5024,0.0335,10.1302,0.9155,0.4272,0.4883,-1.4941,3.0377,-122.5085,-0.0295,0.0013,-0.8765,0.4804
independent_20260430_203326,trial_001,subject_001,1777552415.474407,1777552415.474407,275207.0834064,13,R_Femur,498,1,0.9857,10.0728,-2.1198,-103.8818,46.936,-9.3994,89.9066,2.8345,-43.7476,0.6489,0.2794,-0.2474,0.663
independent_20260430_203326,trial_001,subject_001,1777552415.474407,1777552415.474407,275207.0835778,15,R_Foot,246,1,10.3264,3.9956,27.2515,-148.2544,-91.3696,-79.895,44.3408,2.5818,170.5682,0.0518,-0.3743,0.9234,0.0676
independent_20260430_203326,trial_001,subject_001,1777552415.474407,1777552415.474407,275207.0837378,9,Trunk,471,1,-0.6604,9.9483,-0.5934,-3.1738,6.7749,-15.2588,91.2305,1.203,-157.5659,0.1318,0.7024,-0.6846,0.1434
independent_20260430_203326,trial_001,subject_001,1777552415.474407,1777552415.474407,275207.0838595,11,L_Tibia,477,1,-0.0957,9.7521,-1.5935,15.0146,-5.3101,-7.1411,101.7169,8.2343,-64.682,0.6293,0.4521,-0.2898,0.5617
independent_20260430_203326,trial_001,subject_001,1777552415.4829173,1777552415.4829173,275207.092527,12,L_Foot,498,1,-0.5455,-0.0766,10.0632,1.3428,1.0986,0.5493,-1.4557,3.0707,-122.5085,-0.0296,0.0018,-0.8765,0.4804
independent_20260430_203326,trial_001,subject_001,1777552415.4829173,1777552415.4829173,275207.0927089,13,R_Femur,499,1,0.0383,9.9579,-1.7418,-96.1304,54.9316,-10.376,88.4729,2.9938,-42.9236,0.6422,0.2726,-0.2451,0.6732
independent_20260430_203326,trial_001,subject_001,1777552415.483921,1777552415.483921,275207.0928723,14,R_Tibia,251,1,-1.0814,5.5795,-6.0389,-34.1187,-41.8701,30.9448,144.3604,11.2939,175.177,0.0699,-0.9453,0.3082,-0.0808
independent_20260430_203326,trial_001,subject_001,1777552415.483921,1777552415.483921,275207.0930235,9,Trunk,472,1,-0.6747,9.8957,-0.6269,-3.7231,6.8359,-15.4419,91.17,1.4227,-157.4561,0.1311,0.7022,-0.6846,0.1455
independent_20260430_203326,trial_001,subject_001,1777552415.483921,1777552415.483921,275207.093131,10,L_Femur,457,1,-1.4308,9.7139,-0.7321,32.7148,29.2358,-6.2866,94.9823,6.6083,-20.1764,0.7177,0.1673,-0.0763,0.6716
independent_20260430_203326,trial_001,subject_001,1777552415.483921,1777552415.483921,275207.0932299,11,L_Tibia,478,1,0.0287,9.6947,-1.6461,15.1367,14.4043,-8.5449,101.9751,8.3331,-64.4897,0.631,0.4522,-0.2872,0.5611
independent_20260430_203326,trial_001,subject_001,1777552415.483921,1777552415.483921,275207.0933258,12,L_Foot,499,1,-0.5934,-0.1579,9.8957,2.6245,1.77,0.8545,-1.4062,3.0981,-122.4976,-0.0296,0.0022,-0.8765,0.4805
independent_20260430_203326,trial_001,subject_001,1777552415.483921,1777552415.483921,275207.0934239,13,R_Femur,500,1,-0.9188,9.8526,-1.5456,-86.9751,52.3071,-8.8501,87.1765,3.1531,-42.1106,0.636,0.2662,-0.2424,0.6825
independent_20260430_203326,trial_001,subject_001,1777552415.483921,1777552415.483921,275207.0935199,15,R_Foot,247,1,6.1059,-2.3112,4.2492,-137.8174,-1.3428,11.2915,39.1223,2.9114,169.1345,0.0555,-0.3309,0.9386,0.0807
independent_20260430_203326,trial_001,subject_001,1777552415.483921,1777552415.483921,275207.093616,9,Trunk,473,1,-0.5694,9.5225,-0.8135,-2.3804,5.188,-15.7471,91.0931,1.7249,-157.3407,0.1299,0.7019,-0.6845,0.1481
independent_20260430_203326,trial_001,subject_001,1777552415.483921,1777552415.483921,275207.0937109,10,L_Femur,458,1,-1.6557,9.7282,-0.9714,29.9072,30.0903,-6.0425,95.6635,6.6687,-19.5502,0.7226,0.1641,-0.0713,0.6678
independent_20260430_203326,trial_001,subject_001,1777552415.4849238,1777552415.4849238,275207.0938295,11,L_Tibia,479,1,-1.0862,9.556,-1.9141,14.9536,23.1323,-8.5449,102.3431,8.41,-64.0063,0.6345,0.4507,-0.2829,0.5605
independent_20260430_203326,trial_001,subject_001,1777552415.4849238,1777552415.4849238,275207.093965,12,L_Foot,500,1,-0.6173,-0.201,9.8622,3.9062,2.0752,1.2817,-1.3348,3.1366,-122.4866,-0.0296,0.003,-0.8764,0.4806
independent_20260430_203326,trial_001,subject_001,1777552415.4849238,1777552415.4849238,275207.0940679,13,R_Femur,501,1,-1.4164,9.3933,-1.2633,-76.5381,39.4897,-1.0376,85.6274,3.2684,-41.2372,0.6285,0.2588,-0.2401,0.6931
independent_20260430_203326,trial_001,subject_001,1777552415.4849238,1777552415.4849238,275207.0941614,14,R_Tibia,252,1,-0.7896,5.3594,-5.1105,-78.9795,-7.9346,35.0342,142.207,11.1566,174.007,0.0807,-0.9387,0.3267,-0.075
independent_20260430_203326,trial_001,subject_001,1777552415.5534508,1777552415.5534508,275207.1624145,9,Trunk,474,1,-0.5024,9.2641,-0.7178,-0.8545,4.1504,-15.1367,91.0657,1.9446,-157.2693,0.129,0.7019,-0.6843,0.1499
independent_20260430_203326,trial_001,subject_001,1777552415.5534508,1777552415.5534508,275207.1626247,10,L_Femur,459,1,-2.0146,9.3885,-1.5408,34.9731,24.9634,-6.5918,96.2183,6.7236,-19.1437,0.7263,0.1622,-0.0678,0.6645
independent_20260430_203326,trial_001,subject_001,1777552415.5534508,1777552415.5534508,275207.1627686,11,L_Tibia,480,1,-1.6604,9.4555,-2.1772,12.6953,12.9395,-7.1411,102.5848,8.476,-63.7537,0.6364,0.4502,-0.2804,0.56
independent_20260430_203326,trial_001,subject_001,1777552415.5534508,1777552415.5534508,275207.1629069,12,L_Foot,501,1,-0.6364,-0.067,10.0728,3.2349,1.4648,1.4038,-1.2469,3.175,-122.4646,-0.0295,0.0038,-0.8763,0.4808
independent_20260430_203326,trial_001,subject_001,1777552415.5534508,1777552415.5534508,275207.1630415,13,R_Femur,502,1,-1.3063,8.6994,-0.9905,-66.2231,29.9683,5.127,84.6222,3.2465,-40.7428,0.6235,0.2539,-0.2394,0.6996
independent_20260430_203326,trial_001,subject_001,1777552415.5534508,1777552415.5534508,275207.163151,15,R_Foot,248,1,0.6221,0.914,8.8334,-172.3022,-0.2441,53.894,33.6951,2.5159,170.7166,0.0444,-0.2871,0.9542,0.0711
independent_20260430_203326,trial_001,subject_001,1777552415.5534508,1777552415.5534508,275207.163251,9,Trunk,475,1,-0.5551,9.1923,-0.4642,-1.0376,2.6855,-13.916,91.0382,2.1478,-157.2198,0.128,0.7019,-0.6841,0.1515
independent_20260430_203326,trial_001,subject_001,1777552415.5544474,1777552415.5544474,275207.1633438,10,L_Femur,460,1,-1.6461,9.3167,-1.7992,33.0811,20.813,-5.249,96.7621,6.7731,-18.8031,0.7298,0.1606,-0.0647,0.6613
independent_20260430_203326,trial_001,subject_001,1777552415.5544474,1777552415.5544474,275207.163433,11,L_Tibia,481,1,-1.2298,9.3502,-2.3543,10.9863,3.54,-5.3101,102.7771,8.5529,-63.6548,0.6375,0.4505,-0.2787,0.5595
independent_20260430_203326,trial_001,subject_001,1777552415.5544474,1777552415.5544474,275207.1635425,12,L_Foot,502,1,-0.5455,-0.134,9.9436,3.1738,2.3804,1.4648,-1.1865,3.2135,-122.4481,-0.0296,0.0044,-0.8763,0.4809
independent_20260430_203326,trial_001,subject_001,1777552415.5544474,1777552415.5544474,275207.1636655,13,R_Femur,503,1,-0.823,8.2975,-0.8996,-54.3823,18.7378,7.9346,83.4906,3.1311,-40.2814,0.6179,0.2483,-0.2397,0.7065
independent_20260430_203326,trial_001,subject_001,1777552415.5544474,1777552415.5544474,275207.1637737,14,R_Tibia,253,1,-1.8136,5.5125,-5.8475,-122.8027,26.123,33.2031,138.3618,10.036,173.4467,0.0843,-0.9278,0.3582,-0.0614
independent_20260430_203326,trial_001,subject_001,1777552415.5544474,1777552415.5544474,275207.1638694,9,Trunk,476,1,-0.6269,9.1014,-0.067,1.4038,4.4556,-13.1226,91.0327,2.4005,-157.1429,0.1269,0.7021,-0.6837,0.1535
independent_20260430_203326,trial_001,subject_001,1777552415.5544474,1777552415.5544474,275207.1639637,10,L_Femur,461,1,-1.0001,9.4938,-1.5504,31.5552,18.3716,-0.5493,97.4487,6.7566,-18.4186,0.7343,0.1584,-0.0617,0.6571
independent_20260430_203326,trial_001,subject_001,1777552415.5544474,1777552415.5544474,275207.1640559,11,L_Tibia,482,1,-0.4881,9.5368,-2.2012,9.3994,6.7749,-4.8218,103.0023,8.6243,-63.5229,0.6389,0.4506,-0.2767,0.5588
independent_20260430_203326,trial_001,subject_001,1777552415.5544474,1777552415.5544474,275207.1641465,12,L_Foot,503,1,-0.5838,-0.2201,10.001,3.0518,3.3569,1.2817,-1.1096,3.2849,-122.4261,-0.0298,0.0053,-0.8761,0.4811
independent_20260430_203326,trial_001,subject_001,1777552415.5544474,1777552415.5544474,275207.1642374,13,R_Femur,504,1,-0.6556,8.4219,-0.8518,-46.9971,14.0991,5.188,82.7765,3.0597,-40.0397,0.6141,0.2451,-0.2402,0.7107
independent_20260430_203326,trial_001,subject_001,1777552415.5554478,1777552415.5554478,275207.1643657,15,R_Foot,249,1,-1.6748,1.3351,7.216,-181.6406,-25.3906,38.6963,28.2458,1.3458,171.6229,0.0292,-0.2425,0.9673,0.068
independent_20260430_203326,trial_001,subject_001,1777552415.5927038,1777552415.5927038,275207.202365,9,Trunk,477,1,-0.6651,9.0344,0.0909,5.7983,6.7749,-11.8408,91.0931,2.5763,-157.0386,0.1266,0.7025,-0.6829,0.1551
independent_20260430_203326,trial_001,subject_001,1777552415.5927038,1777552415.5927038,275207.2025025,10,L_Femur,462,1,-0.9857,9.4268,-1.6413,33.5693,20.5078,-0.3052,97.9706,6.7181,-18.1055,0.7378,0.1565,-0.0594,0.6539
independent_20260430_203326,trial_001,subject_001,1777552415.5937023,1777552415.5937023,275207.2026298,11,L_Tibia,483,1,-0.6077,9.4363,-2.1725,8.9111,11.0474,-6.2256,103.1726,8.6847,-63.3472,0.6402,0.4503,-0.2748,0.5584
independent_20260430_203326,trial_001,subject_001,1777552415.5937023,1777552415.5937023,275207.2027522,12,L_Foot,504,1,-0.6986,-0.0813,10.0728,2.3193,2.6855,1.2817,-1.0602,3.3289,-122.4152,-0.0299,0.0059,-0.8761,0.4812
independent_20260430_203326,trial_001,subject_001,1777552415.5937023,1777552415.5937023,275207.202858,13,R_Femur,505,1,-0.7848,8.5511,-0.8183,-40.7104,11.5967,2.2583,82.1503,3.0377,-39.8364,0.6107,0.2425,-0.2404,0.7144
independent_20260430_203326,trial_001,subject_001,1777552415.5937023,1777552415.5937023,275207.2029532,14,R_Tibia,254,1,-2.1868,6.0341,-6.0819,-159.3018,52.124,35.0342,133.2367,8.1464,173.606,0.0792,-0.9126,0.3989,-0.043
independent_20260430_203326,trial_001,subject_001,1777552415.5937023,1777552415.5937023,275207.2030484,9,Trunk,478,1,-0.6986,9.1636,0.0861,8.7891,6.4087,-10.376,91.2085,2.7246,-156.9397,0.1265,0.7032,-0.6819,0.1564
independent_20260430_203326,trial_001,subject_001,1777552415.5937023,1777552415.5937023,275207.2031604,10,L_Femur,463,1,-0.9953,9.3215,-1.737,32.7148,21.9116,0.1831,98.6902,6.6522,-17.6715,0.7426,0.1537,-0.0564,0.6494
independent_20260430_203326,trial_001,subject_001,1777552415.5937023,1777552415.5937023,275207.203261,12,L_Foot,505,1,-0.6986,0.067,10.0488,1.0986,2.3193,1.0986,-1.0217,3.3673,-122.4042,-0.03,0.0063,-0.876,0.4813
independent_20260430_203326,trial_001,subject_001,1777552415.5937023,1777552415.5937023,275207.2033739,13,R_Femur,506,1,-0.9283,8.3214,-0.6221,-32.2266,9.4604,0.2441,81.4581,3.0432,-39.6167,0.6068,0.24,-0.2404,0.7186
independent_20260430_203326,trial_001,subject_001,1777552415.5937023,1777552415.5937023,275207.2034902,15,R_Foot,250,1,-0.2823,3.0338,9.6421,-185.73,-43.335,39.0015,21.8024,-0.4834,172.1503,0.0088,-0.189,0.9796,0.068
independent_20260430_203326,trial_001,subject_001,1777552415.6132207,1777552415.6132207,275207.222461,10,L_Femur,464,1,-1.1628,9.355,-1.627,35.0342,22.644,0.3662,99.2395,6.5918,-17.3309,0.7462,0.1514,-0.0542,0.646
independent_20260430_203326,trial_001,subject_001,1777552415.6132207,1777552415.6132207,275207.2226555,11,L_Tibia,484,1,-1.0479,9.5129,-2.2251,8.3618,10.498,-5.249,103.5571,8.8,-62.8473,0.6437,0.4489,-0.2702,0.5578
independent_20260430_203326,trial_001,subject_001,1777552415.6132207,1777552415.6132207,275207.2228328,12,L_Foot,506,1,-0.646,0.0048,9.9914,1.5259,2.1973,1.0376,-0.9778,3.4167,-122.3877,-0.0302,0.0069,-0.876,0.4814
independent_20260430_203326,trial_001,subject_001,1777552415.6132207,1777552415.6132207,275207.2230112,13,R_Femur,507,1,-0.8805,8.1204,-0.2823,-26.001,6.3477,-1.9531,81.0516,3.0707,-39.5013,0.6045,0.2387,-0.2404,0.721
independent_20260430_203326,trial_001,subject_001,1777552415.614227,1777552415.614227,275207.2231857,14,R_Tibia,255,1,-3.9669,7.6706,-6.9193,-181.3354,9.2773,34.6069,127.1997,6.5094,173.7103,0.0743,-0.8915,0.446,-0.0264
independent_20260430_203326,trial_001,subject_001,1777552415.614227,1777552415.614227,275207.2233466,9,Trunk,479,1,-0.4833,9.4938,-0.1675,9.2773,7.3242,-9.1553,91.5106,3.0322,-156.687,0.1266,0.7051,-0.6793,0.1595
independent_20260430_203326,trial_001,subject_001,1777552415.614227,1777552415.614227,275207.2235167,10,L_Femur,465,1,-1.2681,9.5895,-1.5408,34.4849,17.7002,0.7935,99.7943,6.5314,-17.0398,0.7498,0.1494,-0.0522,0.6425
independent_20260430_203326,trial_001,subject_001,1777552415.614227,1777552415.614227,275207.2236865,11,L_Tibia,485,1,-1.2824,9.4794,-2.0528,9.3384,6.5918,-4.9438,103.7164,8.8495,-62.7209,0.6448,0.4488,-0.2686,0.5574
independent_20260430_203326,trial_001,subject_001,1777552415.614227,1777552415.614227,275207.2238097,12,L_Foot,507,1,-0.6412,0.0239,10.0249,1.2817,2.1362,0.9155,-0.9448,3.4552,-122.3767,-0.0304,0.0073,-0.8759,0.4815
independent_20260430_203326,trial_001,subject_001,1777552415.614227,1777552415.614227,275207.2239294,13,R_Femur,508,1,-0.6316,8.2065,0.1388,-21.4844,6.5308,-4.2114,80.7166,3.1366,-39.4025,0.6024,0.2379,-0.2401,0.7231
independent_20260430_203326,trial_001,subject_001,1777552415.614227,1777552415.614227,275207.2240241,15,R_Foot,251,1,-0.6508,3.9573,9.867,-153.5645,-53.2837,39.978,16.0126,-2.5323,173.0292,-0.0134,-0.1403,0.988,0.0633
independent_20260430_203326,trial_001,subject_001,1777552415.615227,1777552415.615227,275207.2241481,10,L_Femur,466,1,-1.3925,9.5129,-1.2776,34.9731,14.5874,-0.9766,100.5249,6.4819,-16.7377,0.7543,0.1475,-0.0499,0.6378
independent_20260430_203326,trial_001,subject_001,1777552415.615227,1777552415.615227,275207.2242742,11,L_Tibia,486,1,-1.0671,9.3358,-1.7035,10.376,5.7983,-4.2114,103.9526,8.9154,-62.5836,0.6463,0.4488,-0.2667,0.5566
independent_20260430_203326,trial_001,subject_001,1777552415.615227,1777552415.615227,275207.2244059,12,L_Foot,508,1,-0.6699,0.0526,10.044,1.2207,1.8311,0.8545,-0.9119,3.4937,-122.3712,-0.0305,0.0077,-0.8759,0.4815
independent_20260430_203326,trial_001,subject_001,1777552415.615227,1777552415.615227,275207.2245469,13,R_Femur,509,1,-0.4307,8.5702,0.579,-18.3716,14.5264,-6.4087,80.3375,3.2849,-39.1663,0.6001,0.2367,-0.2386,0.7258
independent_20260430_203326,trial_001,subject_001,1777552415.6157322,1777552415.6157322,275207.2246634,14,R_Tibia,256,1,-1.4403,8.1587,-6.7614,-190.4297,-9.6436,37.7808,121.4648,5.7788,172.8094,0.0792,-0.868,0.4901,-0.0133
independent_20260430_203326,trial_001,subject_001,1777552415.653594,1777552415.653594,275207.2629005,9,Trunk,480,1,-0.4259,9.5799,-0.1196,4.7607,10.9253,-7.3853,91.7249,3.2849,-156.3519,0.1275,0.7062,-0.6771,0.1628
independent_20260430_203326,trial_001,subject_001,1777552415.653594,1777552415.653594,275207.2630741,10,L_Femur,467,1,-1.2681,9.6038,-1.0958,33.3252,17.4561,-0.6104,101.0577,6.4435,-16.474,0.7577,0.1458,-0.048,0.6344
independent_20260430_203326,trial_001,subject_001,1777552415.653594,1777552415.653594,275207.2632155,11,L_Tibia,487,1,-1.0479,9.465,-1.5743,12.5122,6.6528,-4.1504,104.1559,8.9594,-62.4628,0.6476,0.4488,-0.265,0.5559
independent_20260430_203326,trial_001,subject_001,1777552415.653594,1777552415.653594,275207.2633765,12,L_Foot,509,1,-0.6604,0.0144,10.0393,1.8921,2.0142,0.9155,-0.8624,3.5376,-122.3547,-0.0307,0.0083,-0.8758,0.4817
independent_20260430_203326,trial_001,subject_001,1777552415.6545925,1777552415.6545925,275207.2635225,13,R_Femur,510,1,-0.6029,8.7855,0.7991,-16.4795,20.2026,-6.8359,80.0958,3.4277,-38.8861,0.5988,0.2357,-0.2366,0.7279
independent_20260430_203326,trial_001,subject_001,1777552415.6545925,1777552415.6545925,275207.2636289,15,R_Foot,252,1,2.1485,5.3785,14.054,-157.1655,-55.9692,43.5181,10.6128,-4.8285,173.8861,-0.037,-0.0945,0.9932,0.0569
independent_20260430_203326,trial_001,subject_001,1777552415.6545925,1777552415.6545925,275207.2637302,10,L_Femur,468,1,-1.1963,9.8479,-0.8805,30.5176,19.7144,-1.0376,101.5521,6.3995,-16.1774,0.7608,0.1438,-0.046,0.6312
independent_20260430_203326,trial_001,subject_001,1777552415.6545925,1777552415.6545925,275207.2638298,11,L_Tibia,488,1,-1.1628,9.5177,-1.4595,15.1367,10.0708,-4.4556,104.4031,8.9923,-62.309,0.6493,0.4487,-0.2631,0.5549
independent_20260430_203326,trial_001,subject_001,1777552415.6545925,1777552415.6545925,275207.2639266,12,L_Foot,510,1,-0.713,-0.0526,9.9723,2.3193,1.709,0.9766,-0.813,3.5706,-122.3492,-0.0307,0.0088,-0.8758,0.4817
independent_20260430_203326,trial_001,subject_001,1777552415.6545925,1777552415.6545925,275207.264024,13,R_Femur,511,1,-0.914,8.8717,1.2059,-13.1836,24.0479,-8.0566,79.8267,3.6475,-38.4357,0.5975,0.2341,-0.2331,0.7306
independent_20260430_203326,trial_001,subject_001,1777552415.6545925,1777552415.6545925,275207.2641198,14,R_Tibia,257,1,-0.5455,8.3597,-6.0293,-179.5654,37.4146,33.1421,115.0104,4.3341,172.9523,0.0721,-0.84,0.5378,0.0012
independent_20260430_203326,trial_001,subject_001,1777552415.6927123,1777552415.6927123,275207.3024426,9,Trunk,481,1,-0.8278,9.6277,-0.268,7.2021,12.5122,-5.6763,91.9556,3.4772,-155.9015,0.1294,0.7073,-0.6748,0.1663
independent_20260430_203326,trial_001,subject_001,1777552415.7836764,1777552415.7836764,275207.3925848,10,L_Femur,469,1,-1.67,9.5751,-0.9905,30.3345,21.9116,-4.6387,102.1838,6.3776,-15.7324,0.7649,0.1409,-0.0429,0.6271
independent_20260430_203326,trial_001,subject_001,1777552415.7836764,1777552415.7836764,275207.3927217,11,L_Tibia,489,1,-1.2968,9.465,-1.4212,16.6626,12.2681,-3.479,104.7821,9.0143,-62.0453,0.6521,0.4481,-0.2602,0.5534
independent_20260430_203326,trial_001,subject_001,1777552415.7836764,1777552415.7836764,275207.3928264,12,L_Foot,511,1,-0.7178,-0.1627,9.9579,3.2959,1.4038,1.2207,-0.5164,3.6639,-122.2943,-0.0302,0.0115,-0.8755,0.4822
independent_20260430_203326,trial_001,subject_001,1777552415.7836764,1777552415.7836764,275207.3929496,13,R_Femur,512,1,-1.0527,8.8813,1.603,-8.9722,23.6816,-10.0098,79.6948,3.8507,-38.0951,0.5969,0.2334,-0.2301,0.7323
independent_20260430_203326,trial_001,subject_001,1777552415.7836764,1777552415.7836764,275207.3930787,15,R_Foot,253,1,1.9045,5.2685,12.7955,-153.5645,-55.4199,57.8613,5.7843,-6.6138,175.2539,-0.0555,-0.0527,0.9961,0.0442
independent_20260430_203326,trial_001,subject_001,1777552415.7836764,1777552415.7836764,275207.3931882,9,Trunk,482,1,-1.0479,9.6756,-0.2823,5.127,10.376,-5.5542,92.0325,3.5431,-155.7367,0.1302,0.7076,-0.6739,0.1676
independent_20260430_203326,trial_001,subject_001,1777552415.7836764,1777552415.7836764,275207.3932871,10,L_Femur,470,1,-1.603,9.4028,-1.4116,30.1514,23.6206,-4.2114,102.6782,6.3666,-15.3644,0.768,0.1386,-0.0404,0.6239
independent_20260430_203326,trial_001,subject_001,1777552415.7836764,1777552415.7836764,275207.3933845,11,L_Tibia,490,1,-1.3733,9.4076,-1.4882,17.6392,9.7046,-1.9531,105.0732,9.0143,-61.8805,0.6541,0.4478,-0.2583,0.5522
independent_20260430_203326,trial_001,subject_001,1777552415.7846773,1777552415.7846773,275207.3935396,12,L_Foot,512,1,-0.6795,-0.1675,9.9818,3.7231,1.3428,1.2817,-0.5109,3.6694,-122.3273,-0.0302,0.0115,-0.8756,0.4819
independent_20260430_203326,trial_001,subject_001,1777552415.7846773,1777552415.7846773,275207.3936808,13,R_Femur,513,1,-1.1054,8.8956,1.8614,-4.2725,18.9819,-10.8032,79.6344,4.054,-37.8149,0.5966,0.2331,-0.2273,0.7335
independent_20260430_203326,trial_001,subject_001,1777552415.7846773,1777552415.7846773,275207.3937807,14,R_Tibia,258,1,-1.5408,9.087,-5.5221,-168.2739,24.9023,27.5269,109.0173,2.9938,173.595,0.0606,-0.8118,0.5807,0.0112
independent_20260430_203326,trial_001,subject_001,1777552415.7846773,1777552415.7846773,275207.3938736,9,Trunk,483,1,-1.1771,9.6421,-0.1627,5.0049,9.8267,-5.3711,92.1039,3.6145,-155.5829,0.1308,0.708,-0.6732,0.1689
independent_20260430_203326,trial_001,subject_001,1777552415.7846773,1777552415.7846773,275207.3939647,12,L_Foot,513,1,-0.7226,-0.1531,9.9675,4.5166,1.2207,1.2207,-0.5054,3.6749,-122.3657,-0.0302,0.0116,-0.8758,0.4816
independent_20260430_203326,trial_001,subject_001,1777552415.7846773,1777552415.7846773,275207.3940563,13,R_Femur,514,1,-1.091,8.8813,1.9332,0.8545,10.0708,-8.9111,79.6289,4.2792,-37.5842,0.5965,0.2333,-0.2246,0.7344
independent_20260430_203326,trial_001,subject_001,1777552415.7846773,1777552415.7846773,275207.3941476,15,R_Foot,254,1,1.4547,4.3832,12.6615,-153.3813,-46.6919,67.2607,0.0714,-8.5913,177.4457,-0.0749,-0.0023,0.9969,0.0223
independent_20260430_203326,trial_001,subject_001,1777552415.8932364,1777552415.8932364,275207.5024287,9,Trunk,484,1,-1.3494,9.6134,-0.0479,5.6152,8.667,-3.7842,92.2083,3.6804,-155.3961,0.1317,0.7084,-0.6721,0.1703
independent_20260430_203326,trial_001,subject_001,1777552415.8932364,1777552415.8932364,275207.5025933,10,L_Femur,471,1,-1.4068,9.3646,-1.8949,28.9307,24.9634,-4.2114,103.7274,6.2842,-14.4855,0.7748,0.1326,-0.035,0.6171
independent_20260430_203326,trial_001,subject_001,1777552415.8932364,1777552415.8932364,275207.5027039,11,L_Tibia,491,1,-1.3303,9.3933,-2.3112,18.9819,3.1738,0.7324,105.7489,8.9813,-61.7047,0.6582,0.4482,-0.255,0.5486
independent_20260430_203326,trial_001,subject_001,1777552415.8932364,1777552415.8932364,275207.5028071,12,L_Foot,514,1,-0.7273,0.0,10.0775,3.7842,0.8545,1.0986,-0.4999,3.6804,-122.4042,-0.0302,0.0116,-0.8759,0.4813
independent_20260430_203326,trial_001,subject_001,1777552415.8932364,1777552415.8932364,275207.5029074,13,R_Femur,515,1,-0.914,8.7616,1.8854,5.7983,4.6387,-6.0425,79.7003,4.389,-37.5018,0.5969,0.2337,-0.2234,0.7343
independent_20260430_203326,trial_001,subject_001,1777552415.8932364,1777552415.8932364,275207.5030052,14,R_Tibia,259,1,-0.4163,9.2832,-3.8999,-158.6304,17.8223,24.5361,103.3539,1.9501,173.963,0.0518,-0.7828,0.6198,0.0193
independent_20260430_203326,trial_001,subject_001,1777552415.8942373,1777552415.8942373,275207.5031028,9,Trunk,485,1,-1.2585,9.6038,0.0191,4.3335,7.2632,-3.1738,92.2742,3.7189,-155.2808,0.1323,0.7087,-0.6715,0.1711
independent_20260430_203326,trial_001,subject_001,1777552415.8942373,1777552415.8942373,275207.5032217,10,L_Femur,472,1,-1.2729,9.1923,-2.1055,27.4658,23.7427,-2.7466,104.1833,6.2402,-14.1119,0.7778,0.13,-0.0327,0.6141
independent_20260430_203326,trial_001,subject_001,1777552415.8942373,1777552415.8942373,275207.503328,11,L_Tibia,492,1,-0.8565,9.2784,-2.206,20.0806,7.9956,0.9766,106.0675,8.9429,-61.6058,0.6602,0.4482,-0.2535,0.5468
independent_20260430_203326,trial_001,subject_001,1777552415.8942373,1777552415.8942373,275207.5034254,12,L_Foot,515,1,-0.7321,-0.0287,9.9818,4.0894,0.7324,1.2207,-0.4944,3.6804,-122.4042,-0.0302,0.0117,-0.8759,0.4813
independent_20260430_203326,trial_001,subject_001,1777552415.8942373,1777552415.8942373,275207.5035216,13,R_Femur,516,1,-0.847,8.7281,1.7514,10.2539,-0.1831,-3.479,79.8322,4.444,-37.4908,0.5976,0.2342,-0.2227,0.7337
independent_20260430_203326,trial_001,subject_001,1777552415.8942373,1777552415.8942373,275207.5036177,15,R_Foot,255,1,0.823,3.675,11.3313,-136.1694,-40.0391,56.2744,-5.3229,-9.9371,179.7034,-0.0866,0.046,0.9952,-0.0014
independent_20260430_203326,trial_001,subject_001,1777552415.8942373,1777552415.8942373,275207.5037139,9,Trunk,486,1,-0.9618,9.5129,0.0479,5.6763,6.897,-3.0518,92.3676,3.7628,-155.1379,0.133,0.7092,-0.6707,0.1721
independent_20260430_203326,trial_001,subject_001,1777552415.8942373,1777552415.8942373,275207.5038314,10,L_Femur,473,1,-1.3255,9.2354,-2.1629,27.771,21.0571,-0.9766,104.7766,6.1523,-13.667,0.7815,0.1266,-0.0303,0.6102
independent_20260430_203326,trial_001,subject_001,1777552415.8942373,1777552415.8942373,275207.5039675,11,L_Tibia,493,1,-0.9379,9.355,-2.2538,20.9351,7.9346,0.4272,106.5015,8.8989,-61.4246,0.6631,0.4479,-0.2512,0.5446
independent_20260430_203326,trial_001,subject_001,1777552415.8942373,1777552415.8942373,275207.5040711,12,L_Foot,516,1,-0.7082,0.0718,10.044,4.0283,0.4272,1.0986,-0.4889,3.6859,-122.4371,-0.0302,0.0117,-0.8761,0.4811
independent_20260430_203326,trial_001,subject_001,1777552415.8952365,1777552415.8952365,275207.5041871,14,R_Tibia,260,1,-0.3589,9.5081,-2.9094,-145.4468,26.2451,21.8506,98.855,1.1646,174.5343,0.0428,-0.7584,0.65,0.0233
independent_20260430_203326,trial_001,subject_001,1777552415.8952365,1777552415.8952365,275207.5043418,9,Trunk,487,1,-0.8183,9.5033,0.0335,5.3711,6.7139,-2.7466,92.4445,3.7958,-155.0336,0.1336,0.7095,-0.67,0.1728
independent_20260430_203326,trial_001,subject_001,1777552415.8952365,1777552415.8952365,275207.5044873,10,L_Femur,474,1,-1.3398,9.2497,-2.0768,28.5034,17.334,0.3052,105.2325,6.0809,-13.3923,0.7843,0.1245,-0.0288,0.6071
independent_20260430_203326,trial_001,subject_001,1777552415.8952365,1777552415.8952365,275207.5046119,11,L_Tibia,494,1,-1.1771,9.3023,-2.3304,22.0337,3.54,1.5869,106.842,8.8715,-61.3586,0.6651,0.4481,-0.2497,0.5427
independent_20260430_203326,trial_001,subject_001,1777552415.8952365,1777552415.8952365,275207.5047369,12,L_Foot,517,1,-0.646,0.1675,10.0393,3.6011,0.7935,0.6714,-0.4834,3.6914,-122.4701,-0.0303,0.0118,-0.8762,0.4808
independent_20260430_203326,trial_001,subject_001,1777552415.8952365,1777552415.8952365,275207.5048606,13,R_Femur,517,1,-0.6891,9.154,1.3398,9.4604,1.1597,-0.4272,80.2112,4.4659,-37.4963,0.6,0.2351,-0.2219,0.7318
independent_20260430_203326,trial_001,subject_001,1777552415.922685,1777552415.922685,275207.5323272,15,R_Foot,256,1,2.182,3.23,10.3694,-116.5771,-30.8228,53.1616,-10.0854,-10.8765,-178.2312,0.093,-0.0889,-0.9914,0.0236
independent_20260430_203326,trial_001,subject_001,1777552415.922685,1777552415.922685,275207.5325072,9,Trunk,488,1,-0.7178,9.4698,0.0574,4.9438,7.6904,-2.1362,92.5104,3.8177,-154.9237,0.1343,0.7098,-0.6694,0.1735
independent_20260430_203326,trial_001,subject_001,1777552415.923687,1777552415.923687,275207.5326693,10,L_Femur,475,1,-1.5647,9.4028,-1.8901,24.353,12.0239,1.5259,105.6281,6.004,-13.2001,0.7867,0.1229,-0.0279,0.6044
independent_20260430_203326,trial_001,subject_001,1777552415.923687,1777552415.923687,275207.532792,11,L_Tibia,495,1,-1.2968,9.1971,-2.0528,22.8271,0.9766,3.2959,107.1826,8.8385,-61.3367,0.6669,0.4486,-0.2485,0.5406
independent_20260430_203326,trial_001,subject_001,1777552415.923687,1777552415.923687,275207.5328929,12,L_Foot,518,1,-0.6986,0.1579,10.001,3.7842,0.5493,0.6104,-0.4779,3.6914,-122.5085,-0.0302,0.0118,-0.8764,0.4806
independent_20260430_203326,trial_001,subject_001,1777552415.923687,1777552415.923687,275207.5329918,13,R_Femur,518,1,-0.7273,9.5512,2.0289,3.7842,9.0332,-1.0376,80.332,4.4989,-37.348,0.601,0.2348,-0.2205,0.7315
independent_20260430_203326,trial_001,subject_001,1777552415.923687,1777552415.923687,275207.53309,14,R_Tibia,261,1,-0.3685,9.3502,-1.8231,-120.9717,27.5879,21.0571,94.3231,0.3296,175.3802,0.0315,-0.7326,0.6795,0.0253
independent_20260430_203326,trial_001,subject_001,1777552415.923687,1777552415.923687,275207.5331871,10,L_Femur,476,1,-1.6796,9.2593,-2.048,23.6206,9.6436,1.2817,106.106,5.9161,-13.0078,0.7895,0.1212,-0.027,0.6011
independent_20260430_203326,trial_001,subject_001,1777552415.923687,1777552415.923687,275207.5332824,11,L_Tibia,496,1,-1.3063,9.2306,-2.2395,24.353,-0.9155,4.0894,107.666,8.7781,-61.3586,0.6692,0.4495,-0.2471,0.5376
independent_20260430_203326,trial_001,subject_001,1777552415.923687,1777552415.923687,275207.5333779,12,L_Foot,519,1,-0.7561,0.1962,10.044,3.418,0.1221,0.7324,-0.4669,3.6969,-122.5415,-0.0302,0.0119,-0.8765,0.4803
independent_20260430_203326,trial_001,subject_001,1777552415.923687,1777552415.923687,275207.5334727,13,R_Femur,519,1,-0.7321,9.5464,2.828,-4.6387,15.9302,-0.5493,80.3046,4.5374,-37.1228,0.6012,0.2338,-0.2189,0.7321
independent_20260430_203326,trial_001,subject_001,1777552415.9246848,1777552415.9246848,275207.5335665,15,R_Foot,257,1,1.7992,3.1869,9.9196,-94.1772,-39.3066,51.3916,-13.4857,-11.618,-176.4404,0.0968,-0.1199,-0.9871,0.0426
independent_20260430_203326,trial_001,subject_001,1777552415.9246848,1777552415.9246848,275207.533666,9,Trunk,489,1,-0.8853,9.4938,0.1244,4.4556,8.606,0.7324,92.6807,3.7958,-154.6106,0.1366,0.7104,-0.6679,0.175
independent_20260430_203326,trial_001,subject_001,1777552415.9246848,1777552415.9246848,275207.5337745,10,L_Femur,477,1,-1.4212,9.2928,-2.2107,22.7661,9.2163,0.9766,106.463,5.8612,-12.8705,0.7915,0.1201,-0.0263,0.5986
independent_20260430_203326,trial_001,subject_001,1777552415.9246848,1777552415.9246848,275207.5338705,11,L_Tibia,497,1,-1.0432,9.2019,-2.4596,25.6958,2.1362,4.0894,108.0505,8.7286,-61.3422,0.6712,0.4501,-0.2458,0.5352
independent_20260430_203326,trial_001,subject_001,1777552415.9246848,1777552415.9246848,275207.5339851,12,L_Foot,520,1,-0.7704,0.1627,9.9818,3.1738,-0.1831,0.7935,-0.4559,3.7024,-122.5745,-0.0302,0.012,-0.8766,0.4801
independent_20260430_203326,trial_001,subject_001,1777552415.9246848,1777552415.9246848,275207.5341015,13,R_Femur,520,1,-0.7417,9.1014,3.5889,-8.9111,23.6816,0.3662,80.1947,4.5813,-36.7767,0.6011,0.232,-0.2167,0.7334
independent_20260430_203326,trial_001,subject_001,1777552415.9246848,1777552415.9246848,275207.5341985,14,R_Tibia,262,1,-0.1436,8.6898,-1.0527,-94.2993,21.7896,18.3716,90.6427,-0.368,176.1932,0.0214,-0.7107,0.7027,0.0256
independent_20260430_203326,trial_001,subject_001,1777552415.9246848,1777552415.9246848,275207.5342928,9,Trunk,490,1,-1.0336,9.5033,0.1196,3.479,7.4463,1.2207,92.7301,3.7628,-154.4952,0.1376,0.7105,-0.6674,0.1754
independent_20260430_203326,trial_001,subject_001,1777552415.9246848,1777552415.9246848,275207.5343863,10,L_Femur,478,1,-1.2633,9.0966,-2.3734,26.5503,7.9956,0.5493,106.9684,5.7953,-12.7002,0.7944,0.1187,-0.0254,0.5951
independent_20260430_203326,trial_001,subject_001,1777552415.9246848,1777552415.9246848,275207.5344983,11,L_Tibia,498,1,-0.8326,9.2258,-2.584,25.8179,3.3569,4.4556,108.446,8.6572,-61.3092,0.6734,0.4504,-0.2446,0.5327
independent_20260430_203326,trial_001,subject_001,1777552415.9256868,1777552415.9256868,275207.5346004,12,L_Foot,521,1,-0.7513,0.0813,9.9196,3.8452,-0.5493,0.9155,-0.4504,3.7079,-122.569,-0.0303,0.0121,-0.8766,0.4801
independent_20260430_203326,trial_001,subject_001,1777552415.9256868,1777552415.9256868,275207.534696,13,R_Femur,521,1,-0.7752,8.709,3.8616,-5.5542,29.48,1.2207,80.1013,4.6472,-36.1945,0.6015,0.2292,-0.2128,0.7351
independent_20260430_203326,trial_001,subject_001,1777552415.9256868,1777552415.9256868,275207.5348085,15,R_Foot,258,1,1.4595,3.5984,9.3263,-80.8105,-29.48,48.7061,-16.9189,-12.3596,-174.3805,0.0992,-0.1513,-0.9814,0.064
independent_20260430_203326,trial_001,subject_001,1777552416.0029054,1777552416.0029054,275207.6121695,9,Trunk,491,1,-1.0001,9.465,0.0813,3.6621,6.3477,2.3193,92.7905,3.7079,-154.3634,0.1388,0.7106,-0.6669,0.1758
independent_20260430_203326,trial_001,subject_001,1777552416.0029054,1777552416.0029054,275207.6122916,11,L_Tibia,499,1,-0.9905,9.2928,-2.9333,26.1841,-3.0518,5.249,108.9569,8.5803,-61.3367,0.6759,0.4514,-0.2432,0.5294
independent_20260430_203326,trial_001,subject_001,1777552416.0029054,1777552416.0029054,275207.6123945,12,L_Foot,522,1,-0.6364,0.1818,10.0249,4.0894,-0.3052,0.6104,-0.4395,3.7134,-122.6019,-0.0303,0.0122,-0.8767,0.4798
independent_20260430_203326,trial_001,subject_001,1777552416.0029054,1777552416.0029054,275207.6124913,13,R_Femur,522,1,-0.7991,8.7233,3.6032,-2.7466,30.8838,1.8921,80.0848,4.6967,-35.7275,0.6022,0.227,-0.2096,0.7361
independent_20260430_203326,trial_001,subject_001,1777552416.0029054,1777552416.0029054,275207.6125858,14,R_Tibia,263,1,0.0335,8.2161,-0.4259,-58.2886,25.7568,14.1602,88.1323,-0.8954,177.0612,0.0122,-0.6954,0.7181,0.0239
independent_20260430_203326,trial_001,subject_001,1777552416.0029054,1777552416.0029054,275207.6126806,10,L_Femur,479,1,-0.7991,9.2401,-2.6127,28.5034,5.9204,4.8828,107.8418,5.6305,-12.5299,0.7993,0.1168,-0.0247,0.589
independent_20260430_203326,trial_001,subject_001,1777552416.003904,1777552416.003904,275207.612794,11,L_Tibia,500,1,-0.7465,9.3167,-2.8663,26.1841,-2.3193,5.4932,109.3469,8.5254,-61.3861,0.6777,0.4523,-0.2422,0.5268
independent_20260430_203326,trial_001,subject_001,1777552416.003904,1777552416.003904,275207.6129175,12,L_Foot,523,1,-0.6412,0.1531,10.001,4.3945,0.061,0.3662,-0.4285,3.7189,-122.6349,-0.0303,0.0123,-0.8769,0.4796
independent_20260430_203326,trial_001,subject_001,1777552416.003904,1777552416.003904,275207.6130346,13,R_Femur,523,1,-0.8422,8.9722,3.3257,-3.54,29.7241,3.7231,80.0684,4.7186,-35.2551,0.603,0.2247,-0.2064,0.7371
independent_20260430_203326,trial_001,subject_001,1777552416.003904,1777552416.003904,275207.6131305,15,R_Foot,259,1,-0.2153,3.3161,6.3212,-39.4897,-19.104,31.6162,-19.2645,-12.6123,-172.7985,0.0976,-0.1728,-0.9768,0.0799
independent_20260430_203326,trial_001,subject_001,1777552416.003904,1777552416.003904,275207.6132228,9,Trunk,492,1,-0.6891,9.489,0.1771,2.4414,9.1553,4.8828,92.8729,3.5376,-154.1052,0.1415,0.7106,-0.6663,0.1761
independent_20260430_203326,trial_001,subject_001,1777552416.003904,1777552416.003904,275207.6133137,10,L_Femur,480,1,-0.7752,9.1396,-2.4021,31.4331,6.8359,4.7607,108.4515,5.4932,-12.4255,0.8026,0.1155,-0.0245,0.5847
independent_20260430_203326,trial_001,subject_001,1777552416.003904,1777552416.003904,275207.6134276,11,L_Tibia,501,1,-0.4115,9.0918,-2.6558,27.3438,1.8311,4.3335,109.8853,8.4485,-61.3916,0.6804,0.4531,-0.2406,0.5234
independent_20260430_203326,trial_001,subject_001,1777552416.003904,1777552416.003904,275207.6135441,12,L_Foot,524,1,-0.6938,0.1196,9.9771,4.6387,-0.1221,0.4272,-0.423,3.7189,-122.6678,-0.0302,0.0123,-0.877,0.4793
independent_20260430_203326,trial_001,subject_001,1777552416.0134335,1777552416.0134335,275207.6224547,13,R_Femur,524,1,-1.1197,9.288,3.2922,-5.5542,22.9492,7.5073,80.0079,4.6692,-34.7223,0.6037,0.2214,-0.2034,0.7383
independent_20260430_203326,trial_001,subject_001,1777552416.0134335,1777552416.0134335,275207.6226793,14,R_Tibia,264,1,-0.3637,8.0438,-0.2919,-25.5737,14.8926,11.5967,87.0007,-1.225,177.6764,0.0062,-0.6883,0.725,0.0221
independent_20260430_203326,trial_001,subject_001,1777552416.0139859,1777552416.0139859,275207.6229089,9,Trunk,493,1,-0.6412,9.4555,0.2058,2.8076,10.376,4.9438,92.9059,3.4497,-153.9569,0.143,0.7105,-0.666,0.1764
independent_20260430_203326,trial_001,subject_001,1777552416.0139859,1777552416.0139859,275207.6230601,10,L_Femur,481,1,-0.5599,9.0822,-2.2682,34.3628,10.498,5.0049,108.9679,5.3723,-12.2992,0.8055,0.1142,-0.0242,0.581
independent_20260430_203326,trial_001,subject_001,1777552416.0139859,1777552416.0139859,275207.623242,11,L_Tibia,502,1,-0.6125,9.0774,-2.7132,28.6255,3.7842,4.3945,110.3192,8.3826,-61.3477,0.6827,0.4535,-0.2391,0.5206
independent_20260430_203326,trial_001,subject_001,1777552416.014529,1777552416.014529,275207.6234257,12,L_Foot,525,1,-0.6747,0.2105,10.001,4.6997,0.1831,0.061,-0.412,3.7244,-122.6953,-0.0302,0.0124,-0.8771,0.4791
independent_20260430_203326,trial_001,subject_001,1777552416.014529,1777552416.014529,275207.6236057,13,R_Femur,525,1,-1.3016,9.1588,3.4357,-7.6294,17.0288,9.4604,79.9146,4.5758,-34.4147,0.6039,0.2191,-0.2021,0.7392
independent_20260430_203326,trial_001,subject_001,1777552416.014529,1777552416.014529,275207.6237356,15,R_Foot,260,1,0.1723,3.3161,5.7565,16.9067,-2.3804,5.9814,-19.6875,-12.821,-172.1393,0.0981,-0.177,-0.9755,0.0862
independent_20260430_203326,trial_001,subject_001,1777552416.014529,1777552416.014529,275207.6238415,9,Trunk,494,1,-0.6364,9.5033,0.2201,2.8687,12.3291,5.0659,92.9498,3.3563,-153.7811,0.1447,0.7104,-0.6656,0.1768
independent_20260430_203326,trial_001,subject_001,1777552416.0150547,1777552416.0150547,275207.6239398,10,L_Femur,482,1,-0.6747,9.2832,-2.1629,34.3628,13.916,4.8218,109.5007,5.235,-12.1289,0.8084,0.1124,-0.0238,0.5773
independent_20260430_203326,trial_001,subject_001,1777552416.0150547,1777552416.0150547,275207.6240345,11,L_Tibia,503,1,-1.1102,9.1301,-2.7658,30.2124,2.9297,5.249,110.7751,8.3057,-61.3147,0.6851,0.4539,-0.2376,0.5177
independent_20260430_203326,trial_001,subject_001,1777552416.0150547,1777552416.0150547,275207.6241493,12,L_Foot,526,1,-0.6699,0.2297,10.0105,5.188,0.3662,0.1831,-0.3625,3.7299,-122.6953,-0.0301,0.0128,-0.8771,0.4791
independent_20260430_203326,trial_001,subject_001,1777552416.0150547,1777552416.0150547,275207.6242498,13,R_Femur,526,1,-1.4834,8.7186,3.5554,-0.8545,6.6528,12.0239,79.8651,4.3781,-34.162,0.6045,0.2164,-0.2016,0.7396
independent_20260430_203326,trial_001,subject_001,1777552416.0150547,1777552416.0150547,275207.6243634,14,R_Tibia,265,1,0.2345,8.0869,-0.5599,11.7188,3.2959,7.8735,86.9568,-1.5271,177.951,0.0026,-0.6881,0.7253,0.0221
independent_20260430_203326,trial_001,subject_001,1777552416.0155888,1777552416.0155888,275207.6244972,9,Trunk,495,1,-0.6269,9.6947,0.2871,1.77,16.2354,5.9204,92.9883,3.219,-153.4845,0.1474,0.7101,-0.6651,0.1776
independent_20260430_203326,trial_001,subject_001,1777552416.0155888,1777552416.0155888,275207.6245998,10,L_Femur,483,1,-1.1389,9.3933,-2.5601,31.189,22.4609,2.6245,110.1654,5.0317,-11.7664,0.8123,0.109,-0.0228,0.5725
independent_20260430_203326,trial_001,subject_001,1777552416.0155888,1777552416.0155888,275207.6247124,11,L_Tibia,504,1,-1.0527,9.1827,-3.1391,30.7007,3.0518,6.0425,111.3904,8.1903,-61.2927,0.6883,0.4546,-0.2358,0.5137
independent_20260430_203326,trial_001,subject_001,1777552416.0155888,1777552416.0155888,275207.6248286,12,L_Foot,527,1,-0.7034,0.2871,9.9723,5.8594,0.1221,0.3052,-0.2362,3.7408,-122.6953,-0.0296,0.0138,-0.8771,0.4792
independent_20260430_203326,trial_001,subject_001,1777552416.0155888,1777552416.0155888,275207.6249336,13,R_Femur,527,1,-1.5169,8.642,3.4166,3.8452,-4.5776,15.4419,79.9036,4.1528,-34.1455,0.6053,0.215,-0.2027,0.7392
independent_20260430_203326,trial_001,subject_001,1777552416.0161111,1777552416.0161111,275207.6250916,15,R_Foot,261,1,1.9715,3.1773,7.551,57.8613,25.8789,0.1221,-18.3142,-12.5189,-172.2107,0.0966,-0.1651,-0.9779,0.084
independent_20260430_203326,trial_001,subject_001,1777552416.0161111,1777552416.0161111,275207.6252468,9,Trunk,496,1,-0.7034,9.9053,0.3732,-1.5259,17.1509,6.4087,92.9773,3.1036,-153.2318,0.1497,0.7096,-0.665,0.1784
independent_20260430_203326,trial_001,subject_001,1777552416.0161111,1777552416.0161111,275207.6254403,10,L_Femur,484,1,-0.9905,8.9817,-3.23,36.9873,26.5503,1.5259,110.7257,4.8669,-11.4038,0.8156,0.1057,-0.0217,0.5685
independent_20260430_203326,trial_001,subject_001,1777552416.0166674,1777552416.0166674,275207.6256295,11,L_Tibia,505,1,-0.5934,9.1492,-3.6654,30.7007,6.4087,5.7373,111.8628,8.0804,-61.2378,0.691,0.4548,-0.2344,0.5106
independent_20260430_203326,trial_001,subject_001,1777552416.0166674,1777552416.0166674,275207.6257622,12,L_Foot,528,1,-0.7034,0.3158,10.0201,5.7373,0.061,0.2441,-0.1373,3.7463,-122.6953,-0.0293,0.0146,-0.8771,0.4792
independent_20260430_203326,trial_001,subject_001,1777552416.0166674,1777552416.0166674,275207.625879,13,R_Femur,528,1,-1.3638,8.5702,3.23,8.667,-13.916,20.1416,80.0079,3.8287,-34.2609,0.6064,0.2137,-0.205,0.7379
independent_20260430_203326,trial_001,subject_001,1777552416.017203,1777552416.017203,275207.6260564,14,R_Tibia,266,1,0.7034,7.9146,-0.8948,43.335,12.085,0.5493,88.0664,-1.6205,178.2092,0.0007,-0.6951,0.7186,0.0211
independent_20260430_203326,trial_001,subject_001,1777552416.0437303,1777552416.0437303,275207.6529695,9,Trunk,497,1,-0.7848,9.9388,0.5455,-3.9062,17.4561,6.6528,92.9279,2.9828,-152.9736,0.1519,0.7088,-0.6651,0.1792
independent_20260430_203326,trial_001,subject_001,1777552416.0437303,1777552416.0437303,275207.6531372,10,L_Femur,485,1,-0.5216,8.7903,-3.5697,45.5322,27.2827,3.1738,111.6266,4.6143,-10.9039,0.8207,0.101,-0.0202,0.5621
independent_20260430_203326,trial_001,subject_001,1777552416.0437303,1777552416.0437303,275207.6533046,11,L_Tibia,506,1,-0.4689,9.1396,-3.9573,30.5176,9.1553,5.127,112.3352,7.9706,-61.1279,0.6939,0.4547,-0.2327,0.5076
independent_20260430_203326,trial_001,subject_001,1777552416.0437303,1777552416.0437303,275207.6534438,12,L_Foot,529,1,-0.7034,0.378,10.044,5.6763,-0.1221,0.1221,-0.0385,3.7463,-122.6953,-0.0288,0.0154,-0.8771,0.4792
independent_20260430_203326,trial_001,subject_001,1777552416.0437303,1777552416.0437303,275207.653578,13,R_Femur,529,1,-0.8757,8.4649,2.828,12.8784,-16.8457,26.4893,80.2222,3.2739,-34.4971,0.6086,0.2118,-0.2091,0.7356
independent_20260430_203326,trial_001,subject_001,1777552416.0447407,1777552416.0447407,275207.6537121,9,Trunk,498,1,-0.8374,9.7856,0.6986,-7.1411,17.9443,7.3242,92.8015,2.8125,-152.6276,0.1548,0.7074,-0.6656,0.1804
independent_20260430_203326,trial_001,subject_001,1777552416.0447407,1777552416.0447407,275207.653837,10,L_Femur,486,1,-0.512,8.6946,-3.5267,51.8799,29.9072,3.7842,112.4121,4.3945,-10.5084,0.825,0.0973,-0.0192,0.5564
independent_20260430_203326,trial_001,subject_001,1777552416.0447407,1777552416.0447407,275207.653959,11,L_Tibia,507,1,-0.7369,9.1253,-3.9478,30.5786,11.7798,5.0659,112.9779,7.8058,-60.9412,0.6979,0.4542,-0.2304,0.5035
independent_20260430_203326,trial_001,subject_001,1777552416.0447407,1777552416.0447407,275207.6540719,12,L_Foot,530,1,-0.6891,0.4354,10.044,5.3711,0.1221,0.0,0.0824,3.7573,-122.7008,-0.0284,0.0163,-0.8771,0.4792
independent_20260430_203326,trial_001,subject_001,1777552416.0447407,1777552416.0447407,275207.6541721,13,R_Femur,530,1,-0.5168,8.3788,2.4261,17.8833,-11.0474,29.4189,80.4584,2.8125,-34.5905,0.6109,0.2098,-0.2118,0.7334
independent_20260430_203326,trial_001,subject_001,1777552416.0447407,1777552416.0447407,275207.6542897,14,R_Tibia,267,1,0.7369,9.0535,-0.5455,59.2651,31.4331,-3.54,90.0165,-1.4777,179.0936,-0.0035,-0.7072,0.7069,0.0147
independent_20260430_203326,trial_001,subject_001,1777552416.0447407,1777552416.0447407,275207.6544062,9,Trunk,499,1,-0.8757,9.6229,0.8183,-8.1177,18.4937,7.5073,92.6807,2.6807,-152.3584,0.1571,0.7062,-0.6662,0.1813
independent_20260430_203326,trial_001,subject_001,1777552416.122782,1777552416.122782,275207.7324514,10,L_Femur,487,1,-0.7513,8.7808,-3.3831,54.8706,33.1421,6.2866,113.2581,4.1199,-10.08,0.8296,0.093,-0.0184,0.5502
independent_20260430_203326,trial_001,subject_001,1777552416.122782,1777552416.122782,275207.7326162,12,L_Foot,531,1,-0.6747,0.3206,10.0584,5.6152,0.2441,-0.1221,0.1758,3.7683,-122.7063,-0.0281,0.0171,-0.8771,0.4792
independent_20260430_203326,trial_001,subject_001,1777552416.1237833,1777552416.1237833,275207.7327539,13,R_Femur,531,1,-0.2536,8.4314,1.8806,25.8179,-6.7749,29.541,80.8154,2.3511,-34.6179,0.6141,0.2077,-0.2138,0.7308
independent_20260430_203326,trial_001,subject_001,1777552416.1237833,1777552416.1237833,275207.7328627,15,R_Foot,262,1,1.2394,-0.5503,11.2834,109.9854,64.27,36.0718,-11.9312,-6.2018,-172.6337,0.047,-0.107,-0.9907,0.0694
independent_20260430_203326,trial_001,subject_001,1777552416.1237833,1777552416.1237833,275207.7329664,9,Trunk,500,1,-0.914,9.5655,0.8661,-7.4463,20.0806,8.2397,92.5323,2.4884,-151.9684,0.1604,0.7045,-0.6668,0.1826
independent_20260430_203326,trial_001,subject_001,1777552416.1237833,1777552416.1237833,275207.7330692,10,L_Femur,488,1,-1.0288,8.9339,-3.2826,58.1665,36.5601,6.0425,114.4391,3.7134,-9.4647,0.836,0.0868,-0.0175,0.5415
independent_20260430_203326,trial_001,subject_001,1777552416.1237833,1777552416.1237833,275207.733169,11,L_Tibia,508,1,-0.9427,9.1875,-3.5314,31.0669,12.3291,7.2021,114.104,7.4432,-60.6006,0.7052,0.453,-0.2268,0.4961
independent_20260430_203326,trial_001,subject_001,1777552416.1237833,1777552416.1237833,275207.7332803,12,L_Foot,532,1,-0.6986,0.2728,9.9962,6.0425,0.0,0.0,0.2802,3.7738,-122.7118,-0.0277,0.0179,-0.8771,0.4792
independent_20260430_203326,trial_001,subject_001,1777552416.1237833,1777552416.1237833,275207.7333996,13,R_Femur,532,1,-0.2201,8.8765,1.1915,32.2266,-2.0752,28.0762,81.4307,1.7633,-34.574,0.6193,0.2049,-0.2156,0.7266
independent_20260430_203326,trial_001,subject_001,1777552416.1237833,1777552416.1237833,275207.7334995,14,R_Tibia,268,1,-0.1579,10.7044,1.9188,37.7808,22.1558,6.2866,91.4008,-1.5326,179.8901,-0.0087,-0.7156,0.6983,0.0102
independent_20260430_203326,trial_001,subject_001,1777552416.1237833,1777552416.1237833,275207.7335971,9,Trunk,501,1,-1.0097,9.7091,0.7034,-6.897,19.2261,7.019,92.4225,2.3621,-151.6827,0.1627,0.7033,-0.6672,0.1837
independent_20260430_203326,trial_001,subject_001,1777552416.1247833,1777552416.1247833,275207.7337078,10,L_Femur,489,1,-1.0432,8.9674,-3.2826,59.3872,36.7432,5.9814,115.3564,3.3948,-8.9978,0.8408,0.082,-0.017,0.5348
independent_20260430_203326,trial_001,subject_001,1777552416.1247833,1777552416.1247833,275207.733807,11,L_Tibia,509,1,-0.8422,9.1923,-3.4357,32.4707,15.625,8.1177,114.6094,7.2565,-60.4248,0.7086,0.4522,-0.2253,0.4927
independent_20260430_203326,trial_001,subject_001,1777552416.1247833,1777552416.1247833,275207.7339155,12,L_Foot,533,1,-0.5646,0.2775,10.0201,6.1646,0.061,-0.1221,0.4175,3.7793,-122.7173,-0.0272,0.019,-0.8771,0.4792
independent_20260430_203326,trial_001,subject_001,1777552416.1247833,1777552416.1247833,275207.7340133,13,R_Femur,533,1,-0.2632,9.3598,0.8805,31.1279,5.127,24.5972,81.8976,1.3898,-34.4531,0.6232,0.2028,-0.2161,0.7237
independent_20260430_203326,trial_001,subject_001,1777552416.223278,1777552416.223278,275207.8322611,15,R_Foot,263,1,-5.144,-2.8041,7.728,121.1548,27.5879,25.7568,-8.2782,-3.5651,-172.0624,0.026,-0.0741,-0.9944,0.0712
independent_20260430_203326,trial_001,subject_001,1777552416.223278,1777552416.223278,275207.832476,9,Trunk,502,1,-1.1006,9.8526,0.4067,-6.2866,17.395,6.0425,92.3236,2.2522,-151.4191,0.1648,0.7022,-0.6676,0.1847
independent_20260430_203326,trial_001,subject_001,1777552416.223278,1777552416.223278,275207.832606,10,L_Femur,490,1,-1.2489,9.0918,-3.2587,59.6313,33.9966,6.8359,116.2738,3.0762,-8.5583,0.8456,0.0775,-0.0166,0.5279
independent_20260430_203326,trial_001,subject_001,1777552416.223278,1777552416.223278,275207.8327308,11,L_Tibia,510,1,-0.9092,9.2593,-3.1582,34.4849,18.6157,9.3994,115.1532,7.0203,-60.2271,0.7123,0.4511,-0.2238,0.4889
independent_20260430_203326,trial_001,subject_001,1777552416.223278,1777552416.223278,275207.8328507,12,L_Foot,534,1,-0.6651,0.244,10.044,6.7139,0.3052,-0.1831,0.5273,3.7848,-122.7228,-0.0268,0.0199,-0.8771,0.4792
independent_20260430_203326,trial_001,subject_001,1777552416.223278,1777552416.223278,275207.8329722,13,R_Femur,534,1,0.1675,10.7283,1.7418,16.5405,34.9121,24.5361,82.3425,0.9668,-33.8708,0.6279,0.1978,-0.2139,0.7217
independent_20260430_203326,trial_001,subject_001,1777552416.223278,1777552416.223278,275207.8331088,14,R_Tibia,269,1,-0.6891,11.0202,3.7851,24.9634,25.6348,0.3052,92.2412,-1.7798,-179.3628,0.0148,0.7206,-0.6931,-0.0073
independent_20260430_203326,trial_001,subject_001,1777552416.2242782,1777552416.2242782,275207.8332387,9,Trunk,503,1,-1.1293,9.8813,0.0383,-5.3101,14.5264,5.249,92.2028,2.1149,-151.1169,0.1673,0.7009,-0.668,0.1858
independent_20260430_203326,trial_001,subject_001,1777552416.2242782,1777552416.2242782,275207.8333375,10,L_Femur,491,1,-1.603,9.3837,-3.2635,54.6265,26.4282,7.4463,117.4219,2.6752,-8.1024,0.8513,0.0724,-0.0168,0.5193
independent_20260430_203326,trial_001,subject_001,1777552416.2242782,1777552416.2242782,275207.8334336,11,L_Tibia,511,1,-1.2011,9.4124,-2.6845,38.269,18.4326,10.6812,115.9332,6.6852,-59.9634,0.7176,0.4497,-0.2218,0.4834
independent_20260430_203326,trial_001,subject_001,1777552416.2242782,1777552416.2242782,275207.8335295,12,L_Foot,535,1,-0.9092,0.0861,9.9771,8.728,-0.2441,-0.1221,0.7086,3.7848,-122.7338,-0.026,0.0212,-0.8771,0.4791
independent_20260430_203326,trial_001,subject_001,1777552416.2242782,1777552416.2242782,275207.8336433,13,R_Femur,535,1,0.7465,12.2021,3.8042,-9.7046,78.3081,25.3296,82.2876,0.7196,-32.7887,0.6299,0.1902,-0.2086,0.7236
independent_20260430_203326,trial_001,subject_001,1777552416.2242782,1777552416.2242782,275207.8338471,15,R_Foot,264,1,-5.1345,0.5359,10.3934,123.291,3.6621,-11.4746,-4.6307,-3.1805,-172.1118,0.0249,-0.0422,-0.9964,0.0698
independent_20260430_203326,trial_001,subject_001,1777552416.2242782,1777552416.2242782,275207.8339487,9,Trunk,504,1,-0.9905,10.1015,-0.1101,-4.3945,12.6343,3.8452,92.1313,2.038,-150.9247,0.1688,0.7001,-0.6683,0.1865
independent_20260430_203326,trial_001,subject_001,1777552416.2242782,1777552416.2242782,275207.8340399,10,L_Femur,492,1,-1.8519,9.6852,-3.2587,44.9829,18.7988,8.1177,118.136,2.4225,-7.8772,0.8548,0.0697,-0.0172,0.5139
independent_20260430_203326,trial_001,subject_001,1777552416.2252767,1777552416.2252767,275207.8341417,11,L_Tibia,512,1,-1.4021,9.5081,-2.5601,41.1377,14.7705,13.2446,116.5594,6.416,-59.8151,0.7215,0.449,-0.2205,0.4788
independent_20260430_203326,trial_001,subject_001,1777552416.2252767,1777552416.2252767,275207.8342709,12,L_Foot,536,1,-0.8853,0.1196,10.0201,10.8032,-0.1221,0.1831,0.8789,3.7848,-122.7338,-0.0253,0.0226,-0.8771,0.4791
independent_20260430_203326,trial_001,subject_001,1777552416.2252767,1777552416.2252767,275207.8344269,13,R_Femur,536,1,1.5121,13.1209,6.1872,-40.1611,119.5068,22.644,81.7877,0.5988,-31.0638,0.6297,0.1791,-0.1991,0.7292
independent_20260430_203326,trial_001,subject_001,1777552416.2252767,1777552416.2252767,275207.8345628,14,R_Tibia,270,1,-1.8375,10.3981,0.4354,49.4995,40.8325,-5.127,93.642,-1.6425,-178.0225,0.0224,0.7289,-0.6843,0.0014
independent_20260430_203326,trial_001,subject_001,1777552416.2252767,1777552416.2252767,275207.8347156,9,Trunk,505,1,-0.914,10.446,-0.2488,-4.8218,9.9487,1.6479,92.0544,1.994,-150.7654,0.1699,0.6993,-0.6686,0.1873
independent_20260430_203326,trial_001,subject_001,1777552416.2252767,1777552416.2252767,275207.8348628,10,L_Femur,493,1,-2.0815,9.6852,-3.2491,32.8369,9.7656,9.0332,118.8556,2.1478,-7.7399,0.8582,0.0676,-0.0182,0.5085
independent_20260430_203326,trial_001,subject_001,1777552416.2252767,1777552416.2252767,275207.8350084,11,L_Tibia,513,1,-1.4116,9.4124,-2.5936,45.8374,11.1084,16.0522,117.2461,6.1359,-59.7437,0.7254,0.4488,-0.2193,0.4736
independent_20260430_203326,trial_001,subject_001,1777552416.226278,1777552416.226278,275207.8351534,12,L_Foot,537,1,-0.78,0.1675,10.0201,12.207,-0.1221,0.3052,1.0657,3.7903,-122.7338,-0.0246,0.024,-0.877,0.4792
independent_20260430_203326,trial_001,subject_001,1777552416.226278,1777552416.226278,275207.8353267,13,R_Femur,537,1,0.0526,10.8814,6.058,-22.2168,119.9341,7.1411,81.2109,0.7306,-28.5535,0.6295,0.1652,-0.1832,0.7368
independent_20260430_203326,trial_001,subject_001,1777552416.226278,1777552416.226278,275207.8354466,15,R_Foot,265,1,3.6941,2.7084,15.6953,79.3457,21.7896,-1.3428,-1.17,-2.7191,-172.4579,0.023,-0.0117,-0.9975,0.066
independent_20260430_203326,trial_001,subject_001,1777552416.226278,1777552416.226278,275207.8355636,9,Trunk,506,1,-0.7848,10.5896,-0.2536,-6.5918,5.9814,-2.6245,91.9171,2.0105,-150.6226,0.1704,0.6983,-0.6692,0.1884
independent_20260430_203326,trial_001,subject_001,1777552416.2267845,1777552416.2267845,275207.8357224,10,L_Femur,494,1,-2.1725,9.6852,-3.34,25.0854,4.2114,9.8267,119.2511,1.9775,-7.7344,0.8601,0.0669,-0.0192,0.5054
independent_20260430_203326,trial_001,subject_001,1777552416.2267845,1777552416.2267845,275207.8358317,11,L_Tibia,514,1,-1.1484,9.5081,-2.6558,50.9644,7.0801,19.2871,118.2404,5.7404,-59.7546,0.7304,0.4493,-0.2181,0.4659
independent_20260430_203326,trial_001,subject_001,1777552416.2267845,1777552416.2267845,275207.8359257,13,R_Femur,538,1,-2.7993,9.4507,4.0913,-11.3525,104.9194,-2.0142,81.0297,0.9778,-26.955,0.6302,0.1577,-0.1718,0.7406
independent_20260430_203326,trial_001,subject_001,1777552416.2267845,1777552416.2267845,275207.8360168,14,R_Tibia,271,1,1.0623,9.6277,-0.8326,59.3872,73.6084,-2.6245,95.4987,-1.6589,-176.0669,0.0351,0.7394,-0.6723,0.0124
independent_20260430_203326,trial_001,subject_001,1777552416.2267845,1777552416.2267845,275207.8361076,9,Trunk,507,1,-0.5407,10.4891,0.0,-7.9346,4.3335,-5.3101,91.7908,2.0709,-150.5511,0.1703,0.6976,-0.6697,0.1894
independent_20260430_203326,trial_001,subject_001,1777552416.2267845,1777552416.2267845,275207.8361988,10,L_Femur,495,1,-2.072,9.8287,-3.3735,19.3481,0.7935,10.0098,119.5587,1.8292,-7.7838,0.8614,0.0667,-0.0204,0.503
independent_20260430_203326,trial_001,subject_001,1777552416.2267845,1777552416.2267845,275207.8362903,11,L_Tibia,515,1,-0.9618,9.5942,-2.7371,55.7251,6.5308,21.1182,119.0588,5.4327,-59.7986,0.7344,0.45,-0.2171,0.4595
independent_20260430_203326,trial_001,subject_001,1777552416.2267845,1777552416.2267845,275207.8363816,12,L_Foot,538,1,-0.7896,0.2345,10.0919,14.0991,0.3052,0.1221,1.5765,3.8068,-122.7283,-0.0226,0.028,-0.8769,0.4793
independent_20260430_203326,trial_001,subject_001,1777552416.2267845,1777552416.2267845,275207.8364716,13,R_Femur,539,1,-4.0961,8.8478,2.206,-6.1035,94.2383,0.1831,80.9473,1.2085,-25.5212,0.6313,0.1512,-0.1613,0.7434
independent_20260430_203326,trial_001,subject_001,1777552416.2277925,1777552416.2277925,275207.8366751,15,R_Foot,266,1,-1.5408,1.8327,13.7717,25.7568,-2.9907,-2.9907,0.3351,-2.3126,-172.5293,0.0203,0.0016,-0.9977,0.0651
independent_20260430_203326,trial_001,subject_001,1777552416.282877,1777552416.282877,275207.8925701,9,Trunk,508,1,-0.311,10.5943,0.2201,-7.7515,6.2866,-7.2632,91.6205,2.1973,-150.4358,0.17,0.6966,-0.6703,0.1911
independent_20260430_203326,trial_001,subject_001,1777552416.282877,1777552416.282877,275207.8926824,10,L_Femur,496,1,-1.6317,10.3838,-3.3065,9.5215,-1.8921,8.3618,119.8004,1.6809,-7.8827,0.8625,0.0668,-0.0218,0.5011
independent_20260430_203326,trial_001,subject_001,1777552416.2928784,1777552416.2928784,275207.9024162,11,L_Tibia,516,1,-0.268,9.867,-2.6988,62.5,11.1694,23.0713,120.2728,4.9493,-59.837,0.7402,0.4508,-0.2157,0.4499
independent_20260430_203326,trial_001,subject_001,1777552416.2928784,1777552416.2928784,275207.9025884,12,L_Foot,539,1,-0.8948,0.1723,10.001,15.625,0.2441,0.1831,1.8951,3.8232,-122.7283,-0.0214,0.0305,-0.8768,0.4794
independent_20260430_203326,trial_001,subject_001,1777552416.2928784,1777552416.2928784,275207.902721,13,R_Femur,540,1,-1.8662,8.7616,-0.1914,6.5308,75.5005,11.2915,81.0132,1.2909,-23.8843,0.6337,0.1428,-0.1502,0.7453
independent_20260430_203326,trial_001,subject_001,1777552416.293881,1777552416.293881,275207.9028621,14,R_Tibia,272,1,0.9188,9.5368,-3.742,81.7261,105.3467,-5.4321,97.7399,-1.8842,-172.9962,0.0568,0.751,-0.6572,0.0278
independent_20260430_203326,trial_001,subject_001,1777552416.293881,1777552416.293881,275207.9029874,9,Trunk,509,1,0.1244,10.8671,0.3924,-11.2915,13.5498,-7.3242,91.4557,2.2961,-150.26,0.1702,0.6955,-0.6709,0.193
independent_20260430_203326,trial_001,subject_001,1777552416.293881,1777552416.293881,275207.9031178,10,L_Femur,497,1,-1.0145,10.7762,-3.0864,-0.2441,0.7935,5.0659,119.8224,1.604,-7.9211,0.8626,0.0668,-0.0225,0.5009
independent_20260430_203326,trial_001,subject_001,1777552416.293881,1777552416.293881,275207.9032381,11,L_Tibia,517,1,0.335,10.1015,-2.6558,67.9932,22.9492,21.2402,121.2836,4.5209,-59.7382,0.7456,0.4505,-0.2142,0.4419
independent_20260430_203326,trial_001,subject_001,1777552416.293881,1777552416.293881,275207.9033561,12,L_Foot,540,1,-0.8853,0.335,10.0584,14.9536,0.4272,1.0376,2.1313,3.8342,-122.7228,-0.0204,0.0323,-0.8767,0.4795
independent_20260430_203326,trial_001,subject_001,1777552416.293881,1777552416.293881,275207.9034765,13,R_Femur,541,1,0.134,8.7521,-1.9093,22.1558,50.9033,16.6626,81.3208,1.1865,-22.9999,0.6369,0.1376,-0.1446,0.7447
independent_20260430_203326,trial_001,subject_001,1777552416.293881,1777552416.293881,275207.9036045,15,R_Foot,267,1,0.6508,0.2919,10.202,17.0288,-3.3569,-1.4038,1.0492,-2.4994,-172.5677,0.0224,0.0077,-0.9976,0.0646
independent_20260430_203326,trial_001,subject_001,1777552416.293881,1777552416.293881,275207.9037165,9,Trunk,510,1,0.4977,10.9293,0.5216,-15.0757,22.522,-4.8828,91.2415,2.3621,-149.9414,0.1714,0.6939,-0.6715,0.1956
independent_20260430_203326,trial_001,subject_001,1777552416.2948797,1777552416.2948797,275207.9038287,10,L_Femur,498,1,-0.1388,11.3073,-2.7084,-14.2212,9.3384,1.3428,119.6521,1.5106,-7.8278,0.862,0.0656,-0.0229,0.5022
independent_20260430_203326,trial_001,subject_001,1777552416.2948797,1777552416.2948797,275207.9039279,11,L_Tibia,518,1,0.89,10.7379,-2.8185,75.2563,35.8276,20.4468,122.4261,3.999,-59.458,0.7523,0.4489,-0.2121,0.4331
independent_20260430_203326,trial_001,subject_001,1777552416.2948797,1777552416.2948797,275207.9040263,12,L_Foot,541,1,-0.8278,0.6412,10.0153,9.5825,-3.2959,0.3662,2.2742,3.8232,-122.7173,-0.0198,0.0334,-0.8767,0.4795
independent_20260430_203326,trial_001,subject_001,1777552416.2948797,1777552416.2948797,275207.9041241,13,R_Femur,542,1,-1.1006,8.6563,-2.5936,26.001,5.6152,29.8462,81.7932,0.7141,-22.5659,0.6411,0.1327,-0.1439,0.7421
independent_20260430_203326,trial_001,subject_001,1777552416.2948797,1777552416.2948797,275207.9042204,14,R_Tibia,273,1,-2.9333,8.6516,-4.5411,60.1807,12.7563,10.3149,99.9866,-2.2577,-171.167,0.0716,0.7626,-0.642,0.0345
independent_20260430_203326,trial_001,subject_001,1777552416.2948797,1777552416.2948797,275207.9043173,9,Trunk,511,1,0.0622,10.4316,-0.0813,-11.9629,23.3154,1.1597,90.9778,2.3511,-149.4635,0.1739,0.6916,-0.6723,0.1987
independent_20260430_203326,trial_001,subject_001,1777552416.2948797,1777552416.2948797,275207.9044151,10,L_Femur,499,1,0.9475,11.6758,-2.0624,-35.8887,18.9819,-4.0283,119.0643,1.3898,-7.5092,0.8596,0.0626,-0.0228,0.5066
independent_20260430_203326,trial_001,subject_001,1777552416.2948797,1777552416.2948797,275207.9045131,11,L_Tibia,519,1,1.9811,10.3981,-2.9094,85.9375,59.4482,15.8691,124.1125,3.1476,-58.7494,0.7632,0.4444,-0.2086,0.4201
independent_20260430_203326,trial_001,subject_001,1777552416.2948797,1777552416.2948797,275207.9046118,12,L_Foot,542,1,-0.4163,-0.1196,9.9053,16.9678,3.0518,1.2207,2.6587,3.8837,-122.6898,-0.0186,0.0366,-0.8764,0.4798
independent_20260430_203326,trial_001,subject_001,1777552416.2948797,1777552416.2948797,275207.9047099,13,R_Femur,543,1,-2.3591,8.4171,-0.9188,46.0815,-16.2354,34.3628,82.4194,0.1813,-22.6703,0.6457,0.1307,-0.1468,0.7378
independent_20260430_203326,trial_001,subject_001,1777552416.2958775,1777552416.2958775,275207.9048088,15,R_Foot,268,1,0.7943,0.3015,9.9723,12.4512,-4.6997,-2.6855,1.4557,-2.6587,-172.6447,0.024,0.0112,-0.9976,0.0638
independent_20260430_203326,trial_001,subject_001,1777552416.2958775,1777552416.2958775,275207.9049057,9,Trunk,512,1,-0.3397,10.2259,-0.6125,-9.0332,21.9116,4.4556,90.835,2.2797,-149.1339,0.176,0.6901,-0.6727,0.2004
independent_20260430_203326,trial_001,subject_001,1777552416.2958775,1777552416.2958775,275207.9050037,10,L_Femur,500,1,1.7131,11.7523,-1.2441,-60.5469,25.3296,-5.5542,118.2458,1.2854,-7.1466,0.8562,0.0592,-0.0224,0.5128
independent_20260430_203326,trial_001,subject_001,1777552416.2958775,1777552416.2958775,275207.9051013,11,L_Tibia,520,1,2.7132,10.3455,-3.0864,85.4492,81.3599,16.1133,125.4364,2.3016,-57.9199,0.773,0.4383,-0.2063,0.4096
independent_20260430_203326,trial_001,subject_001,1777552416.2958775,1777552416.2958775,275207.9051985,12,L_Foot,543,1,0.0239,-1.2011,9.9436,30.6396,9.1553,2.4414,3.0487,4.01,-122.6569,-0.0179,0.0401,-0.8761,0.4801
independent_20260430_203326,trial_001,subject_001,1777552416.2958775,1777552416.2958775,275207.905296,13,R_Femur,544,1,-1.8614,9.7282,0.2201,55.7251,-32.4097,26.8555,83.2269,-0.3021,-23.0493,0.6511,0.1307,-0.1511,0.7322
independent_20260430_203326,trial_001,subject_001,1777552416.2958775,1777552416.2958775,275207.9053936,14,R_Tibia,274,1,-0.5024,10.4986,-3.5314,43.1519,-48.4009,17.5781,101.7444,-2.5104,-172.5348,0.0643,0.773,-0.6307,0.0241
independent_20260430_203326,trial_001,subject_001,1777552416.2958775,1777552416.2958775,275207.9054911,9,Trunk,513,1,-0.6747,10.1924,-1.1341,-5.5542,19.104,5.3711,90.7361,2.1918,-148.8373,0.1782,0.689,-0.673,0.2018
independent_20260430_203326,trial_001,subject_001,1777552416.2958775,1777552416.2958775,275207.9056141,10,L_Femur,501,1,2.3112,11.1159,0.1101,-94.5435,28.0762,-3.0518,116.51,1.0931,-6.6193,0.8487,0.0541,-0.0223,0.5257
independent_20260430_203326,trial_001,subject_001,1777552416.2968802,1777552416.2968802,275207.9057329,11,L_Tibia,521,1,2.6893,10.2929,-3.1438,94.8486,105.3467,15.7471,126.8646,1.225,-56.8213,0.7844,0.4297,-0.2044,0.3979
independent_20260430_203326,trial_001,subject_001,1777552416.2968802,1777552416.2968802,275207.9058475,12,L_Foot,544,1,-0.2919,-0.9522,9.9962,43.335,13.3667,0.2441,3.6804,4.2078,-122.6404,-0.0168,0.0458,-0.8757,0.4804
independent_20260430_203326,trial_001,subject_001,1777552416.2968802,1777552416.2968802,275207.9059485,13,R_Femur,545,1,0.7082,11.0298,0.0622,57.4951,-39.1235,23.0713,84.364,-0.8569,-23.7634,0.6582,0.1328,-0.1575,0.7241
independent_20260430_203326,trial_001,subject_001,1777552416.2968802,1777552416.2968802,275207.9060475,15,R_Foot,269,1,0.4259,0.3302,10.3359,9.3384,-3.1128,-1.0376,1.7908,-2.785,-172.7051,0.0252,0.014,-0.9976,0.0632
independent_20260430_203326,trial_001,subject_001,1777552416.2968802,1777552416.2968802,275207.906148,9,Trunk,514,1,-0.9092,9.8861,-1.8901,-2.3804,13.1836,5.8594,90.6757,2.0599,-148.5461,0.1806,0.688,-0.673,0.2028
independent_20260430_203326,trial_001,subject_001,1777552416.2968802,1777552416.2968802,275207.9062472,10,L_Femur,502,1,2.5792,9.8718,-0.1483,-89.5996,41.0767,0.0,115.1422,0.8514,-6.0974,0.8426,0.0489,-0.0223,0.5358
independent_20260430_203326,trial_001,subject_001,1777552416.2968802,1777552416.2968802,275207.9063429,11,L_Tibia,522,1,1.0719,10.6087,-2.1246,99.0601,110.5957,12.8174,128.8257,-0.368,-55.2063,0.7999,0.4167,-0.2027,0.3814
independent_20260430_203326,trial_001,subject_001,1777552416.2968802,1777552416.2968802,275207.9064421,12,L_Foot,545,1,-0.8039,-1.7849,9.9053,86.853,20.0195,6.7749,5.1965,4.5758,-122.5195,-0.0132,0.0589,-0.8743,0.4815
independent_20260430_203326,trial_001,subject_001,1777552416.3234582,1777552416.3234582,275207.9326414,13,R_Femur,546,1,1.5456,10.5991,0.1196,58.1665,-26.4282,21.7285,85.2374,-1.236,-24.1644,0.6637,0.134,-0.1612,0.718
independent_20260430_203326,trial_001,subject_001,1777552416.363356,1777552416.363356,275207.9724814,14,R_Tibia,275,1,1.7944,9.9723,-1.67,35.5225,22.1558,11.3525,103.0737,-2.9169,-172.8973,0.0643,0.7803,-0.6219,0.0186
independent_20260430_203326,trial_001,subject_001,1777552416.363356,1777552416.363356,275207.9726104,9,Trunk,515,1,-0.6269,9.3933,-2.0098,-5.3711,10.0708,7.9956,90.5933,1.9391,-148.3868,0.1821,0.687,-0.6735,0.2032
independent_20260430_203326,trial_001,subject_001,1777552416.363356,1777552416.363356,275207.9727135,10,L_Femur,503,1,2.4452,9.9005,-1.627,-80.6885,56.9458,0.3662,113.9172,0.5054,-5.3613,0.8372,0.0416,-0.0218,0.5448
independent_20260430_203326,trial_001,subject_001,1777552416.363356,1777552416.363356,275207.9728119,11,L_Tibia,523,1,-0.4546,10.0775,-2.2203,102.417,83.8623,9.2163,130.3418,-1.3348,-54.2505,0.8099,0.4094,-0.2008,0.3689
independent_20260430_203326,trial_001,subject_001,1777552416.363356,1777552416.363356,275207.9729062,12,L_Foot,546,1,-1.4595,-1.3111,10.0584,120.4834,17.2729,15.625,6.9269,4.8175,-122.2888,-0.0076,0.0731,-0.8722,0.4835
independent_20260430_203326,trial_001,subject_001,1777552416.363356,1777552416.363356,275207.9730001,13,R_Femur,547,1,1.6461,9.8335,0.1531,51.6968,-14.5874,18.6157,86.0339,-1.5491,-24.3842,0.6689,0.1344,-0.1634,0.7126
independent_20260430_203326,trial_001,subject_001,1777552416.363356,1777552416.363356,275207.9730937,15,R_Foot,270,1,0.3924,0.5072,9.9101,10.2539,-3.2349,0.6714,2.1259,-2.9004,-172.6941,0.0264,0.0169,-0.9975,0.0632
independent_20260430_203326,trial_001,subject_001,1777552416.363356,1777552416.363356,275207.9731861,9,Trunk,516,1,-0.0957,8.886,-1.56,-4.7607,6.1035,11.5356,90.4779,1.7139,-148.244,0.1841,0.6858,-0.6743,0.2028
independent_20260430_203326,trial_001,subject_001,1777552416.363356,1777552416.363356,275207.9732775,10,L_Femur,504,1,0.9235,10.8192,-2.7802,-91.0645,59.2041,-1.9531,112.1814,0.0439,-4.2407,0.8293,0.0309,-0.0203,0.5575
independent_20260430_203326,trial_001,subject_001,1777552416.363356,1777552416.363356,275207.973368,11,L_Tibia,524,1,-1.0049,9.3646,-4.2205,104.0649,45.105,8.606,132.3962,-2.1753,-53.5199,0.8203,0.405,-0.1972,0.3525
independent_20260430_203326,trial_001,subject_001,1777552416.363356,1777552416.363356,275207.9734591,12,L_Foot,547,1,-0.8374,-1.2489,10.8336,178.0396,26.4282,27.8931,10.1898,5.1965,-121.7395,0.0037,0.0995,-0.8672,0.4879
independent_20260430_203326,trial_001,subject_001,1777552416.363356,1777552416.363356,275207.9735504,13,R_Femur,548,1,1.5073,9.2306,-0.5168,44.1284,1.0376,12.146,86.9513,-1.8402,-24.4171,0.6749,0.1341,-0.1642,0.7068
independent_20260430_203326,trial_001,subject_001,1777552416.363356,1777552416.363356,275207.9736415,14,R_Tibia,276,1,1.1341,9.1253,-2.3974,29.2358,54.9927,6.8359,103.9471,-3.4717,-171.4856,0.0771,0.7838,-0.6158,0.0219
independent_20260430_203326,trial_001,subject_001,1777552416.364863,1777552416.364863,275207.9737547,9,Trunk,517,1,0.4211,8.843,-1.1724,-1.6479,7.3853,13.7939,90.4285,1.5106,-148.1451,0.1858,0.685,-0.6748,0.2023
independent_20260430_203326,trial_001,subject_001,1777552416.364863,1777552416.364863,275207.9738688,10,L_Femur,505,1,-1.5647,10.6518,-3.0434,-95.459,44.7998,-6.7749,110.7532,-0.1373,-3.5321,0.8225,0.0247,-0.0185,0.5679
independent_20260430_203326,trial_001,subject_001,1777552416.364863,1777552416.364863,275207.9739935,11,L_Tibia,525,1,-0.1627,9.5416,-5.1249,110.5347,37.2925,10.5591,134.0277,-2.6752,-53.1903,0.827,0.4039,-0.194,0.3395
independent_20260430_203326,trial_001,subject_001,1777552416.364863,1777552416.364863,275207.9741149,12,L_Foot,548,1,-0.8853,0.7513,10.6948,204.3457,26.9775,32.0435,13.3209,5.5042,-121.1957,0.0153,0.1243,-0.8616,0.4919
independent_20260430_203326,trial_001,subject_001,1777552416.364863,1777552416.364863,275207.9742135,13,R_Femur,549,1,1.2298,9.1971,-0.914,40.5884,7.2021,10.1929,87.561,-1.9995,-24.3127,0.6789,0.1334,-0.1638,0.7032
independent_20260430_203326,trial_001,subject_001,1777552416.365387,1777552416.365387,275207.9743223,15,R_Foot,271,1,0.7513,0.78,9.9818,7.9346,-2.4414,-0.9766,2.428,-2.9938,-172.7051,0.0274,0.0195,-0.9974,0.063
independent_20260430_203326,trial_001,subject_001,1777552416.365387,1777552416.365387,275207.9744548,9,Trunk,518,1,0.7561,9.1205,-1.0097,0.1221,10.0708,16.9067,90.4175,1.2524,-148.0023,0.1882,0.6843,-0.6751,0.2016
independent_20260430_203326,trial_001,subject_001,1777552416.365387,1777552416.365387,275207.9745875,10,L_Femur,506,1,-3.4453,10.5656,-3.6367,-97.229,13.2446,-10.5591,109.2975,-0.1099,-3.186,0.8153,0.0221,-0.0169,0.5783
independent_20260430_203326,trial_001,subject_001,1777552416.365387,1777552416.365387,275207.9747126,11,L_Tibia,526,1,0.4546,9.7569,-4.9191,105.5908,34.0576,13.3667,135.6317,-3.1696,-52.9431,0.8332,0.4033,-0.1912,0.3265
independent_20260430_203326,trial_001,subject_001,1777552416.365387,1777552416.365387,275207.9748137,12,L_Foot,549,1,-1.359,3.2204,11.1542,187.2559,22.2168,37.5977,16.2268,5.6964,-120.5859,0.0271,0.1468,-0.8553,0.4961
independent_20260430_203326,trial_001,subject_001,1777552416.365387,1777552416.365387,275207.9749063,13,R_Femur,550,1,1.0719,9.6852,-0.6029,36.8652,4.5166,11.4746,88.3026,-2.2302,-24.1809,0.6839,0.1322,-0.1635,0.6986
independent_20260430_203326,trial_001,subject_001,1777552416.365387,1777552416.365387,275207.9750153,14,R_Tibia,277,1,-0.89,9.3693,-3.3065,26.1841,-12.085,13.1836,104.8645,-3.9716,-171.0571,0.0828,0.7881,-0.6096,0.0201
independent_20260430_203326,trial_001,subject_001,1777552416.365387,1777552416.365387,275207.9751307,9,Trunk,519,1,0.7513,9.6804,-1.1245,0.7324,10.437,18.2495,90.4175,0.8789,-147.7936,0.1916,0.6833,-0.6754,0.2006
independent_20260430_203326,trial_001,subject_001,1777552416.365387,1777552416.365387,275207.9752275,10,L_Femur,507,1,-3.3927,10.001,-4.2157,-98.7549,-26.5503,-9.1553,107.3254,0.1758,-3.4332,0.8052,0.025,-0.0165,0.5923
independent_20260430_203326,trial_001,subject_001,1777552416.366395,1777552416.366395,275207.9753178,11,L_Tibia,527,1,0.4211,7.9434,-7.0007,99.9756,25.4517,17.8223,137.6093,-3.8123,-52.7673,0.8401,0.4033,-0.1884,0.3099
independent_20260430_203326,trial_001,subject_001,1777552416.366395,1777552416.366395,275207.9754075,12,L_Foot,550,1,-1.4164,1.6174,10.8384,227.1729,33.1421,55.7251,20.6982,5.9821,-119.4159,0.0462,0.1808,-0.8435,0.5036
independent_20260430_203326,trial_001,subject_001,1777552416.366395,1777552416.366395,275207.9754965,13,R_Femur,551,1,1.1437,10.0153,-0.3445,38.9404,-2.0142,11.7188,88.8739,-2.4115,-24.1754,0.6876,0.1319,-0.1639,0.695
independent_20260430_203326,trial_001,subject_001,1777552416.366395,1777552416.366395,275207.9756051,15,R_Foot,272,1,0.6891,0.7752,10.0201,5.8594,-1.1597,-1.3428,2.6202,-3.0377,-172.7435,0.0279,0.0211,-0.9974,0.0626
independent_20260430_203326,trial_001,subject_001,1777552416.452589,1777552416.452589,275208.0620894,9,Trunk,520,1,0.78,9.8239,-1.0384,0.0,10.7422,16.5405,90.4065,0.6152,-147.6343,0.1941,0.6825,-0.6756,0.2
independent_20260430_203326,trial_001,subject_001,1777552416.452589,1777552416.452589,275208.062242,10,L_Femur,508,1,-2.3064,9.6229,-4.6225,-102.356,-46.0205,-2.9907,105.7928,0.412,-4.021,0.797,0.0301,-0.0183,0.603
independent_20260430_203326,trial_001,subject_001,1777552416.452589,1777552416.452589,275208.0623709,11,L_Tibia,528,1,0.2584,7.6323,-7.2974,87.8906,19.6533,16.1743,138.9771,-4.2078,-52.7344,0.8443,0.4042,-0.1863,0.2985
independent_20260430_203326,trial_001,subject_001,1777552416.4535882,1777552416.4535882,275208.0624965,13,R_Femur,552,1,0.9522,10.2354,-0.3063,39.978,-9.0332,10.8032,89.4672,-2.5873,-24.2853,0.6913,0.1323,-0.1649,0.691
independent_20260430_203326,trial_001,subject_001,1777552416.4535882,1777552416.4535882,275208.0626196,9,Trunk,521,1,0.8613,9.7617,-0.8518,0.3052,9.3384,15.3809,90.3955,0.3735,-147.4915,0.1964,0.6818,-0.6758,0.1995
independent_20260430_203326,trial_001,subject_001,1777552416.4535882,1777552416.4535882,275208.06274,10,L_Femur,509,1,-0.4594,9.9675,-4.7852,-107.9102,-55.481,5.0659,103.6615,0.6262,-5.0757,0.7853,0.0382,-0.0231,0.6176
independent_20260430_203326,trial_001,subject_001,1777552416.4535882,1777552416.4535882,275208.0629068,11,L_Tibia,529,1,-0.0479,7.1586,-7.484,79.7729,5.249,12.8174,140.202,-4.433,-52.8003,0.8475,0.406,-0.1838,0.2885
independent_20260430_203326,trial_001,subject_001,1777552416.4535882,1777552416.4535882,275208.0630058,12,L_Foot,551,1,-1.1771,2.962,9.5847,290.7715,28.9917,66.5283,29.1797,5.9271,-117.3615,0.088,0.2409,-0.8189,0.5135
independent_20260430_203326,trial_001,subject_001,1777552416.4535882,1777552416.4535882,275208.0631028,13,R_Femur,553,1,0.0957,9.9962,-0.311,41.3818,-17.0288,8.9722,90.2911,-2.7905,-24.5654,0.6961,0.134,-0.1669,0.6853
independent_20260430_203326,trial_001,subject_001,1777552416.4535882,1777552416.4535882,275208.0631985,15,R_Foot,273,1,0.3589,0.6364,10.0584,5.3711,-1.9531,0.3052,2.7905,-3.0872,-172.7545,0.0284,0.0226,-0.9974,0.0625
independent_20260430_203326,trial_001,subject_001,1777552416.4535882,1777552416.4535882,275208.0632942,9,Trunk,522,1,0.7369,9.8718,-0.78,0.6104,-0.3052,14.7095,90.39,0.0659,-147.4365,0.1985,0.6812,-0.6763,0.198
independent_20260430_203326,trial_001,subject_001,1777552416.4535882,1777552416.4535882,275208.0633903,11,L_Tibia,530,1,1.0049,7.1107,-7.9864,61.8286,2.6855,8.606,141.5479,-4.5978,-52.8937,0.8506,0.4084,-0.1805,0.2777
independent_20260430_203326,trial_001,subject_001,1777552416.4545875,1777552416.4545875,275208.0634862,12,L_Foot,552,1,-1.5982,5.4646,8.0008,284.729,25.8179,73.1812,35.0903,5.6305,-115.8673,0.1202,0.28,-0.7992,0.5181
independent_20260430_203326,trial_001,subject_001,1777552416.4545875,1777552416.4545875,275208.0635955,13,R_Femur,554,1,-0.268,9.8622,-0.4163,40.2222,-27.5269,7.1411,90.9119,-2.9114,-24.939,0.6995,0.1364,-0.1691,0.6808
independent_20260430_203326,trial_001,subject_001,1777552416.4545875,1777552416.4545875,275208.0636916,14,R_Tibia,278,1,0.5312,9.6947,-2.7993,16.2354,7.2021,9.0942,106.2488,-4.6802,-171.2384,0.0855,0.7951,-0.6003,0.0132
independent_20260430_203326,trial_001,subject_001,1777552416.483135,1777552416.483135,275208.092213,9,Trunk,523,1,0.6173,9.9627,-0.7417,0.7324,-8.1177,13.0005,90.39,-0.1373,-147.5409,0.1991,0.681,-0.6769,0.1961
independent_20260430_203326,trial_001,subject_001,1777552416.483135,1777552416.483135,275208.0923663,10,L_Femur,510,1,0.579,10.0201,-4.2157,-100.4639,-46.3867,0.1221,100.459,0.8459,-6.5753,0.7671,0.0488,-0.031,0.639
independent_20260430_203326,trial_001,subject_001,1777552416.483135,1777552416.483135,275208.0924999,11,L_Tibia,531,1,0.9857,6.3499,-8.197,45.5322,0.1221,10.1929,142.3059,-4.6912,-52.9871,0.8522,0.41,-0.1787,0.2716
independent_20260430_203326,trial_001,subject_001,1777552416.483135,1777552416.483135,275208.0926481,12,L_Foot,553,1,0.4402,2.6893,9.0966,291.8701,48.1567,88.2568,39.5947,5.3723,-114.4611,0.146,0.3083,-0.7817,0.5221
independent_20260430_203326,trial_001,subject_001,1777552416.483135,1777552416.483135,275208.0927647,13,R_Femur,555,1,-0.0813,9.8335,-0.5455,42.0532,-38.3911,7.9956,91.5546,-3.0212,-25.4773,0.7028,0.14,-0.1722,0.6759
independent_20260430_203326,trial_001,subject_001,1777552416.483135,1777552416.483135,275208.0928693,15,R_Foot,274,1,0.646,0.6556,10.068,4.9438,-1.5259,-0.061,2.9663,-3.1586,-172.738,0.0291,0.0241,-0.9973,0.0626
independent_20260430_203326,trial_001,subject_001,1777552416.4841347,1777552416.4841347,275208.0929874,9,Trunk,524,1,0.6604,9.8957,-0.7417,0.7324,-11.8408,12.146,90.39,-0.39,-147.7661,0.1993,0.681,-0.6777,0.1933
independent_20260430_203326,trial_001,subject_001,1777552416.4841347,1777552416.4841347,275208.093104,10,L_Femur,511,1,0.9714,9.8909,-4.254,-93.0176,-38.5742,-4.6997,98.5474,1.0437,-7.3718,0.7559,0.0546,-0.0351,0.6515
independent_20260430_203326,trial_001,subject_001,1777552416.4841347,1777552416.4841347,275208.0932049,11,L_Tibia,532,1,0.957,5.211,-8.063,21.3623,-4.4556,7.2632,142.8717,-4.7406,-53.1409,0.853,0.4119,-0.1773,0.267
independent_20260430_203326,trial_001,subject_001,1777552416.4841347,1777552416.4841347,275208.0933028,12,L_Foot,554,1,-2.9668,-2.5553,28.7731,110.1685,52.063,84.0454,43.5168,5.246,-112.121,0.1715,0.3309,-0.7602,0.5321
independent_20260430_203326,trial_001,subject_001,1777552416.4841347,1777552416.4841347,275208.0933981,13,R_Femur,556,1,0.1771,9.6517,-0.7034,45.9595,-52.124,9.9487,92.4994,-3.186,-26.4386,0.7073,0.1464,-0.1776,0.6683
independent_20260430_203326,trial_001,subject_001,1777552416.4841347,1777552416.4841347,275208.0934955,14,R_Tibia,279,1,0.0861,9.5225,-3.2491,12.085,-12.6343,11.3525,106.6553,-4.9274,-171.4526,0.0853,0.7972,-0.5976,0.0101
independent_20260430_203326,trial_001,subject_001,1777552416.4841347,1777552416.4841347,275208.0936033,9,Trunk,525,1,0.6316,9.8431,-0.7369,0.3662,-11.7798,13.3057,90.3845,-0.5933,-147.9419,0.1994,0.6809,-0.6783,0.1911
independent_20260430_203326,trial_001,subject_001,1777552416.4841347,1777552416.4841347,275208.093703,10,L_Femur,512,1,1.3877,9.9627,-3.8808,-92.7734,-33.7524,-5.9204,97.1521,1.1975,-7.8717,0.7476,0.0584,-0.0376,0.6606
independent_20260430_203326,trial_001,subject_001,1777552416.4841347,1777552416.4841347,275208.093799,11,L_Tibia,533,1,1.6126,5.3307,-7.7615,7.6294,-8.606,5.3711,143.042,-4.7076,-53.2617,0.8529,0.4131,-0.1768,0.2656
independent_20260430_203326,trial_001,subject_001,1777552416.4841347,1777552416.4841347,275208.0938934,12,L_Foot,555,1,-10.6183,3.5362,26.4332,-146.1182,-38.0249,23.0103,42.0337,4.7241,-111.8738,0.1688,0.3184,-0.7644,0.5346
independent_20260430_203326,trial_001,subject_001,1777552416.4851358,1777552416.4851358,275208.0939878,13,R_Femur,557,1,0.4833,9.6995,-0.6604,46.936,-56.1523,9.8877,93.2465,-3.3014,-27.2791,0.7107,0.1521,-0.1822,0.6622
independent_20260430_203326,trial_001,subject_001,1777552416.4851358,1777552416.4851358,275208.094097,15,R_Foot,275,1,0.6508,0.6843,10.0297,5.4932,-1.2817,0.0,3.1476,-3.219,-172.7435,0.0298,0.0256,-0.9973,0.0625
independent_20260430_203326,trial_001,subject_001,1777552416.4851358,1777552416.4851358,275208.0941922,9,Trunk,526,1,0.5312,9.7761,-0.7178,0.1221,-10.9863,14.3433,90.3735,-0.813,-148.1122,0.1997,0.6807,-0.6791,0.1888
independent_20260430_203326,trial_001,subject_001,1777552416.4851358,1777552416.4851358,275208.094286,10,L_Femur,513,1,1.359,9.8718,-3.3257,-84.3506,-29.9683,-8.3008,95.8392,1.3678,-8.3112,0.7396,0.0618,-0.0397,0.669
independent_20260430_203326,trial_001,subject_001,1777552416.4851358,1777552416.4851358,275208.0943801,11,L_Tibia,534,1,1.9858,5.4934,-7.8285,-8.1177,0.6104,1.0376,142.9706,-4.6912,-53.3167,0.8526,0.4135,-0.177,0.2661
independent_20260430_203326,trial_001,subject_001,1777552416.4851358,1777552416.4851358,275208.0944741,12,L_Foot,556,1,-4.9813,-1.0384,17.485,-238.2812,-45.105,-6.958,38.6389,4.2737,-112.3242,0.1549,0.2942,-0.7764,0.5354
independent_20260430_203326,trial_001,subject_001,1777552416.4851358,1777552416.4851358,275208.0945675,13,R_Femur,558,1,1.3351,10.044,-0.7848,44.4336,-51.3916,10.2539,94.2078,-3.4497,-28.3447,0.715,0.1594,-0.188,0.6543
independent_20260430_203326,trial_001,subject_001,1777552416.4851358,1777552416.4851358,275208.0946601,14,R_Tibia,280,1,1.6652,9.5607,-2.4213,8.7891,-7.3853,9.3994,107.0508,-5.1526,-171.9635,0.0829,0.7995,-0.5949,0.0056
independent_20260430_203326,trial_001,subject_001,1777552416.5428748,1777552416.5428748,275208.152711,9,Trunk,527,1,0.5551,9.4985,-0.6556,0.8545,-8.9111,14.4043,90.3735,-1.1041,-148.3044,0.2003,0.6806,-0.6798,0.1859
independent_20260430_203326,trial_001,subject_001,1777552416.5438745,1777552416.5438745,275208.1529087,10,L_Femur,514,1,1.1341,9.4459,-2.8424,-68.5425,-10.2539,-10.8032,94.4,1.593,-8.6023,0.7309,0.0644,-0.0408,0.6782
independent_20260430_203326,trial_001,subject_001,1777552416.5438745,1777552416.5438745,275208.1530974,11,L_Tibia,535,1,2.0815,5.4455,-6.2207,-40.3442,12.6343,-5.0049,142.3499,-4.8175,-53.1244,0.8519,0.4107,-0.1797,0.2706
independent_20260430_203326,trial_001,subject_001,1777552416.5438745,1777552416.5438745,275208.1532805,12,L_Foot,557,1,0.7321,-3.3831,0.2058,-185.4248,-77.2095,-4.6387,34.3927,3.1696,-113.2965,0.1404,0.2614,-0.7932,0.5318
independent_20260430_203326,trial_001,subject_001,1777552416.5438745,1777552416.5438745,275208.1534278,13,R_Femur,559,1,1.7035,9.8957,-0.9714,43.2739,-44.2505,11.2915,94.8999,-3.5651,-29.0314,0.7181,0.1642,-0.1916,0.6486
independent_20260430_203326,trial_001,subject_001,1777552416.5438745,1777552416.5438745,275208.1536627,9,Trunk,528,1,0.6891,9.221,-0.6125,2.6245,-6.7139,15.625,90.3955,-1.3403,-148.4143,0.201,0.6805,-0.6803,0.1838
independent_20260430_203326,trial_001,subject_001,1777552416.5448735,1777552416.5448735,275208.1538348,10,L_Femur,515,1,0.847,9.4124,-2.7706,-63.0493,-2.8687,-10.376,93.4332,1.7523,-8.6462,0.725,0.0653,-0.0406,0.6844
independent_20260430_203326,trial_001,subject_001,1777552416.5448735,1777552416.5448735,275208.1539555,11,L_Tibia,536,1,2.4309,5.9145,-5.2972,-67.9321,20.3247,-12.146,141.3831,-4.9329,-52.8168,0.8508,0.4066,-0.1833,0.2778
independent_20260430_203326,trial_001,subject_001,1777552416.5448735,1777552416.5448735,275208.1540946,12,L_Foot,558,1,0.9427,-0.713,2.9477,-157.0435,-38.3911,-7.2021,31.9867,2.6642,-113.7469,0.1318,0.2429,-0.8013,0.5306
independent_20260430_203326,trial_001,subject_001,1777552416.5448735,1777552416.5448735,275208.1542179,13,R_Femur,560,1,1.7083,9.7139,-1.1102,39.6118,-42.0532,9.2773,95.5426,-3.6639,-29.6741,0.7209,0.1687,-0.1949,0.6433
independent_20260430_203326,trial_001,subject_001,1777552416.5448735,1777552416.5448735,275208.1543433,14,R_Tibia,281,1,0.7608,9.2066,-2.7706,8.728,-8.7891,7.0801,107.3749,-5.3284,-172.2162,0.0821,0.8012,-0.5927,0.0028
independent_20260430_203326,trial_001,subject_001,1777552416.5448735,1777552416.5448735,275208.1544442,9,Trunk,529,1,0.89,9.0966,-0.5264,5.5542,-5.9204,16.2354,90.4559,-1.593,-148.5077,0.2021,0.6806,-0.6805,0.1816
independent_20260430_203326,trial_001,subject_001,1777552416.6233635,1777552416.6233635,275208.2325799,10,L_Femur,516,1,0.6795,9.087,-2.7658,-56.9458,-6.1035,-7.8735,92.2632,1.9226,-8.7286,0.7179,0.0664,-0.0407,0.6918
independent_20260430_203326,trial_001,subject_001,1777552416.6233635,1777552416.6233635,275208.2327294,11,L_Tibia,537,1,2.5361,6.058,-5.5651,-90.9424,24.8413,-20.6299,140.0482,-5.0372,-52.3608,0.8492,0.4008,-0.1876,0.2881
independent_20260430_203326,trial_001,subject_001,1777552416.6233635,1777552416.6233635,275208.2328643,12,L_Foot,559,1,-2.6749,0.3876,6.436,-150.2075,-48.1567,-16.7236,29.7125,2.1918,-114.2963,0.1235,0.2254,-0.8092,0.5284
independent_20260430_203326,trial_001,subject_001,1777552416.6233635,1777552416.6233635,275208.2329924,13,R_Femur,561,1,1.5839,9.4698,-1.4738,35.3394,-32.4097,5.127,96.2897,-3.7299,-30.3772,0.7241,0.1741,-0.1981,0.6372
independent_20260430_203326,trial_001,subject_001,1777552416.6233635,1777552416.6233635,275208.2331016,15,R_Foot,276,1,0.6747,0.9618,10.001,2.8687,-0.9155,-0.6104,3.4277,-3.2904,-172.7545,0.0305,0.028,-0.9972,0.0623
independent_20260430_203326,trial_001,subject_001,1777552416.6243637,1777552416.6243637,275208.2332246,10,L_Femur,517,1,0.5264,8.9195,-2.6175,-54.5654,-10.8643,-6.5918,91.4337,2.0325,-8.8715,0.7127,0.0677,-0.0413,0.697
independent_20260430_203326,trial_001,subject_001,1777552416.6243637,1777552416.6243637,275208.2333314,12,L_Foot,560,1,-1.1724,0.2919,7.9099,-163.8184,-20.0806,-21.5454,26.5155,1.8896,-114.939,0.1098,0.202,-0.8185,0.5265
independent_20260430_203326,trial_001,subject_001,1777552416.6243637,1777552416.6243637,275208.2334493,13,R_Femur,562,1,1.4451,9.1349,-1.6222,37.9028,-26.8555,2.5024,96.8719,-3.7354,-30.7892,0.7267,0.1777,-0.1995,0.6328
independent_20260430_203326,trial_001,subject_001,1777552416.6243637,1777552416.6243637,275208.2335713,14,R_Tibia,282,1,0.9331,9.1444,-3.1534,5.249,-9.7656,6.1035,107.6385,-5.4492,-172.5787,0.0802,0.8027,-0.5909,-0.0001
independent_20260430_203326,trial_001,subject_001,1777552416.6243637,1777552416.6243637,275208.2336925,9,Trunk,530,1,1.5456,9.1301,-0.2775,6.5918,-0.2441,14.2212,90.6482,-2.1368,-148.6011,0.205,0.6809,-0.6803,0.1775
independent_20260430_203326,trial_001,subject_001,1777552416.6243637,1777552416.6243637,275208.233813,11,L_Tibia,538,1,1.2298,6.5987,-6.2973,-128.54,2.0142,-27.771,135.9174,-4.8175,-51.2952,0.8417,0.3866,-0.1974,0.3211
independent_20260430_203326,trial_001,subject_001,1777552416.6243637,1777552416.6243637,275208.2339144,12,L_Foot,561,1,-1.5935,0.2105,8.5798,-170.2271,-4.5776,-23.9868,23.9777,1.9446,-115.307,0.0971,0.1843,-0.8244,0.5263
independent_20260430_203326,trial_001,subject_001,1777552416.6243637,1777552416.6243637,275208.2340112,13,R_Femur,563,1,1.4021,9.3454,-1.6413,37.9028,-20.2637,-0.1221,97.4542,-3.7079,-31.1023,0.7294,0.1808,-0.2002,0.6286
independent_20260430_203326,trial_001,subject_001,1777552416.6243637,1777552416.6243637,275208.2341198,15,R_Foot,277,1,0.5886,0.8661,9.8191,2.4414,-0.4883,-0.6714,3.4991,-3.3124,-172.7765,0.0308,0.0286,-0.9972,0.0621
independent_20260430_203326,trial_001,subject_001,1777552416.6243637,1777552416.6243637,275208.2342134,9,Trunk,531,1,1.5552,9.2162,-0.1723,8.5449,4.6387,12.5122,90.791,-2.4115,-148.5352,0.2072,0.6811,-0.6798,0.1759
independent_20260430_203326,trial_001,subject_001,1777552416.6243637,1777552416.6243637,275208.2343061,10,L_Femur,518,1,0.0766,9.0966,-1.8854,-54.0161,-17.7002,-1.5869,89.4891,2.1478,-9.4043,0.7004,0.071,-0.0451,0.7088
independent_20260430_203326,trial_001,subject_001,1777552416.6243637,1777552416.6243637,275208.2344334,11,L_Tibia,539,1,1.7418,6.8236,-7.0438,-143.9819,-13.3057,-26.3062,133.1049,-4.3011,-51.059,0.8337,0.3816,-0.2024,0.344
independent_20260430_203326,trial_001,subject_001,1777552416.6243637,1777552416.6243637,275208.2346069,12,L_Foot,562,1,-1.3925,1.3973,10.8145,-180.2368,27.2217,-25.1465,20.4456,2.4664,-115.6421,0.0766,0.1615,-0.8307,0.5272
independent_20260430_203326,trial_001,subject_001,1777552416.6258717,1777552416.6258717,275208.2347949,13,R_Femur,564,1,1.0527,9.599,-1.5839,42.1753,-14.1602,-2.0142,98.2947,-3.653,-31.3989,0.7334,0.1845,-0.2001,0.6229
independent_20260430_203326,trial_001,subject_001,1777552416.6258717,1777552416.6258717,275208.2349434,14,R_Tibia,283,1,0.7943,9.4124,-2.9668,2.6855,-2.9297,5.0049,107.7484,-5.5536,-172.7435,0.0796,0.8034,-0.5902,-0.0018
independent_20260430_203326,trial_001,subject_001,1777552416.6258717,1777552416.6258717,275208.2350891,9,Trunk,532,1,1.3829,9.3885,-0.1053,8.606,5.0659,11.9629,90.9009,-2.5983,-148.4583,0.2089,0.6813,-0.6793,0.1751
independent_20260430_203326,trial_001,subject_001,1777552416.6258717,1777552416.6258717,275208.2352438,10,L_Femur,519,1,-0.0957,8.886,-1.7322,-48.584,-20.813,0.4883,88.7256,2.1423,-9.7009,0.6954,0.0724,-0.0474,0.7133
independent_20260430_203326,trial_001,subject_001,1777552416.673193,1777552416.673193,275208.2824206,11,L_Tibia,540,1,1.8279,6.972,-6.8093,-156.1279,-16.7236,-25.2686,130.8087,-3.8452,-50.9875,0.8263,0.3785,-0.2066,0.3623
independent_20260430_203326,trial_001,subject_001,1777552416.673193,1777552416.673193,275208.2825604,12,L_Foot,563,1,-0.847,1.8901,11.1255,-185.3638,44.9219,-24.7803,17.677,3.1915,-115.7904,0.0583,0.1447,-0.8344,0.5286
independent_20260430_203326,trial_001,subject_001,1777552416.673193,1777552416.673193,275208.28267,13,R_Femur,565,1,1.024,9.7761,-1.3877,40.5884,-8.9111,-2.1973,98.9099,-3.6035,-31.5308,0.7365,0.1867,-0.1995,0.6188
independent_20260430_203326,trial_001,subject_001,1777552416.673193,1777552416.673193,275208.2827705,15,R_Foot,278,1,0.6269,0.7991,10.0775,1.0986,-0.8545,-0.1831,3.5486,-3.3398,-172.782,0.031,0.0291,-0.9972,0.062
independent_20260430_203326,trial_001,subject_001,1777552416.673193,1777552416.673193,275208.2829011,9,Trunk,533,1,1.1341,9.5272,-0.0909,9.8877,3.0518,12.0239,91.0272,-2.7905,-148.4088,0.2106,0.6816,-0.6788,0.174
independent_20260430_203326,trial_001,subject_001,1777552416.6741974,1777552416.6741974,275208.2830546,10,L_Femur,520,1,-0.0479,8.7855,-1.6365,-41.1987,-21.7285,0.9155,88.0719,2.1149,-10.0195,0.6912,0.0739,-0.05,0.7172
independent_20260430_203326,trial_001,subject_001,1777552416.6741974,1777552416.6741974,275208.2832039,12,L_Foot,564,1,-0.3732,1.7035,9.7761,-179.1382,49.1943,-23.8037,14.9689,3.999,-115.9332,0.0397,0.1287,-0.8376,0.5294
independent_20260430_203326,trial_001,subject_001,1777552416.6741974,1777552416.6741974,275208.2833268,13,R_Femur,566,1,0.9666,9.6708,-1.3207,40.7715,-8.3618,-1.8311,99.7174,-3.5541,-31.6681,0.7406,0.1893,-0.1986,0.6134
independent_20260430_203326,trial_001,subject_001,1777552416.6741974,1777552416.6741974,275208.2834754,14,R_Tibia,284,1,0.9666,9.3358,-2.6271,0.5493,-1.0986,4.3945,107.8033,-5.6744,-172.8369,0.0795,0.8036,-0.5898,-0.0032
independent_20260430_203326,trial_001,subject_001,1777552416.6741974,1777552416.6741974,275208.28361,9,Trunk,534,1,0.957,9.556,-0.2728,11.7798,3.1128,11.2915,91.236,-3.0322,-148.3539,0.2126,0.6823,-0.6779,0.1725
independent_20260430_203326,trial_001,subject_001,1777552416.6741974,1777552416.6741974,275208.2837644,10,L_Femur,521,1,0.134,8.9913,-1.2872,-33.9355,-17.8223,0.0,87.3413,2.0929,-10.3986,0.6864,0.0757,-0.053,0.7214
independent_20260430_203326,trial_001,subject_001,1777552416.6741974,1777552416.6741974,275208.2839023,11,L_Tibia,541,1,1.6987,8.0343,-6.838,-175.6592,-4.2725,-26.9775,124.8926,-2.8949,-50.6964,0.806,0.3689,-0.2182,0.4083
independent_20260430_203326,trial_001,subject_001,1777552416.6741974,1777552416.6741974,275208.2840295,12,L_Foot,565,1,-1.1867,1.9954,11.0394,-164.4897,40.7104,-31.4331,11.5961,4.9823,-116.3013,0.0165,0.1085,-0.842,0.5282
independent_20260430_203326,trial_001,subject_001,1777552416.6751952,1777552416.6751952,275208.28413,13,R_Femur,567,1,0.847,9.4315,-1.3686,42.1143,-9.8267,-2.1362,100.3491,-3.5101,-31.7999,0.7436,0.1914,-0.198,0.6092
independent_20260430_203326,trial_001,subject_001,1777552416.6751952,1777552416.6751952,275208.2842227,15,R_Foot,279,1,0.6556,0.7561,9.9723,-0.8545,-0.5493,0.0,3.5431,-3.3618,-172.782,0.0312,0.029,-0.9972,0.062
independent_20260430_203326,trial_001,subject_001,1777552416.6751952,1777552416.6751952,275208.284314,9,Trunk,535,1,0.914,9.5177,-0.4498,11.1084,2.1362,11.1084,91.3898,-3.2025,-148.3209,0.214,0.6829,-0.6772,0.1713
independent_20260430_203326,trial_001,subject_001,1777552416.6751952,1777552416.6751952,275208.284405,11,L_Tibia,542,1,1.3207,8.2113,-6.5748,-180.0537,-0.061,-30.5176,122.1954,-2.5104,-50.4657,0.7962,0.3635,-0.2233,0.4289
independent_20260430_203326,trial_001,subject_001,1777552416.6751952,1777552416.6751952,275208.2844947,12,L_Foot,566,1,-1.1341,2.7706,12.8864,-162.5977,25.0854,-31.7383,9.1296,5.4987,-116.7023,0.001,0.0928,-0.8456,0.5257
independent_20260430_203326,trial_001,subject_001,1777552416.6751952,1777552416.6751952,275208.2845853,13,R_Femur,568,1,0.8183,9.4268,-1.3494,42.1753,-10.437,-2.5635,100.9808,-3.4552,-31.9318,0.7467,0.1937,-0.1973,0.605
independent_20260430_203326,trial_001,subject_001,1777552416.6751952,1777552416.6751952,275208.2846747,14,R_Tibia,285,1,1.1054,9.2736,-2.3112,0.6104,-1.0376,3.2959,106.5125,-5.3558,-172.7106,0.0788,0.797,-0.5988,0.0006
independent_20260430_203326,trial_001,subject_001,1777552416.6751952,1777552416.6751952,275208.2847845,9,Trunk,536,1,0.8948,9.5177,-0.4929,10.1929,0.9766,10.498,91.5326,-3.3728,-148.3099,0.2153,0.6834,-0.6765,0.1701
independent_20260430_203326,trial_001,subject_001,1777552416.6751952,1777552416.6751952,275208.2849011,11,L_Tibia,543,1,1.1867,8.4793,-6.1681,-182.373,0.1221,-33.1421,119.4598,-2.0874,-50.2185,0.7858,0.3581,-0.2281,0.4497
independent_20260430_203326,trial_001,subject_001,1777552416.6751952,1777552416.6751952,275208.2850124,12,L_Foot,567,1,-0.1148,2.9572,12.6567,-159.668,12.085,-21.6064,6.7072,5.7623,-117.0319,-0.0123,0.076,-0.8487,0.5232
independent_20260430_203326,trial_001,subject_001,1777552416.7830565,1777552416.7830565,275208.3925513,15,R_Foot,280,1,0.6412,0.6604,10.0105,-1.3428,-0.2441,-0.1831,3.8287,-3.4442,-172.7325,0.0321,0.0314,-0.997,0.0623
independent_20260430_203326,trial_001,subject_001,1777552416.7830565,1777552416.7830565,275208.3927745,9,Trunk,537,1,0.914,9.5942,-0.4594,9.5825,1.5259,8.7891,91.7029,-3.5706,-148.2825,0.2169,0.684,-0.6758,0.1687
independent_20260430_203326,trial_001,subject_001,1777552416.7840576,1777552416.7840576,275208.3930018,10,L_Femur,522,1,0.2536,9.0583,0.0526,-27.1606,-7.6294,-3.6011,85.8746,2.1753,-11.0083,0.6766,0.0792,-0.0573,0.7298
independent_20260430_203326,trial_001,subject_001,1777552416.7840576,1777552416.7840576,275208.3931745,11,L_Tibia,544,1,1.1245,8.6324,-5.7422,-178.6499,0.6714,-36.3159,115.8563,-1.4502,-49.8834,0.7711,0.3512,-0.2336,0.4769
independent_20260430_203326,trial_001,subject_001,1777552416.7840576,1777552416.7840576,275208.3933611,12,L_Foot,568,1,-0.0813,3.1726,12.4701,-155.0293,12.0239,-5.127,3.5815,6.0205,-117.2021,-0.0285,0.054,-0.8511,0.5214
independent_20260430_203326,trial_001,subject_001,1777552416.7840576,1777552416.7840576,275208.3935529,13,R_Femur,569,1,0.8326,9.8718,-1.4882,33.4473,-8.4229,-1.0986,102.2662,-3.3289,-32.2339,0.7527,0.1985,-0.1959,0.5963
independent_20260430_203326,trial_001,subject_001,1777552416.7840576,1777552416.7840576,275208.3937648,14,R_Tibia,286,1,1.0719,9.3167,-2.4165,0.7324,1.4648,1.9531,106.2982,-5.3448,-172.6556,0.0791,0.7959,-0.6002,0.0011
independent_20260430_203326,trial_001,subject_001,1777552416.7850573,1777552416.7850573,275208.3939824,9,Trunk,538,1,0.9044,9.5225,-0.3541,9.2773,0.0,8.2397,91.8292,-3.7024,-148.2825,0.2178,0.6845,-0.6752,0.1677
independent_20260430_203326,trial_001,subject_001,1777552416.7850573,1777552416.7850573,275208.3941345,10,L_Femur,523,1,0.3206,9.0535,0.4163,-26.3672,-2.4414,-3.6011,85.4736,2.2247,-11.0577,0.674,0.0796,-0.0576,0.7322
independent_20260430_203326,trial_001,subject_001,1777552416.7850573,1777552416.7850573,275208.3943158,11,L_Tibia,545,1,1.3016,8.8143,-5.5747,-175.6592,2.3804,-37.5977,113.2141,-0.9503,-49.6252,0.7597,0.3462,-0.2372,0.4966
independent_20260430_203326,trial_001,subject_001,1777552416.7850573,1777552416.7850573,275208.3945217,12,L_Foot,569,1,-0.8374,3.1678,11.939,-147.522,10.0098,3.7231,1.3568,6.1853,-117.1637,-0.0399,0.0382,-0.8518,0.521
independent_20260430_203326,trial_001,subject_001,1777552416.7850573,1777552416.7850573,275208.394708,13,R_Femur,570,1,0.6125,9.5225,-1.5408,33.8745,-11.0474,-0.1221,102.7771,-3.3069,-32.3767,0.7551,0.2005,-0.1956,0.5928
independent_20260430_203326,trial_001,subject_001,1777552416.7850573,1777552416.7850573,275208.3948528,15,R_Foot,281,1,0.6221,0.78,9.8479,-1.2207,-0.1221,-0.3052,3.8397,-3.4442,-172.7325,0.0321,0.0315,-0.997,0.0623
independent_20260430_203326,trial_001,subject_001,1777552416.7860568,1777552416.7860568,275208.3950592,9,Trunk,539,1,0.8757,9.3071,-0.2345,10.2539,-2.3193,7.3853,92.0105,-3.8617,-148.3209,0.2188,0.6853,-0.6745,0.1662
independent_20260430_203326,trial_001,subject_001,1777552416.7860568,1777552416.7860568,275208.3952311,10,L_Femur,524,1,0.2632,8.8908,0.5742,-21.9116,4.3945,-3.2349,85.0012,2.2906,-11.0028,0.6709,0.0794,-0.0572,0.735
independent_20260430_203326,trial_001,subject_001,1777552416.8130572,1777552416.8130572,275208.4224451,11,L_Tibia,546,1,1.0097,9.1157,-5.0148,-172.3633,2.0142,-39.0625,109.7479,-0.2362,-49.2957,0.7439,0.34,-0.2415,0.5222
independent_20260430_203326,trial_001,subject_001,1777552416.8130572,1777552416.8130572,275208.4226668,12,L_Foot,570,1,-1.9332,3.3353,11.8385,-136.5356,1.4038,5.6763,-1.3568,6.3062,-117.0538,-0.0531,0.0186,-0.8519,0.5207
independent_20260430_203326,trial_001,subject_001,1777552416.8130572,1777552416.8130572,275208.4228368,13,R_Femur,571,1,0.311,9.6756,-1.3973,32.959,-13.6719,-1.5869,103.4528,-3.2355,-32.6129,0.7581,0.2036,-0.1951,0.588
independent_20260430_203326,trial_001,subject_001,1777552416.8140593,1777552416.8140593,275208.4230182,14,R_Tibia,287,1,0.6747,9.3406,-1.9715,3.479,-0.8545,1.8311,106.3147,-5.3668,-172.6337,0.0794,0.796,-0.6001,0.0011
independent_20260430_203326,trial_001,subject_001,1777552416.8140593,1777552416.8140593,275208.4231903,9,Trunk,540,1,0.8326,9.3837,-0.0909,10.5591,-3.8452,6.0425,92.1588,-3.9661,-148.3759,0.2192,0.6861,-0.6738,0.1649
independent_20260430_203326,trial_001,subject_001,1777552416.8140593,1777552416.8140593,275208.4233688,10,L_Femur,525,1,0.0718,8.7951,0.4977,-17.334,6.7139,-3.0518,84.7321,2.3456,-10.9094,0.6692,0.0791,-0.0565,0.7367
independent_20260430_203326,trial_001,subject_001,1777552416.8140593,1777552416.8140593,275208.4235466,11,L_Tibia,547,1,0.6364,9.3167,-4.6464,-173.2788,-1.8311,-39.917,107.1606,0.3296,-49.1089,0.7312,0.3359,-0.2446,0.541
independent_20260430_203326,trial_001,subject_001,1777552416.8140593,1777552416.8140593,275208.423724,12,L_Foot,571,1,-2.0959,1.5456,11.5896,-126.4038,5.127,-1.4648,-3.2959,6.3776,-117.0593,-0.0624,0.0045,-0.8521,0.5197
independent_20260430_203326,trial_001,subject_001,1777552416.8140593,1777552416.8140593,275208.4238898,13,R_Femur,572,1,0.2201,9.8574,-1.2824,27.2827,-16.2964,-1.0376,103.8867,-3.175,-32.8326,0.7598,0.2061,-0.1951,0.5849
independent_20260430_203326,trial_001,subject_001,1777552416.815059,1777552416.815059,275208.4240333,15,R_Foot,282,1,0.5742,0.8661,9.9723,0.1831,-0.3052,-0.3052,3.8287,-3.4607,-172.738,0.0322,0.0314,-0.997,0.0623
independent_20260430_203326,trial_001,subject_001,1777552416.815059,1777552416.815059,275208.4241769,12,L_Foot,572,1,-2.4165,1.6365,11.0441,-104.4922,-7.0801,-5.4932,-4.9109,6.3171,-117.1307,-0.0693,-0.0078,-0.8524,0.5182
independent_20260430_203326,trial_001,subject_001,1777552416.815059,1777552416.815059,275208.4243451,13,R_Femur,573,1,0.2584,9.4938,-1.3016,25.5737,-21.5454,1.1597,104.4031,-3.1036,-33.2062,0.7617,0.2098,-0.1956,0.581
independent_20260430_203326,trial_001,subject_001,1777552416.815059,1777552416.815059,275208.4244927,14,R_Tibia,288,1,1.1676,9.2114,-2.1916,8.9111,-0.1831,0.2441,106.5729,-5.3723,-172.6611,0.0792,0.7973,-0.5983,0.0007
independent_20260430_203326,trial_001,subject_001,1777552416.8930802,1777552416.8930802,275208.5024591,9,Trunk,541,1,1.0049,9.5225,0.0096,10.437,-6.897,4.5166,92.4939,-4.1473,-148.5956,0.2195,0.6881,-0.6724,0.1619
independent_20260430_203326,trial_001,subject_001,1777552416.893635,1777552416.893635,275208.5027391,10,L_Femur,526,1,-0.6651,8.6563,0.3015,-8.1787,1.4038,-3.1738,84.3256,2.4609,-10.7391,0.6667,0.0786,-0.055,0.7392
independent_20260430_203326,trial_001,subject_001,1777552416.893635,1777552416.893635,275208.5029841,12,L_Foot,573,1,-2.0768,2.9716,11.7906,-95.6421,2.2583,-17.8833,-6.861,6.2952,-117.4164,-0.0779,-0.0226,-0.8534,0.5149
independent_20260430_203326,trial_001,subject_001,1777552416.894175,1777552416.894175,275208.5032209,13,R_Femur,574,1,0.5024,9.4172,-1.3973,26.9775,-24.9023,1.4038,104.8206,-3.0432,-33.5577,0.7631,0.2132,-0.1962,0.5778
independent_20260430_203326,trial_001,subject_001,1777552416.894175,1777552416.894175,275208.503445,15,R_Foot,283,1,0.6699,0.8087,9.9053,0.7935,-0.1831,-0.6714,3.8287,-3.4662,-172.7545,0.0323,0.0314,-0.9971,0.0621
independent_20260430_203326,trial_001,subject_001,1777552416.894712,1777552416.894712,275208.5036977,10,L_Femur,527,1,-0.823,8.6372,0.2201,-4.5166,-4.8218,-2.6245,84.2432,2.4939,-10.7941,0.6661,0.0791,-0.0552,0.7396
independent_20260430_203326,trial_001,subject_001,1777552416.894712,1777552416.894712,275208.5039383,12,L_Foot,574,1,-1.7562,2.2586,11.7523,-91.1255,-3.9673,-24.9634,-8.2672,6.2183,-117.7734,-0.0835,-0.0337,-0.8547,0.5113
independent_20260430_203326,trial_001,subject_001,1777552416.8952425,1777552416.8952425,275208.5041732,13,R_Femur,575,1,0.6508,9.5177,-1.6174,27.6489,-22.7051,1.3428,105.2435,-2.9828,-33.8928,0.7645,0.2164,-0.1967,0.5745
independent_20260430_203326,trial_001,subject_001,1777552416.8952425,1777552416.8952425,275208.5044075,14,R_Tibia,289,1,0.78,9.2019,-2.6988,11.5967,-0.1221,-0.3052,106.9354,-5.3448,-172.6447,0.0792,0.7992,-0.5958,0.0008
independent_20260430_203326,trial_001,subject_001,1777552416.8957794,1777552416.8957794,275208.5046417,10,L_Femur,528,1,-0.8326,8.6563,0.2488,-1.2207,-11.9019,-1.2817,84.1937,2.5104,-10.9918,0.6656,0.0804,-0.0564,0.7398
independent_20260430_203326,trial_001,subject_001,1777552416.8957794,1777552416.8957794,275208.5048741,11,L_Tibia,548,1,0.0526,9.0344,-2.7754,-160.5225,-17.395,-28.8696,96.3007,2.5763,-49.1144,0.6711,0.3231,-0.262,0.6136
independent_20260430_203326,trial_001,subject_001,1777552416.8957794,1777552416.8957794,275208.5051087,12,L_Foot,575,1,-1.4978,2.1964,11.5035,-82.8857,-16.4185,-27.71,-9.5636,5.9491,-118.1525,-0.0871,-0.0448,-0.8559,0.5077
independent_20260430_203326,trial_001,subject_001,1777552416.8963141,1777552416.8963141,275208.5053408,13,R_Femur,576,1,0.5599,9.3406,-1.8614,32.4707,-21.2402,0.5493,105.8752,-2.8949,-34.3048,0.7667,0.2207,-0.1969,0.5698
independent_20260430_203326,trial_001,subject_001,1777552416.8963141,1777552416.8963141,275208.5055766,15,R_Foot,284,1,0.6077,0.6604,9.9866,-0.1831,-0.4272,-0.5493,3.8123,-3.4772,-172.7655,0.0324,0.0313,-0.9971,0.062
independent_20260430_203326,trial_001,subject_001,1777552416.8968484,1777552416.8968484,275208.5058209,9,Trunk,542,1,1.0814,9.6373,0.0718,6.1035,-10.0098,1.2817,92.8894,-4.2902,-149.046,0.2181,0.6911,-0.6708,0.1576
independent_20260430_203326,trial_001,subject_001,1777552416.8968484,1777552416.8968484,275208.5060515,10,L_Femur,529,1,-0.7656,8.6468,0.5312,-0.5493,-15.625,0.7935,84.1718,2.4774,-11.2061,0.6653,0.0814,-0.058,0.7398
independent_20260430_203326,trial_001,subject_001,1777552416.8973937,1777552416.8973937,275208.5062823,11,L_Tibia,549,1,0.1531,9.1301,-2.3495,-150.2686,-26.4893,-25.2686,93.23,3.1476,-49.5483,0.6517,0.3216,-0.2696,0.6318
independent_20260430_203326,trial_001,subject_001,1777552416.8973937,1777552416.8973937,275208.5065027,12,L_Foot,576,1,-1.0001,2.6318,11.2403,-71.0449,-28.5034,-27.6489,-11.0852,5.3503,-118.6194,-0.0892,-0.0593,-0.8573,0.5036
independent_20260430_203326,trial_001,subject_001,1777552416.8973937,1777552416.8973937,275208.5067345,13,R_Femur,577,1,0.7226,9.4938,-1.8566,32.5928,-18.9209,-0.1831,106.3751,-2.8235,-34.5795,0.7686,0.2238,-0.1969,0.5661
independent_20260430_203326,trial_001,subject_001,1777552416.8979242,1777552416.8979242,275208.506968,14,R_Tibia,290,1,1.024,9.3119,-2.1055,12.3291,-4.0894,-0.4272,107.3529,-5.2899,-172.738,0.0782,0.8015,-0.5929,0.0004
independent_20260430_203326,trial_001,subject_001,1777552416.8979242,1777552416.8979242,275208.5072089,9,Trunk,543,1,1.0671,9.5416,0.0622,5.127,-9.1553,0.0,92.9663,-4.2957,-149.1833,0.2174,0.6918,-0.6706,0.1566
independent_20260430_203326,trial_001,subject_001,1777552416.8984542,1777552416.8984542,275208.5074379,10,L_Femur,530,1,-0.6795,8.7329,0.9331,-0.1221,-20.0806,3.2349,84.1553,2.406,-11.4807,0.6651,0.0825,-0.0602,0.7398
independent_20260430_203326,trial_001,subject_001,1777552416.8984542,1777552416.8984542,275208.5076729,11,L_Tibia,550,1,0.378,9.1731,-1.9428,-143.3716,-29.6631,-22.644,91.0382,3.5211,-49.9658,0.6373,0.3207,-0.2759,0.6441
independent_20260430_203326,trial_001,subject_001,1777552416.8989923,1777552416.8989923,275208.5079292,12,L_Foot,577,1,-0.5024,3.0003,10.7666,-63.2324,-27.2217,-25.5127,-12.074,4.8669,-118.9215,-0.0898,-0.069,-0.858,0.501
independent_20260430_203326,trial_001,subject_001,1777552416.8989923,1777552416.8989923,275208.5081601,13,R_Femur,578,1,0.9283,9.6899,-1.7753,28.0762,-15.1978,-0.3052,106.8146,-2.7576,-34.7992,0.7702,0.2263,-0.1966,0.5629
independent_20260430_203326,trial_001,subject_001,1777552416.9530463,1777552416.9530463,275208.5624235,15,R_Foot,285,1,0.6843,0.6556,9.9244,0.8545,-0.061,-0.7935,3.8342,-3.4827,-172.771,0.0324,0.0315,-0.9971,0.062
independent_20260430_203326,trial_001,subject_001,1777552416.9833953,1777552416.9833953,275208.5927279,9,Trunk,544,1,1.091,9.5033,0.1436,3.0518,-8.4229,-1.4038,93.0322,-4.2792,-149.3536,0.2164,0.6925,-0.6704,0.1556
independent_20260430_203326,trial_001,subject_001,1777552416.9833953,1777552416.9833953,275208.592933,10,L_Femur,531,1,-0.3541,8.9052,1.3446,2.2583,-23.0713,4.8828,84.1663,2.2687,-11.9202,0.6649,0.0842,-0.0639,0.7394
independent_20260430_203326,trial_001,subject_001,1777552416.9833953,1777552416.9833953,275208.593098,11,L_Tibia,551,1,0.5838,8.8573,-1.1149,-129.3335,-27.0996,-20.813,88.3411,3.9496,-50.5316,0.6192,0.3196,-0.2842,0.6585
independent_20260430_203326,trial_001,subject_001,1777552416.9833953,1777552416.9833953,275208.5932313,12,L_Foot,578,1,-0.201,3.4932,10.3503,-54.5654,-18.0054,-21.3013,-13.222,4.3726,-119.2786,-0.0908,-0.0801,-0.8587,0.4979
independent_20260430_203326,trial_001,subject_001,1777552416.9844043,1777552416.9844043,275208.5933696,13,R_Femur,579,1,1.1006,9.6804,-1.7849,19.8364,-7.9346,-0.4883,107.254,-2.7136,-34.975,0.772,0.2285,-0.1963,0.5597
independent_20260430_203326,trial_001,subject_001,1777552416.9844043,1777552416.9844043,275208.593472,14,R_Tibia,291,1,1.1963,9.3406,-2.072,15.0757,-0.5493,-2.2583,107.7924,-5.2075,-172.793,0.0774,0.8038,-0.5898,0.0004
independent_20260430_203326,trial_001,subject_001,1777552416.9844043,1777552416.9844043,275208.5935678,9,Trunk,545,1,1.1915,9.4268,0.2536,3.6011,-8.4229,-2.1362,93.0817,-4.2462,-149.4745,0.2155,0.6931,-0.6702,0.155
independent_20260430_203326,trial_001,subject_001,1777552416.9844043,1777552416.9844043,275208.5936839,10,L_Femur,532,1,-0.0766,8.953,1.5743,4.5166,-22.3389,5.4932,84.2157,2.1533,-12.2443,0.6651,0.0854,-0.0666,0.7389
independent_20260430_203326,trial_001,subject_001,1777552416.9844043,1777552416.9844043,275208.5938281,11,L_Tibia,552,1,0.5312,8.709,-0.5742,-116.7603,-24.353,-20.3247,86.5283,4.2462,-50.9216,0.6068,0.3188,-0.2899,0.6679
independent_20260430_203326,trial_001,subject_001,1777552416.9844043,1777552416.9844043,275208.5939591,12,L_Foot,579,1,-0.3254,3.8808,10.1972,-50.1099,-13.4277,-18.4326,-13.9911,4.1034,-119.5093,-0.092,-0.0872,-0.8591,0.4959
independent_20260430_203326,trial_001,subject_001,1777552416.9844043,1777552416.9844043,275208.5940685,13,R_Femur,580,1,0.9331,9.3263,-1.871,21.8506,-7.0801,-1.0376,107.5671,-2.6752,-35.0684,0.7733,0.2298,-0.1959,0.5576
independent_20260430_203326,trial_001,subject_001,1777552416.9844043,1777552416.9844043,275208.5941615,15,R_Foot,286,1,0.5934,0.7704,9.934,1.9531,-0.1831,-0.6104,3.8397,-3.4882,-172.771,0.0325,0.0315,-0.9971,0.062
independent_20260430_203326,trial_001,subject_001,1777552416.985402,1777552416.985402,275208.5942527,9,Trunk,546,1,1.2729,9.4028,0.2967,4.2114,-8.9722,-2.8687,93.1366,-4.2078,-149.6063,0.2146,0.6937,-0.67,0.1544
independent_20260430_203326,trial_001,subject_001,1777552416.985402,1777552416.985402,275208.5943438,10,L_Femur,533,1,0.1531,9.0966,1.9093,5.3711,-20.9961,5.3711,84.3036,1.9995,-12.6508,0.6655,0.0868,-0.07,0.738
independent_20260430_203326,trial_001,subject_001,1777552416.985402,1777552416.985402,275208.5944338,11,L_Tibia,553,1,0.335,8.5894,-0.4929,-103.2715,-25.3296,-18.3105,84.9133,4.5044,-51.3171,0.5954,0.3182,-0.2953,0.676
independent_20260430_203326,trial_001,subject_001,1777552416.985402,1777552416.985402,275208.594524,12,L_Foot,580,1,-0.4594,4.0961,9.9148,-47.9126,-11.9629,-17.8223,-14.7162,3.8617,-119.729,-0.0932,-0.0939,-0.8594,0.4939
independent_20260430_203326,trial_001,subject_001,1777552416.985402,1777552416.985402,275208.5946154,13,R_Femur,581,1,0.5646,9.3023,-1.8327,26.9775,-2.5635,-3.54,108.0835,-2.6147,-35.1123,0.7756,0.2313,-0.1947,0.5541
independent_20260430_203326,trial_001,subject_001,1777552416.985402,1777552416.985402,275208.5947058,9,Trunk,547,1,1.2346,9.4938,0.2105,4.1504,-9.0942,-4.3335,93.2135,-4.1309,-149.7821,0.2132,0.6946,-0.6696,0.1537
independent_20260430_203326,trial_001,subject_001,1777552416.985402,1777552416.985402,275208.5947956,10,L_Femur,534,1,0.1148,9.3502,2.1581,4.2725,-20.752,4.0283,84.3585,1.9006,-12.9474,0.6657,0.0879,-0.0725,0.7375
independent_20260430_203326,trial_001,subject_001,1777552416.985402,1777552416.985402,275208.5948851,11,L_Tibia,554,1,0.1436,8.264,-0.445,-83.4961,-24.9023,-15.1978,83.0951,4.7791,-51.85,0.5823,0.3178,-0.302,0.6846
independent_20260430_203326,trial_001,subject_001,1777552416.985402,1777552416.985402,275208.5949768,12,L_Foot,581,1,-0.2775,4.3784,9.0535,-44.6777,-6.897,-18.6768,-15.6335,3.609,-120.0476,-0.0949,-0.1022,-0.8599,0.491
independent_20260430_203326,trial_001,subject_001,1777552416.985402,1777552416.985402,275208.5950878,13,R_Femur,582,1,0.3015,9.4555,-1.871,26.5503,-4.2114,-3.6011,108.4735,-2.5543,-35.1398,0.7773,0.2325,-0.1936,0.5516
independent_20260430_203326,trial_001,subject_001,1777552416.985402,1777552416.985402,275208.5952209,15,R_Foot,287,1,0.6029,0.7608,9.9675,2.1362,0.0,-0.6104,3.8452,-3.4882,-172.7655,0.0325,0.0315,-0.997,0.062
independent_20260430_203326,trial_001,subject_001,1777552416.985402,1777552416.985402,275208.5953218,9,Trunk,548,1,1.1867,9.6182,0.1483,3.7231,-8.606,-5.249,93.2684,-4.054,-149.9084,0.2121,0.6953,-0.6694,0.1533
independent_20260430_203326,trial_001,subject_001,1777552416.9865255,1777552416.9865255,275208.5954138,11,L_Tibia,555,1,-0.0144,8.1252,0.1388,-64.1479,-20.813,-11.9019,82.0459,4.9329,-52.196,0.5746,0.3176,-0.3062,0.6893
independent_20260430_203326,trial_001,subject_001,1777552416.9865255,1777552416.9865255,275208.5955046,12,L_Foot,582,1,0.1244,4.5603,8.6946,-44.6167,0.8545,-17.7002,-16.3092,3.5266,-120.3113,-0.097,-0.1078,-0.8604,0.4886
independent_20260430_203326,trial_001,subject_001,1777552416.9865255,1777552416.9865255,275208.5956148,13,R_Femur,583,1,0.2488,9.2258,-2.0289,30.3345,-10.5591,-2.7466,108.9185,-2.4829,-35.2496,0.7791,0.2343,-0.1928,0.5485
independent_20260430_203326,trial_001,subject_001,1777552416.9865255,1777552416.9865255,275208.5957485,14,R_Tibia,292,1,0.9427,9.2306,-2.6845,20.874,-3.7231,-3.2959,109.1107,-4.9548,-172.7271,0.0766,0.8107,-0.5804,0.0016
independent_20260430_203326,trial_001,subject_001,1777552416.9865255,1777552416.9865255,275208.5958647,9,Trunk,549,1,1.1628,9.6421,0.1244,3.2349,-8.5449,-5.6763,93.3124,-3.9716,-150.0348,0.2109,0.696,-0.6692,0.153
independent_20260430_203326,trial_001,subject_001,1777552416.9865255,1777552416.9865255,275208.5959581,10,L_Femur,535,1,0.0048,9.4076,2.651,5.3101,-19.5312,-0.3052,84.4574,1.7908,-13.634,0.6659,0.0913,-0.0775,0.7364
independent_20260430_203326,trial_001,subject_001,1777552416.9865255,1777552416.9865255,275208.596061,11,L_Tibia,556,1,-0.1148,7.9912,0.579,-46.3257,-21.0571,-8.3008,81.2714,5.0262,-52.5256,0.5687,0.3177,-0.3099,0.6925
independent_20260430_203326,trial_001,subject_001,1777552416.9865255,1777552416.9865255,275208.5961528,12,L_Foot,583,1,-0.0335,4.7373,8.2927,-37.9639,4.6997,-18.6768,-16.908,3.5156,-120.5969,-0.0992,-0.1126,-0.861,0.486
independent_20260430_203326,trial_001,subject_001,1777552416.9865255,1777552416.9865255,275208.5962622,13,R_Femur,584,1,0.5551,9.3119,-2.4261,30.0903,-12.6953,-1.8311,109.5337,-2.373,-35.4694,0.7815,0.2374,-0.1918,0.5442
independent_20260430_203326,trial_001,subject_001,1777552416.9875252,1777552416.9875252,275208.5963744,15,R_Foot,288,1,0.6508,0.8278,9.9436,2.5635,-0.1221,-0.7324,3.8507,-3.4882,-172.7655,0.0325,0.0316,-0.997,0.062
independent_20260430_203326,trial_001,subject_001,1777552416.9875252,1777552416.9875252,275208.5964839,9,Trunk,550,1,1.1197,9.5751,0.244,1.2817,-8.4839,-5.9814,93.3453,-3.8507,-150.1941,0.2093,0.6967,-0.669,0.1528
independent_20260430_203326,trial_001,subject_001,1777552416.9875252,1777552416.9875252,275208.5965908,10,L_Femur,536,1,-0.0861,9.422,2.6797,6.4087,-16.8457,-2.2583,84.5453,1.7908,-13.8867,0.6662,0.0928,-0.079,0.7357
independent_20260430_203326,trial_001,subject_001,1777552416.9875252,1777552416.9875252,275208.5966829,11,L_Tibia,557,1,-0.0479,7.4505,0.7848,-20.4468,-24.1089,-5.0049,80.6726,5.0757,-53.009,0.5636,0.3188,-0.3142,0.6943
independent_20260430_203326,trial_001,subject_001,1777552417.0135472,1777552417.0135472,275208.6226259,12,L_Foot,584,1,-0.3828,5.3115,7.9816,-27.3438,-0.3052,-22.0947,-17.5067,3.4167,-121.0144,-0.1005,-0.1179,-0.8621,0.4824
independent_20260430_203326,trial_001,subject_001,1777552417.0135472,1777552417.0135472,275208.6229072,13,R_Femur,585,1,0.5694,9.1875,-2.5744,30.2734,-10.6201,-2.0752,109.9841,-2.3016,-35.6067,0.7832,0.2394,-0.191,0.5411
independent_20260430_203326,trial_001,subject_001,1777552417.0135472,1777552417.0135472,275208.6231424,14,R_Tibia,293,1,0.8948,9.1588,-3.0529,23.3765,0.7324,-5.0659,109.8853,-4.79,-172.6886,0.0761,0.8147,-0.5749,0.0025
independent_20260430_203326,trial_001,subject_001,1777552417.0135472,1777552417.0135472,275208.6233704,9,Trunk,551,1,1.0719,9.4842,0.3732,-0.2441,-9.3994,-6.4087,93.3398,-3.7573,-150.3259,0.2079,0.697,-0.6691,0.1526
independent_20260430_203326,trial_001,subject_001,1777552417.0145574,1777552417.0145574,275208.6235944,10,L_Femur,537,1,-0.1771,9.465,2.5074,4.5776,-13.5498,-3.6011,84.6112,1.8237,-14.101,0.6665,0.0943,-0.0801,0.7352
independent_20260430_203326,trial_001,subject_001,1777552417.0145574,1777552417.0145574,275208.6238209,11,L_Tibia,558,1,-0.0239,7.2352,0.8805,0.9155,-23.3765,-2.8687,80.5957,5.0757,-53.3661,0.5622,0.3203,-0.3166,0.6937
independent_20260430_203326,trial_001,subject_001,1777552417.0145574,1777552417.0145574,275208.6240659,12,L_Foot,585,1,-0.1388,5.5316,7.6036,-21.8506,-1.0986,-24.4141,-17.8638,3.2959,-121.3605,-0.1008,-0.1214,-0.8632,0.4797
independent_20260430_203326,trial_001,subject_001,1777552417.0145574,1777552417.0145574,275208.6242839,13,R_Femur,586,1,0.4785,9.0344,-2.5218,34.9121,-7.5684,-3.2959,110.495,-2.2247,-35.7001,0.7853,0.2413,-0.1899,0.5376
independent_20260430_203326,trial_001,subject_001,1777552417.0155559,1777552417.0155559,275208.6245036,15,R_Foot,289,1,0.5599,0.8996,9.9675,2.8076,-0.3662,-0.5493,3.8617,-3.4882,-172.7655,0.0325,0.0317,-0.997,0.062
independent_20260430_203326,trial_001,subject_001,1777552417.0155559,1777552417.0155559,275208.6247247,9,Trunk,552,1,0.9092,9.4411,0.4785,-1.1597,-11.5967,-7.3853,93.3179,-3.6145,-150.5347,0.2058,0.6975,-0.6693,0.1523
independent_20260430_203326,trial_001,subject_001,1777552417.103086,1777552417.103086,275208.7122734,10,L_Femur,538,1,-0.134,9.2306,2.3878,2.8687,-10.5591,-6.5308,84.6661,1.9116,-14.3262,0.6666,0.0962,-0.081,0.7348
independent_20260430_203326,trial_001,subject_001,1777552417.103086,1777552417.103086,275208.7123979,11,L_Tibia,559,1,-0.3493,7.417,0.823,27.5269,-24.9023,1.0986,80.9747,5.0098,-53.8385,0.5633,0.3233,-0.3187,0.6903
independent_20260430_203326,trial_001,subject_001,1777552417.103086,1777552417.103086,275208.712506,12,L_Foot,586,1,0.0191,5.2493,6.6896,-9.6436,-0.6104,-25.3906,-18.1439,3.1311,-121.8384,-0.1002,-0.1246,-0.8648,0.476
independent_20260430_203326,trial_001,subject_001,1777552417.103086,1777552417.103086,275208.7126073,13,R_Femur,587,1,0.4354,9.2832,-2.4213,35.0342,-9.1553,-3.9673,111.1926,-2.1149,-35.8154,0.7882,0.2437,-0.1882,0.5329
independent_20260430_203326,trial_001,subject_001,1777552417.103086,1777552417.103086,275208.7127071,14,R_Tibia,294,1,0.6173,9.1301,-3.0338,25.2075,-6.897,-4.8828,110.6213,-4.5978,-172.738,0.0748,0.8185,-0.5696,0.0031
independent_20260430_203326,trial_001,subject_001,1777552417.103086,1777552417.103086,275208.7128066,9,Trunk,553,1,0.8278,9.5129,0.5264,-1.8311,-13.0615,-8.1177,93.2904,-3.4882,-150.7214,0.2039,0.6979,-0.6695,0.152
independent_20260430_203326,trial_001,subject_001,1777552417.103086,1777552417.103086,275208.7129286,10,L_Femur,539,1,-0.1866,8.977,2.3256,3.7231,-7.4463,-7.5684,84.7101,2.0105,-14.4525,0.6666,0.0976,-0.0812,0.7345
independent_20260430_203326,trial_001,subject_001,1777552417.104086,1777552417.104086,275208.7130367,11,L_Tibia,560,1,-0.6556,7.5605,0.3685,45.6543,-33.8135,5.188,81.5735,4.8779,-54.2999,0.566,0.3265,-0.3205,0.6858
independent_20260430_203326,trial_001,subject_001,1777552417.104086,1777552417.104086,275208.7131667,12,L_Foot,587,1,-0.2297,4.656,6.0532,6.958,-2.3804,-27.4048,-18.1055,2.9828,-122.2174,-0.0985,-0.1253,-0.8663,0.4734
independent_20260430_203326,trial_001,subject_001,1777552417.104086,1777552417.104086,275208.7133195,13,R_Femur,588,1,0.4307,9.2162,-2.4021,35.7056,-12.8174,-3.2349,111.7255,-2.0105,-35.9583,0.7902,0.2461,-0.187,0.5292
independent_20260430_203326,trial_001,subject_001,1777552417.104086,1777552417.104086,275208.7134953,15,R_Foot,290,1,0.6269,0.8853,9.9436,2.9297,-0.4272,-0.8545,3.8672,-3.4882,-172.7655,0.0325,0.0317,-0.997,0.062
independent_20260430_203326,trial_001,subject_001,1777552417.104086,1777552417.104086,275208.713624,9,Trunk,554,1,0.78,9.599,0.5407,-2.4414,-15.1367,-8.1787,93.252,-3.3618,-150.9357,0.2018,0.6983,-0.6699,0.1516
independent_20260430_203326,trial_001,subject_001,1777552417.104086,1777552417.104086,275208.7138117,10,L_Femur,540,1,-0.5742,8.9961,1.7657,4.0283,-4.5776,-8.7891,84.7705,2.1643,-14.5569,0.6668,0.0992,-0.0809,0.7342
independent_20260430_203326,trial_001,subject_001,1777552417.1050854,1777552417.1050854,275208.714071,11,L_Tibia,561,1,-0.7273,7.6658,0.0383,61.5845,-42.9077,8.0566,82.403,4.6912,-54.8932,0.5699,0.3307,-0.3226,0.6796
independent_20260430_203326,trial_001,subject_001,1777552417.1050854,1777552417.1050854,275208.7142527,12,L_Foot,588,1,-0.6795,4.455,6.6944,23.1934,-5.249,-32.2266,-17.8198,2.774,-122.6459,-0.0953,-0.1244,-0.8683,0.4707
independent_20260430_203326,trial_001,subject_001,1777552417.1050854,1777552417.1050854,275208.71437,13,R_Femur,589,1,0.4067,9.1827,-2.2729,36.377,-16.2964,-3.2349,112.4451,-1.8512,-36.2164,0.7927,0.2498,-0.1855,0.5242
independent_20260430_203326,trial_001,subject_001,1777552417.1050854,1777552417.1050854,275208.7144918,14,R_Tibia,295,1,0.7896,9.0392,-2.7993,27.9541,-9.8877,-5.6152,111.5826,-4.3066,-172.9633,0.0718,0.8236,-0.5627,0.0035
independent_20260430_203326,trial_001,subject_001,1777552417.1050854,1777552417.1050854,275208.7146114,9,Trunk,555,1,0.7752,9.7139,0.6221,-5.0049,-18.5547,-8.4839,93.175,-3.186,-151.2817,0.1986,0.6987,-0.6705,0.1508
independent_20260430_203326,trial_001,subject_001,1777552417.1050854,1777552417.1050854,275208.714712,10,L_Femur,541,1,-0.7561,8.7138,1.3159,13.9771,-6.958,-11.4136,84.9408,2.3236,-14.6613,0.6676,0.101,-0.0805,0.7332
independent_20260430_203326,trial_001,subject_001,1777552417.1050854,1777552417.1050854,275208.7148094,11,L_Tibia,562,1,-0.4354,8.0582,-0.7561,74.8291,-52.3071,10.7422,83.7598,4.3781,-55.8545,0.5761,0.3376,-0.3259,0.6693
independent_20260430_203326,trial_001,subject_001,1777552417.1050854,1777552417.1050854,275208.7149061,12,L_Foot,589,1,1.0384,-8.0343,4.8474,138.4888,-47.2412,-1.2207,-16.0895,2.3456,-122.7393,-0.0848,-0.1131,-0.8703,0.4718
independent_20260430_203326,trial_001,subject_001,1777552417.1060848,1777552417.1060848,275208.7150019,13,R_Femur,590,1,0.3493,9.2832,-2.1007,36.3159,-17.2119,-3.8452,112.9944,-1.7139,-36.4252,0.7946,0.2527,-0.1843,0.5204
independent_20260430_203326,trial_001,subject_001,1777552417.1060848,1777552417.1060848,275208.7150969,15,R_Foot,291,1,0.5886,0.7561,9.9053,4.1504,-1.3428,-0.9155,3.9001,-3.4937,-172.771,0.0325,0.032,-0.997,0.0619
independent_20260430_203326,trial_001,subject_001,1777552417.1060848,1777552417.1060848,275208.7152102,9,Trunk,556,1,0.8422,9.7809,0.6843,-8.4229,-20.4468,-9.7656,93.0597,-3.0377,-151.5729,0.1958,0.6988,-0.6714,0.1502
independent_20260430_203326,trial_001,subject_001,1777552417.1060848,1777552417.1060848,275208.7153462,10,L_Femur,542,1,-0.5646,8.4027,1.1341,22.7051,-12.207,-12.207,85.2484,2.4884,-14.837,0.6693,0.1033,-0.0804,0.7314
independent_20260430_203326,trial_001,subject_001,1777552417.1060848,1777552417.1060848,275208.715456,11,L_Tibia,563,1,-0.4067,8.3645,-1.024,86.9141,-59.6313,10.0708,84.9738,4.1473,-56.7114,0.5813,0.3441,-0.3285,0.6601
independent_20260430_203326,trial_001,subject_001,1777552417.1060848,1777552417.1060848,275208.7155506,12,L_Foot,590,1,3.4405,-5.1201,11.6614,94.4214,37.1704,-4.7607,-14.826,2.7191,-122.926,-0.0823,-0.1021,-0.8724,0.4709
independent_20260430_203326,trial_001,subject_001,1777552417.1060848,1777552417.1060848,275208.7156439,13,R_Femur,591,1,0.2584,9.422,-1.9763,37.5977,-17.6392,-4.5166,113.5492,-1.5601,-36.6339,0.7964,0.2558,-0.183,0.5165
independent_20260430_203326,trial_001,subject_001,1777552417.1060848,1777552417.1060848,275208.7158055,14,R_Tibia,296,1,0.9475,9.3358,-3.1343,34.1797,-13.6108,-7.6904,112.7362,-3.9001,-173.2654,0.0677,0.8296,-0.5542,0.0042
independent_20260430_203326,trial_001,subject_001,1777552417.173166,1777552417.173166,275208.7823951,9,Trunk,557,1,0.9762,9.8383,0.78,-10.2539,-21.9727,-11.4136,92.9114,-2.8619,-151.886,0.1927,0.6987,-0.6725,0.1497
independent_20260430_203326,trial_001,subject_001,1777552417.173166,1777552417.173166,275208.7825631,10,L_Femur,543,1,-0.6604,8.3788,1.0145,31.7383,-18.0054,-12.6343,85.8032,2.7081,-15.1721,0.6723,0.107,-0.0807,0.728
independent_20260430_203326,trial_001,subject_001,1777552417.173166,1777552417.173166,275208.7827116,11,L_Tibia,564,1,-0.0383,8.1874,-0.5455,98.999,-63.5376,10.5591,86.3525,3.9221,-57.6343,0.5871,0.3515,-0.3308,0.6499
independent_20260430_203326,trial_001,subject_001,1777552417.173166,1777552417.173166,275208.78283,12,L_Foot,591,1,-2.048,-3.2443,7.9769,88.1348,91.7358,-26.062,-13.5187,3.7408,-123.5358,-0.0842,-0.0883,-0.8763,0.4661
independent_20260430_203326,trial_001,subject_001,1777552417.1741722,1777552417.1741722,275208.7830229,13,R_Femur,592,1,0.134,9.5607,-2.182,35.4614,-22.7051,-3.2959,114.2798,-1.3348,-36.98,0.7986,0.2604,-0.1813,0.5114
independent_20260430_203326,trial_001,subject_001,1777552417.1741722,1777552417.1741722,275208.7832065,15,R_Foot,292,1,0.6173,0.8709,9.8431,7.5073,-0.6104,-1.3428,4.1144,-3.5211,-172.804,0.0329,0.0339,-0.997,0.0616
independent_20260430_203326,trial_001,subject_001,1777552417.1741722,1777552417.1741722,275208.783323,9,Trunk,558,1,1.0767,9.9244,0.9427,-15.0146,-23.6816,-11.5356,92.6422,-2.6147,-152.3364,0.1882,0.6983,-0.6744,0.149
independent_20260430_203326,trial_001,subject_001,1777552417.1741722,1777552417.1741722,275208.7834496,10,L_Femur,544,1,-0.4354,8.642,0.2153,44.4336,-22.644,-8.5449,86.413,2.8345,-15.5017,0.6757,0.1102,-0.0815,0.7243
independent_20260430_203326,trial_001,subject_001,1777552417.1741722,1777552417.1741722,275208.7835977,11,L_Tibia,565,1,1.5312,12.6854,1.5456,68.6035,-34.9121,-4.4556,87.951,3.8617,-58.5626,0.5934,0.3606,-0.3314,0.6388
independent_20260430_203326,trial_001,subject_001,1777552417.1741722,1777552417.1741722,275208.7837378,12,L_Foot,592,1,-4.9,-1.3207,21.9352,11.1694,-57.6172,-27.0996,-12.475,2.5488,-123.783,-0.0707,-0.0854,-0.8778,0.4661
independent_20260430_203326,trial_001,subject_001,1777552417.1741722,1777552417.1741722,275208.7838787,13,R_Femur,593,1,0.1675,9.4315,-2.4021,29.9072,-30.0293,-1.8311,114.7522,-1.1426,-37.3535,0.7996,0.2646,-0.1806,0.508
independent_20260430_203326,trial_001,subject_001,1777552417.1741722,1777552417.1741722,275208.7840157,14,R_Tibia,297,1,0.8805,9.0152,-3.029,42.6025,-26.9775,-8.9722,114.137,-3.3289,-173.8312,0.0609,0.8369,-0.5439,0.0049
independent_20260430_203326,trial_001,subject_001,1777552417.1751728,1777552417.1751728,275208.7841699,9,Trunk,559,1,1.0958,9.9723,1.0862,-13.855,-25.6348,-8.606,92.428,-2.4664,-152.71,0.1847,0.6979,-0.6759,0.1481
independent_20260430_203326,trial_001,subject_001,1777552417.1751728,1777552417.1751728,275208.784309,10,L_Femur,545,1,1.0288,9.1396,-1.2441,61.5234,-9.1553,1.6479,87.2644,2.829,-15.6885,0.6809,0.1118,-0.0819,0.7191
independent_20260430_203326,trial_001,subject_001,1777552417.1751728,1777552417.1751728,275208.7844098,11,L_Tibia,566,1,2.2873,16.6858,6.1202,-5.3711,4.8828,-28.5034,88.1268,4.2242,-58.6066,0.5931,0.3632,-0.3291,0.6387
independent_20260430_203326,trial_001,subject_001,1777552417.1751728,1777552417.1751728,275208.7845058,12,L_Foot,593,1,-0.3541,-8.3501,4.0626,59.3262,-74.707,-12.9395,-11.8323,1.6425,-123.8434,-0.0611,-0.0842,-0.8782,0.4668
independent_20260430_203326,trial_001,subject_001,1777552417.1751728,1777552417.1751728,275208.7846023,13,R_Femur,594,1,0.5168,9.4028,-2.5074,25.8789,-35.8276,-2.9907,115.1477,-0.8954,-37.8094,0.7999,0.2695,-0.18,0.5051
independent_20260430_203326,trial_001,subject_001,1777552417.1751728,1777552417.1751728,275208.7846975,15,R_Foot,293,1,0.6077,0.7752,10.245,10.0708,0.7935,-1.2817,4.4275,-3.5376,-172.8369,0.0332,0.0366,-0.9969,0.0612
independent_20260430_203326,trial_001,subject_001,1777552417.1751728,1777552417.1751728,275208.784792,9,Trunk,560,1,1.5647,10.3455,0.5551,-5.6763,-18.7988,-4.0894,92.2742,-2.3621,-153.1329,0.1814,0.6978,-0.6773,0.1465
independent_20260430_203326,trial_001,subject_001,1777552417.1751728,1777552417.1751728,275208.7848852,10,L_Femur,546,1,2.2107,11.4844,-1.5647,48.9502,-1.1597,1.1597,88.418,2.7795,-15.6555,0.6882,0.1122,-0.0808,0.7122
independent_20260430_203326,trial_001,subject_001,1777552417.1751728,1777552417.1751728,275208.7849783,11,L_Tibia,567,1,0.3589,11.8289,7.1203,-23.9258,22.3999,-31.7383,87.5555,4.9274,-58.2495,0.5887,0.3635,-0.3251,0.6446
independent_20260430_203326,trial_001,subject_001,1777552417.1751728,1777552417.1751728,275208.785071,12,L_Foot,594,1,6.5939,-4.9048,-5.5173,174.7437,-24.1699,-6.0425,-8.7286,0.7361,-123.9917,-0.0414,-0.0642,-0.8806,0.4677
independent_20260430_203326,trial_001,subject_001,1777552417.1762543,1777552417.1762543,275208.7851659,13,R_Femur,595,1,1.4021,9.9005,-2.694,26.3672,-31.7383,-3.1738,115.6641,-0.5603,-38.3807,0.8003,0.2758,-0.1789,0.5015
independent_20260430_203326,trial_001,subject_001,1777552417.1762543,1777552417.1762543,275208.7852594,14,R_Tibia,298,1,1.9954,9.5607,-2.584,49.2554,-24.9023,-16.4185,115.5542,-2.6257,-174.3311,0.054,0.8441,-0.5334,0.007
independent_20260430_203326,trial_001,subject_001,1777552417.1762543,1777552417.1762543,275208.7853526,9,Trunk,561,1,2.072,10.3694,-0.1771,-7.2632,-11.2305,-3.8452,92.1643,-2.3016,-153.3197,0.1797,0.6975,-0.6781,0.1459
independent_20260430_203326,trial_001,subject_001,1777552417.1762543,1777552417.1762543,275208.7854452,10,L_Femur,547,1,-0.713,13.8674,2.139,-8.4839,-56.8237,-2.6245,88.4509,2.7905,-16.3037,0.6878,0.1161,-0.0848,0.7116
independent_20260430_203326,trial_001,subject_001,1777552417.1762543,1777552417.1762543,275208.7855372,11,L_Tibia,568,1,0.6891,8.4554,2.9764,5.6763,5.0659,-8.728,87.5885,5.1471,-58.1122,0.5886,0.3641,-0.3231,0.6454
independent_20260430_203326,trial_001,subject_001,1777552417.1762543,1777552417.1762543,275208.7856296,12,L_Foot,595,1,6.192,2.4931,13.0539,161.8652,12.085,3.54,-6.2073,0.824,-123.9423,-0.0318,-0.0444,-0.8816,0.4689
independent_20260430_203326,trial_001,subject_001,1777552417.1762543,1777552417.1762543,275208.7857224,13,R_Femur,596,1,2.1725,10.4412,-2.5744,20.9351,-21.9727,-0.1831,115.9937,-0.4065,-38.6938,0.8007,0.2792,-0.1784,0.499
independent_20260430_203326,trial_001,subject_001,1777552417.1762543,1777552417.1762543,275208.7858658,15,R_Foot,294,1,0.8135,0.3637,9.7809,15.686,1.0376,-3.3569,4.8669,-3.4991,-172.9303,0.0331,0.0405,-0.9968,0.0603
independent_20260430_203326,trial_001,subject_001,1777552417.2629042,1777552417.2629042,275208.8725023,9,Trunk,562,1,2.1438,9.9866,-0.4402,-9.7656,-6.5308,-5.127,92.016,-2.2357,-153.4296,0.1785,0.6969,-0.6791,0.1459
independent_20260430_203326,trial_001,subject_001,1777552417.2629042,1777552417.2629042,275208.872626,10,L_Femur,548,1,-3.9334,13.5133,7.7615,-39.6118,-113.1592,-5.4932,87.5281,2.8235,-18.3911,0.6798,0.1281,-0.0986,0.7154
independent_20260430_203326,trial_001,subject_001,1777552417.2629042,1777552417.2629042,275208.8727294,11,L_Tibia,569,1,1.4499,8.9195,0.4163,29.8462,-34.4849,-3.479,87.9291,5.1855,-58.5242,0.5891,0.3674,-0.3241,0.6426
independent_20260430_203326,trial_001,subject_001,1777552417.2639022,1777552417.2639022,275208.8728289,12,L_Foot,596,1,2.2586,6.771,23.2654,72.5098,46.1426,12.085,-4.834,1.4392,-123.8379,-0.0309,-0.0313,-0.8817,0.4698
independent_20260430_203326,trial_001,subject_001,1777552417.2639022,1777552417.2639022,275208.8729253,13,R_Femur,597,1,2.4691,10.4795,-2.3734,13.7329,-16.6016,0.061,116.3068,-0.2747,-39.007,0.8011,0.2824,-0.1781,0.4967
independent_20260430_203326,trial_001,subject_001,1777552417.2639022,1777552417.2639022,275208.8730199,14,R_Tibia,299,1,0.4115,9.7665,-2.7467,56.8848,-24.7803,-20.1416,117.4658,-1.615,-174.8035,0.0461,0.8535,-0.519,0.0115
independent_20260430_203326,trial_001,subject_001,1777552417.2639022,1777552417.2639022,275208.873114,9,Trunk,563,1,1.7849,9.9866,-0.2919,-4.3335,2.3193,-3.479,91.8677,-2.1588,-153.4296,0.1778,0.6962,-0.6799,0.1466
independent_20260430_203326,trial_001,subject_001,1777552417.2639022,1777552417.2639022,275208.8732069,10,L_Femur,549,1,0.2249,13.1305,7.2304,-36.9263,-65.1245,7.8735,86.9458,2.6971,-19.5337,0.675,0.1335,-0.1071,0.7177
independent_20260430_203326,trial_001,subject_001,1777552417.2639022,1777552417.2639022,275208.8732999,11,L_Tibia,570,1,0.5216,10.5321,1.2154,46.4478,-21.4233,-7.6294,88.7915,5.3284,-59.0405,0.5918,0.3732,-0.3234,0.6371
independent_20260430_203326,trial_001,subject_001,1777552417.2639022,1777552417.2639022,275208.8733933,12,L_Foot,597,1,-2.182,-0.7273,13.5324,78.3081,16.0522,0.6714,-3.4058,2.0874,-123.8104,-0.0301,-0.0176,-0.8819,0.4702
independent_20260430_203326,trial_001,subject_001,1777552417.2639022,1777552417.2639022,275208.8734862,13,R_Femur,598,1,2.1485,10.3934,-2.6366,5.3101,-11.7188,-3.418,116.4056,-0.1648,-39.1553,0.801,0.2841,-0.1777,0.496
independent_20260430_203326,trial_001,subject_001,1777552417.2639022,1777552417.2639022,275208.8735796,15,R_Foot,295,1,0.8326,0.5216,10.0919,22.2778,0.9155,-1.5869,5.4767,-3.4662,-172.9907,0.0331,0.0458,-0.9966,0.0596
independent_20260430_203326,trial_001,subject_001,1777552417.2639022,1777552417.2639022,275208.8736732,9,Trunk,564,1,1.4355,10.6709,-0.3876,0.5493,5.9204,-0.4272,91.8457,-2.1533,-153.3472,0.1783,0.6959,-0.6799,0.1472
independent_20260430_203326,trial_001,subject_001,1777552417.2648997,1777552417.2648997,275208.8737654,10,L_Femur,550,1,4.5507,11.5849,4.7804,-34.3628,-25.6958,8.3618,86.358,2.5214,-20.0006,0.6709,0.1346,-0.1118,0.7206
independent_20260430_203326,trial_001,subject_001,1777552417.2648997,1777552417.2648997,275208.8738818,11,L_Tibia,571,1,-0.1866,10.8384,0.2584,56.3965,-29.8462,-6.3477,89.5551,5.4272,-59.4415,0.5944,0.378,-0.3226,0.6323
independent_20260430_203326,trial_001,subject_001,1777552417.2648997,1777552417.2648997,275208.8739765,12,L_Foot,598,1,-0.4737,4.0626,21.3466,7.8125,37.5977,1.4038,-2.9333,2.6422,-123.7994,-0.0324,-0.0117,-0.8819,0.4702
independent_20260430_203326,trial_001,subject_001,1777552417.2648997,1777552417.2648997,275208.8740682,13,R_Femur,599,1,1.7705,10.4077,-2.8711,-1.5869,-0.4272,-6.4697,116.3947,-0.0769,-39.1498,0.8009,0.2844,-0.1771,0.4963
independent_20260430_203326,trial_001,subject_001,1777552417.2648997,1777552417.2648997,275208.8741604,14,R_Tibia,300,1,1.0623,9.8574,-2.7323,66.1011,-4.2114,-29.7241,119.6631,-0.5933,-174.7266,0.0424,0.8635,-0.5022,0.0186
independent_20260430_203326,trial_001,subject_001,1777552417.2648997,1777552417.2648997,275208.874253,9,Trunk,565,1,1.4786,11.1351,-0.5072,0.2441,9.0332,2.5635,91.8347,-2.1973,-153.2208,0.1793,0.6956,-0.6798,0.1477
independent_20260430_203326,trial_001,subject_001,1777552417.2648997,1777552417.2648997,275208.8743431,11,L_Tibia,572,1,-2.5218,10.3646,-1.7418,76.2939,-61.9507,-2.7466,90.5713,5.4932,-60.2765,0.5969,0.3855,-0.3234,0.6249
independent_20260430_203326,trial_001,subject_001,1777552417.2648997,1777552417.2648997,275208.8744338,12,L_Foot,599,1,-2.2299,0.3206,11.9294,24.5361,2.2583,-1.4038,-2.6587,2.7081,-123.8269,-0.0318,-0.0093,-0.882,0.4701
independent_20260430_203326,trial_001,subject_001,1777552417.2648997,1777552417.2648997,275208.8745249,13,R_Femur,600,1,1.1771,10.6565,-2.9477,-8.5449,11.5967,-8.3618,116.2518,-0.0275,-38.9191,0.8007,0.2828,-0.1761,0.4978
independent_20260430_203326,trial_001,subject_001,1777552417.2648997,1777552417.2648997,275208.8746147,15,R_Foot,296,1,0.4833,0.3397,9.8813,32.6538,-1.0986,-2.1973,6.4435,-3.4607,-173.0457,0.0335,0.0542,-0.9962,0.0588
independent_20260430_203326,trial_001,subject_001,1777552417.2648997,1777552417.2648997,275208.8747048,9,Trunk,566,1,0.8039,11.4892,-0.5742,0.7935,5.8594,6.4697,91.8292,-2.3236,-153.0725,0.1809,0.6951,-0.6799,0.1478
independent_20260430_203326,trial_001,subject_001,1777552417.265902,1777552417.265902,275208.8747958,10,L_Femur,551,1,-2.383,8.7281,-2.7658,40.2832,-2.2583,-32.4707,87.0337,3.1146,-20.0555,0.6744,0.1393,-0.1078,0.7171
independent_20260430_203326,trial_001,subject_001,1777552417.265902,1777552417.265902,275208.8748873,11,L_Tibia,573,1,-4.2923,10.178,-1.7418,68.2983,-102.0508,3.9673,91.8347,5.4932,-62.0728,0.5976,0.3985,-0.3288,0.6132
independent_20260430_203326,trial_001,subject_001,1777552417.3128946,1777552417.3128946,275208.9223714,12,L_Foot,600,1,-0.3637,-0.4115,10.5608,13.6108,8.728,1.0376,-2.3785,2.9773,-123.8324,-0.0327,-0.0061,-0.882,0.47
independent_20260430_203326,trial_001,subject_001,1777552417.3128946,1777552417.3128946,275208.9225016,13,R_Femur,601,1,0.4642,11.1016,-2.9764,-14.7095,13.7939,-5.9204,116.0486,-0.0385,-38.6829,0.8005,0.2808,-0.1757,0.4996
independent_20260430_203326,trial_001,subject_001,1777552417.3128946,1777552417.3128946,275208.9226123,14,R_Tibia,301,1,-0.5455,10.3072,-3.2826,75.5615,-6.6528,-32.8369,122.2009,0.4504,-174.2157,0.0423,0.8744,-0.4825,0.0278
independent_20260430_203326,trial_001,subject_001,1777552417.3128946,1777552417.3128946,275208.9227162,9,Trunk,567,1,-0.0287,11.4748,-0.4785,-11.3525,-3.1738,2.1973,91.6919,-2.384,-153.089,0.181,0.6943,-0.6808,0.1475
independent_20260430_203326,trial_001,subject_001,1777552417.3138962,1777552417.3138962,275208.9228192,10,L_Femur,552,1,-4.5938,8.6755,-3.5841,31.4331,0.061,-36.9263,87.55,3.6639,-20.094,0.6768,0.1434,-0.1041,0.7145
independent_20260430_203326,trial_001,subject_001,1777552417.3138962,1777552417.3138962,275208.9229191,11,L_Tibia,574,1,-1.6078,8.9435,-1.8997,64.27,-87.1582,-2.0142,92.6752,5.5591,-63.4515,0.597,0.4084,-0.3328,0.605
independent_20260430_203326,trial_001,subject_001,1777552417.3138962,1777552417.3138962,275208.9230192,12,L_Foot,601,1,-1.7992,0.0144,10.5704,8.5449,-3.7842,1.2817,-2.2412,2.9993,-123.8214,-0.0323,-0.0049,-0.882,0.4701
independent_20260430_203326,trial_001,subject_001,1777552417.3138962,1777552417.3138962,275208.9231202,13,R_Femur,602,1,-0.3063,11.2212,-2.8854,-23.4375,8.3618,-1.2207,115.7135,-0.0879,-38.5345,0.7994,0.279,-0.1762,0.502
independent_20260430_203326,trial_001,subject_001,1777552417.3138962,1777552417.3138962,275208.9232198,15,R_Foot,297,1,0.8183,0.7273,10.1254,44.0674,3.6011,-5.4932,7.8113,-3.3838,-173.161,0.0335,0.0662,-0.9956,0.0575
independent_20260430_203326,trial_001,subject_001,1777552417.3138962,1777552417.3138962,275208.923319,9,Trunk,568,1,-0.335,10.3934,-0.1818,-17.5781,-11.7798,-5.3711,91.3348,-2.3181,-153.2812,0.179,0.6925,-0.6831,0.1474
independent_20260430_203326,trial_001,subject_001,1777552417.3138962,1777552417.3138962,275208.9234187,11,L_Tibia,575,1,1.6987,9.465,-2.8998,57.6782,-20.2637,-7.0801,93.7958,5.7349,-64.2206,0.5995,0.4166,-0.3318,0.5975
independent_20260430_203326,trial_001,subject_001,1777552417.3138962,1777552417.3138962,275208.9235168,12,L_Foot,602,1,-0.7034,0.0526,10.1972,3.7842,-0.6104,2.3193,-2.1313,3.0048,-123.7885,-0.0319,-0.004,-0.8819,0.4704
independent_20260430_203326,trial_001,subject_001,1777552417.3234136,1777552417.3234136,275208.9324869,14,R_Tibia,302,1,-1.3829,10.1158,-3.3879,84.7168,-28.3813,-26.7944,124.6729,1.5216,-174.2487,0.0383,0.8848,-0.4631,0.035
independent_20260430_203326,trial_001,subject_001,1777552417.3234136,1777552417.3234136,275208.9326825,9,Trunk,569,1,-0.1675,9.6852,-0.2823,-15.4419,-15.8081,-8.3618,91.0931,-2.2028,-153.5065,0.1766,0.6916,-0.6847,0.1471
independent_20260430_203326,trial_001,subject_001,1777552417.3234136,1777552417.3234136,275208.9328115,10,L_Femur,553,1,0.8422,9.2306,-2.249,24.6582,-19.8975,-20.5688,88.407,4.5593,-20.4181,0.6806,0.1515,-0.0997,0.7099
independent_20260430_203326,trial_001,subject_001,1777552417.3234136,1777552417.3234136,275208.9329596,11,L_Tibia,576,1,3.3831,9.6134,-3.0721,54.6875,35.8887,-14.6484,94.6692,5.9052,-63.8306,0.6049,0.4179,-0.3257,0.5945
independent_20260430_203326,trial_001,subject_001,1777552417.3234136,1777552417.3234136,275208.933072,12,L_Foot,603,1,-0.6795,-0.0287,10.135,2.0752,-2.2583,2.4414,-2.0874,2.9773,-123.7555,-0.0315,-0.0038,-0.8817,0.4707
independent_20260430_203326,trial_001,subject_001,1777552417.3234136,1777552417.3234136,275208.9332159,13,R_Femur,603,1,-2.1055,10.2115,-1.8184,-43.7622,-0.2441,0.3662,114.4336,-0.1703,-38.4851,0.794,0.2763,-0.1796,0.5108
independent_20260430_203326,trial_001,subject_001,1777552417.3244126,1777552417.3244126,275208.9333536,15,R_Foot,298,1,0.4977,0.2201,10.0058,69.397,6.4697,-11.8408,9.8438,-3.1641,-173.4521,0.0324,0.0841,-0.9944,0.0545
independent_20260430_203326,trial_001,subject_001,1777552417.3244126,1777552417.3244126,275208.933489,9,Trunk,570,1,0.3206,9.2114,-0.4259,-13.1226,-16.1743,-10.376,90.8789,-2.0544,-153.7482,0.174,0.6909,-0.6861,0.1469
independent_20260430_203326,trial_001,subject_001,1777552417.3244126,1777552417.3244126,275208.9336234,10,L_Femur,554,1,2.115,9.465,-1.0623,35.6445,-11.7798,-17.0288,89.0167,4.9109,-20.7422,0.6834,0.1561,-0.0987,0.7063
independent_20260430_203326,trial_001,subject_001,1777552417.3244126,1777552417.3244126,275208.9337555,11,L_Tibia,577,1,3.608,9.6995,-3.0912,51.6968,78.5522,-19.5312,95.5701,6.0974,-62.7374,0.6129,0.4155,-0.3156,0.5934
independent_20260430_203326,trial_001,subject_001,1777552417.3244126,1777552417.3244126,275208.9339003,12,L_Foot,604,1,-0.2488,0.0383,10.2929,1.0986,0.8545,1.8921,-2.0544,2.9883,-123.728,-0.0314,-0.0035,-0.8816,0.4709
independent_20260430_203326,trial_001,subject_001,1777552417.3244126,1777552417.3244126,275208.9340328,13,R_Femur,604,1,-2.7467,10.0249,-0.9379,-66.5894,-5.0659,-6.1646,113.2306,-0.0769,-38.5181,0.7884,0.2751,-0.182,0.5193
independent_20260430_203326,trial_001,subject_001,1777552417.3244126,1777552417.3244126,275208.934164,14,R_Tibia,303,1,-2.5648,9.4411,-3.8616,94.5435,-48.8892,-16.9678,127.782,3.0103,-174.9957,0.0276,0.8973,-0.4385,0.0428
independent_20260430_203326,trial_001,subject_001,1777552417.403354,1777552417.403354,275209.0124668,9,Trunk,571,1,0.713,8.8765,-0.6795,-5.0049,-16.4795,-11.6577,90.7251,-1.8347,-154.0723,0.1706,0.6908,-0.6872,0.1465
independent_20260430_203326,trial_001,subject_001,1777552417.403354,1777552417.403354,275209.012584,10,L_Femur,555,1,1.3446,9.1157,-0.8757,44.3726,7.2021,-10.0708,89.6594,5.0867,-20.6873,0.6872,0.1574,-0.0964,0.7026
independent_20260430_203326,trial_001,subject_001,1777552417.403354,1777552417.403354,275209.0126848,11,L_Tibia,578,1,2.1342,9.9771,-2.2251,47.1191,69.519,-23.8037,96.7236,6.3885,-61.1169,0.6237,0.4113,-0.3014,0.5924
independent_20260430_203326,trial_001,subject_001,1777552417.403354,1777552417.403354,275209.0127838,12,L_Foot,605,1,0.0144,-0.1101,9.9914,1.2207,3.6621,0.5493,-2.0215,3.0542,-123.717,-0.0318,-0.003,-0.8816,0.471
independent_20260430_203326,trial_001,subject_001,1777552417.4040022,1777552417.4040022,275209.0128977,13,R_Femur,605,1,-3.3544,9.5129,-0.7321,-72.876,-6.7139,-14.5264,112.1484,0.1208,-38.5291,0.7831,0.2743,-0.1833,0.5272
independent_20260430_203326,trial_001,subject_001,1777552417.4040022,1777552417.4040022,275209.0130154,15,R_Foot,299,1,0.3924,1.0814,10.4843,92.1631,5.0049,-15.3198,12.3596,-2.8674,-173.8312,0.0306,0.1061,-0.9926,0.0508
independent_20260430_203326,trial_001,subject_001,1777552417.4040022,1777552417.4040022,275209.0131142,9,Trunk,572,1,0.6029,8.6898,-0.9379,-0.7935,-14.3433,-12.5122,90.6921,-1.6534,-154.292,0.1681,0.6912,-0.6874,0.1463
independent_20260430_203326,trial_001,subject_001,1777552417.4040022,1777552417.4040022,275209.0132068,10,L_Femur,556,1,1.0049,9.4985,-0.8853,36.377,18.3716,-5.8594,90.2637,5.1801,-20.4236,0.6911,0.1569,-0.0934,0.6993
independent_20260430_203326,trial_001,subject_001,1777552417.4040022,1777552417.4040022,275209.0133174,11,L_Tibia,579,1,-2.072,9.8622,-1.2059,42.9077,10.2539,-15.9912,97.4377,6.6248,-60.7104,0.6281,0.412,-0.2954,0.5903
independent_20260430_203326,trial_001,subject_001,1777552417.4040022,1777552417.4040022,275209.0134458,12,L_Foot,606,1,0.1866,-0.2345,9.6325,2.9297,9.0332,-0.6104,-1.972,3.186,-123.7335,-0.0326,-0.0021,-0.8816,0.4708
independent_20260430_203326,trial_001,subject_001,1777552417.4040022,1777552417.4040022,275209.0135578,13,R_Femur,606,1,-3.7516,9.8144,-0.9953,-84.5337,-20.1416,-20.5078,110.9125,0.4724,-38.6444,0.7765,0.2747,-0.1844,0.5362
independent_20260430_203326,trial_001,subject_001,1777552417.4040022,1777552417.4040022,275209.0136519,10,L_Femur,557,1,-0.8422,9.4603,-0.8996,35.0952,21.6675,-11.7188,90.9778,5.3613,-19.9841,0.6958,0.1559,-0.0887,0.6954
independent_20260430_203326,trial_001,subject_001,1777552417.4040022,1777552417.4040022,275209.0137438,11,L_Tibia,580,1,-5.1393,9.2401,-1.7227,36.3159,-77.1484,-5.188,98.064,6.9379,-61.7651,0.6265,0.4209,-0.2967,0.5851
independent_20260430_203326,trial_001,subject_001,1777552417.4040022,1777552417.4040022,275209.0138361,13,R_Femur,607,1,-2.9094,10.1732,-1.5456,-95.7031,-46.3867,-19.9585,109.0173,1.1151,-39.2322,0.765,0.2787,-0.1874,0.5495
independent_20260430_203326,trial_001,subject_001,1777552417.4040022,1777552417.4040022,275209.013928,15,R_Foot,300,1,0.5934,1.3159,10.3934,137.7563,1.5869,-15.625,16.6168,-2.5653,-174.2651,0.0293,0.1432,-0.9882,0.0463
independent_20260430_203326,trial_001,subject_001,1777552417.4040022,1777552417.4040022,275209.0140494,9,Trunk,573,1,0.5455,8.8908,-1.158,8.9722,-1.8311,-8.7891,90.8899,-1.2909,-154.4733,0.1651,0.6932,-0.686,0.1472
independent_20260430_203326,trial_001,subject_001,1777552417.4040022,1777552417.4040022,275209.014148,11,L_Tibia,581,1,-3.3065,9.422,-2.3591,36.6211,-94.9707,-4.0894,98.443,7.207,-63.1549,0.6223,0.4307,-0.3008,0.5803
independent_20260430_203326,trial_001,subject_001,1777552417.4040022,1777552417.4040022,275209.0142387,12,L_Foot,607,1,-1.1532,-0.067,10.2977,2.6245,4.0894,0.3052,-1.8292,3.4222,-123.761,-0.0339,-0.0,-0.8817,0.4706
independent_20260430_203326,trial_001,subject_001,1777552417.4040022,1777552417.4040022,275209.0143287,13,R_Femur,608,1,-1.4882,10.1445,-1.8614,-98.0225,-58.2275,-16.6016,107.5342,1.615,-39.9463,0.7552,0.2833,-0.1912,0.5593
independent_20260430_203326,trial_001,subject_001,1777552417.405507,1777552417.405507,275209.0144182,14,R_Tibia,304,1,-1.3733,9.6134,-5.1105,113.1592,-71.2891,-9.5215,134.9725,6.6028,-177.7753,-0.0041,0.9225,-0.3812,0.0606
independent_20260430_203326,trial_001,subject_001,1777552417.405507,1777552417.405507,275209.0145091,9,Trunk,574,1,0.3158,9.2019,-1.2729,8.4839,-2.7466,-6.897,91.0052,-1.1865,-154.5062,0.1645,0.6941,-0.6852,0.1474
independent_20260430_203326,trial_001,subject_001,1777552417.4533901,1777552417.4533901,275209.0622559,10,L_Femur,558,1,-2.1485,9.6229,-1.4978,38.269,16.6016,-17.7612,92.1259,5.8282,-19.4238,0.7029,0.1561,-0.0808,0.6892
independent_20260430_203326,trial_001,subject_001,1777552417.4533901,1777552417.4533901,275209.0624029,11,L_Tibia,582,1,0.5455,9.9244,-2.0576,35.5835,-49.2554,-8.7891,98.8715,7.4597,-64.0393,0.6203,0.4378,-0.3022,0.5764
independent_20260430_203326,trial_001,subject_001,1777552417.4533901,1777552417.4533901,275209.0625151,12,L_Foot,608,1,-1.1484,-0.0957,10.0967,1.77,1.6479,1.2817,-1.7908,3.4607,-123.75,-0.034,0.0005,-0.8816,0.4707
independent_20260430_203326,trial_001,subject_001,1777552417.4533901,1777552417.4533901,275209.0626368,13,R_Femur,609,1,0.3876,10.4699,-2.1438,-104.126,-53.7109,-14.7095,105.4468,2.2137,-40.9186,0.7413,0.289,-0.1973,0.5727
independent_20260430_203326,trial_001,subject_001,1777552417.4533901,1777552417.4533901,275209.0630425,15,R_Foot,301,1,0.2775,1.9619,10.8384,205.8716,-16.6016,-36.7432,22.8461,-2.5543,-175.2594,0.03,0.1969,-0.9793,0.0361
independent_20260430_203326,trial_001,subject_001,1777552417.4533901,1777552417.4533901,275209.0632114,9,Trunk,575,1,-0.2058,9.5942,-1.3877,7.6904,-6.4697,-8.9111,91.1481,-1.0382,-154.6051,0.1632,0.6953,-0.6843,0.1475
independent_20260430_203326,trial_001,subject_001,1777552417.4543884,1777552417.4543884,275209.0633757,10,L_Femur,559,1,-1.9141,9.4555,-1.1867,40.5884,20.1416,-19.3481,92.9718,6.1908,-19.0118,0.7081,0.1563,-0.0749,0.6846
independent_20260430_203326,trial_001,subject_001,1777552417.4543884,1777552417.4543884,275209.0635315,11,L_Tibia,583,1,3.3305,9.5895,-1.3925,37.5366,49.0112,-19.3481,99.7009,7.7179,-63.5065,0.6256,0.4382,-0.2948,0.5741
independent_20260430_203326,trial_001,subject_001,1777552417.4543884,1777552417.4543884,275209.0636928,12,L_Foot,609,1,-0.6986,-0.0909,10.068,0.1831,0.4272,1.4038,-1.7578,3.4772,-123.7225,-0.034,0.0008,-0.8815,0.4709
independent_20260430_203326,trial_001,subject_001,1777552417.4543884,1777552417.4543884,275209.0638471,13,R_Femur,610,1,1.0479,10.8671,-2.4787,-107.2388,-37.9639,-13.7329,103.8153,2.5598,-41.4624,0.731,0.2914,-0.2019,0.5831
independent_20260430_203326,trial_001,subject_001,1777552417.4543884,1777552417.4543884,275209.0639943,14,R_Tibia,305,1,-0.1292,9.1157,-6.6514,107.9102,-65.3076,-11.4746,138.1366,8.3496,-178.9398,-0.0174,0.9317,-0.3557,0.0713
independent_20260430_203326,trial_001,subject_001,1777552417.4543884,1777552417.4543884,275209.0641539,9,Trunk,576,1,-0.4546,10.0058,-1.3255,5.6152,-9.6436,-13.1226,91.2305,-0.8569,-154.7369,0.1614,0.6962,-0.6837,0.1477
independent_20260430_203326,trial_001,subject_001,1777552417.4553895,1777552417.4553895,275209.0643076,10,L_Femur,560,1,-1.7609,9.7521,-0.6891,35.2173,21.8506,-15.2588,93.5596,6.4105,-18.6658,0.7117,0.1558,-0.0707,0.6813
independent_20260430_203326,trial_001,subject_001,1777552417.4553895,1777552417.4553895,275209.0644632,11,L_Tibia,584,1,0.4163,9.6325,-0.9762,32.7148,64.5142,-21.3623,100.3491,7.8717,-62.4847,0.6323,0.435,-0.2863,0.5736
independent_20260430_203326,trial_001,subject_001,1777552417.4553895,1777552417.4553895,275209.0646247,12,L_Foot,610,1,-0.4307,-0.1483,10.1732,0.1831,1.2207,0.9155,-1.7358,3.4991,-123.717,-0.0341,0.001,-0.8815,0.471
independent_20260430_203326,trial_001,subject_001,1777552417.455896,1777552417.455896,275209.0648014,13,R_Femur,611,1,1.1245,11.159,-2.9955,-107.9712,-18.1885,-12.3291,102.1783,2.8125,-41.7316,0.7214,0.2915,-0.2058,0.5935
independent_20260430_203326,trial_001,subject_001,1777552417.455896,1777552417.455896,275209.0649474,15,R_Foot,302,1,1.1484,2.9859,9.9436,286.1328,1.4038,-53.5278,31.9592,-1.7908,-176.6821,0.023,0.2747,-0.961,0.0235
independent_20260430_203326,trial_001,subject_001,1777552417.455896,1777552417.455896,275209.0650972,9,Trunk,577,1,-0.4402,10.3694,-1.1197,2.7466,-9.7656,-15.1978,91.2689,-0.6427,-154.8798,0.1593,0.6969,-0.6834,0.1481
independent_20260430_203326,trial_001,subject_001,1777552417.4564176,1777552417.4564176,275209.0652708,10,L_Femur,561,1,-2.0098,10.0728,-0.4259,24.1089,16.7847,-7.5073,94.1309,6.5698,-18.2538,0.7155,0.1545,-0.0664,0.6781
independent_20260430_203326,trial_001,subject_001,1777552417.4564176,1777552417.4564176,275209.0654449,11,L_Tibia,585,1,-3.5889,10.0345,-1.2011,28.8696,21.4233,-13.7939,100.871,8.02,-61.9629,0.6364,0.434,-0.2809,0.5725
independent_20260430_203326,trial_001,subject_001,1777552417.4564176,1777552417.4564176,275209.0656048,12,L_Foot,611,1,-0.4737,-0.1148,10.2259,0.4272,1.5869,0.3052,-1.7194,3.5266,-123.7115,-0.0342,0.0013,-0.8815,0.471
independent_20260430_203326,trial_001,subject_001,1777552417.4564176,1777552417.4564176,275209.0657425,13,R_Femur,612,1,1.2537,11.4365,-3.5267,-110.7178,4.3335,-8.3618,99.9756,2.9938,-41.7096,0.7095,0.2883,-0.2101,0.6077
independent_20260430_203326,trial_001,subject_001,1777552417.4564176,1777552417.4564176,275209.0658916,14,R_Tibia,306,1,-0.0526,8.3453,-7.3835,84.8389,-33.3862,-5.9204,141.3116,9.6515,-179.7144,-0.0255,0.9403,-0.3299,0.0802
independent_20260430_203326,trial_001,subject_001,1777552417.4564176,1777552417.4564176,275209.0660159,9,Trunk,578,1,-0.1723,10.3359,-0.8422,0.6104,-2.9907,-14.7095,91.2744,-0.3516,-154.9786,0.157,0.6975,-0.6831,0.1493
independent_20260430_203326,trial_001,subject_001,1777552417.4564176,1777552417.4564176,275209.0661371,10,L_Femur,562,1,-2.6366,9.8335,-0.4354,22.583,0.3052,-5.9204,94.4769,6.6577,-18.1824,0.7175,0.1547,-0.065,0.676
independent_20260430_203326,trial_001,subject_001,1777552417.4564176,1777552417.4564176,275209.066233,11,L_Tibia,586,1,-4.589,9.7521,-1.7227,26.7944,-44.9829,-2.8687,101.3269,8.2452,-62.5122,0.6358,0.4392,-0.2805,0.5693
independent_20260430_203326,trial_001,subject_001,1777552417.5131776,1777552417.5131776,275209.1225216,12,L_Foot,612,1,-0.7513,0.0335,10.0728,0.061,0.6714,0.061,-1.6919,3.5486,-123.717,-0.0343,0.0016,-0.8815,0.471
independent_20260430_203326,trial_001,subject_001,1777552417.5131776,1777552417.5131776,275209.1227005,13,R_Femur,613,1,1.3111,11.1303,-3.4645,-112.5488,17.1509,-4.2114,98.2947,3.0267,-41.4679,0.701,0.2838,-0.2128,0.6186
independent_20260430_203326,trial_001,subject_001,1777552417.5131776,1777552417.5131776,275209.1228432,15,R_Foot,303,1,0.4881,4.1439,7.5749,303.894,-3.54,-78.9795,40.9021,-0.5603,-178.363,0.0096,0.3493,-0.9369,0.0117
independent_20260430_203326,trial_001,subject_001,1777552417.5131776,1777552417.5131776,275209.1229485,9,Trunk,579,1,0.0048,9.9962,-0.7752,-0.3662,1.8921,-14.6484,91.2579,-0.1428,-154.9567,0.1558,0.6976,-0.6829,0.1507
independent_20260430_203326,trial_001,subject_001,1777552417.5141785,1777552417.5141785,275209.1230476,10,L_Femur,563,1,-3.0864,9.5751,-0.7273,23.3765,-11.5967,-6.7139,94.8065,6.7621,-18.3142,0.7191,0.1564,-0.0647,0.674
independent_20260430_203326,trial_001,subject_001,1777552417.5141785,1777552417.5141785,275209.1231438,11,L_Tibia,587,1,-1.8088,9.5751,-1.6222,24.8413,-43.6401,0.6714,101.6125,8.3881,-63.1934,0.6341,0.4443,-0.2819,0.5665
independent_20260430_203326,trial_001,subject_001,1777552417.5141785,1777552417.5141785,275209.1232584,12,L_Foot,613,1,-0.847,-0.1675,9.7569,2.8687,0.7324,0.6714,-1.6479,3.5706,-123.7115,-0.0342,0.002,-0.8815,0.471
independent_20260430_203326,trial_001,subject_001,1777552417.5141785,1777552417.5141785,275209.1234021,14,R_Tibia,307,1,-0.1101,6.2925,-7.0438,50.415,-27.3438,0.061,143.4485,10.5249,179.7308,0.031,-0.9455,0.3125,-0.0864
independent_20260430_203326,trial_001,subject_001,1777552417.5141785,1777552417.5141785,275209.1235349,9,Trunk,580,1,-0.0813,9.8144,-0.7704,-0.7935,2.1973,-14.4043,91.2305,0.0604,-154.9127,0.1549,0.6977,-0.6827,0.1523
independent_20260430_203326,trial_001,subject_001,1777552417.5141785,1777552417.5141785,275209.1236656,10,L_Femur,564,1,-2.2155,9.5512,-1.56,26.9775,-10.8032,-6.5918,95.3119,6.9159,-18.5284,0.7216,0.1589,-0.0642,0.6708
independent_20260430_203326,trial_001,subject_001,1777552417.5141785,1777552417.5141785,275209.1237652,15,R_Foot,304,1,-0.0574,6.4504,6.4839,294.9219,-46.3257,-124.1455,51.6962,1.5436,178.4619,0.018,-0.4357,0.8999,0.0062
independent_20260430_203326,trial_001,subject_001,1777552417.5141785,1777552417.5141785,275209.1238691,9,Trunk,581,1,-0.4833,9.9675,-0.7465,-2.6855,-2.0142,-14.3433,91.1755,0.3351,-154.9237,0.1531,0.6977,-0.6827,0.154
independent_20260430_203326,trial_001,subject_001,1777552417.5141785,1777552417.5141785,275209.1239644,10,L_Femur,565,1,-1.0479,9.8,-1.4834,23.6816,-4.2725,-6.958,95.6689,7.0203,-18.5999,0.7235,0.1601,-0.0635,0.6685
independent_20260430_203326,trial_001,subject_001,1777552417.5151799,1777552417.5151799,275209.1240551,11,L_Tibia,588,1,0.0287,9.489,-2.6175,25.1465,11.4746,-5.3101,102.42,8.5748,-63.4131,0.6366,0.4484,-0.2788,0.5621
independent_20260430_203326,trial_001,subject_001,1777552417.5151799,1777552417.5151799,275209.1241444,12,L_Foot,614,1,-0.5407,0.2058,10.202,2.3193,0.1221,0.9766,-1.4886,3.5815,-123.6841,-0.0337,0.0033,-0.8813,0.4713
independent_20260430_203326,trial_001,subject_001,1777552417.5151799,1777552417.5151799,275209.1242344,13,R_Femur,614,1,-0.2105,10.001,-1.4882,-103.5767,27.5879,-2.9907,92.9114,3.0212,-40.1221,0.6744,0.2656,-0.2183,0.6534
independent_20260430_203326,trial_001,subject_001,1777552417.5333683,1777552417.5333683,275209.1425042,14,R_Tibia,308,1,-1.4068,4.3497,-9.8526,20.752,-1.709,0.5493,144.3933,10.9369,179.4232,0.0339,-0.9476,0.3048,-0.0892
independent_20260430_203326,trial_001,subject_001,1777552417.5627637,1777552417.5627637,275209.1723779,9,Trunk,582,1,-0.6508,9.9771,-0.5981,-5.0049,-3.2349,-15.2588,91.0931,0.5548,-154.9622,0.1514,0.6976,-0.6829,0.1552
independent_20260430_203326,trial_001,subject_001,1777552417.5627637,1777552417.5627637,275209.1725297,10,L_Femur,566,1,-0.4881,9.5129,-1.5791,29.9683,5.7373,-9.3384,96.0974,7.1466,-18.5229,0.7259,0.1606,-0.0616,0.666
independent_20260430_203326,trial_001,subject_001,1777552417.5637648,1777552417.5637648,275209.1726351,11,L_Tibia,589,1,-0.8278,9.5416,-3.0864,22.3389,8.8501,-4.5776,102.7991,8.6133,-63.2318,0.6391,0.4484,-0.2762,0.5606
independent_20260430_203326,trial_001,subject_001,1777552417.5637648,1777552417.5637648,275209.1727358,12,L_Foot,615,1,-0.6364,0.2105,10.1206,2.4414,0.061,1.0376,-1.4282,3.587,-123.6731,-0.0335,0.0038,-0.8813,0.4714
independent_20260430_203326,trial_001,subject_001,1777552417.5637648,1777552417.5637648,275209.1728561,15,R_Foot,305,1,10.5273,4.4023,31.0078,-203.9185,-105.4688,-27.0386,50.0867,0.7965,173.2654,0.0311,-0.4222,0.9046,0.0503
independent_20260430_203326,trial_001,subject_001,1777552417.5637648,1777552417.5637648,275209.1729609,9,Trunk,583,1,-0.4881,9.9053,-0.2632,-5.3711,-1.4038,-16.3574,90.9613,0.8679,-154.9951,0.1492,0.6972,-0.6833,0.1571
independent_20260430_203326,trial_001,subject_001,1777552417.5637648,1777552417.5637648,275209.1730551,10,L_Femur,567,1,-0.1627,9.1588,-1.9811,32.8979,21.2402,-9.0332,96.795,7.2949,-18.1494,0.7303,0.1594,-0.0575,0.6618
independent_20260430_203326,trial_001,subject_001,1777552417.5637648,1777552417.5637648,275209.1731493,11,L_Tibia,590,1,-1.5025,9.3215,-3.2252,20.5078,-6.958,-3.418,103.2056,8.7122,-63.2593,0.6406,0.45,-0.2741,0.5585
independent_20260430_203326,trial_001,subject_001,1777552417.5637648,1777552417.5637648,275209.1732438,12,L_Foot,616,1,-0.6938,0.1436,10.0823,2.0142,0.0,0.7324,-1.3678,3.598,-123.6621,-0.0333,0.0043,-0.8812,0.4715
independent_20260430_203326,trial_001,subject_001,1777552417.5637648,1777552417.5637648,275209.1733765,13,R_Femur,615,1,-0.7608,10.0632,-2.0002,-80.8716,28.0151,-3.7231,89.8132,3.0707,-39.1278,0.6586,0.2542,-0.2193,0.6735
independent_20260430_203326,trial_001,subject_001,1777552417.5637648,1777552417.5637648,275209.1734791,14,R_Tibia,309,1,-1.7514,5.144,-7.106,-11.9019,-30.3345,19.8975,144.4098,11.1237,178.8354,0.0392,-0.9473,0.3051,-0.0892
independent_20260430_203326,trial_001,subject_001,1777552417.5637648,1777552417.5637648,275209.1735735,9,Trunk,584,1,-0.378,9.7761,-0.3015,-4.6387,-0.8545,-16.7236,90.8789,1.1096,-155.0061,0.1475,0.6971,-0.6835,0.1586
independent_20260430_203326,trial_001,subject_001,1777552417.5647647,1777552417.5647647,275209.1737082,10,L_Femur,568,1,-0.4881,9.3406,-1.9284,34.6069,27.2827,-7.8125,97.3608,7.3608,-17.7319,0.734,0.1574,-0.0539,0.6585
independent_20260430_203326,trial_001,subject_001,1777552417.5647647,1777552417.5647647,275209.1738787,11,L_Tibia,591,1,-0.7465,9.5703,-2.852,18.2495,-8.7891,-2.6855,103.4747,8.7891,-63.3856,0.6412,0.4517,-0.2732,0.557
independent_20260430_203326,trial_001,subject_001,1777552417.5647647,1777552417.5647647,275209.1740254,13,R_Femur,616,1,-1.56,10.1589,-1.9715,-78.3691,29.7241,-2.8687,88.6542,3.1201,-38.6719,0.6526,0.2497,-0.2188,0.6811
independent_20260430_203326,trial_001,subject_001,1777552417.5647647,1777552417.5647647,275209.1741603,15,R_Foot,306,1,0.6795,-0.5407,0.646,-158.9966,16.6626,4.5776,43.4674,1.7029,173.2654,0.0355,-0.3688,0.9275,0.0491
independent_20260430_203326,trial_001,subject_001,1777552417.5647647,1777552417.5647647,275209.1742946,9,Trunk,585,1,-0.4498,9.2928,-0.4881,-0.4883,-2.1362,-16.7847,90.8405,1.3568,-155.0281,0.1459,0.6972,-0.6834,0.16
independent_20260430_203326,trial_001,subject_001,1777552417.5647647,1777552417.5647647,275209.1744283,11,L_Tibia,592,1,-0.1244,9.5703,-2.3017,19.4702,1.5259,-4.5776,103.7659,8.855,-63.3746,0.6424,0.4526,-0.2716,0.5556
independent_20260430_203326,trial_001,subject_001,1777552417.5647647,1777552417.5647647,275209.1745616,12,L_Foot,617,1,-0.6029,-0.0335,10.0058,2.1362,0.8545,0.5493,-1.2854,3.631,-123.6511,-0.0332,0.0051,-0.8812,0.4716
independent_20260430_203326,trial_001,subject_001,1777552417.6126876,1777552417.6126876,275209.2223645,13,R_Femur,617,1,-1.7131,9.5464,-1.3494,-76.9653,25.6958,1.5259,87.1216,3.1256,-38.1116,0.6447,0.2436,-0.2187,0.6908
independent_20260430_203326,trial_001,subject_001,1777552417.6136892,1777552417.6136892,275209.222565,14,R_Tibia,310,1,-1.5982,5.5364,-4.3976,-71.228,-8.8501,34.4849,142.3718,11.1292,177.5281,0.0516,-0.9412,0.3229,-0.0848
independent_20260430_203326,trial_001,subject_001,1777552417.6136892,1777552417.6136892,275209.2227284,9,Trunk,586,1,-0.4307,8.9578,-0.4642,5.4321,-2.2583,-15.3198,90.9009,1.6644,-155.072,0.1438,0.698,-0.6827,0.1615
independent_20260430_203326,trial_001,subject_001,1777552417.6136892,1777552417.6136892,275209.2228639,10,L_Femur,569,1,-1.536,9.9483,-1.2824,31.0059,29.7241,-7.2021,98.6957,7.4542,-16.6498,0.743,0.1515,-0.0453,0.6504
independent_20260430_203326,trial_001,subject_001,1777552417.6136892,1777552417.6136892,275209.2229963,11,L_Tibia,593,1,-1.1915,9.5607,-1.7801,17.0898,1.2207,-4.1504,104.1339,8.9374,-63.3032,0.6442,0.4534,-0.2693,0.554
independent_20260430_203326,trial_001,subject_001,1777552417.6136892,1777552417.6136892,275209.2231294,12,L_Foot,618,1,-0.6269,-0.1388,9.934,2.6855,0.7324,0.6104,-1.2195,3.6584,-123.6456,-0.0332,0.0057,-0.8812,0.4716
independent_20260430_203326,trial_001,subject_001,1777552417.6136892,1777552417.6136892,275209.2232695,13,R_Femur,618,1,-1.2298,8.8478,-0.8805,-71.7163,18.7988,5.249,86.0394,3.0707,-37.7875,0.6389,0.2394,-0.2194,0.6974
independent_20260430_203326,trial_001,subject_001,1777552417.6136892,1777552417.6136892,275209.2234047,15,R_Foot,307,1,-0.0096,1.1197,7.0916,-162.2925,20.2026,3.8452,38.7927,2.2192,174.0509,0.0355,-0.3306,0.9421,0.0425
independent_20260430_203326,trial_001,subject_001,1777552417.6827676,1777552417.6827676,275209.2924395,9,Trunk,587,1,-0.3541,9.0918,-0.378,6.2256,-0.4883,-13.1226,90.9778,1.8567,-155.0775,0.1428,0.6987,-0.6819,0.1625
independent_20260430_203326,trial_001,subject_001,1777552417.6827676,1777552417.6827676,275209.2925818,10,L_Femur,570,1,-1.8854,9.6708,-1.4499,30.6396,28.5034,-8.0566,99.201,7.5037,-16.1938,0.7464,0.149,-0.0418,0.6473
independent_20260430_203326,trial_001,subject_001,1777552417.6837754,1777552417.6837754,275209.2926877,11,L_Tibia,594,1,-1.2011,9.3358,-2.0863,16.1133,-3.0518,-3.6011,104.3811,9.0033,-63.3197,0.6451,0.4544,-0.268,0.5527
independent_20260430_203326,trial_001,subject_001,1777552417.6837754,1777552417.6837754,275209.2928089,12,L_Foot,619,1,-0.6986,-0.0096,9.9388,2.7466,0.6104,0.6714,-1.1591,3.6694,-123.6401,-0.033,0.0062,-0.8811,0.4717
independent_20260430_203326,trial_001,subject_001,1777552417.6837754,1777552417.6837754,275209.2929169,13,R_Femur,619,1,-0.6699,8.6946,-0.6699,-63.7207,9.7046,5.249,85.0671,2.9938,-37.6007,0.6335,0.236,-0.2207,0.703
independent_20260430_203326,trial_001,subject_001,1777552417.6837754,1777552417.6837754,275209.2930151,14,R_Tibia,311,1,-2.2873,5.9145,-6.1011,-111.2061,-11.4136,40.3442,138.7244,10.5579,176.2866,0.0626,-0.9303,0.3536,-0.0747
independent_20260430_203326,trial_001,subject_001,1777552417.6837754,1777552417.6837754,275209.2931117,9,Trunk,588,1,-0.4402,9.3693,-0.244,5.127,0.2441,-11.8408,91.0657,2.0874,-155.072,0.1415,0.6995,-0.6811,0.1639
independent_20260430_203326,trial_001,subject_001,1777552417.6837754,1777552417.6837754,275209.2932066,11,L_Tibia,595,1,-0.6604,9.2736,-2.4644,16.0522,-1.77,-3.2349,104.6997,9.0857,-63.3472,0.6463,0.4556,-0.2664,0.5512
independent_20260430_203326,trial_001,subject_001,1777552417.6837754,1777552417.6837754,275209.2933004,12,L_Foot,620,1,-0.7226,0.1005,10.0153,2.5024,0.9155,0.6104,-1.1096,3.6914,-123.6346,-0.033,0.0067,-0.8811,0.4717
independent_20260430_203326,trial_001,subject_001,1777552417.6837754,1777552417.6837754,275209.2933933,13,R_Femur,620,1,-0.402,8.8908,-0.5216,-56.2744,4.3945,1.77,83.8971,2.9388,-37.4744,0.6267,0.2327,-0.2226,0.7096
independent_20260430_203326,trial_001,subject_001,1777552417.7238607,1777552417.7238607,275209.3327948,15,R_Foot,308,1,0.7608,1.9428,9.3454,-191.7725,-28.6865,5.7983,32.4261,1.6644,173.8312,0.0289,-0.278,0.959,0.0476
independent_20260430_203326,trial_001,subject_001,1777552417.7238607,1777552417.7238607,275209.3329619,9,Trunk,589,1,-0.5264,9.5033,-0.1148,5.6763,1.2207,-11.4136,91.1371,2.2522,-155.0555,0.1408,0.7001,-0.6804,0.1649
independent_20260430_203326,trial_001,subject_001,1777552417.7238607,1777552417.7238607,275209.3330688,10,L_Femur,571,1,-1.6939,9.2497,-1.8375,29.1138,14.7095,-0.2441,100.3217,7.4872,-15.4962,0.7536,0.1447,-0.0365,0.6402
independent_20260430_203326,trial_001,subject_001,1777552417.7238607,1777552417.7238607,275209.3331643,11,L_Tibia,596,1,-0.8948,9.3454,-2.3878,15.3809,1.2207,-3.8452,104.9414,9.1461,-63.3252,0.6474,0.4563,-0.2649,0.55
independent_20260430_203326,trial_001,subject_001,1777552417.7238607,1777552417.7238607,275209.3332571,12,L_Foot,621,1,-0.7608,0.0526,10.0201,1.77,0.4883,0.6714,-1.0547,3.7134,-123.6237,-0.0329,0.0072,-0.881,0.4718
independent_20260430_203326,trial_001,subject_001,1777552417.7238607,1777552417.7238607,275209.3333699,13,R_Femur,621,1,-0.4689,8.7329,-0.4689,-50.0488,5.6763,-0.3052,83.1281,2.9388,-37.3865,0.6221,0.2307,-0.2236,0.714
independent_20260430_203326,trial_001,subject_001,1777552417.7238607,1777552417.7238607,275209.3334963,14,R_Tibia,312,1,-1.5552,6.1106,-6.2159,-148.7427,17.7612,45.5322,133.8684,9.3933,175.2704,0.0699,-0.9149,0.3932,-0.0592
independent_20260430_203326,trial_001,subject_001,1777552417.7238607,1777552417.7238607,275209.3336031,9,Trunk,590,1,-0.6173,9.5847,0.0048,6.1035,1.5259,-10.6812,91.214,2.4115,-155.0281,0.1401,0.7007,-0.6796,0.1659
independent_20260430_203326,trial_001,subject_001,1777552417.7238607,1777552417.7238607,275209.333696,10,L_Femur,572,1,-2.0863,9.1779,-2.048,32.4097,10.0098,0.9766,100.816,7.4377,-15.3259,0.7566,0.1435,-0.0353,0.637
independent_20260430_203326,trial_001,subject_001,1777552417.724857,1777552417.724857,275209.3337867,11,L_Tibia,597,1,-1.2537,9.3885,-2.6127,13.1836,-0.4272,-3.2959,105.1611,9.201,-63.3032,0.6483,0.4569,-0.2636,0.549
independent_20260430_203326,trial_001,subject_001,1777552417.724857,1777552417.724857,275209.3338748,12,L_Foot,622,1,-0.6795,0.0287,9.9627,1.9531,0.4272,0.8545,-1.0272,3.7244,-123.6566,-0.0329,0.0074,-0.8812,0.4716
independent_20260430_203326,trial_001,subject_001,1777552417.724857,1777552417.724857,275209.3339627,13,R_Femur,622,1,-0.3972,8.5798,-0.3493,-40.7715,9.5825,0.3662,82.2601,2.9498,-37.2052,0.617,0.2281,-0.2242,0.719
independent_20260430_203326,trial_001,subject_001,1777552417.724857,1777552417.724857,275209.33405,15,R_Foot,309,1,0.5599,3.1438,9.5081,-203.3691,-26.001,28.1982,25.3894,0.4285,173.974,0.0152,-0.2193,0.9742,0.0505
independent_20260430_203326,trial_001,subject_001,1777552417.7933276,1777552417.7933276,275209.4027487,9,Trunk,591,1,-0.7608,9.5368,-0.0096,6.7749,-1.2817,-10.498,91.3239,2.6093,-155.0336,0.139,0.7016,-0.6787,0.1669
independent_20260430_203326,trial_001,subject_001,1777552417.7933276,1777552417.7933276,275209.4028894,10,L_Femur,573,1,-1.6987,9.3215,-2.2538,31.6772,1.0376,3.8452,101.4697,7.3663,-15.26,0.7604,0.1429,-0.0346,0.6326
independent_20260430_203326,trial_001,subject_001,1777552417.7933276,1777552417.7933276,275209.4030153,11,L_Tibia,598,1,-0.8135,9.4268,-2.4931,14.5874,-1.709,-1.9531,105.4523,9.256,-63.3142,0.6495,0.4579,-0.2622,0.5475
independent_20260430_203326,trial_001,subject_001,1777552417.7933276,1777552417.7933276,275209.4031496,12,L_Foot,623,1,-0.5838,0.0335,9.9723,2.3804,0.9155,0.7935,-0.5383,3.8177,-123.5742,-0.0316,0.0116,-0.8808,0.4723
independent_20260430_203326,trial_001,subject_001,1777552417.7943265,1777552417.7943265,275209.4033018,13,R_Femur,623,1,-0.0766,8.5032,-0.0718,-32.7759,13.9771,1.9531,81.7493,2.9498,-36.991,0.6142,0.226,-0.2238,0.7222
independent_20260430_203326,trial_001,subject_001,1777552417.7943265,1777552417.7943265,275209.403424,14,R_Tibia,313,1,-2.1677,7.1155,-5.8092,-168.335,33.8135,38.147,128.985,7.8442,175.188,0.0672,-0.8984,0.4318,-0.0436
independent_20260430_203326,trial_001,subject_001,1777552417.7943265,1777552417.7943265,275209.403544,9,Trunk,592,1,-0.7848,9.398,-0.0479,8.728,-3.1128,-10.1929,91.4337,2.7576,-155.072,0.1381,0.7024,-0.6778,0.1675
independent_20260430_203326,trial_001,subject_001,1777552417.7943265,1777552417.7943265,275209.4036431,10,L_Femur,574,1,-1.1867,9.6469,-1.8806,28.9917,-4.6387,5.188,101.9037,7.3004,-15.3204,0.7628,0.1431,-0.0348,0.6297
independent_20260430_203326,trial_001,subject_001,1777552417.7943265,1777552417.7943265,275209.4037371,11,L_Tibia,599,1,-0.6843,9.4507,-2.1438,15.1367,2.1362,-2.1362,105.6885,9.2889,-63.2867,0.6506,0.4584,-0.2609,0.5464
independent_20260430_203326,trial_001,subject_001,1777552417.7943265,1777552417.7943265,275209.4038303,12,L_Foot,624,1,-0.6938,0.0526,10.0153,2.6855,1.0376,0.7935,-0.5219,3.8232,-123.6072,-0.0315,0.0117,-0.8809,0.4721
independent_20260430_203326,trial_001,subject_001,1777552417.7943265,1777552417.7943265,275209.4039547,13,R_Femur,624,1,0.1579,8.5176,0.2345,-25.2075,16.3574,0.7324,81.3593,2.9608,-36.7383,0.6122,0.2239,-0.2229,0.7248
independent_20260430_203326,trial_001,subject_001,1777552417.7943265,1777552417.7943265,275209.4041591,15,R_Foot,310,1,-1.2776,3.3161,9.1492,-168.8843,-50.5371,30.2124,18.9349,-1.1755,174.5288,-0.0023,-0.1648,0.9851,0.0488
independent_20260430_203326,trial_001,subject_001,1777552417.7943265,1777552417.7943265,275209.4043392,9,Trunk,593,1,-0.6412,9.3454,-0.067,10.6812,-2.9297,-9.2773,91.5765,2.8894,-155.1105,0.1372,0.7035,-0.6768,0.1679
independent_20260430_203326,trial_001,subject_001,1777552417.7943265,1777552417.7943265,275209.4044918,10,L_Femur,575,1,-0.9714,9.5607,-1.3781,29.1138,-1.77,2.6855,102.464,7.24,-15.3973,0.7658,0.1434,-0.0349,0.6259
independent_20260430_203326,trial_001,subject_001,1777552417.7943265,1777552417.7943265,275209.4046329,11,L_Tibia,600,1,-0.8565,9.288,-2.072,15.5029,4.6997,-2.9297,105.9357,9.3164,-63.2043,0.652,0.4586,-0.2593,0.5452
independent_20260430_203326,trial_001,subject_001,1777552417.7958345,1777552417.7958345,275209.4047694,12,L_Foot,625,1,-0.7417,0.0909,10.0393,2.5024,0.9766,0.7935,-0.5164,3.8232,-123.6017,-0.0315,0.0118,-0.8809,0.4721
independent_20260430_203326,trial_001,subject_001,1777552417.7958345,1777552417.7958345,275209.4049131,13,R_Femur,625,1,0.0287,8.5846,0.5312,-20.0195,17.9443,-2.5635,80.9473,3.0377,-36.3812,0.6101,0.2217,-0.221,0.7278
independent_20260430_203326,trial_001,subject_001,1777552417.7958345,1777552417.7958345,275209.4050591,9,Trunk,594,1,-0.3541,9.4985,-0.1196,9.1553,-0.2441,-7.9956,91.7523,3.0487,-155.127,0.1365,0.7047,-0.6755,0.1685
independent_20260430_203326,trial_001,subject_001,1777552417.7958345,1777552417.7958345,275209.4052077,10,L_Femur,576,1,-0.9092,9.4459,-1.2489,30.4565,6.5308,1.4648,102.9254,7.196,-15.3204,0.7685,0.1428,-0.0342,0.6228
independent_20260430_203326,trial_001,subject_001,1777552417.7958345,1777552417.7958345,275209.40536,11,L_Tibia,601,1,-1.1771,9.355,-2.1581,16.4795,3.418,-2.2583,106.2872,9.3494,-63.1055,0.654,0.459,-0.2573,0.5436
independent_20260430_203326,trial_001,subject_001,1777552417.7958345,1777552417.7958345,275209.4055049,12,L_Foot,626,1,-0.6699,0.0526,9.9914,2.8687,1.0376,0.7324,-0.5109,3.8287,-123.6346,-0.0315,0.0118,-0.881,0.4719
independent_20260430_203326,trial_001,subject_001,1777552417.7958345,1777552417.7958345,275209.4056668,13,R_Femur,626,1,-0.4498,8.7138,0.7465,-19.4092,19.7144,-4.3335,80.6616,3.1366,-36.0956,0.6087,0.2203,-0.2192,0.73
independent_20260430_203326,trial_001,subject_001,1777552417.796842,1777552417.796842,275209.4058268,15,R_Foot,311,1,1.0767,4.4406,12.3888,-169.9829,-47.4854,29.3579,13.8263,-2.8894,174.9133,-0.0197,-0.1213,0.9913,0.0471
independent_20260430_203326,trial_001,subject_001,1777552417.796842,1777552417.796842,275209.406016,9,Trunk,595,1,-0.2871,9.556,-0.1148,9.5215,2.8687,-7.2021,91.8787,3.1476,-155.094,0.1363,0.7056,-0.6745,0.1692
independent_20260430_203326,trial_001,subject_001,1777552417.796842,1777552417.796842,275209.4061414,10,L_Femur,577,1,-1.0384,9.6373,-1.2537,28.2593,12.085,0.6714,103.3759,7.1411,-15.1501,0.7712,0.1415,-0.0331,0.6198
independent_20260430_203326,trial_001,subject_001,1777552417.796842,1777552417.796842,275209.4062371,11,L_Tibia,602,1,-1.158,9.422,-1.8806,17.0288,6.7749,-1.8311,106.5674,9.3549,-63.0066,0.6557,0.459,-0.2556,0.5422
independent_20260430_203326,trial_001,subject_001,1777552417.796842,1777552417.796842,275209.4063301,12,L_Foot,627,1,-0.6986,-0.0096,9.9962,3.2959,0.6714,0.9155,-0.4999,3.8287,-123.6621,-0.0315,0.0119,-0.8811,0.4717
independent_20260430_203326,trial_001,subject_001,1777552417.796842,1777552417.796842,275209.4064221,13,R_Femur,627,1,-1.0384,8.843,1.0479,-19.5312,20.0806,-5.5542,80.3815,3.2574,-35.799,0.6072,0.2189,-0.2172,0.7323
independent_20260430_203326,trial_001,subject_001,1777552417.796842,1777552417.796842,275209.4065125,14,R_Tibia,314,1,-0.6316,8.4027,-5.8188,-186.0962,19.7144,40.1001,115.9882,5.2679,174.1113,0.0678,-0.8447,0.5307,-0.0117
independent_20260430_203326,trial_001,subject_001,1777552417.796842,1777552417.796842,275209.4066043,10,L_Femur,578,1,-1.2202,9.465,-1.7562,30.5176,17.2119,-2.8076,104.0076,7.0972,-14.826,0.7751,0.1393,-0.0309,0.6156
independent_20260430_203326,trial_001,subject_001,1777552417.7978413,1777552417.7978413,275209.4066935,11,L_Tibia,603,1,-1.1197,9.3311,-2.2777,18.0664,6.5918,-2.2583,106.9519,9.3658,-62.8473,0.6581,0.459,-0.2533,0.5404
independent_20260430_203326,trial_001,subject_001,1777552417.7978413,1777552417.7978413,275209.4067823,12,L_Foot,628,1,-0.7321,0.0574,10.0201,3.6011,0.3052,0.9766,-0.4944,3.8342,-123.6951,-0.0315,0.012,-0.8813,0.4714
independent_20260430_203326,trial_001,subject_001,1777552417.7978413,1777552417.7978413,275209.4068724,13,R_Femur,628,1,-1.4978,8.8286,1.5552,-17.8223,17.8223,-7.5684,80.0299,3.4552,-35.4309,0.6052,0.2176,-0.2145,0.7351
independent_20260430_203326,trial_001,subject_001,1777552417.7978413,1777552417.7978413,275209.4069625,15,R_Foot,312,1,1.8184,5.8618,12.7285,-153.4424,-55.542,48.7061,8.1628,-4.8779,176.0504,-0.04,-0.0725,0.9959,0.0374
independent_20260430_203326,trial_001,subject_001,1777552417.7978413,1777552417.7978413,275209.4070814,9,Trunk,596,1,-0.7082,9.8048,-0.1436,3.9673,6.897,-5.3101,92.1204,3.3289,-154.8688,0.1369,0.7069,-0.6724,0.1713
independent_20260430_203326,trial_001,subject_001,1777552417.7978413,1777552417.7978413,275209.4072004,10,L_Femur,579,1,-1.0958,9.3215,-1.9811,30.5786,19.5923,-3.1738,104.4965,7.0697,-14.5239,0.7781,0.1372,-0.0289,0.6123
independent_20260430_203326,trial_001,subject_001,1777552417.7978413,1777552417.7978413,275209.4073164,11,L_Tibia,604,1,-1.0575,9.288,-2.3926,20.5688,4.6997,-1.5259,107.276,9.3713,-62.7594,0.66,0.4593,-0.2515,0.5387
independent_20260430_203326,trial_001,subject_001,1777552417.7978413,1777552417.7978413,275209.4074107,12,L_Foot,629,1,-0.7082,0.0957,10.0488,3.1128,0.7324,0.6714,-0.4889,3.8342,-123.7225,-0.0315,0.012,-0.8814,0.4712
independent_20260430_203326,trial_001,subject_001,1777552417.7978413,1777552417.7978413,275209.4076644,13,R_Femur,629,1,-1.6413,8.7903,1.9571,-16.2354,12.3291,-8.4229,79.7827,3.6035,-35.2441,0.6036,0.2171,-0.2129,0.737
independent_20260430_203326,trial_001,subject_001,1777552417.7988412,1777552417.7988412,275209.4077734,14,R_Tibia,315,1,-1.3255,8.9865,-5.5125,-167.1753,35.2783,33.2642,109.9347,3.6749,174.7375,0.056,-0.8167,0.5743,0.0001
independent_20260430_203326,trial_001,subject_001,1777552417.843464,1777552417.843464,275209.4527306,9,Trunk,597,1,-0.7561,9.6421,-0.0144,2.3804,6.7749,-4.9438,92.1478,3.3948,-154.7589,0.1372,0.707,-0.672,0.1723
independent_20260430_203326,trial_001,subject_001,1777552417.843464,1777552417.843464,275209.4529168,10,L_Femur,580,1,-1.1819,9.556,-1.8184,27.2217,20.752,-2.1973,104.9579,7.0258,-14.2053,0.781,0.1349,-0.0269,0.6093
independent_20260430_203326,trial_001,subject_001,1777552417.843464,1777552417.843464,275209.4532356,11,L_Tibia,605,1,-1.1245,9.4746,-1.9906,21.2402,5.9814,-0.9766,107.6111,9.3658,-62.6715,0.6619,0.4595,-0.2498,0.537
independent_20260430_203326,trial_001,subject_001,1777552417.8444915,1777552417.8444915,275209.453485,12,L_Foot,630,1,-0.7178,0.0096,9.9866,4.0894,0.6104,0.8545,-0.4779,3.8397,-123.7555,-0.0315,0.0121,-0.8815,0.471
independent_20260430_203326,trial_001,subject_001,1777552417.8444915,1777552417.8444915,275209.4537068,13,R_Femur,630,1,-1.3494,8.8478,2.3591,-13.0005,6.4087,-7.8125,79.5026,3.7848,-35.1013,0.6017,0.2169,-0.2116,0.739
independent_20260430_203326,trial_001,subject_001,1777552417.8444915,1777552417.8444915,275209.4539291,15,R_Foot,313,1,1.536,5.1393,12.762,-150.8789,-50.4761,63.9038,2.6257,-7.0038,177.9291,-0.0606,-0.024,0.9977,0.0194
independent_20260430_203326,trial_001,subject_001,1777552417.8444915,1777552417.8444915,275209.4541493,9,Trunk,598,1,-0.7082,9.3454,0.0813,5.6763,7.6294,-3.54,92.2302,3.4552,-154.6106,0.1379,0.7074,-0.6712,0.1735
independent_20260430_203326,trial_001,subject_001,1777552417.8444915,1777552417.8444915,275209.4543346,10,L_Femur,581,1,-1.5456,9.7521,-1.6652,19.5312,21.6064,-2.5635,105.4193,6.9543,-13.7714,0.784,0.1317,-0.0246,0.6062
independent_20260430_203326,trial_001,subject_001,1777552417.8454933,1777552417.8454933,275209.4544481,11,L_Tibia,606,1,-1.1819,9.3215,-2.2203,23.0713,7.1411,-0.1221,108.0835,9.3494,-62.5177,0.6648,0.4595,-0.2473,0.5345
independent_20260430_203326,trial_001,subject_001,1777552417.8454933,1777552417.8454933,275209.4545512,12,L_Foot,631,1,-0.6651,0.1531,10.0249,4.5776,0.7935,0.7324,-0.39,3.8562,-123.7445,-0.0313,0.0129,-0.8814,0.4711
independent_20260430_203326,trial_001,subject_001,1777552417.8454933,1777552417.8454933,275209.4546721,13,R_Femur,631,1,-1.0384,8.819,2.4356,-9.1553,3.6621,-6.1035,79.3542,3.8837,-35.0409,0.6006,0.217,-0.2109,0.74
independent_20260430_203326,trial_001,subject_001,1777552417.8454933,1777552417.8454933,275209.454809,14,R_Tibia,316,1,-0.8374,9.0535,-4.5172,-154.1748,25.2075,29.2358,105.2161,2.5488,175.2814,0.0462,-0.7931,0.6073,0.0073
independent_20260430_203326,trial_001,subject_001,1777552417.8460019,1777552417.8460019,275209.4549304,10,L_Femur,582,1,-1.6317,9.355,-1.9858,17.6392,24.4141,-3.6011,105.7324,6.8994,-13.3978,0.7861,0.1289,-0.0226,0.6041
independent_20260430_203326,trial_001,subject_001,1777552417.8460019,1777552417.8460019,275209.4550431,11,L_Tibia,607,1,-1.2394,9.2162,-2.6749,24.4141,6.8359,0.9766,108.468,9.3109,-62.4188,0.6671,0.4596,-0.2455,0.5324
independent_20260430_203326,trial_001,subject_001,1777552417.8460019,1777552417.8460019,275209.455143,12,L_Foot,632,1,-0.6986,0.2105,10.0249,4.6997,0.6104,0.7324,-0.3076,3.8727,-123.739,-0.0311,0.0136,-0.8814,0.4711
independent_20260430_203326,trial_001,subject_001,1777552417.8460019,1777552417.8460019,275209.4552402,13,R_Femur,632,1,-0.8087,8.7233,2.3017,-5.9204,3.1128,-4.4556,79.2499,3.9606,-34.9969,0.5999,0.217,-0.2104,0.7408
independent_20260430_203326,trial_001,subject_001,1777552417.8460019,1777552417.8460019,275209.4553359,15,R_Foot,314,1,0.0622,4.0961,11.5179,-140.564,-47.3022,54.5654,-2.7356,-8.6627,-179.9451,0.0755,-0.0238,-0.9969,0.0023
independent_20260430_203326,trial_001,subject_001,1777552417.8460019,1777552417.8460019,275209.4554327,9,Trunk,599,1,-0.7896,9.6756,0.2105,5.6763,9.2773,-2.1362,92.417,3.5046,-154.3414,0.1396,0.7082,-0.6695,0.1751
independent_20260430_203326,trial_001,subject_001,1777552417.9028645,1777552417.9028645,275209.5121666,10,L_Femur,583,1,-1.3303,8.9626,-2.6127,21.5454,23.2544,-2.5635,106.2158,6.8225,-12.9034,0.7893,0.1252,-0.02,0.6008
independent_20260430_203326,trial_001,subject_001,1777552417.9028645,1777552417.9028645,275209.5123097,11,L_Tibia,608,1,-1.1054,9.1444,-2.8902,24.1089,5.9814,0.9155,108.8361,9.2834,-62.3254,0.6693,0.4598,-0.2438,0.5303
independent_20260430_203326,trial_001,subject_001,1777552417.9028645,1777552417.9028645,275209.5124308,12,L_Foot,633,1,-0.7465,0.2488,10.0249,4.3335,0.6714,0.8545,-0.2307,3.8892,-123.728,-0.0309,0.0142,-0.8814,0.4712
independent_20260430_203326,trial_001,subject_001,1777552417.9028645,1777552417.9028645,275209.5125484,13,R_Femur,633,1,-0.5359,8.5798,2.1055,-0.1831,6.3477,-1.9531,79.2114,4.021,-34.8871,0.5997,0.2168,-0.2095,0.7413
independent_20260430_203326,trial_001,subject_001,1777552417.9028645,1777552417.9028645,275209.5126643,14,R_Tibia,317,1,-0.5024,9.3789,-3.4166,-139.4043,22.583,26.3062,100.1459,1.4502,175.8966,0.0356,-0.766,0.6417,0.0133
independent_20260430_203326,trial_001,subject_001,1777552417.9038627,1777552417.9038627,275209.5127568,9,Trunk,600,1,-0.7991,9.5703,0.2393,5.3101,9.4604,-2.3193,92.5104,3.5321,-154.1492,0.1407,0.7086,-0.6686,0.1763
independent_20260430_203326,trial_001,subject_001,1777552417.9038627,1777552417.9038627,275209.5128468,10,L_Femur,584,1,-1.2346,9.0392,-2.6366,21.9727,17.5781,-0.1831,106.5729,6.7511,-12.6178,0.7915,0.1229,-0.0187,0.5984
independent_20260430_203326,trial_001,subject_001,1777552417.9038627,1777552417.9038627,275209.5129385,11,L_Tibia,609,1,-0.6221,9.0392,-2.962,25.3296,10.498,0.6714,109.3634,9.2285,-62.1552,0.6726,0.4597,-0.2412,0.5274
independent_20260430_203326,trial_001,subject_001,1777552417.9038627,1777552417.9038627,275209.5130287,12,L_Foot,634,1,-0.7369,0.2488,10.0632,3.54,0.6104,0.7324,-0.1373,3.9056,-123.7225,-0.0306,0.015,-0.8813,0.4713
independent_20260430_203326,trial_001,subject_001,1777552417.9038627,1777552417.9038627,275209.5131375,13,R_Femur,634,1,-0.5312,8.7568,2.0098,3.418,9.0942,0.2441,79.2609,4.043,-34.7498,0.6002,0.2163,-0.2084,0.7413
independent_20260430_203326,trial_001,subject_001,1777552417.9038627,1777552417.9038627,275209.5132651,15,R_Foot,315,1,1.3542,3.7181,10.9245,-125.1831,-37.7808,49.0723,-6.9214,-9.7888,-178.3301,0.0843,-0.0614,-0.9944,0.0196
independent_20260430_203326,trial_001,subject_001,1777552417.9038627,1777552417.9038627,275209.5133952,9,Trunk,601,1,-0.8087,9.5751,0.1531,6.1035,9.3994,-2.6245,92.5983,3.5541,-154.0118,0.1416,0.7089,-0.6678,0.1771
independent_20260430_203326,trial_001,subject_001,1777552417.9038627,1777552417.9038627,275209.5135735,11,L_Tibia,610,1,-1.0049,9.087,-2.8854,25.8789,11.0474,1.0376,109.7754,9.1791,-61.9849,0.6753,0.4593,-0.2391,0.5252
independent_20260430_203326,trial_001,subject_001,1777552417.9048653,1777552417.9048653,275209.513741,12,L_Foot,635,1,-0.6986,0.2632,10.0728,2.8076,0.6714,0.4272,-0.0824,3.9221,-123.717,-0.0305,0.0155,-0.8813,0.4714
independent_20260430_203326,trial_001,subject_001,1777552417.9048653,1777552417.9048653,275209.5138934,13,R_Femur,635,1,-0.7369,9.0248,2.0241,2.9907,9.8877,1.2207,79.3158,4.0485,-34.5905,0.6009,0.2156,-0.2072,0.7413
independent_20260430_203326,trial_001,subject_001,1777552417.9048653,1777552417.9048653,275209.5140468,14,R_Tibia,318,1,-0.2728,8.8908,-2.2586,-117.6147,26.5503,24.292,95.7129,0.4999,176.6382,0.0247,-0.7411,0.6708,0.0164
independent_20260430_203326,trial_001,subject_001,1777552417.9048653,1777552417.9048653,275209.5142019,9,Trunk,602,1,-0.8278,9.6229,0.1483,4.6387,11.2305,-1.4038,92.6971,3.576,-153.7921,0.143,0.7093,-0.6668,0.1784
independent_20260430_203326,trial_001,subject_001,1777552417.9048653,1777552417.9048653,275209.5143614,10,L_Femur,585,1,-1.7849,9.087,-2.4931,25.0244,17.1509,1.8921,107.4408,6.5314,-12.0685,0.7968,0.1181,-0.0164,0.5923
independent_20260430_203326,trial_001,subject_001,1777552417.905588,1777552417.905588,275209.5145771,11,L_Tibia,611,1,-1.5982,9.2114,-3.1151,24.292,5.3101,2.6855,110.2972,9.1022,-61.842,0.6785,0.4593,-0.2369,0.5221
independent_20260430_203326,trial_001,subject_001,1777552417.905588,1777552417.905588,275209.5147322,12,L_Foot,636,1,-0.7226,0.268,9.9962,2.8687,0.2441,0.5493,-0.0275,3.9276,-123.7115,-0.0303,0.016,-0.8812,0.4714
independent_20260430_203326,trial_001,subject_001,1777552417.905588,1777552417.905588,275209.5148805,13,R_Femur,636,1,-0.8948,8.9147,2.3878,-0.3052,11.3525,1.9531,79.3323,4.0485,-34.3542,0.6014,0.2144,-0.2057,0.7416
independent_20260430_203326,trial_001,subject_001,1777552417.905588,1777552417.905588,275209.5150281,15,R_Foot,316,1,1.4308,3.6606,9.0535,-101.8066,-24.6582,48.584,-11.1896,-10.5634,-176.4294,0.0885,-0.0999,-0.9902,0.0398
independent_20260430_203326,trial_001,subject_001,1777552417.9634721,1777552417.9634721,275209.5728382,9,Trunk,603,1,-0.8135,9.5129,0.1579,4.0894,12.0239,0.0,92.7576,3.5596,-153.6163,0.1443,0.7094,-0.6662,0.1793
independent_20260430_203326,trial_001,subject_001,1777552417.9634721,1777552417.9634721,275209.5729642,10,L_Femur,586,1,-1.7227,8.9004,-2.895,30.2124,12.7563,3.2349,107.9022,6.4215,-11.8762,0.7995,0.1163,-0.0157,0.5891
independent_20260430_203326,trial_001,subject_001,1777552417.9634721,1777552417.9634721,275209.5730708,11,L_Tibia,612,1,-1.1819,9.0966,-3.4405,24.9023,0.9155,3.2349,110.6708,9.0637,-61.8256,0.6804,0.4598,-0.2355,0.5198
independent_20260430_203326,trial_001,subject_001,1777552417.9634721,1777552417.9634721,275209.5731743,12,L_Foot,637,1,-0.7417,0.3158,10.0058,2.8687,0.061,0.6104,0.0385,3.9386,-123.7061,-0.0301,0.0165,-0.8812,0.4715
independent_20260430_203326,trial_001,subject_001,1777552417.9634721,1777552417.9634721,275209.5732758,13,R_Femur,637,1,-0.8087,8.7425,2.7467,-3.6011,11.7798,2.1362,79.2938,4.043,-34.162,0.6016,0.2133,-0.2045,0.7422
independent_20260430_203326,trial_001,subject_001,1777552417.9644728,1777552417.9644728,275209.5733741,14,R_Tibia,319,1,-0.311,8.5941,-1.536,-91.4307,29.7852,20.6299,92.1533,-0.3186,177.6544,0.0128,-0.7202,0.6935,0.0162
independent_20260430_203326,trial_001,subject_001,1777552417.9644728,1777552417.9644728,275209.5734739,9,Trunk,604,1,-0.7656,9.3885,0.1866,3.9062,13.2446,1.5869,92.8125,3.5266,-153.4241,0.1457,0.7094,-0.6656,0.1801
independent_20260430_203326,trial_001,subject_001,1777552417.9644728,1777552417.9644728,275209.5735728,10,L_Femur,587,1,-1.3973,8.9865,-2.9668,32.2266,8.0566,5.127,108.3911,6.3116,-11.7609,0.8022,0.115,-0.0154,0.5856
independent_20260430_203326,trial_001,subject_001,1777552417.9644728,1777552417.9644728,275209.5736695,11,L_Tibia,613,1,-0.7752,9.1109,-3.2826,25.1465,4.1504,3.1128,111.0553,9.0088,-61.7871,0.6824,0.4601,-0.2342,0.5174
independent_20260430_203326,trial_001,subject_001,1777552417.9644728,1777552417.9644728,275209.5738181,12,L_Foot,638,1,-0.7704,0.2345,9.9771,2.9907,0.0,0.4883,0.0989,3.9441,-123.7006,-0.0299,0.017,-0.8812,0.4715
independent_20260430_203326,trial_001,subject_001,1777552417.9644728,1777552417.9644728,275209.5740132,13,R_Femur,638,1,-0.7896,8.6372,3.1247,-5.188,11.4746,2.8687,79.2059,4.0265,-33.9093,0.6015,0.2117,-0.2031,0.7431
independent_20260430_203326,trial_001,subject_001,1777552417.9644728,1777552417.9644728,275209.574142,15,R_Foot,317,1,0.311,3.8568,8.2975,-58.8379,-34.9731,36.2549,-14.068,-11.2665,-174.765,0.0918,-0.1262,-0.9861,0.0571
independent_20260430_203326,trial_001,subject_001,1777552417.9644728,1777552417.9644728,275209.5742781,9,Trunk,605,1,-0.7704,9.2688,0.2728,2.8076,13.6719,4.3945,92.8729,3.4332,-153.1494,0.1481,0.7093,-0.665,0.181
independent_20260430_203326,trial_001,subject_001,1777552417.9654746,1777552417.9654746,275209.5744072,10,L_Femur,588,1,-1.1245,9.1301,-2.9333,34.5459,9.2163,5.4932,109.0723,6.1469,-11.6235,0.806,0.1133,-0.0152,0.5808
independent_20260430_203326,trial_001,subject_001,1777552417.9654746,1777552417.9654746,275209.5745456,11,L_Tibia,614,1,-0.9188,9.2162,-3.3879,23.9868,2.8687,3.1128,111.5552,8.9374,-61.7212,0.6852,0.4605,-0.2323,0.5144
independent_20260430_203326,trial_001,subject_001,1777552417.9654746,1777552417.9654746,275209.5746717,12,L_Foot,639,1,-0.7513,0.2488,9.9914,3.7231,-0.1831,0.6714,0.1868,3.9441,-123.6951,-0.0296,0.0177,-0.8811,0.4716
independent_20260430_203326,trial_001,subject_001,1777552417.9654746,1777552417.9654746,275209.5747719,13,R_Femur,639,1,-0.6651,8.7281,3.3113,-8.606,14.7095,5.3711,79.1016,3.988,-33.6786,0.6013,0.21,-0.202,0.744
independent_20260430_203326,trial_001,subject_001,1777552417.9654746,1777552417.9654746,275209.5748779,14,R_Tibia,320,1,-0.3063,8.1156,-1.4643,-63.4155,21.3623,16.5405,89.9451,-0.8569,178.3575,0.0048,-0.7068,0.7073,0.0154
independent_20260430_203326,trial_001,subject_001,1777552417.9654746,1777552417.9654746,275209.5749993,9,Trunk,606,1,-0.9522,9.2449,0.3254,2.8076,12.2681,6.0425,92.9114,3.3289,-152.9626,0.1499,0.7091,-0.6646,0.1814
independent_20260430_203326,trial_001,subject_001,1777552417.9654746,1777552417.9654746,275209.5751063,10,L_Femur,589,1,-0.7273,9.0152,-2.9859,37.8418,10.437,5.8594,109.6436,6.0095,-11.4972,0.8091,0.1118,-0.015,0.5767
independent_20260430_203326,trial_001,subject_001,1777552417.9654746,1777552417.9654746,275209.5752051,11,L_Tibia,615,1,-0.4689,8.9817,-3.6271,24.6582,2.9907,2.6245,111.9287,8.8989,-61.6882,0.6871,0.4609,-0.2309,0.5121
independent_20260430_203326,trial_001,subject_001,1777552418.0429676,1777552418.0429676,275209.6522288,12,L_Foot,640,1,-0.6699,0.335,10.0488,3.54,0.1221,0.4883,0.2527,3.9496,-123.6896,-0.0293,0.0182,-0.8811,0.4716
independent_20260430_203326,trial_001,subject_001,1777552418.0429676,1777552418.0429676,275209.6523937,13,R_Femur,640,1,-0.5646,8.819,3.5602,-10.8643,19.9585,6.2256,78.9587,3.9441,-33.371,0.601,0.2079,-0.2005,0.7452
independent_20260430_203326,trial_001,subject_001,1777552418.0429676,1777552418.0429676,275209.6525394,9,Trunk,607,1,-1.0479,9.3358,0.4163,2.5024,11.7798,6.7139,92.9443,3.2135,-152.7924,0.1517,0.709,-0.6643,0.1817
independent_20260430_203326,trial_001,subject_001,1777552418.0429676,1777552418.0429676,275209.6527074,10,L_Femur,590,1,-0.134,8.7855,-2.8328,43.7622,17.1509,6.958,110.5005,5.7733,-11.25,0.8138,0.109,-0.0146,0.5706
independent_20260430_203326,trial_001,subject_001,1777552418.0439723,1777552418.0439723,275209.6528725,11,L_Tibia,616,1,-0.2105,8.9147,-3.6415,24.7192,7.019,2.2583,112.3132,8.844,-61.5894,0.6894,0.4608,-0.2293,0.5098
independent_20260430_203326,trial_001,subject_001,1777552418.0439723,1777552418.0439723,275209.6530048,12,L_Foot,641,1,-0.6364,0.4067,10.0153,3.2349,0.4272,0.0,0.3131,3.9606,-123.6951,-0.0292,0.0187,-0.8811,0.4716
independent_20260430_203326,trial_001,subject_001,1777552418.0439723,1777552418.0439723,275209.6531021,13,R_Femur,641,1,-0.7561,8.5224,3.6224,-5.127,19.8364,8.7891,78.8269,3.8562,-32.9205,0.6012,0.2047,-0.1983,0.7466
independent_20260430_203326,trial_001,subject_001,1777552418.0439723,1777552418.0439723,275209.6531994,14,R_Tibia,321,1,0.5216,8.0008,-1.2824,-31.4941,23.3154,8.3618,88.4344,-1.236,179.1046,-0.0023,-0.6974,0.7166,0.0131
independent_20260430_203326,trial_001,subject_001,1777552418.0439723,1777552418.0439723,275209.6532946,9,Trunk,608,1,-0.9618,9.489,0.5551,2.8076,13.916,6.7139,92.9938,3.0542,-152.5397,0.1543,0.7087,-0.6639,0.1821
independent_20260430_203326,trial_001,subject_001,1777552418.0439723,1777552418.0439723,275209.6533859,10,L_Femur,591,1,-0.1866,8.8095,-2.8615,47.6685,24.6582,7.7515,111.2311,5.5426,-10.9534,0.8179,0.1059,-0.0141,0.5653
independent_20260430_203326,trial_001,subject_001,1777552418.0439723,1777552418.0439723,275209.6534961,11,L_Tibia,617,1,-0.7321,8.9817,-3.7229,24.8413,7.8735,2.8076,112.8351,8.7451,-61.4465,0.6925,0.4606,-0.2272,0.5066
independent_20260430_203326,trial_001,subject_001,1777552418.0439723,1777552418.0439723,275209.6535954,12,L_Foot,642,1,-0.6699,0.3876,9.9866,3.6011,0.7324,-0.4272,0.3625,3.9771,-123.7225,-0.0291,0.0192,-0.8812,0.4714
independent_20260430_203326,trial_001,subject_001,1777552418.0439723,1777552418.0439723,275209.6536985,13,R_Femur,642,1,-1.158,8.264,3.4645,4.8218,13.4277,11.9019,78.8818,3.7299,-32.6569,0.6023,0.2026,-0.1972,0.7466
independent_20260430_203326,trial_001,subject_001,1777552418.0634854,1777552418.0634854,275209.672429,15,R_Foot,318,1,1.0575,3.1965,6.3643,3.3569,8.7891,25.6348,-16.6772,-11.8158,-172.5073,0.0922,-0.1506,-0.9811,0.0792
independent_20260430_203326,trial_001,subject_001,1777552418.0634854,1777552418.0634854,275209.6725615,10,L_Femur,592,1,-0.6316,8.9243,-3.096,53.2227,30.0903,8.0566,112.0441,5.2625,-10.5853,0.8225,0.102,-0.0136,0.5594
independent_20260430_203326,trial_001,subject_001,1777552418.110037,1777552418.110037,275209.719779,11,L_Tibia,618,1,-1.1963,9.0918,-3.7181,24.4751,7.019,3.2349,113.2196,8.6682,-61.3477,0.6949,0.4605,-0.2257,0.5042
independent_20260430_203326,trial_001,subject_001,1777552418.1110337,1777552418.1110337,275209.7200172,12,L_Foot,643,1,-0.7465,0.3876,10.068,3.3569,0.6104,-0.2441,0.4395,3.9825,-123.717,-0.0288,0.0198,-0.8812,0.4715
independent_20260430_203326,trial_001,subject_001,1777552418.1110337,1777552418.1110337,275209.7202055,13,R_Femur,643,1,-1.3016,8.2209,3.2013,12.3291,3.1128,17.5171,79.0521,3.4991,-32.5195,0.6041,0.2007,-0.1972,0.7456
independent_20260430_203326,trial_001,subject_001,1777552418.1110337,1777552418.1110337,275209.7204464,14,R_Tibia,322,1,0.2775,7.7424,-1.0336,-0.6104,26.8555,2.9297,87.962,-1.3458,-179.9396,0.0088,0.6944,-0.7195,-0.0078
independent_20260430_203326,trial_001,subject_001,1777552418.1110337,1777552418.1110337,275209.7207011,9,Trunk,609,1,-0.4977,9.7617,0.646,-1.4038,19.6533,8.7891,93.0103,2.7301,-151.9244,0.16,0.7075,-0.6634,0.1837
independent_20260430_203326,trial_001,subject_001,1777552418.1120327,1777552418.1120327,275209.720892,10,L_Femur,593,1,-1.1054,9.0296,-3.4501,59.3872,30.8838,6.2256,113.2416,4.8999,-10.0525,0.829,0.0965,-0.0126,0.5507
independent_20260430_203326,trial_001,subject_001,1777552418.1120327,1777552418.1120327,275209.7210814,11,L_Tibia,619,1,-0.9188,9.1827,-3.7994,25.0244,9.9487,2.0142,113.736,8.5693,-61.1938,0.698,0.4602,-0.2236,0.501
independent_20260430_203326,trial_001,subject_001,1777552418.1120327,1777552418.1120327,275209.7212797,12,L_Foot,644,1,-0.7991,0.4354,10.0584,3.479,0.2441,0.1221,0.4559,3.988,-123.717,-0.0288,0.0199,-0.8812,0.4715
independent_20260430_203326,trial_001,subject_001,1777552418.1120327,1777552418.1120327,275209.7214766,13,R_Femur,644,1,-0.8518,8.4219,2.7323,11.9019,-4.5776,26.4282,79.3048,3.0048,-32.4811,0.6068,0.1978,-0.1992,0.7436
independent_20260430_203326,trial_001,subject_001,1777552418.1120327,1777552418.1120327,275209.7216733,15,R_Foot,319,1,1.3686,5.2445,6.9289,66.2231,68.9697,15.7471,-15.1996,-10.1898,-172.1777,0.0788,-0.1374,-0.9842,0.0791
independent_20260430_203326,trial_001,subject_001,1777552418.1120327,1777552418.1120327,275209.7218682,9,Trunk,610,1,-0.402,9.6373,0.7082,-4.2114,21.3623,10.3149,92.9608,2.5543,-151.6168,0.1629,0.7066,-0.6635,0.1844
independent_20260430_203326,trial_001,subject_001,1777552418.1120327,1777552418.1120327,275209.7220645,10,L_Femur,594,1,-1.1676,8.9913,-3.4979,59.6924,28.7476,4.4556,114.1644,4.6527,-9.668,0.8339,0.0927,-0.0118,0.5439
independent_20260430_203326,trial_001,subject_001,1777552418.1120327,1777552418.1120327,275209.722262,11,L_Tibia,620,1,-0.7273,9.0104,-3.5602,26.6113,13.916,1.77,114.1589,8.4705,-61.0181,0.7009,0.4596,-0.2217,0.4984
independent_20260430_203326,trial_001,subject_001,1777552418.1135406,1777552418.1135406,275209.7224689,12,L_Foot,645,1,-0.7273,0.4546,9.9771,3.2959,0.1221,0.061,0.4724,3.988,-123.728,-0.0287,0.02,-0.8812,0.4714
independent_20260430_203326,trial_001,subject_001,1777552418.1135406,1777552418.1135406,275209.7226658,13,R_Femur,645,1,-0.4211,8.5511,2.6271,8.0566,-1.6479,30.2734,79.4312,2.5598,-32.4207,0.6086,0.1948,-0.201,0.7424
independent_20260430_203326,trial_001,subject_001,1777552418.1135406,1777552418.1135406,275209.722857,14,R_Tibia,323,1,0.4067,7.551,-1.6892,35.3394,31.311,-0.3052,88.7311,-1.3184,-178.9508,0.0146,0.6991,-0.7149,-0.0015
independent_20260430_203326,trial_001,subject_001,1777552418.1135406,1777552418.1135406,275209.7230164,9,Trunk,611,1,-0.378,9.532,0.8565,-7.5684,23.1323,11.1694,92.8564,2.3676,-151.2872,0.1658,0.7053,-0.6639,0.1854
independent_20260430_203326,trial_001,subject_001,1777552418.1135406,1777552418.1135406,275209.7231955,10,L_Femur,595,1,-1.1245,8.9722,-3.2635,61.4624,28.8086,5.0049,115.1093,4.4055,-9.2944,0.8388,0.0889,-0.0111,0.537
independent_20260430_203326,trial_001,subject_001,1777552418.1135406,1777552418.1135406,275209.7233657,13,R_Femur,646,1,-0.3206,8.4554,2.8472,11.1084,2.8076,30.5786,79.6399,1.9501,-32.2668,0.6114,0.1905,-0.2029,0.7407
independent_20260430_203326,trial_001,subject_001,1777552418.1145473,1777552418.1145473,275209.7235168,15,R_Foot,320,1,1.5169,-0.5407,6.0484,89.3555,69.8853,29.2969,-12.2992,-7.3169,-172.2162,0.056,-0.111,-0.9895,0.0742
independent_20260430_203326,trial_001,subject_001,1777552418.1145473,1777552418.1145473,275209.7237128,9,Trunk,612,1,-0.5599,9.6756,0.9857,-9.0332,24.353,10.9863,92.6807,2.1094,-150.8148,0.1699,0.7032,-0.6646,0.1868
independent_20260430_203326,trial_001,subject_001,1777552418.1145473,1777552418.1145473,275209.7239007,10,L_Femur,596,1,-1.0719,9.154,-2.8902,61.2183,31.5552,5.0049,116.3782,4.043,-8.7726,0.8454,0.0835,-0.0104,0.5275
independent_20260430_203326,trial_001,subject_001,1777552418.1145473,1777552418.1145473,275209.7241059,11,L_Tibia,621,1,-1.1054,9.2784,-3.2156,30.1514,18.9209,3.6011,115.2466,8.1299,-60.4468,0.7088,0.4569,-0.2171,0.4917
independent_20260430_203326,trial_001,subject_001,1777552418.1145473,1777552418.1145473,275209.7242991,12,L_Foot,646,1,-0.7034,0.2536,9.9388,5.6152,-0.4272,0.4272,0.5878,3.9935,-123.739,-0.0283,0.0209,-0.8812,0.4713
independent_20260430_203326,trial_001,subject_001,1777552418.115548,1777552418.115548,275209.7244085,13,R_Femur,647,1,-0.2632,8.5463,2.7084,12.9395,9.3384,27.9541,79.8267,1.5436,-32.0581,0.6138,0.1871,-0.2035,0.7395
independent_20260430_203326,trial_001,subject_001,1777552418.115548,1777552418.115548,275209.7245301,14,R_Tibia,324,1,-0.2297,8.8238,-1.5743,59.5093,19.7144,2.5024,90.3461,-1.3019,-178.0939,0.0198,0.709,-0.705,0.0037
independent_20260430_203326,trial_001,subject_001,1777552418.115548,1777552418.115548,275209.7246631,9,Trunk,613,1,-0.7561,10.1015,0.9475,-9.2163,25.2075,9.0332,92.5433,1.9446,-150.4468,0.1729,0.7016,-0.6652,0.1881
independent_20260430_203326,trial_001,subject_001,1777552418.115548,1777552418.115548,275209.7247973,10,L_Femur,597,1,-1.1149,9.2928,-2.6797,61.2793,35.2173,6.4697,117.3175,3.7244,-8.3386,0.8501,0.0789,-0.0101,0.5205
independent_20260430_203326,trial_001,subject_001,1777552418.115548,1777552418.115548,275209.7248937,11,L_Tibia,622,1,-1.2537,9.3406,-3.0003,33.6914,21.5454,5.3101,115.7794,7.9376,-60.1721,0.7127,0.4554,-0.2151,0.4882
independent_20260430_203326,trial_001,subject_001,1777552418.115548,1777552418.115548,275209.7249871,12,L_Foot,647,1,-0.5981,0.3063,9.9483,6.5918,-0.5493,0.6714,0.6976,3.988,-123.7335,-0.0278,0.0218,-0.8812,0.4714
independent_20260430_203326,trial_001,subject_001,1777552418.115548,1777552418.115548,275209.7250798,13,R_Femur,648,1,0.067,9.1396,2.4261,19.8364,19.9585,24.6582,80.0958,1.2085,-31.7175,0.6167,0.1836,-0.2026,0.7382
independent_20260430_203326,trial_001,subject_001,1777552418.115548,1777552418.115548,275209.7251721,15,R_Foot,321,1,-4.1152,-2.4739,10.2211,134.8877,31.25,18.6157,-8.1079,-4.6033,-171.9305,0.035,-0.0733,-0.994,0.073
independent_20260430_203326,trial_001,subject_001,1777552418.1998281,1777552418.1998281,275209.8092499,9,Trunk,614,1,-0.9331,10.5465,0.6795,-10.1929,25.0244,6.5918,92.3895,1.8127,-150.0732,0.1757,0.7,-0.6657,0.1897
independent_20260430_203326,trial_001,subject_001,1777552418.1998281,1777552418.1998281,275209.8093706,10,L_Femur,598,1,-1.67,9.6277,-2.694,56.3354,34.9731,4.5776,118.4985,3.3014,-7.7509,0.8561,0.0728,-0.0098,0.5116
independent_20260430_203326,trial_001,subject_001,1777552418.1998281,1777552418.1998281,275209.8094712,11,L_Tibia,623,1,-1.4308,9.5177,-2.785,37.7197,23.4375,7.4463,116.3727,7.6959,-59.892,0.717,0.4539,-0.2131,0.4842
independent_20260430_203326,trial_001,subject_001,1777552418.1998281,1777552418.1998281,275209.8095686,13,R_Femur,649,1,0.5359,10.8479,2.3447,20.0195,32.8979,26.3672,80.5518,0.7855,-31.0419,0.6215,0.178,-0.1999,0.7363
independent_20260430_203326,trial_001,subject_001,1777552418.2008288,1777552418.2008288,275209.8097391,14,R_Tibia,325,1,-0.914,13.1592,4.4358,14.2212,-12.4512,7.9956,91.5051,-1.6205,-178.2587,0.0207,0.716,-0.6978,0.0005
independent_20260430_203326,trial_001,subject_001,1777552418.2008288,1777552418.2008288,275209.8098634,9,Trunk,615,1,-0.981,10.7618,0.0574,-7.5684,20.0806,2.3193,92.2137,1.7139,-149.6448,0.1786,0.6981,-0.6662,0.1919
independent_20260430_203326,trial_001,subject_001,1777552418.2008288,1777552418.2008288,275209.8099612,11,L_Tibia,624,1,-1.6126,9.7282,-2.2442,45.2881,21.6675,10.9253,117.2791,7.3224,-59.5569,0.7231,0.4521,-0.2106,0.4779
independent_20260430_203326,trial_001,subject_001,1777552418.2008288,1777552418.2008288,275209.8100537,12,L_Foot,648,1,-0.9666,0.1196,10.1493,10.7422,-0.8545,1.1597,1.0492,3.9771,-123.7061,-0.0263,0.0244,-0.881,0.4717
independent_20260430_203326,trial_001,subject_001,1777552418.2008288,1777552418.2008288,275209.8101726,15,R_Foot,322,1,-4.0961,0.5455,10.4604,123.8403,33.3252,-14.5874,-4.2352,-3.8287,-172.1393,0.0308,-0.0391,-0.9963,0.0697
independent_20260430_203326,trial_001,subject_001,1777552418.2008288,1777552418.2008288,275209.8103212,9,Trunk,616,1,-0.957,10.6565,-0.5312,-4.0283,14.5874,0.3662,92.1368,1.6864,-149.4086,0.1801,0.6973,-0.6664,0.1932
independent_20260430_203326,trial_001,subject_001,1777552418.2008288,1777552418.2008288,275209.8104723,10,L_Femur,599,1,-2.6653,10.3934,-2.852,38.7573,19.3481,3.1128,119.9158,2.807,-7.0972,0.863,0.0658,-0.0098,0.5008
independent_20260430_203326,trial_001,subject_001,1777552418.2008288,1777552418.2008288,275209.8106194,11,L_Tibia,625,1,-1.6987,9.7426,-1.8662,52.4292,16.0522,14.1602,118.0646,7.0312,-59.4141,0.7277,0.4515,-0.2088,0.4721
independent_20260430_203326,trial_001,subject_001,1777552418.2018309,1777552418.2018309,275209.8107842,12,L_Foot,649,1,-0.9331,0.1388,10.044,12.146,-0.5493,0.9155,1.2415,3.9771,-123.6951,-0.0255,0.0259,-0.8809,0.4718
independent_20260430_203326,trial_001,subject_001,1777552418.2018309,1777552418.2018309,275209.8109476,13,R_Femur,650,1,1.0575,11.9438,4.8187,6.4697,88.0737,15.5029,80.8264,0.4669,-29.0149,0.6268,0.1654,-0.1882,0.7378
independent_20260430_203326,trial_001,subject_001,1777552418.2018309,1777552418.2018309,275209.8111031,14,R_Tibia,326,1,-0.1531,10.4651,0.6077,40.7104,61.1572,-7.8735,92.406,-1.5106,-176.9952,0.028,0.7212,-0.6921,0.0086
independent_20260430_203326,trial_001,subject_001,1777552418.2018309,1777552418.2018309,275209.8112395,9,Trunk,617,1,-0.847,10.4938,-0.8613,-5.8594,6.6528,-1.9531,92.0215,1.6974,-149.2383,0.1809,0.6964,-0.6667,0.1945
independent_20260430_203326,trial_001,subject_001,1777552418.2018309,1777552418.2018309,275209.8113585,10,L_Femur,600,1,-2.9142,10.3312,-2.6318,20.6909,9.2773,2.8076,120.4376,2.6312,-6.9159,0.8654,0.0637,-0.0101,0.4969
independent_20260430_203326,trial_001,subject_001,1777552418.2018309,1777552418.2018309,275209.8114681,11,L_Tibia,626,1,-1.3111,9.6708,-1.7035,60.5469,10.1318,19.4702,119.2511,6.6083,-59.3591,0.7339,0.4518,-0.2068,0.4632
independent_20260430_203326,trial_001,subject_001,1777552418.2018309,1777552418.2018309,275209.8115791,12,L_Foot,650,1,-0.8039,-0.0957,9.8718,14.9536,0.4883,0.2441,1.4667,3.9771,-123.6951,-0.0246,0.0276,-0.8809,0.4719
independent_20260430_203326,trial_001,subject_001,1777552418.2028313,1777552418.2028313,275209.8116878,13,R_Femur,651,1,-0.8374,12.5897,5.6991,-23.9258,131.1035,6.5308,80.5188,0.6921,-26.543,0.6279,0.1528,-0.1714,0.7436
independent_20260430_203326,trial_001,subject_001,1777552418.2028313,1777552418.2028313,275209.8117822,15,R_Foot,323,1,3.4453,4.5603,20.9303,113.4033,38.269,-0.3662,0.4669,-2.4994,-172.4689,0.022,0.0026,-0.9976,0.0656
independent_20260430_203326,trial_001,subject_001,1777552418.2427194,1777552418.2427194,275209.8524381,9,Trunk,618,1,-0.646,10.5178,-0.5455,-8.667,4.0283,-5.127,91.8896,1.7523,-149.1669,0.1808,0.6956,-0.6673,0.1954
independent_20260430_203326,trial_001,subject_001,1777552418.2437193,1777552418.2437193,275209.8526441,10,L_Femur,601,1,-2.6318,10.1732,-2.7754,5.9204,7.6904,3.6621,120.575,2.5214,-6.8335,0.8661,0.0626,-0.0105,0.4958
independent_20260430_203326,trial_001,subject_001,1777552418.2437193,1777552418.2437193,275209.8528141,11,L_Tibia,627,1,-1.1437,9.6038,-2.1198,66.2842,5.5542,23.2544,120.2179,6.2732,-59.425,0.7383,0.4528,-0.2054,0.4557
independent_20260430_203326,trial_001,subject_001,1777552418.2437193,1777552418.2437193,275209.8529693,13,R_Femur,652,1,-3.0529,10.7666,4.1774,-13.855,112.3657,4.3945,80.2881,0.9119,-24.7906,0.6284,0.1443,-0.1591,0.7477
independent_20260430_203326,trial_001,subject_001,1777552418.2437193,1777552418.2437193,275209.8531058,14,R_Tibia,327,1,1.3973,8.843,-2.1964,71.0449,105.4688,-5.4321,94.2023,-1.4337,-174.2102,0.0455,0.7311,-0.6802,0.0252
independent_20260430_203326,trial_001,subject_001,1777552418.2437193,1777552418.2437193,275209.8532352,9,Trunk,619,1,-0.646,10.6805,-0.2488,-8.4229,2.6855,-8.606,91.7468,1.8622,-149.1229,0.1802,0.6948,-0.6679,0.1966
independent_20260430_203326,trial_001,subject_001,1777552418.2437193,1777552418.2437193,275209.8533608,10,L_Femur,602,1,-2.1533,10.2354,-3.1869,-4.0283,5.0659,4.8218,120.542,2.417,-6.7841,0.866,0.0618,-0.0111,0.496
independent_20260430_203326,trial_001,subject_001,1777552418.2437193,1777552418.2437193,275209.8534914,11,L_Tibia,628,1,-0.6077,9.7569,-2.694,72.5708,6.3477,25.9399,121.2836,5.9052,-59.5294,0.743,0.454,-0.2041,0.4473
independent_20260430_203326,trial_001,subject_001,1777552418.2447202,1777552418.2447202,275209.8536157,12,L_Foot,651,1,-0.7896,0.2728,10.1063,14.6484,1.5869,-0.7324,2.038,4.021,-123.7115,-0.0225,0.0322,-0.8808,0.4719
independent_20260430_203326,trial_001,subject_001,1777552418.2447202,1777552418.2447202,275209.8537379,13,R_Femur,653,1,-2.8998,8.9626,1.6126,7.1411,87.2192,3.1738,80.3156,1.1536,-22.923,0.6305,0.1357,-0.1455,0.7503
independent_20260430_203326,trial_001,subject_001,1777552418.2447202,1777552418.2447202,275209.8538717,15,R_Foot,324,1,-0.3589,-0.0287,9.8048,26.7334,-6.5918,-1.5869,1.6754,-2.395,-172.5568,0.0218,0.0132,-0.9976,0.0646
independent_20260430_203326,trial_001,subject_001,1777552418.2447202,1777552418.2447202,275209.8539959,9,Trunk,620,1,-0.6125,10.9197,0.0,-5.3101,5.127,-10.8032,91.615,2.0599,-149.035,0.1793,0.6942,-0.6682,0.1985
independent_20260430_203326,trial_001,subject_001,1777552418.2447202,1777552418.2447202,275209.8541188,10,L_Femur,603,1,-1.4738,10.3742,-3.5841,-16.4795,-0.2441,4.3945,120.2783,2.3181,-6.806,0.8649,0.0615,-0.012,0.498
independent_20260430_203326,trial_001,subject_001,1777552418.2447202,1777552418.2447202,275209.8542599,11,L_Tibia,629,1,0.4785,10.245,-3.1773,78.5522,17.7002,25.8179,122.8107,5.3174,-59.5459,0.7503,0.4548,-0.2021,0.4352
independent_20260430_203326,trial_001,subject_001,1777552418.2447202,1777552418.2447202,275209.8544162,12,L_Foot,652,1,-1.2968,1.5791,10.3981,6.2256,-1.2207,-0.1831,2.2961,4.0375,-123.717,-0.0216,0.0343,-0.8807,0.4719
independent_20260430_203326,trial_001,subject_001,1777552418.2457175,1777552418.2457175,275209.8545731,13,R_Femur,654,1,-1.536,8.91,-1.0097,27.3438,54.2603,8.9111,80.6836,1.192,-21.9836,0.6339,0.1312,-0.1387,0.7495
independent_20260430_203326,trial_001,subject_001,1777552418.2457175,1777552418.2457175,275209.8547087,14,R_Tibia,328,1,-0.8326,12.1399,-3.2874,68.9697,126.1597,-8.9111,96.6028,-1.5106,-170.2936,0.0719,0.7432,-0.6636,0.0465
independent_20260430_203326,trial_001,subject_001,1777552418.2457175,1777552418.2457175,275209.8548046,9,Trunk,621,1,-0.3972,10.8671,0.0718,-9.2163,8.9722,-10.0098,91.4832,2.2028,-148.9032,0.179,0.6935,-0.6685,0.2003
independent_20260430_203326,trial_001,subject_001,1777552418.2457175,1777552418.2457175,275209.8548971,10,L_Femur,604,1,-0.646,10.3264,-3.5027,-25.0244,-2.4414,4.0283,119.9213,2.2742,-6.8555,0.8634,0.0617,-0.0128,0.5006
independent_20260430_203326,trial_001,subject_001,1777552418.2457175,1777552418.2457175,275209.8549878,11,L_Tibia,630,1,0.9235,9.7761,-3.5984,77.8198,29.2969,23.8037,124.0027,4.7955,-59.3866,0.7566,0.4541,-0.2003,0.4257
independent_20260430_203326,trial_001,subject_001,1777552418.2457175,1777552418.2457175,275209.855079,12,L_Foot,653,1,-0.0096,-1.5408,9.4842,21.5454,4.2725,0.3662,2.5323,4.0814,-123.7225,-0.021,0.0363,-0.8807,0.4719
independent_20260430_203326,trial_001,subject_001,1777552418.263226,1777552418.263226,275209.8727501,15,R_Foot,325,1,0.0813,0.3397,10.0632,28.2593,-5.188,-2.1973,2.6477,-2.5433,-172.6392,0.0236,0.0216,-0.9975,0.0636
independent_20260430_203326,trial_001,subject_001,1777552418.3125446,1777552418.3125446,275209.9222997,9,Trunk,622,1,-0.4833,10.3312,-0.134,-11.7188,8.9722,-7.6294,91.3019,2.3126,-148.7659,0.1789,0.6924,-0.6692,0.202
independent_20260430_203326,trial_001,subject_001,1777552418.3135455,1777552418.3135455,275209.9224647,10,L_Femur,605,1,0.4881,10.0632,-2.9716,-42.5415,-6.1035,2.5635,119.1742,2.2687,-6.9708,0.86,0.0624,-0.0137,0.5062
independent_20260430_203326,trial_001,subject_001,1777552418.3135455,1777552418.3135455,275209.9226034,12,L_Foot,654,1,-0.2105,-0.3445,9.7856,26.3672,8.728,0.7935,2.9553,4.1968,-123.7115,-0.0201,0.04,-0.8804,0.4721
independent_20260430_203326,trial_001,subject_001,1777552418.3135455,1777552418.3135455,275209.9227124,13,R_Femur,655,1,-2.5936,9.0296,-0.8757,29.2358,-9.7656,31.189,81.6614,0.4285,-21.6101,0.6417,0.1253,-0.1394,0.7437
independent_20260430_203326,trial_001,subject_001,1777552418.3135455,1777552418.3135455,275209.9228194,14,R_Tibia,329,1,-4.3258,8.331,-4.4167,54.9316,-53.5278,19.8364,98.6298,-1.9446,-169.8102,0.0784,0.7542,-0.6504,0.0451
independent_20260430_203326,trial_001,subject_001,1777552418.3135455,1777552418.3135455,275209.9229238,9,Trunk,623,1,-0.9044,9.4076,-0.5168,-10.437,4.3945,-5.7373,91.0712,2.4225,-148.6505,0.1785,0.691,-0.6702,0.2037
independent_20260430_203326,trial_001,subject_001,1777552418.3135455,1777552418.3135455,275209.9230285,10,L_Femur,606,1,0.9905,10.0728,-2.5409,-62.561,-7.019,2.5024,118.2898,2.2797,-7.0697,0.856,0.0631,-0.0146,0.5128
independent_20260430_203326,trial_001,subject_001,1777552418.3135455,1777552418.3135455,275209.9231313,11,L_Tibia,631,1,1.2202,9.3167,-3.7707,80.8716,66.7114,23.1934,126.925,3.0927,-58.3704,0.7749,0.4466,-0.1967,0.4017
independent_20260430_203326,trial_001,subject_001,1777552418.3135455,1777552418.3135455,275209.9232357,12,L_Foot,655,1,-0.2488,-0.9092,9.7904,44.3115,9.2773,-0.2441,3.6969,4.3671,-123.7115,-0.0184,0.0464,-0.8801,0.4722
independent_20260430_203326,trial_001,subject_001,1777552418.3135455,1777552418.3135455,275209.9233385,13,R_Femur,656,1,-1.9045,9.0104,0.6221,43.0908,-29.7852,34.668,82.2546,-0.1373,-21.9067,0.6459,0.1241,-0.1439,0.7394
independent_20260430_203326,trial_001,subject_001,1777552418.3135455,1777552418.3135455,275209.9234421,15,R_Foot,326,1,0.8374,1.2346,10.3981,15.2588,1.5259,-3.8452,3.2629,-2.5488,-172.7435,0.024,0.027,-0.9974,0.0626
independent_20260430_203326,trial_001,subject_001,1777552418.3135455,1777552418.3135455,275209.9235699,9,Trunk,624,1,-1.0192,9.2258,-0.5264,-8.0566,1.0376,-5.6763,90.9283,2.4994,-148.623,0.178,0.6902,-0.6709,0.2046
independent_20260430_203326,trial_001,subject_001,1777552418.3135455,1777552418.3135455,275209.9236836,10,L_Femur,607,1,1.2824,9.4124,-2.1438,-63.5376,-7.5073,1.77,117.3175,2.3016,-7.1741,0.8516,0.0639,-0.0154,0.5201
independent_20260430_203326,trial_001,subject_001,1777552418.3135455,1777552418.3135455,275209.9237874,11,L_Tibia,632,1,0.5407,9.8287,-3.7994,85.4492,71.4722,23.0103,128.2434,2.1643,-57.7167,0.7839,0.4414,-0.1957,0.3904
independent_20260430_203326,trial_001,subject_001,1777552418.3135455,1777552418.3135455,275209.9238895,12,L_Foot,656,1,-0.7082,-0.5359,9.867,56.7627,9.9487,1.8311,4.5209,4.5264,-123.6841,-0.0162,0.0534,-0.8795,0.4725
independent_20260430_203326,trial_001,subject_001,1777552418.3150518,1777552418.3150518,275209.9240613,13,R_Femur,657,1,-0.4354,9.4555,0.1579,56.4575,-45.7764,31.6772,83.0676,-0.7086,-22.478,0.6512,0.1247,-0.1499,0.7334
independent_20260430_203326,trial_001,subject_001,1777552418.3150518,1777552418.3150518,275209.9242096,14,R_Tibia,330,1,3.9525,10.3072,-2.0385,35.4614,-8.728,18.2495,100.2338,-2.417,-171.8042,0.0683,0.7643,-0.6406,0.0297
independent_20260430_203326,trial_001,subject_001,1777552418.3150518,1777552418.3150518,275209.924319,9,Trunk,625,1,-0.8661,9.2736,-0.7369,-1.4038,-5.3711,-4.3945,90.8405,2.5873,-148.689,0.1769,0.69,-0.6714,0.2048
independent_20260430_203326,trial_001,subject_001,1777552418.3155715,1777552418.3155715,275209.9244687,10,L_Femur,608,1,1.7896,9.1014,-2.6127,-47.2412,-0.5493,4.0894,116.2903,2.2632,-7.24,0.8469,0.064,-0.0166,0.5277
independent_20260430_203326,trial_001,subject_001,1777552418.3155715,1777552418.3155715,275209.9245801,11,L_Tibia,633,1,0.0957,9.1301,-4.0291,87.4023,52.063,16.2964,129.9902,1.1371,-56.9971,0.7944,0.4361,-0.1938,0.3757
independent_20260430_203326,trial_001,subject_001,1777552418.3155715,1777552418.3155715,275209.924683,12,L_Foot,657,1,-1.1867,-0.7465,10.0153,80.3833,10.9253,7.1411,5.6689,4.6857,-123.5797,-0.0126,0.0628,-0.8785,0.4735
independent_20260430_203326,trial_001,subject_001,1777552418.3155715,1777552418.3155715,275209.9247853,13,R_Femur,658,1,0.6699,9.8574,-0.3876,58.0444,-47.7905,31.189,84.2651,-1.4502,-23.3679,0.6588,0.1267,-0.1585,0.7245
independent_20260430_203326,trial_001,subject_001,1777552418.3155715,1777552418.3155715,275209.9248887,15,R_Foot,327,1,0.0718,0.9188,10.2163,8.728,-0.1221,-1.0986,3.6475,-2.5104,-172.8369,0.0238,0.0304,-0.9973,0.0617
independent_20260430_203326,trial_001,subject_001,1777552418.353448,1777552418.353448,275209.9623248,9,Trunk,626,1,-0.5264,9.2114,-1.0432,2.3193,-8.728,-2.0142,90.8459,2.6202,-148.8153,0.176,0.6902,-0.6715,0.2043
independent_20260430_203326,trial_001,subject_001,1777552418.353448,1777552418.353448,275209.9625325,10,L_Femur,609,1,1.5695,9.599,-2.8472,-47.9126,11.7798,7.2021,115.5817,2.1094,-7.1521,0.8437,0.0626,-0.0177,0.5329
independent_20260430_203326,trial_001,subject_001,1777552418.353448,1777552418.353448,275209.9626685,11,L_Tibia,634,1,0.3015,8.6085,-4.7564,88.8062,32.8979,11.2305,131.3251,0.6482,-56.684,0.8008,0.4346,-0.1911,0.3652
independent_20260430_203326,trial_001,subject_001,1777552418.353448,1777552418.353448,275209.962867,12,L_Foot,658,1,-1.2441,-0.0431,10.0919,105.835,11.7798,14.9536,7.663,4.8834,-123.3051,-0.0057,0.0789,-0.876,0.4758
independent_20260430_203326,trial_001,subject_001,1777552418.353448,1777552418.353448,275209.9630436,13,R_Femur,659,1,1.4068,9.8909,0.0191,49.9878,-30.0293,23.3765,85.0397,-1.8842,-23.8403,0.6637,0.1277,-0.1631,0.7188
independent_20260430_203326,trial_001,subject_001,1777552418.353448,1777552418.353448,275209.9631703,14,R_Tibia,331,1,-1.0527,9.5272,-2.7323,32.4097,72.876,7.3242,101.3489,-3.1146,-169.7223,0.0864,0.7686,-0.6328,0.0358
independent_20260430_203326,trial_001,subject_001,1777552418.353448,1777552418.353448,275209.9632901,9,Trunk,627,1,0.0766,9.3119,-1.2633,4.0283,-7.6294,0.3052,90.8844,2.6147,-148.9307,0.1754,0.6906,-0.6715,0.2035
independent_20260430_203326,trial_001,subject_001,1777552418.3544476,1777552418.3544476,275209.9633922,10,L_Femur,610,1,0.5981,9.9675,-2.8424,-57.6782,23.8037,9.0942,114.7522,1.8457,-6.9049,0.8401,0.0594,-0.0189,0.5389
independent_20260430_203326,trial_001,subject_001,1777552418.3544476,1777552418.3544476,275209.9634862,11,L_Tibia,635,1,1.2106,8.5463,-5.0005,95.6421,32.4707,9.3384,132.7423,0.2252,-56.4093,0.807,0.4337,-0.1878,0.3541
independent_20260430_203326,trial_001,subject_001,1777552418.3544476,1777552418.3544476,275209.9635965,12,L_Foot,659,1,-1.0097,0.3015,10.3216,133.4229,14.8315,18.8599,9.6185,5.0647,-123.0029,0.0013,0.0946,-0.8731,0.4782
independent_20260430_203326,trial_001,subject_001,1777552418.3544476,1777552418.3544476,275209.9637135,13,R_Femur,660,1,1.1915,9.3119,-0.3685,53.0396,-2.9907,8.728,86.0889,-2.1643,-24.0051,0.6704,0.1284,-0.1646,0.712
independent_20260430_203326,trial_001,subject_001,1777552418.3544476,1777552418.3544476,275209.9638116,15,R_Foot,328,1,0.2871,0.9092,9.9675,7.9956,-3.6621,0.8545,3.9276,-2.6038,-172.8204,0.0248,0.0328,-0.9972,0.0618
independent_20260430_203326,trial_001,subject_001,1777552418.3544476,1777552418.3544476,275209.9639028,9,Trunk,628,1,0.5886,9.7378,-1.4547,-0.6714,-6.4087,3.0518,90.8734,2.5598,-149.0625,0.1749,0.6907,-0.6719,0.2024
independent_20260430_203326,trial_001,subject_001,1777552418.3544476,1777552418.3544476,275209.9639957,10,L_Femur,611,1,-0.713,10.1972,-2.7993,-64.4531,22.522,9.2773,113.4998,1.4722,-6.5424,0.8345,0.0547,-0.0206,0.548
independent_20260430_203326,trial_001,subject_001,1777552418.3544476,1777552418.3544476,275209.9640926,11,L_Tibia,636,1,1.3733,9.2497,-4.8809,102.1118,40.2222,8.1177,134.7528,-0.4065,-55.9479,0.8158,0.4318,-0.1833,0.3382
independent_20260430_203326,trial_001,subject_001,1777552418.402478,1777552418.402478,275210.0122776,12,L_Foot,660,1,-0.5934,2.0146,10.9676,141.7847,19.2261,22.0337,12.6233,5.3448,-122.525,0.0122,0.1186,-0.8681,0.4819
independent_20260430_203326,trial_001,subject_001,1777552418.4034774,1777552418.4034774,275210.0124286,13,R_Femur,661,1,0.4689,9.4507,-0.5024,46.1426,0.9766,4.3945,86.7975,-2.2467,-23.9777,0.6749,0.1288,-0.1641,0.7078
independent_20260430_203326,trial_001,subject_001,1777552418.4034774,1777552418.4034774,275210.0125347,14,R_Tibia,332,1,-2.4691,9.0392,-3.4836,29.1138,-16.1743,21.1792,102.2168,-3.6969,-169.2883,0.0928,0.7726,-0.6271,0.0336
independent_20260430_203326,trial_001,subject_001,1777552418.4034774,1777552418.4034774,275210.0126299,9,Trunk,629,1,0.4354,9.8813,-1.4978,-2.0142,-8.3618,4.8218,90.824,2.4884,-149.1833,0.1745,0.6905,-0.6725,0.2014
independent_20260430_203326,trial_001,subject_001,1777552418.4034774,1777552418.4034774,275210.0127247,10,L_Femur,612,1,-1.2059,10.5082,-2.6893,-73.3032,13.6719,7.8125,112.4341,1.2634,-6.3666,0.8295,0.0523,-0.0217,0.5557
independent_20260430_203326,trial_001,subject_001,1777552418.4034774,1777552418.4034774,275210.0128202,11,L_Tibia,637,1,0.7082,9.4938,-5.1775,101.3794,40.3442,14.1602,136.2744,-0.9723,-55.6512,0.8222,0.4304,-0.1808,0.3256
independent_20260430_203326,trial_001,subject_001,1777552418.4034774,1777552418.4034774,275210.0129156,12,L_Foot,661,1,-0.7561,2.0193,10.8097,155.6396,20.6909,24.4751,14.9359,5.5646,-122.1021,0.0207,0.1369,-0.8636,0.4849
independent_20260430_203326,trial_001,subject_001,1777552418.4034774,1777552418.4034774,275210.0130093,13,R_Femur,662,1,0.4881,9.4076,-0.4498,45.5933,-11.6577,7.8735,87.4731,-2.3621,-24.093,0.6791,0.1297,-0.1647,0.7035
independent_20260430_203326,trial_001,subject_001,1777552418.4139295,1777552418.4139295,275210.0232561,15,R_Foot,329,1,0.7848,1.1102,9.9818,4.6997,-2.8687,0.3662,4.1254,-2.7246,-172.7985,0.026,0.0344,-0.9972,0.0619
independent_20260430_203326,trial_001,subject_001,1777552418.4139295,1777552418.4139295,275210.023505,9,Trunk,630,1,0.3158,9.8096,-1.5169,-1.1597,-9.2773,5.7983,90.7855,2.395,-149.3207,0.1741,0.6903,-0.6731,0.2001
independent_20260430_203326,trial_001,subject_001,1777552418.4139295,1777552418.4139295,275210.0237161,11,L_Tibia,638,1,-0.0335,8.8382,-5.5699,101.4404,38.269,20.2026,137.8015,-1.5985,-55.4425,0.8281,0.4295,-0.179,0.3126
independent_20260430_203326,trial_001,subject_001,1777552418.4149368,1777552418.4149368,275210.0239243,12,L_Foot,662,1,-0.6412,1.359,10.9293,183.4106,30.5176,30.2734,17.655,5.8502,-121.5692,0.0308,0.1584,-0.8575,0.4885
independent_20260430_203326,trial_001,subject_001,1777552418.4149368,1777552418.4149368,275210.0241492,13,R_Femur,663,1,1.5265,9.8239,-0.2201,46.1426,-22.2778,16.1133,88.418,-2.6642,-24.494,0.6848,0.1316,-0.1679,0.6969
independent_20260430_203326,trial_001,subject_001,1777552418.4149368,1777552418.4149368,275210.0243197,14,R_Tibia,333,1,3.4788,10.0345,-2.2825,23.2544,-1.8311,15.9302,103.1671,-4.2133,-170.1013,0.0903,0.7781,-0.6211,0.0249
independent_20260430_203326,trial_001,subject_001,1777552418.4149368,1777552418.4149368,275210.0245162,9,Trunk,631,1,0.4642,9.5129,-1.4978,1.2817,-5.9814,7.9956,90.769,2.2412,-149.4635,0.1742,0.6902,-0.6738,0.1983
independent_20260430_203326,trial_001,subject_001,1777552418.4149368,1777552418.4149368,275210.0247365,10,L_Femur,613,1,-1.9858,10.3694,-3.2491,-89.2944,-22.7051,2.5635,109.5007,1.225,-6.6797,0.8149,0.0537,-0.0249,0.5766
independent_20260430_203326,trial_001,subject_001,1777552418.4159358,1777552418.4159358,275210.0249397,11,L_Tibia,639,1,-0.5407,8.5511,-6.3021,94.0552,19.2261,25.3296,139.7296,-2.2742,-55.459,0.8341,0.4307,-0.1766,0.296
independent_20260430_203326,trial_001,subject_001,1777552418.4159358,1777552418.4159358,275210.0251383,12,L_Foot,663,1,-1.9619,1.7035,10.6709,222.8394,32.959,39.4897,21.9946,6.2622,-120.6134,0.0478,0.192,-0.8463,0.4946
independent_20260430_203326,trial_001,subject_001,1777552418.4159358,1777552418.4159358,275210.02535,13,R_Femur,664,1,1.8854,10.3216,0.1723,42.2974,-21.9116,19.2261,89.0717,-2.9608,-24.8071,0.6887,0.1326,-0.1708,0.692
independent_20260430_203326,trial_001,subject_001,1777552418.4159358,1777552418.4159358,275210.0255475,15,R_Foot,330,1,0.5216,0.9953,10.0536,2.8687,-1.77,0.4272,4.2188,-2.7905,-172.793,0.0266,0.0352,-0.9971,0.0619
independent_20260430_203326,trial_001,subject_001,1777552418.4159358,1777552418.4159358,275210.0256954,9,Trunk,632,1,0.6316,9.5368,-1.4403,1.4648,-3.1128,9.5215,90.78,2.0984,-149.5239,0.1747,0.6901,-0.674,0.1971
independent_20260430_203326,trial_001,subject_001,1777552418.4159358,1777552418.4159358,275210.0258365,10,L_Femur,614,1,-1.7657,10.4651,-3.5075,-95.8252,-34.3018,2.1973,108.0725,1.3458,-7.1466,0.8073,0.0573,-0.0271,0.5867
independent_20260430_203326,trial_001,subject_001,1777552418.4159358,1777552418.4159358,275210.0259646,11,L_Tibia,640,1,-0.4115,8.2113,-6.4408,91.9189,13.6108,22.1558,141.1194,-2.6587,-55.5743,0.8376,0.4327,-0.1745,0.2842
independent_20260430_203326,trial_001,subject_001,1777552418.4159358,1777552418.4159358,275210.0261048,12,L_Foot,664,1,-1.8327,1.6844,11.0011,262.5732,21.7285,36.0107,25.9167,6.3007,-120.0037,0.0656,0.2207,-0.8365,0.4972
independent_20260430_203326,trial_001,subject_001,1777552418.4159358,1777552418.4159358,275210.0262461,13,R_Femur,665,1,1.6365,10.1158,0.3637,40.2832,-25.8179,18.6768,89.6924,-3.252,-25.1752,0.6924,0.134,-0.174,0.6873
independent_20260430_203326,trial_001,subject_001,1777552418.4174035,1777552418.4174035,275210.0263864,14,R_Tibia,334,1,1.0192,9.5033,-2.4213,21.4233,17.334,8.667,103.8977,-4.6637,-169.6124,0.0962,0.7813,-0.6162,0.0238
independent_20260430_203326,trial_001,subject_001,1777552418.4174035,1777552418.4174035,275210.0265246,9,Trunk,633,1,0.8661,9.6086,-1.2776,1.1597,-1.4038,12.2681,90.78,1.8622,-149.5624,0.1758,0.6898,-0.6745,0.1955
independent_20260430_203326,trial_001,subject_001,1777552418.4174035,1777552418.4174035,275210.0266616,10,L_Femur,615,1,-0.8135,10.9245,-3.608,-106.4453,-33.5083,1.5869,105.9741,1.5106,-7.8223,0.796,0.0624,-0.0306,0.6013
independent_20260430_203326,trial_001,subject_001,1777552418.4174035,1777552418.4174035,275210.0267779,11,L_Tibia,641,1,0.2584,8.2544,-7.4505,78.8574,11.1084,20.2637,142.8003,-3.0872,-55.7281,0.8416,0.4352,-0.1716,0.2699
independent_20260430_203326,trial_001,subject_001,1777552418.4174035,1777552418.4174035,275210.0268793,12,L_Foot,665,1,-1.0145,2.828,9.6134,300.7202,31.4941,51.6968,31.9318,6.3611,-118.8995,0.0937,0.2636,-0.8189,0.5011
independent_20260430_203326,trial_001,subject_001,1777552418.4174035,1777552418.4174035,275210.0269783,13,R_Femur,666,1,0.9618,9.6995,0.2058,35.4004,-35.2783,13.2446,90.4669,-3.5651,-25.8069,0.6966,0.1371,-0.1787,0.6812
independent_20260430_203326,trial_001,subject_001,1777552418.4174035,1777552418.4174035,275210.0270771,15,R_Foot,331,1,0.5599,0.9762,10.0105,3.1128,-0.9766,0.1831,4.3121,-2.829,-172.782,0.027,0.036,-0.9971,0.062
independent_20260430_203326,trial_001,subject_001,1777552418.4835575,1777552418.4835575,275210.092671,9,Trunk,634,1,0.8948,9.7904,-1.1006,2.7466,-2.9297,14.4043,90.802,1.6425,-149.6008,0.177,0.6897,-0.6748,0.1939
independent_20260430_203326,trial_001,subject_001,1777552418.4835575,1777552418.4835575,275210.0928676,10,L_Femur,616,1,-0.3493,11.0441,-3.7611,-109.9243,-31.7993,-1.6479,104.3207,1.6425,-8.2727,0.787,0.0657,-0.033,0.6126
independent_20260430_203326,trial_001,subject_001,1777552418.4835575,1777552418.4835575,275210.0930386,11,L_Tibia,642,1,0.89,7.9721,-7.8524,70.9229,18.5547,20.0806,143.8989,-3.4717,-55.7996,0.8443,0.4364,-0.1704,0.2602
independent_20260430_203326,trial_001,subject_001,1777552418.4835575,1777552418.4835575,275210.0931967,12,L_Foot,666,1,-1.0097,4.3354,8.1204,304.8706,38.0859,61.9507,36.6394,6.3281,-117.8284,0.1172,0.2958,-0.8028,0.5043
independent_20260430_203326,trial_001,subject_001,1777552418.4835575,1777552418.4835575,275210.0933539,13,R_Femur,667,1,0.78,9.7761,-0.0526,29.541,-42.6025,9.4604,90.9613,-3.7189,-26.4221,0.699,0.1407,-0.1827,0.6769
independent_20260430_203326,trial_001,subject_001,1777552418.4845588,1777552418.4845588,275210.0935141,14,R_Tibia,335,1,1.1724,9.6469,-2.4261,22.2778,-6.2256,8.667,104.6997,-4.9493,-169.7003,0.0973,0.7855,-0.6109,0.0207
independent_20260430_203326,trial_001,subject_001,1777552418.5337105,1777552418.5337105,275210.1428838,9,Trunk,635,1,0.8661,10.0967,-0.9427,2.8687,-5.0659,14.5264,90.8295,1.4172,-149.6722,0.1779,0.6896,-0.6752,0.1921
independent_20260430_203326,trial_001,subject_001,1777552418.5337105,1777552418.5337105,275210.1430179,10,L_Femur,617,1,-0.0813,10.6709,-3.9765,-107.2998,-36.3159,-5.6763,102.6837,1.8292,-8.7726,0.7777,0.0697,-0.0353,0.6237
independent_20260430_203326,trial_001,subject_001,1777552418.5337105,1777552418.5337105,275210.1431461,11,L_Tibia,643,1,0.6986,7.149,-7.8046,55.7251,15.7471,18.1274,144.7888,-3.8397,-55.8765,0.8463,0.4374,-0.1698,0.2521
independent_20260430_203326,trial_001,subject_001,1777552418.5337105,1777552418.5337105,275210.1432749,12,L_Foot,667,1,-1.4403,5.235,7.8189,302.6123,33.8135,68.2983,41.3031,6.1029,-116.7078,0.1424,0.326,-0.7856,0.5062
independent_20260430_203326,trial_001,subject_001,1777552418.5337105,1777552418.5337105,275210.1434159,13,R_Femur,668,1,1.4212,9.6564,-0.4067,33.5693,-39.6729,8.667,91.637,-3.8837,-27.2461,0.7021,0.1459,-0.1877,0.6712
independent_20260430_203326,trial_001,subject_001,1777552418.5347183,1777552418.5347183,275210.1436838,15,R_Foot,332,1,0.5742,0.9283,9.9627,3.479,-0.1831,-0.4272,4.4275,-2.851,-172.7875,0.0272,0.037,-0.997,0.0619
independent_20260430_203326,trial_001,subject_001,1777552418.5347183,1777552418.5347183,275210.1438836,9,Trunk,636,1,0.8326,10.0632,-0.9953,2.0142,-4.5776,13.916,90.8514,1.1261,-149.7766,0.179,0.6895,-0.6757,0.1897
independent_20260430_203326,trial_001,subject_001,1777552418.5347183,1777552418.5347183,275210.1440844,11,L_Tibia,644,1,0.4881,5.5077,-8.374,34.4849,7.2021,15.1978,145.6183,-4.1693,-56.0138,0.8479,0.4388,-0.1694,0.2445
independent_20260430_203326,trial_001,subject_001,1777552418.5347183,1777552418.5347183,275210.1442576,12,L_Foot,668,1,-1.2968,0.7608,13.6521,280.3345,62.9272,84.1675,47.3291,5.7678,-114.8071,0.1771,0.3626,-0.7598,0.5098
independent_20260430_203326,trial_001,subject_001,1777552418.5347183,1777552418.5347183,275210.1444866,14,R_Tibia,336,1,0.7704,9.4938,-2.8807,18.6157,4.1504,5.5542,105.282,-5.1361,-169.7168,0.0982,0.7884,-0.607,0.0189
independent_20260430_203326,trial_001,subject_001,1777552418.5357192,1777552418.5357192,275210.1446397,9,Trunk,637,1,0.6269,9.8574,-0.981,0.7324,-3.2959,14.5874,90.8569,0.9064,-149.8315,0.18,0.6893,-0.6761,0.1881
independent_20260430_203326,trial_001,subject_001,1777552418.5357192,1777552418.5357192,275210.1447828,10,L_Femur,618,1,0.7465,10.0919,-3.8903,-98.999,-29.0527,-11.5356,99.1132,2.384,-9.8273,0.7569,0.0786,-0.0398,0.6475
independent_20260430_203326,trial_001,subject_001,1777552418.5357192,1777552418.5357192,275210.1449185,11,L_Tibia,645,1,1.359,4.2636,-8.8717,23.4985,-0.6104,13.7329,146.0138,-4.2957,-56.1731,0.8483,0.4403,-0.1691,0.2408
independent_20260430_203326,trial_001,subject_001,1777552418.5357192,1777552418.5357192,275210.1450527,12,L_Foot,669,1,-9.8335,2.1438,30.8595,124.6948,17.1509,38.3911,49.9713,5.5481,-113.8348,0.1935,0.3774,-0.7474,0.5113
independent_20260430_203326,trial_001,subject_001,1777552418.5357192,1777552418.5357192,275210.1451941,13,R_Femur,669,1,1.5265,9.867,-0.7943,37.5366,-24.9023,7.5684,92.8015,-4.1144,-28.1305,0.708,0.1519,-0.1927,0.6622
independent_20260430_203326,trial_001,subject_001,1777552418.5357192,1777552418.5357192,275210.1453281,15,R_Foot,333,1,0.5503,0.8805,9.9771,5.188,-1.0376,0.3662,4.5703,-2.8784,-172.7765,0.0276,0.0382,-0.997,0.0619
independent_20260430_203326,trial_001,subject_001,1777552418.5357192,1777552418.5357192,275210.1454612,9,Trunk,638,1,0.3493,9.7904,-0.78,-2.0752,-4.3945,14.7095,90.8185,0.6757,-149.8975,0.1809,0.6888,-0.6769,0.1864
independent_20260430_203326,trial_001,subject_001,1777552418.5357192,1777552418.5357192,275210.1455942,10,L_Femur,619,1,0.5838,10.4604,-3.1104,-102.8442,-34.8511,-7.3242,97.0532,2.6422,-10.4315,0.7446,0.0833,-0.043,0.6609
independent_20260430_203326,trial_001,subject_001,1777552418.5357192,1777552418.5357192,275210.1457291,11,L_Tibia,646,1,2.1677,5.5077,-7.8477,9.3994,7.0801,3.3569,146.2115,-4.411,-56.1896,0.8487,0.4404,-0.1692,0.2388
independent_20260430_203326,trial_001,subject_001,1777552418.536885,1777552418.536885,275210.1458584,12,L_Foot,670,1,-6.6131,7.082,30.9743,-203.3081,-10.6201,-12.0239,47.8125,5.5426,-113.9777,0.1835,0.3635,-0.7551,0.5139
independent_20260430_203326,trial_001,subject_001,1777552418.536885,1777552418.536885,275210.145983,13,R_Femur,670,1,1.4499,10.0488,-0.7991,34.4849,-18.0054,8.667,93.5266,-4.2682,-28.5205,0.7119,0.1546,-0.1949,0.6568
independent_20260430_203326,trial_001,subject_001,1777552418.536885,1777552418.536885,275210.14613,14,R_Tibia,337,1,1.5025,9.4028,-2.9812,15.0146,4.5776,4.2114,105.8423,-5.3174,-169.6289,0.0999,0.7912,-0.6031,0.0176
independent_20260430_203326,trial_001,subject_001,1777552418.536885,1777552418.536885,275210.146264,9,Trunk,639,1,0.4259,9.5751,-0.6077,0.9766,-3.0518,14.0991,90.791,0.3845,-149.9799,0.1821,0.6883,-0.6776,0.1842
independent_20260430_203326,trial_001,subject_001,1777552418.536885,1777552418.536885,275210.1463907,10,L_Femur,620,1,0.6029,10.3359,-2.7371,-93.75,-36.8042,-5.3101,95.5811,2.785,-10.9753,0.7355,0.0871,-0.0463,0.6703
independent_20260430_203326,trial_001,subject_001,1777552418.536885,1777552418.536885,275210.1465134,11,L_Tibia,647,1,2.4644,5.8475,-8.2257,-7.6294,13.0005,-2.6855,146.1346,-4.5703,-56.0577,0.8492,0.4389,-0.1704,0.239
independent_20260430_203326,trial_001,subject_001,1777552418.536885,1777552418.536885,275210.1466368,12,L_Foot,671,1,-3.1917,-3.7372,6.5174,-229.3701,-79.5288,-28.8696,42.8577,5.1581,-115.1202,0.1604,0.3305,-0.776,0.5127
independent_20260430_203326,trial_001,subject_001,1777552418.5378828,1777552418.5378828,275210.1467599,15,R_Foot,334,1,0.579,1.1006,9.9675,2.8687,0.061,-0.3662,4.6692,-2.8839,-172.7765,0.0277,0.0391,-0.9969,0.0619
independent_20260430_203326,trial_001,subject_001,1777552418.624096,1777552418.624096,275210.2329841,9,Trunk,640,1,0.6604,9.489,-0.5359,1.9531,-1.2207,14.5874,90.8075,0.1593,-150.0018,0.1833,0.6881,-0.6779,0.1827
independent_20260430_203326,trial_001,subject_001,1777552418.624096,1777552418.624096,275210.2331561,10,L_Femur,621,1,0.8326,10.3981,-2.7515,-90.0879,-28.2593,-2.9907,94.2023,2.8729,-11.4148,0.727,0.0898,-0.0494,0.6789
independent_20260430_203326,trial_001,subject_001,1777552418.624096,1777552418.624096,275210.2333001,11,L_Tibia,648,1,2.5313,5.6513,-6.0532,-30.9448,20.0806,-10.6812,145.7391,-4.7241,-55.7831,0.8496,0.4359,-0.1725,0.2417
independent_20260430_203326,trial_001,subject_001,1777552418.624096,1777552418.624096,275210.2334334,13,R_Femur,671,1,0.8278,9.4555,-1.0862,35.0342,-20.874,6.3477,94.6143,-4.4714,-29.1028,0.7175,0.1589,-0.198,0.6486
independent_20260430_203326,trial_001,subject_001,1777552418.6246355,1777552418.6246355,275210.2335608,14,R_Tibia,338,1,0.4354,9.2354,-3.029,12.5122,-5.9814,4.9438,106.2982,-5.4327,-169.7223,0.0999,0.7935,-0.6,0.0159
independent_20260430_203326,trial_001,subject_001,1777552418.6246355,1777552418.6246355,275210.2336911,9,Trunk,641,1,0.8039,9.532,-0.4737,4.7607,-1.0986,15.5029,90.8679,-0.1483,-150.0348,0.1851,0.688,-0.6781,0.1805
independent_20260430_203326,trial_001,subject_001,1777552418.6246355,1777552418.6246355,275210.2338221,11,L_Tibia,649,1,2.5505,6.5604,-4.6655,-73.4253,29.48,-19.6533,144.4647,-4.9658,-55.2008,0.8493,0.4291,-0.1778,0.2511
independent_20260430_203326,trial_001,subject_001,1777552418.6246355,1777552418.6246355,275210.233948,13,R_Femur,672,1,1.0862,9.6134,-1.3303,34.3018,-19.3481,3.8452,95.3284,-4.5319,-29.4983,0.7211,0.1623,-0.1996,0.6433
independent_20260430_203326,trial_001,subject_001,1777552418.6246355,1777552418.6246355,275210.2340729,15,R_Foot,335,1,0.5455,1.0384,9.9914,1.0986,0.1221,0.0,4.7131,-2.8894,-172.771,0.0277,0.0394,-0.9969,0.0619
independent_20260430_203326,trial_001,subject_001,1777552418.6246355,1777552418.6246355,275210.2341982,11,L_Tibia,650,1,2.7467,5.3929,-7.1203,-86.3647,34.1187,-25.0244,143.1573,-5.1526,-54.6075,0.8487,0.4221,-0.1827,0.2609
independent_20260430_203326,trial_001,subject_001,1777552418.6246355,1777552418.6246355,275210.2343233,13,R_Femur,673,1,1.4116,9.7091,-1.3638,33.9966,-16.9678,3.9062,95.8557,-4.5758,-29.7565,0.7237,0.1646,-0.2006,0.6395
independent_20260430_203326,trial_001,subject_001,1777552418.6334288,1777552418.6334288,275210.2425138,14,R_Tibia,339,1,0.9427,9.1923,-3.2252,7.2632,0.4883,2.6245,106.6058,-5.5316,-169.7552,0.1002,0.7951,-0.598,0.0148
independent_20260430_203326,trial_001,subject_001,1777552418.6833627,1777552418.6833627,275210.2926238,9,Trunk,642,1,0.9188,9.3454,-0.7369,5.3711,3.2349,13.9771,91.0107,-0.5988,-149.9854,0.1882,0.688,-0.6779,0.1779
independent_20260430_203326,trial_001,subject_001,1777552418.6833627,1777552418.6833627,275210.2928733,11,L_Tibia,651,1,2.8424,5.4694,-7.4744,-99.5483,33.5693,-27.2217,141.6522,-5.3064,-53.9813,0.8476,0.4147,-0.1879,0.2725
independent_20260430_203326,trial_001,subject_001,1777552418.6833627,1777552418.6833627,275210.293065,12,L_Foot,672,1,0.4689,1.7992,10.5369,-128.3569,-34.5459,18.5547,33.2776,1.3843,-118.1854,0.1371,0.2516,-0.8202,0.4951
independent_20260430_203326,trial_001,subject_001,1777552418.6843684,1777552418.6843684,275210.2932479,13,R_Femur,674,1,1.4021,9.5847,-1.2824,34.3628,-13.7939,4.0894,96.5533,-4.6362,-30.0421,0.7273,0.1673,-0.2015,0.6344
independent_20260430_203326,trial_001,subject_001,1777552418.6843684,1777552418.6843684,275210.2934014,15,R_Foot,336,1,0.5359,1.1437,9.867,0.3662,-0.1831,0.0,4.7241,-2.8839,-172.7655,0.0277,0.0395,-0.9969,0.062
independent_20260430_203326,trial_001,subject_001,1777552418.6843684,1777552418.6843684,275210.2935508,9,Trunk,643,1,0.7465,9.2736,-0.6269,6.0425,5.188,14.4653,91.0986,-0.8954,-149.8975,0.1907,0.6879,-0.6777,0.1765
independent_20260430_203326,trial_001,subject_001,1777552418.6843684,1777552418.6843684,275210.2937205,10,L_Femur,622,1,0.6508,9.7043,-1.938,-76.8433,-10.8032,1.0376,88.3356,2.9169,-12.6562,0.6903,0.0949,-0.0614,0.7147
independent_20260430_203326,trial_001,subject_001,1777552418.6843684,1777552418.6843684,275210.2938585,11,L_Tibia,652,1,1.9045,6.5604,-6.6705,-126.2207,19.4702,-28.0762,139.2133,-5.3339,-53.2397,0.8443,0.405,-0.195,0.2916
independent_20260430_203326,trial_001,subject_001,1777552418.6843684,1777552418.6843684,275210.2939973,12,L_Foot,673,1,0.78,1.3686,8.5654,-149.6582,-13.4277,36.1938,30.3772,0.6592,-117.8339,0.1305,0.2272,-0.8257,0.4995
independent_20260430_203326,trial_001,subject_001,1777552418.6843684,1777552418.6843684,275210.2941256,13,R_Femur,675,1,1.2633,9.6277,-1.3733,32.3486,-10.7422,1.5869,97.0532,-4.6582,-30.2069,0.7298,0.1691,-0.2018,0.6309
independent_20260430_203326,trial_001,subject_001,1777552418.6853695,1777552418.6853695,275210.2942328,14,R_Tibia,340,1,1.1102,9.2928,-2.9764,4.8828,-1.3428,2.4414,106.7926,-5.5865,-169.8157,0.1001,0.7961,-0.5967,0.0139
independent_20260430_203326,trial_001,subject_001,1777552418.6853695,1777552418.6853695,275210.2943316,9,Trunk,644,1,0.6604,9.4124,-0.5312,7.6904,5.9814,13.7939,91.1975,-1.1151,-149.8151,0.1926,0.688,-0.6773,0.1755
independent_20260430_203326,trial_001,subject_001,1777552418.6853695,1777552418.6853695,275210.2944492,10,L_Femur,623,1,0.7321,9.7378,-1.7418,-74.8901,-6.6528,1.4648,87.1985,2.8894,-12.7606,0.6831,0.0948,-0.0632,0.7214
independent_20260430_203326,trial_001,subject_001,1777552418.6853695,1777552418.6853695,275210.2945739,11,L_Tibia,653,1,1.7274,6.4456,-7.0485,-140.0146,4.9438,-30.5786,137.1259,-5.1141,-52.8333,0.8401,0.3991,-0.1996,0.3085
independent_20260430_203326,trial_001,subject_001,1777552418.6853695,1777552418.6853695,275210.2947018,12,L_Foot,674,1,0.1531,1.7609,8.1443,-158.9966,22.583,30.3955,28.0426,0.6317,-117.312,0.1215,0.2097,-0.8279,0.5058
independent_20260430_203326,trial_001,subject_001,1777552418.6858761,1777552418.6858761,275210.2948209,13,R_Femur,676,1,1.0432,9.4124,-1.5408,34.5459,-8.667,0.7324,97.5696,-4.6637,-30.3333,0.7325,0.1708,-0.2018,0.6274
independent_20260430_203326,trial_001,subject_001,1777552418.6858761,1777552418.6858761,275210.2949435,15,R_Foot,337,1,0.5407,1.1102,10.0584,-2.2583,0.1221,-0.061,4.6857,-2.8894,-172.7655,0.0277,0.0392,-0.9969,0.062
independent_20260430_203326,trial_001,subject_001,1777552418.6858761,1777552418.6858761,275210.2951558,9,Trunk,645,1,0.7513,9.5272,-0.4977,8.0566,5.249,13.5498,91.3019,-1.3293,-149.7382,0.1945,0.6881,-0.6769,0.1744
independent_20260430_203326,trial_001,subject_001,1777552418.6858761,1777552418.6858761,275210.2953849,10,L_Femur,624,1,0.3206,9.2449,-1.4643,-68.6646,-6.1035,1.0986,85.7812,2.8564,-12.8705,0.6741,0.0944,-0.0652,0.7297
independent_20260430_203326,trial_001,subject_001,1777552418.6858761,1777552418.6858761,275210.2956018,11,L_Tibia,654,1,2.2921,6.4169,-7.1442,-152.771,0.4883,-30.8838,134.8462,-4.7955,-52.4982,0.8345,0.3936,-0.2043,0.3269
independent_20260430_203326,trial_001,subject_001,1777552418.686883,1777552418.686883,275210.2957596,12,L_Foot,675,1,-0.1483,2.2251,9.8431,-174.7437,50.354,22.583,25.4883,1.0822,-116.6858,0.1079,0.1926,-0.8291,0.5137
independent_20260430_203326,trial_001,subject_001,1777552418.686883,1777552418.686883,275210.2959036,13,R_Femur,677,1,0.8518,9.4124,-1.5265,39.0015,-11.5967,-1.3428,98.3331,-4.6362,-30.5255,0.7363,0.1735,-0.2015,0.6222
independent_20260430_203326,trial_001,subject_001,1777552418.686883,1777552418.686883,275210.2960447,14,R_Tibia,341,1,0.5551,9.2354,-3.1438,1.4038,-0.9155,2.3193,106.7706,-5.5865,-169.7882,0.1003,0.7959,-0.5968,0.0141
independent_20260430_203326,trial_001,subject_001,1777552418.686883,1777552418.686883,275210.2961809,9,Trunk,646,1,0.9475,9.4459,-0.3302,10.3149,5.6152,11.9019,91.4722,-1.593,-149.6338,0.1969,0.6885,-0.6761,0.1732
independent_20260430_203326,trial_001,subject_001,1777552418.686883,1777552418.686883,275210.2963176,10,L_Femur,625,1,-0.1196,8.7712,-1.3781,-62.2559,-8.8501,2.3193,84.8199,2.8125,-12.9803,0.6679,0.0942,-0.067,0.7353
independent_20260430_203326,trial_001,subject_001,1777552418.686883,1777552418.686883,275210.29645,11,L_Tibia,655,1,2.7897,6.5365,-7.015,-164.2456,10.7422,-33.6304,131.5887,-4.4165,-51.9489,0.8263,0.385,-0.211,0.3529
independent_20260430_203326,trial_001,subject_001,1777552418.686883,1777552418.686883,275210.29658,12,L_Foot,676,1,-1.091,1.9906,10.4316,-177.063,51.3306,9.8267,21.9727,1.9611,-116.0101,0.0867,0.1705,-0.8307,0.5228
independent_20260430_203326,trial_001,subject_001,1777552418.686883,1777552418.686883,275210.2967261,13,R_Femur,678,1,0.8326,9.7856,-1.5312,36.8652,-9.4604,-2.2583,98.8989,-4.5868,-30.6628,0.7391,0.1757,-0.2011,0.6184
independent_20260430_203326,trial_001,subject_001,1777552418.6878836,1777552418.6878836,275210.2968609,15,R_Foot,338,1,0.5312,0.9618,9.9914,-3.8452,-0.061,0.2441,4.5813,-2.8894,-172.7545,0.0277,0.0383,-0.997,0.0621
independent_20260430_203326,trial_001,subject_001,1777552418.6878836,1777552418.6878836,275210.2969929,9,Trunk,647,1,0.9379,9.5081,-0.1818,10.437,6.2256,10.5591,91.6095,-1.7633,-149.5459,0.1986,0.6889,-0.6754,0.1724
independent_20260430_203326,trial_001,subject_001,1777552418.6878836,1777552418.6878836,275210.2971272,10,L_Femur,626,1,-0.1914,8.4506,-1.2633,-56.2134,-8.9722,4.2725,83.9465,2.7411,-13.1067,0.6622,0.094,-0.0689,0.7402
independent_20260430_203326,trial_001,subject_001,1777552418.7133772,1777552418.7133772,275210.3225926,11,L_Tibia,656,1,2.5074,6.7375,-6.8045,-172.6074,15.0146,-38.9404,128.9905,-4.1199,-51.405,0.8194,0.3772,-0.2159,0.3737
independent_20260430_203326,trial_001,subject_001,1777552418.7138453,1777552418.7138453,275210.3227446,12,L_Foot,677,1,-1.8231,2.7993,10.5656,-169.8608,32.1045,-3.2959,19.4183,2.4774,-115.8234,0.0715,0.1542,-0.833,0.5266
independent_20260430_203326,trial_001,subject_001,1777552418.7138453,1777552418.7138453,275210.3228878,13,R_Femur,679,1,0.78,9.5081,-1.493,38.4521,-8.7891,-1.9531,99.4702,-4.5483,-30.7782,0.7419,0.1776,-0.2006,0.6146
independent_20260430_203326,trial_001,subject_001,1777552418.7138453,1777552418.7138453,275210.3230188,14,R_Tibia,342,1,0.823,9.2306,-3.0864,-0.7324,-5.7983,2.9907,106.7816,-5.625,-169.953,0.0994,0.7961,-0.5968,0.0129
independent_20260430_203326,trial_001,subject_001,1777552418.7138453,1777552418.7138453,275210.3231867,10,L_Femur,627,1,0.0861,8.1396,-1.0145,-46.3257,-5.4321,5.7983,82.9578,2.6147,-13.2166,0.6558,0.0932,-0.0712,0.7458
independent_20260430_203326,trial_001,subject_001,1777552418.7138453,1777552418.7138453,275210.3233197,11,L_Tibia,657,1,1.0623,7.2974,-6.8332,-186.3403,1.6479,-39.5508,125.3046,-3.5596,-50.8228,0.808,0.3681,-0.222,0.4029
independent_20260430_203326,trial_001,subject_001,1777552418.7138453,1777552418.7138453,275210.3236781,12,L_Foot,678,1,-1.2441,3.6224,9.7665,-157.0435,8.4229,-17.1509,16.2213,2.84,-116.0156,0.0539,0.1326,-0.8375,0.5273
independent_20260430_203326,trial_001,subject_001,1777552418.7148447,1777552418.7148447,275210.3238343,13,R_Femur,680,1,0.8805,9.4938,-1.3781,42.9077,-10.0098,-3.54,100.3162,-4.4659,-30.9485,0.7461,0.1806,-0.1996,0.609
independent_20260430_203326,trial_001,subject_001,1777552418.7148447,1777552418.7148447,275210.3239516,15,R_Foot,339,1,0.512,0.8661,9.8718,-4.6997,-0.4272,0.6714,4.389,-2.8949,-172.738,0.0276,0.0366,-0.997,0.0623
independent_20260430_203326,trial_001,subject_001,1777552418.7148447,1777552418.7148447,275210.3240763,9,Trunk,648,1,0.7752,9.4507,-0.0957,10.5591,5.3101,9.0332,91.9171,-2.1259,-149.3536,0.2024,0.6898,-0.6739,0.1708
independent_20260430_203326,trial_001,subject_001,1777552418.7148447,1777552418.7148447,275210.3242401,10,L_Femur,628,1,0.0574,8.1061,-0.7704,-39.1235,-3.9062,6.4697,82.3425,2.5104,-13.2605,0.6518,0.0924,-0.0726,0.7492
independent_20260430_203326,trial_001,subject_001,1777552418.7148447,1777552418.7148447,275210.3243713,11,L_Tibia,658,1,1.0336,7.5414,-6.9624,-192.3218,-5.6763,-35.1562,122.4261,-3.0652,-50.5865,0.7976,0.3627,-0.2269,0.4252
independent_20260430_203326,trial_001,subject_001,1777552418.7148447,1777552418.7148447,275210.3244917,12,L_Foot,679,1,0.1483,3.8616,11.5322,-157.3486,10.498,-16.2964,13.8702,3.0432,-116.2244,0.0414,0.1164,-0.8409,0.5269
independent_20260430_203326,trial_001,subject_001,1777552418.7148447,1777552418.7148447,275210.3246113,13,R_Femur,681,1,0.9283,9.9148,-1.2824,38.6963,-8.4229,-3.8452,100.9149,-4.3945,-31.0583,0.749,0.1828,-0.1988,0.605
independent_20260430_203326,trial_001,subject_001,1777552418.7158427,1777552418.7158427,275210.3247631,14,R_Tibia,343,1,1.2202,9.5272,-1.9619,-0.2441,6.2256,1.4038,106.7377,-5.7019,-169.9091,0.1001,0.7958,-0.5971,0.0126
independent_20260430_203326,trial_001,subject_001,1777552418.7158427,1777552418.7158427,275210.3249474,9,Trunk,649,1,0.6364,9.3263,-0.1531,11.2915,3.1128,7.2632,92.0654,-2.2467,-149.3042,0.2036,0.6903,-0.6731,0.1701
independent_20260430_203326,trial_001,subject_001,1777552418.7632127,1777552418.7632127,275210.3726919,10,L_Femur,629,1,-0.244,8.1826,-0.5168,-32.2266,-4.1504,5.6152,81.8372,2.417,-13.3044,0.6486,0.0917,-0.0738,0.752
independent_20260430_203326,trial_001,subject_001,1777552418.7632127,1777552418.7632127,275210.372965,11,L_Tibia,659,1,1.469,7.3787,-6.7184,-190.8569,-7.2021,-35.3394,119.5532,-2.5543,-50.4053,0.7864,0.3577,-0.2317,0.4471
independent_20260430_203326,trial_001,subject_001,1777552418.7632127,1777552418.7632127,275210.3732297,12,L_Foot,680,1,0.4307,4.4885,13.5851,-166.5649,24.7192,-11.5356,11.4093,3.4113,-116.3397,0.0272,0.1,-0.8435,0.5271
independent_20260430_203326,trial_001,subject_001,1777552418.7632127,1777552418.7632127,275210.3734883,13,R_Femur,682,1,0.9427,10.0775,-1.0384,28.4424,-1.1597,-2.0752,101.5356,-4.3451,-31.1023,0.7521,0.1844,-0.1977,0.601
independent_20260430_203326,trial_001,subject_001,1777552418.7647197,1777552418.7647197,275210.3737319,15,R_Foot,340,1,0.5359,0.9475,9.9292,-2.3804,-0.4272,0.1831,4.2792,-2.9169,-172.7216,0.0278,0.0356,-0.997,0.0625
independent_20260430_203326,trial_001,subject_001,1777552418.7647197,1777552418.7647197,275210.3740347,9,Trunk,650,1,0.5551,9.2354,-0.134,12.4512,-0.4883,5.127,92.2906,-2.373,-149.2987,0.2047,0.6914,-0.6719,0.169
independent_20260430_203326,trial_001,subject_001,1777552418.7647197,1777552418.7647197,275210.3742698,10,L_Femur,630,1,-0.4163,8.2783,-0.0766,-25.6348,-3.9673,3.8452,81.2878,2.3181,-13.3649,0.645,0.091,-0.0752,0.755
independent_20260430_203326,trial_001,subject_001,1777552418.7647197,1777552418.7647197,275210.374488,11,L_Tibia,660,1,1.6317,8.0391,-6.2207,-188.9038,-1.709,-36.0107,115.7629,-1.8732,-50.1361,0.7708,0.3509,-0.2378,0.4757
independent_20260430_203326,trial_001,subject_001,1777552418.7657313,1777552418.7657313,275210.3746999,12,L_Foot,681,1,-0.5024,5.1775,11.8385,-162.0483,28.2593,-6.7139,8.1189,3.9935,-116.4056,0.0077,0.0784,-0.846,0.5274
independent_20260430_203326,trial_001,subject_001,1777552418.7657313,1777552418.7657313,275210.3749128,13,R_Femur,683,1,0.8613,9.6612,-0.8996,27.6489,-1.4038,-1.709,101.9476,-4.3286,-31.1023,0.7543,0.1852,-0.197,0.5983
independent_20260430_203326,trial_001,subject_001,1777552418.7657313,1777552418.7657313,275210.3751137,14,R_Tibia,344,1,0.8805,9.1827,-2.2825,3.418,-1.5869,1.1597,106.7377,-5.7019,-169.8651,0.1004,0.7957,-0.5971,0.0129
independent_20260430_203326,trial_001,subject_001,1777552418.7657313,1777552418.7657313,275210.3753256,9,Trunk,651,1,0.7321,9.2354,-0.1627,13.9771,-1.5869,4.2725,92.4829,-2.4445,-149.3207,0.2053,0.6925,-0.6709,0.1681
independent_20260430_203326,trial_001,subject_001,1777552418.7667315,1777552418.7667315,275210.3756879,10,L_Femur,631,1,-0.3732,8.4123,0.3493,-21.3623,-2.8687,3.7842,80.9528,2.2577,-13.3978,0.6428,0.0906,-0.076,0.7568
independent_20260430_203326,trial_001,subject_001,1777552418.7667315,1777552418.7667315,275210.3760768,11,L_Tibia,661,1,1.2824,8.4362,-5.7613,-186.3403,2.1362,-36.1938,112.9559,-1.3843,-49.8944,0.7586,0.3456,-0.242,0.4964
independent_20260430_203326,trial_001,subject_001,1777552418.7667315,1777552418.7667315,275210.3762674,12,L_Foot,682,1,-0.8853,5.2302,12.2883,-163.0249,27.2217,-7.5684,5.6799,4.4165,-116.4661,-0.0067,0.0624,-0.8475,0.5271
independent_20260430_203326,trial_001,subject_001,1777552418.7667315,1777552418.7667315,275210.3764523,13,R_Femur,684,1,0.7226,9.5607,-0.9283,28.6865,-6.2256,-2.3804,102.3706,-4.2847,-31.1627,0.7563,0.1866,-0.1963,0.5955
independent_20260430_203326,trial_001,subject_001,1777552418.7677336,1777552418.7677336,275210.376649,15,R_Foot,341,1,0.5646,0.89,9.9818,-2.4414,-0.9155,0.0,4.1913,-2.9498,-172.7216,0.028,0.0348,-0.997,0.0625
independent_20260430_203326,trial_001,subject_001,1777552418.833155,1777552418.833155,275210.4426584,9,Trunk,652,1,0.9092,9.3119,-0.2058,13.7939,-1.6479,2.8687,92.6807,-2.4994,-149.3481,0.2057,0.6936,-0.6698,0.1672
independent_20260430_203326,trial_001,subject_001,1777552418.833155,1777552418.833155,275210.4429242,10,L_Femur,632,1,-0.2488,8.4506,0.8757,-18.4326,-1.0986,2.7466,80.5682,2.1918,-13.4088,0.6403,0.09,-0.0768,0.7589
independent_20260430_203326,trial_001,subject_001,1777552418.8341546,1777552418.8341546,275210.4430985,11,L_Tibia,662,1,0.8661,7.9769,-5.479,-178.4058,-2.0142,-36.6211,110.2533,-0.8679,-49.6967,0.7463,0.3408,-0.2459,0.5162
independent_20260430_203326,trial_001,subject_001,1777552418.8341546,1777552418.8341546,275210.4432337,12,L_Foot,683,1,-1.5982,4.8569,12.7237,-157.7148,17.395,-11.2915,3.2959,4.7351,-116.6034,-0.02,0.0461,-0.8491,0.5258
independent_20260430_203326,trial_001,subject_001,1777552418.8341546,1777552418.8341546,275210.4433726,13,R_Femur,685,1,0.6029,9.6947,-0.914,27.9541,-13.2446,-1.77,102.9419,-4.2078,-31.377,0.7588,0.1894,-0.196,0.5915
independent_20260430_203326,trial_001,subject_001,1777552418.8341546,1777552418.8341546,275210.4435322,14,R_Tibia,345,1,1.2011,9.2688,-2.182,7.8125,-3.0518,0.7324,106.9574,-5.6964,-169.964,0.0997,0.797,-0.5956,0.0122
independent_20260430_203326,trial_001,subject_001,1777552418.8341546,1777552418.8341546,275210.4436707,9,Trunk,653,1,1.0097,9.2976,-0.2584,10.1929,-1.2207,0.3052,92.8839,-2.5323,-149.3756,0.206,0.6948,-0.6687,0.1665
independent_20260430_203326,trial_001,subject_001,1777552418.8341546,1777552418.8341546,275210.4438143,10,L_Femur,633,1,-0.1866,8.3357,1.1771,-18.5547,-0.3662,2.9297,80.2881,2.1478,-13.4033,0.6385,0.0895,-0.0772,0.7605
independent_20260430_203326,trial_001,subject_001,1777552418.8341546,1777552418.8341546,275210.4439493,11,L_Tibia,663,1,0.6986,8.2496,-4.9957,-168.5181,-5.9814,-35.4614,106.8365,-0.1373,-49.5703,0.7293,0.336,-0.2507,0.5407
independent_20260430_203326,trial_001,subject_001,1777552418.8351548,1777552418.8351548,275210.4440545,12,L_Foot,684,1,-1.7753,5.211,11.2978,-140.625,1.9531,-12.3291,0.401,4.834,-116.8506,-0.0341,0.0251,-0.8511,0.5233
independent_20260430_203326,trial_001,subject_001,1777552418.8351548,1777552418.8351548,275210.4441743,13,R_Femur,686,1,0.6604,9.6612,-1.0192,27.3438,-15.0146,-0.3662,103.3649,-4.1583,-31.5802,0.7606,0.1917,-0.196,0.5885
independent_20260430_203326,trial_001,subject_001,1777552418.8351548,1777552418.8351548,275210.444298,15,R_Foot,342,1,0.5934,0.8613,9.8813,-2.2583,-1.1597,-0.6104,4.0869,-2.9883,-172.7325,0.0283,0.0339,-0.9971,0.0624
independent_20260430_203326,trial_001,subject_001,1777552418.8534377,1777552418.8534377,275210.4628771,9,Trunk,654,1,1.0623,9.1636,-0.2058,10.0098,-2.1362,-1.5869,93.0212,-2.5159,-149.3976,0.206,0.6956,-0.6679,0.1662
independent_20260430_203326,trial_001,subject_001,1777552418.854033,1777552418.854033,275210.4631321,11,L_Tibia,664,1,0.7465,8.4506,-4.9718,-160.8276,-7.6294,-32.959,104.4086,0.3735,-49.5428,0.7167,0.3329,-0.2544,0.5575
independent_20260430_203326,trial_001,subject_001,1777552418.854033,1777552418.854033,275210.4633345,12,L_Foot,685,1,-1.4451,5.0866,10.7857,-130.249,8.4229,-17.8833,-1.593,4.9384,-117.1033,-0.044,0.0106,-0.8525,0.5207
independent_20260430_203326,trial_001,subject_001,1777552418.854033,1777552418.854033,275210.4635302,13,R_Femur,687,1,0.5455,9.556,-1.1819,28.6255,-16.3574,-0.1831,103.7988,-4.1089,-31.8109,0.7624,0.1942,-0.1961,0.5853
independent_20260430_203326,trial_001,subject_001,1777552418.854033,1777552418.854033,275210.4637161,14,R_Tibia,346,1,0.3541,9.1875,-2.3256,13.2446,-6.5308,0.9766,107.3694,-5.6415,-170.1562,0.0981,0.7993,-0.5927,0.0112
independent_20260430_203326,trial_001,subject_001,1777552418.854033,1777552418.854033,275210.4638952,9,Trunk,655,1,1.0145,9.3789,0.0718,9.4604,-2.9297,-3.1738,93.2025,-2.4719,-149.4525,0.2057,0.6969,-0.6668,0.1658
independent_20260430_203326,trial_001,subject_001,1777552418.854033,1777552418.854033,275210.4640644,10,L_Femur,634,1,-0.244,8.2305,1.4978,-10.498,7.7515,1.77,79.7882,2.0874,-13.2056,0.6354,0.0876,-0.0766,0.7634
independent_20260430_203326,trial_001,subject_001,1777552418.854033,1777552418.854033,275210.4642187,11,L_Tibia,665,1,0.3397,8.3549,-4.3401,-153.0151,-9.6436,-29.2358,101.3049,1.0052,-49.5868,0.6997,0.3293,-0.2597,0.5784
independent_20260430_203326,trial_001,subject_001,1777552418.854033,1777552418.854033,275210.4643622,12,L_Foot,686,1,-1.7657,4.7804,10.0967,-120.6055,-3.1738,-24.1089,-4.0759,4.9384,-117.5537,-0.0552,-0.0081,-0.8546,0.5163
independent_20260430_203326,trial_001,subject_001,1777552418.8555415,1777552418.8555415,275210.4648061,13,R_Femur,688,1,0.1148,9.5225,-1.2633,27.4658,-17.7002,-1.77,104.3756,-4.0155,-32.135,0.7646,0.1979,-0.1962,0.5811
independent_20260430_203326,trial_001,subject_001,1777552418.8555415,1777552418.8555415,275210.4651099,15,R_Foot,343,1,0.4833,0.7561,9.9196,-1.0376,-2.5635,0.0,4.0485,-3.0432,-172.7435,0.0287,0.0336,-0.9971,0.0623
independent_20260430_203326,trial_001,subject_001,1777552418.8555415,1777552418.8555415,275210.4653221,9,Trunk,656,1,0.8757,9.556,0.2488,7.8125,-3.8452,-4.4556,93.3124,-2.4115,-149.502,0.2052,0.6977,-0.6661,0.1657
independent_20260430_203326,trial_001,subject_001,1777552418.8565521,1777552418.8565521,275210.46553,10,L_Femur,635,1,-0.335,8.1156,1.2776,-4.0894,9.3994,0.061,79.7113,2.1039,-13.0627,0.635,0.0869,-0.0756,0.7639
independent_20260430_203326,trial_001,subject_001,1777552418.8565521,1777552418.8565521,275210.4657127,11,L_Tibia,666,1,0.2249,8.1922,-3.9669,-147.7051,-12.6953,-26.5503,99.0802,1.4447,-49.6967,0.6869,0.3271,-0.264,0.5928
independent_20260430_203326,trial_001,subject_001,1777552418.8565521,1777552418.8565521,275210.4658994,12,L_Foot,687,1,-1.3542,4.6655,9.8335,-112.5488,-8.1177,-29.2969,-5.8173,4.801,-117.9767,-0.062,-0.0219,-0.8563,0.5123
independent_20260430_203326,trial_001,subject_001,1777552418.8565521,1777552418.8565521,275210.4660827,13,R_Femur,689,1,0.0144,9.4172,-1.3542,25.5127,-18.9819,-2.8076,104.7766,-3.9166,-32.3877,0.7661,0.2008,-0.1961,0.5782
independent_20260430_203326,trial_001,subject_001,1777552418.8565521,1777552418.8565521,275210.4662755,14,R_Tibia,347,1,1.0049,9.2545,-2.3734,15.1367,-7.019,1.9531,107.9297,-5.5975,-170.4309,0.096,0.8025,-0.5888,0.0097
independent_20260430_203326,trial_001,subject_001,1777552418.8575518,1777552418.8575518,275210.4664619,9,Trunk,657,1,0.7608,9.5129,0.3302,8.5449,-6.0425,-5.3711,93.4277,-2.3346,-149.5789,0.2044,0.6986,-0.6654,0.1655
independent_20260430_203326,trial_001,subject_001,1777552418.8575518,1777552418.8575518,275210.4666221,10,L_Femur,636,1,-0.3828,7.9625,1.0336,2.5635,9.0942,-1.2207,79.7333,2.1423,-12.9199,0.6352,0.0864,-0.0744,0.7639
independent_20260430_203326,trial_001,subject_001,1777552418.8575518,1777552418.8575518,275210.4667763,11,L_Tibia,667,1,0.2536,8.24,-3.364,-140.5029,-13.5498,-23.6816,96.9543,1.8402,-49.8505,0.6744,0.3251,-0.2684,0.6062
independent_20260430_203326,trial_001,subject_001,1777552418.8575518,1777552418.8575518,275210.4669257,12,L_Foot,688,1,-1.1532,4.2349,9.3502,-95.5811,-16.4185,-30.9448,-7.3334,4.5319,-118.4161,-0.0666,-0.0347,-0.8579,0.5083
independent_20260430_203326,trial_001,subject_001,1777552418.8575518,1777552418.8575518,275210.4670914,13,R_Femur,690,1,0.5264,9.532,-1.3159,23.3765,-18.5547,-4.2114,105.282,-3.7518,-32.7338,0.7678,0.2048,-0.1959,0.5746
independent_20260430_203326,trial_001,subject_001,1777552418.9437737,1777552418.9437737,275210.5528495,15,R_Foot,344,1,0.5886,0.7273,9.8861,-0.4272,-2.9907,-0.4883,4.3616,-3.0981,-172.6941,0.0294,0.0362,-0.9969,0.0626
independent_20260430_203326,trial_001,subject_001,1777552418.9437737,1777552418.9437737,275210.5531179,9,Trunk,658,1,0.5503,9.5607,0.3445,9.7656,-10.6812,-6.5308,93.6035,-2.2137,-149.7601,0.2029,0.7002,-0.6644,0.1649
independent_20260430_203326,trial_001,subject_001,1777552418.9437737,1777552418.9437737,275210.5533535,10,L_Femur,637,1,-0.3876,7.9242,0.9762,11.7188,7.6294,-2.8076,79.92,2.2192,-12.7661,0.6365,0.0861,-0.0728,0.763
independent_20260430_203326,trial_001,subject_001,1777552418.9437737,1777552418.9437737,275210.5535632,11,L_Tibia,668,1,-0.0144,8.3788,-2.9716,-132.6904,-16.8457,-21.4844,94.2297,2.3181,-50.1086,0.6578,0.3227,-0.2747,0.6226
independent_20260430_203326,trial_001,subject_001,1777552418.9632869,1777552418.9632869,275210.5727291,12,L_Foot,689,1,-0.6269,4.6225,13.097,-96.3745,-1.8921,-31.4331,-9.223,4.2957,-119.0204,-0.073,-0.0503,-0.8599,0.5028
independent_20260430_203326,trial_001,subject_001,1777552418.9632869,1777552418.9632869,275210.5729806,13,R_Femur,691,1,1.0958,9.7426,-1.3638,18.3105,-14.5264,-2.6245,105.5841,-3.6584,-32.9425,0.7688,0.2072,-0.1957,0.5724
independent_20260430_203326,trial_001,subject_001,1777552418.9642856,1777552418.9642856,275210.5732069,14,R_Tibia,348,1,1.158,9.1684,-2.0002,19.4092,-10.437,0.7324,108.4955,-5.5316,-170.6891,0.0939,0.8056,-0.5849,0.0083
independent_20260430_203326,trial_001,subject_001,1777552418.9642856,1777552418.9642856,275210.5734175,9,Trunk,659,1,0.4498,9.6947,0.3397,8.667,-13.4277,-7.5684,93.7299,-2.0984,-149.9469,0.2013,0.7014,-0.6637,0.1643
independent_20260430_203326,trial_001,subject_001,1777552418.9642856,1777552418.9642856,275210.5735953,10,L_Femur,638,1,-0.4594,8.1348,1.2346,16.0522,4.8218,-3.1738,80.1508,2.2742,-12.6837,0.6381,0.0862,-0.0718,0.7618
independent_20260430_203326,trial_001,subject_001,1777552418.9642856,1777552418.9642856,275210.5737301,11,L_Tibia,669,1,0.0861,8.1108,-3.0816,-118.2251,-23.0103,-18.4326,92.4005,2.6312,-50.4163,0.6461,0.3217,-0.2797,0.6331
independent_20260430_203326,trial_001,subject_001,1777552418.9642856,1777552418.9642856,275210.5738976,12,L_Foot,690,1,-1.6174,5.1058,13.2692,-111.7554,-0.9766,-32.2876,-10.8765,4.2078,-119.5038,-0.0793,-0.0634,-0.8611,0.4981
independent_20260430_203326,trial_001,subject_001,1777552418.9642856,1777552418.9642856,275210.5740679,13,R_Femur,692,1,1.3829,9.7234,-1.4451,14.5264,-7.6904,-1.6479,105.8038,-3.609,-33.0579,0.7697,0.2086,-0.1956,0.5708
independent_20260430_203326,trial_001,subject_001,1777552418.9652877,1777552418.9652877,275210.5742381,9,Trunk,660,1,0.512,9.7426,0.3541,8.606,-14.5264,-8.3008,93.8562,-1.9666,-150.1501,0.1994,0.7027,-0.663,0.1637
independent_20260430_203326,trial_001,subject_001,1777552418.9652877,1777552418.9652877,275210.5743805,10,L_Femur,639,1,-0.6891,8.6611,1.7657,20.5688,-3.1738,-0.9766,80.5353,2.3071,-12.7002,0.6406,0.0867,-0.0714,0.7596
independent_20260430_203326,trial_001,subject_001,1777552418.9652877,1777552418.9652877,275210.5745937,11,L_Tibia,670,1,0.2871,8.3405,-2.5074,-105.2856,-25.9399,-16.7236,90.769,2.9004,-50.7898,0.6352,0.3212,-0.2848,0.642
independent_20260430_203326,trial_001,subject_001,1777552418.9652877,1777552418.9652877,275210.5748156,12,L_Foot,691,1,-2.0098,5.168,10.6757,-116.6992,1.6479,-37.6587,-12.6508,4.1089,-120.0421,-0.0859,-0.0776,-0.8624,0.4929
independent_20260430_203326,trial_001,subject_001,1777552418.9652877,1777552418.9652877,275210.5749862,13,R_Femur,693,1,1.1389,9.4411,-1.4643,18.7988,-3.6011,-2.1973,106.1499,-3.5651,-33.1238,0.7712,0.2099,-0.195,0.5685
independent_20260430_203326,trial_001,subject_001,1777552418.9662888,1777552418.9662888,275210.5751481,14,R_Tibia,349,1,0.981,9.1014,-2.9285,23.5596,-7.1411,-1.1597,109.2865,-5.4163,-170.9198,0.0917,0.8099,-0.5793,0.0073
independent_20260430_203326,trial_001,subject_001,1777552418.9662888,1777552418.9662888,275210.5752949,9,Trunk,661,1,0.7848,9.8191,0.2393,7.9956,-13.5498,-9.0332,94.01,-1.7853,-150.4193,0.197,0.7044,-0.6622,0.163
independent_20260430_203326,trial_001,subject_001,1777552418.9662888,1777552418.9662888,275210.5754197,10,L_Femur,640,1,-0.6412,8.91,2.0624,24.0479,-5.9814,-0.4883,80.8813,2.3016,-12.7826,0.6428,0.0874,-0.0718,0.7576
independent_20260430_203326,trial_001,subject_001,1777552418.9662888,1777552418.9662888,275210.5755502,12,L_Foot,692,1,-1.6222,5.2541,9.3215,-111.084,11.8408,-43.396,-14.9524,4.0924,-120.921,-0.0949,-0.0957,-0.8644,0.4845
independent_20260430_203326,trial_001,subject_001,1777552418.9662888,1777552418.9662888,275210.5756786,13,R_Femur,694,1,1.0192,9.4411,-1.5217,20.874,-4.8828,-2.9907,106.452,-3.5101,-33.1732,0.7725,0.211,-0.1943,0.5665
independent_20260430_203326,trial_001,subject_001,1777552418.9662888,1777552418.9662888,275210.5758105,15,R_Foot,345,1,0.5981,0.9235,9.9723,2.0142,-2.3193,-0.7935,4.3726,-3.1036,-172.6941,0.0294,0.0363,-0.9969,0.0626
independent_20260430_203326,trial_001,subject_001,1777552419.0231185,1777552419.0231185,275210.6325737,9,Trunk,662,1,0.9857,9.8383,0.1531,5.9204,-12.3291,-9.2773,94.0979,-1.6425,-150.6006,0.1952,0.7054,-0.6617,0.1627
independent_20260430_203326,trial_001,subject_001,1777552419.0231185,1777552419.0231185,275210.6327092,10,L_Femur,641,1,-0.4737,9.0009,2.2442,26.6724,-7.3853,-0.4272,81.2659,2.2906,-12.8815,0.6453,0.0881,-0.0722,0.7554
independent_20260430_203326,trial_001,subject_001,1777552419.0231185,1777552419.0231185,275210.6328197,11,L_Tibia,671,1,-0.0096,8.0965,-1.3542,-71.6553,-31.0669,-13.4888,87.7588,3.4277,-51.7676,0.6139,0.3218,-0.2959,0.6573
independent_20260430_203326,trial_001,subject_001,1777552419.0231185,1777552419.0231185,275210.6329463,12,L_Foot,693,1,-1.4021,5.1823,8.6324,-100.769,12.3901,-44.0063,-16.5344,4.0979,-121.6132,-0.101,-0.1082,-0.8659,0.4779
independent_20260430_203326,trial_001,subject_001,1777552419.0241191,1777552419.0241191,275210.6330797,13,R_Femur,695,1,0.8709,9.2641,-1.8231,26.3672,-10.6812,-2.9297,106.8311,-3.4387,-33.2886,0.7741,0.2128,-0.1937,0.5639
independent_20260430_203326,trial_001,subject_001,1777552419.0241191,1777552419.0241191,275210.6331879,14,R_Tibia,350,1,0.9522,9.1588,-3.3018,23.1934,-9.7046,-1.8921,110.1105,-5.2405,-171.2054,0.0889,0.8144,-0.5734,0.0065
independent_20260430_203326,trial_001,subject_001,1777552419.0241191,1777552419.0241191,275210.6332887,9,Trunk,663,1,1.0671,9.7426,0.1866,2.5024,-12.2681,-9.0332,94.1583,-1.4502,-150.8258,0.1928,0.7065,-0.6613,0.1625
independent_20260430_203326,trial_001,subject_001,1777552419.0241191,1777552419.0241191,275210.6333864,10,L_Femur,642,1,-0.7082,9.221,2.4069,26.9165,-12.5122,-0.2441,81.7932,2.2577,-13.0847,0.6486,0.0894,-0.0733,0.7523
independent_20260430_203326,trial_001,subject_001,1777552419.0241191,1777552419.0241191,275210.6334828,11,L_Tibia,672,1,-0.134,8.1396,-0.7561,-49.4995,-34.2407,-11.2915,86.6107,3.6365,-52.4597,0.6047,0.3237,-0.3019,0.6621
independent_20260430_203326,trial_001,subject_001,1777552419.0241191,1777552419.0241191,275210.6335784,12,L_Foot,694,1,-0.8278,5.0866,6.3355,-73.7305,9.2163,-43.2129,-18.2263,4.032,-122.5085,-0.1066,-0.1221,-0.8678,0.4697
independent_20260430_203326,trial_001,subject_001,1777552419.0241191,1777552419.0241191,275210.6336736,13,R_Femur,696,1,0.6556,9.1396,-1.9858,33.6304,-17.0898,-3.9673,107.4738,-3.2959,-33.5632,0.7766,0.2164,-0.1929,0.5594
independent_20260430_203326,trial_001,subject_001,1777552419.0241191,1777552419.0241191,275210.6337865,15,R_Foot,346,1,0.6364,0.9283,9.9483,2.3804,-1.709,-0.5493,4.3781,-3.1036,-172.6941,0.0294,0.0364,-0.9969,0.0626
independent_20260430_203326,trial_001,subject_001,1777552419.0241191,1777552419.0241191,275210.6339076,9,Trunk,664,1,1.0145,9.6277,0.2632,1.4038,-12.2681,-8.9722,94.1693,-1.3129,-151.0016,0.1909,0.707,-0.6613,0.1623
independent_20260430_203326,trial_001,subject_001,1777552419.0241191,1777552419.0241191,275210.6340445,10,L_Femur,643,1,-0.9714,9.398,2.4165,28.5034,-16.6016,-1.6479,82.2052,2.2467,-13.3154,0.6511,0.0909,-0.0745,0.7498
independent_20260430_203326,trial_001,subject_001,1777552419.0241191,1777552419.0241191,275210.634165,11,L_Tibia,673,1,-0.1531,8.0917,-0.244,-32.6538,-33.8135,-10.1318,86.0449,3.7628,-52.9761,0.5996,0.3256,-0.3058,0.664
independent_20260430_203326,trial_001,subject_001,1777552419.0241191,1777552419.0241191,275210.6342835,12,L_Foot,695,1,-1.6174,4.3928,3.9143,-11.7798,-17.1509,-41.1987,-18.7482,3.7408,-123.0798,-0.1059,-0.1278,-0.8695,0.4653
independent_20260430_203326,trial_001,subject_001,1777552419.0256252,1777552419.0256252,275210.6344977,13,R_Femur,697,1,0.5503,9.2449,-1.9906,36.0718,-19.4092,-3.7231,108.0176,-3.1641,-33.8104,0.7786,0.2197,-0.1922,0.5556
independent_20260430_203326,trial_001,subject_001,1777552419.0256252,1777552419.0256252,275210.6346987,14,R_Tibia,351,1,1.024,9.0727,-3.2826,23.5596,-6.2866,-3.6011,110.9564,-5.0372,-171.3812,0.0867,0.8189,-0.5673,0.0064
independent_20260430_203326,trial_001,subject_001,1777552419.0834577,1777552419.0834577,275210.6924761,9,Trunk,665,1,0.914,9.6564,0.3685,0.3052,-12.5732,-8.606,94.1693,-1.1755,-151.1774,0.189,0.7075,-0.6613,0.1622
independent_20260430_203326,trial_001,subject_001,1777552419.0834577,1777552419.0834577,275210.6927655,10,L_Femur,644,1,-0.9283,9.6038,2.2825,23.7427,-17.7002,-6.1646,82.6996,2.2961,-13.6725,0.654,0.0936,-0.0762,0.7468
independent_20260430_203326,trial_001,subject_001,1777552419.0834577,1777552419.0834577,275210.6929081,11,L_Tibia,674,1,-0.4929,7.9816,-0.1962,-14.7705,-37.3535,-8.1787,85.7318,3.8562,-53.5254,0.596,0.3282,-0.3094,0.6644
independent_20260430_203326,trial_001,subject_001,1777552419.0834577,1777552419.0834577,275210.693068,12,L_Foot,696,1,-0.9475,4.8809,5.9767,19.4702,-36.9263,-35.8887,-18.4845,3.0487,-123.4149,-0.0992,-0.1289,-0.8708,0.4639
independent_20260430_203326,trial_001,subject_001,1777552419.0834577,1777552419.0834577,275210.6931783,13,R_Femur,698,1,0.4929,9.0822,-1.9141,40.5273,-20.874,-3.479,108.8086,-2.9828,-34.1675,0.7815,0.2243,-0.1912,0.55
independent_20260430_203326,trial_001,subject_001,1777552419.0834577,1777552419.0834577,275210.6932795,15,R_Foot,347,1,0.579,1.0288,10.0249,0.7935,-1.3428,-0.6714,4.389,-3.1091,-172.6941,0.0295,0.0365,-0.9969,0.0626
independent_20260430_203326,trial_001,subject_001,1777552419.0844576,1777552419.0844576,275210.6933797,9,Trunk,666,1,0.7321,9.6756,0.5312,-3.418,-14.2822,-8.0566,94.1089,-1.0052,-151.441,0.1863,0.7079,-0.6618,0.1618
independent_20260430_203326,trial_001,subject_001,1777552419.0844576,1777552419.0844576,275210.6934969,10,L_Femur,645,1,-0.9618,9.6182,2.2729,16.9678,-20.6299,-9.2773,82.9578,2.3895,-13.9801,0.6554,0.0961,-0.0774,0.7452
independent_20260430_203326,trial_001,subject_001,1777552419.0844576,1777552419.0844576,275210.6936032,11,L_Tibia,675,1,-0.8326,7.3787,-0.7034,15.8691,-52.063,-2.3804,85.8087,3.8782,-54.4922,0.5935,0.3335,-0.3147,0.6614
independent_20260430_203326,trial_001,subject_001,1777552419.0844576,1777552419.0844576,275210.6937227,12,L_Foot,697,1,-1.1963,5.4981,5.2445,58.1055,-64.9414,-33.9966,-17.71,1.7578,-123.739,-0.0859,-0.1286,-0.8724,0.4637
independent_20260430_203326,trial_001,subject_001,1777552419.0844576,1777552419.0844576,275210.6938477,13,R_Femur,699,1,0.6077,9.0583,-1.8758,43.2129,-23.2544,-3.9673,109.4623,-2.829,-34.4641,0.7838,0.2282,-0.1903,0.5454
independent_20260430_203326,trial_001,subject_001,1777552419.0844576,1777552419.0844576,275210.6939814,14,R_Tibia,352,1,0.6795,8.9674,-3.2061,25.8179,-14.5264,-4.0894,111.7255,-4.79,-171.6504,0.0836,0.8231,-0.5617,0.0063
independent_20260430_203326,trial_001,subject_001,1777552419.0844576,1777552419.0844576,275210.6941035,9,Trunk,667,1,0.6125,9.6038,0.6604,-5.6763,-16.0522,-8.4229,94.021,-0.8734,-151.6663,0.1841,0.7079,-0.6625,0.1615
independent_20260430_203326,trial_001,subject_001,1777552419.0844576,1777552419.0844576,275210.6942235,10,L_Femur,646,1,-1.0192,9.5655,2.4261,13.5498,-24.4751,-10.8643,83.15,2.4994,-14.3427,0.6562,0.099,-0.079,0.7439
independent_20260430_203326,trial_001,subject_001,1777552419.0844576,1777552419.0844576,275210.6943319,11,L_Tibia,676,1,-0.2632,7.8189,-0.3015,36.0718,-52.124,-0.6714,86.2427,3.8397,-55.2777,0.5939,0.3386,-0.3181,0.6569
independent_20260430_203326,trial_001,subject_001,1777552419.0844576,1777552419.0844576,275210.6944667,12,L_Foot,698,1,1.9476,0.78,6.3212,63.1104,-31.6162,-30.8838,-16.7322,1.0107,-124.0082,-0.076,-0.1244,-0.8742,0.4633
independent_20260430_203326,trial_001,subject_001,1777552419.0844576,1777552419.0844576,275210.6945711,13,R_Femur,700,1,0.7991,9.221,-1.9571,41.8091,-24.7803,-4.5776,110.0995,-2.6532,-34.7827,0.7859,0.2323,-0.1893,0.5409
independent_20260430_203326,trial_001,subject_001,1777552419.0844576,1777552419.0844576,275210.6946901,15,R_Foot,348,1,0.6125,0.9666,9.9148,1.4038,-1.4038,-0.7324,4.4,-3.1091,-172.6941,0.0295,0.0366,-0.9969,0.0626
independent_20260430_203326,trial_001,subject_001,1777552419.0844576,1777552419.0844576,275210.6947946,9,Trunk,668,1,0.512,9.6134,0.6891,-7.8125,-17.6392,-8.8501,93.9001,-0.7306,-151.9189,0.1815,0.7079,-0.6634,0.1611
independent_20260430_203326,trial_001,subject_001,1777552419.0859637,1777552419.0859637,275210.6949395,10,L_Femur,647,1,-0.579,9.0392,2.4548,25.2075,-28.3203,-11.9629,83.5455,2.6642,-14.9084,0.6581,0.1036,-0.0814,0.7413
independent_20260430_203326,trial_001,subject_001,1777552419.0859637,1777552419.0859637,275210.6951746,11,L_Tibia,677,1,0.3972,7.9673,-0.6029,51.7578,-52.3682,0.2441,86.9238,3.8013,-56.0577,0.5955,0.3443,-0.3208,0.6511
independent_20260430_203326,trial_001,subject_001,1777552419.0859637,1777552419.0859637,275210.6954128,12,L_Foot,699,1,4.7756,-2.1964,7.5414,76.2329,23.4985,-29.7852,-15.5786,0.9998,-124.4861,-0.0708,-0.1159,-0.8773,0.4604
independent_20260430_203326,trial_001,subject_001,1777552419.0859637,1777552419.0859637,275210.6955817,13,R_Femur,701,1,1.0384,9.1109,-2.0624,41.9922,-25.5737,-5.0659,110.9454,-2.395,-35.2167,0.7887,0.2379,-0.1878,0.5349
independent_20260430_203326,trial_001,subject_001,1777552419.0859637,1777552419.0859637,275210.6957393,14,R_Tibia,353,1,1.4547,9.0296,-2.9477,29.9683,-9.9487,-7.3242,112.7362,-4.422,-171.9635,0.0796,0.8285,-0.5543,0.0067
independent_20260430_203326,trial_001,subject_001,1777552419.1702027,1777552419.1702027,275210.7793735,9,Trunk,669,1,0.4977,9.6995,0.7369,-9.6436,-19.5923,-8.5449,93.6969,-0.5383,-152.287,0.1778,0.7075,-0.6648,0.1605
independent_20260430_203326,trial_001,subject_001,1777552419.1702027,1777552419.1702027,275210.7795162,11,L_Tibia,678,1,1.4595,10.7953,1.0767,47.3633,-38.0859,-0.6104,87.9016,3.7738,-56.9092,0.5986,0.3513,-0.3227,0.6435
independent_20260430_203326,trial_001,subject_001,1777552419.1702027,1777552419.1702027,275210.7796266,12,L_Foot,700,1,-2.5792,-5.0148,5.6465,107.3608,-72.6929,-16.7847,-13.8922,0.4559,-124.8267,-0.0595,-0.1054,-0.88,0.4593
independent_20260430_203326,trial_001,subject_001,1777552419.1702027,1777552419.1702027,275210.7797289,13,R_Femur,702,1,1.3016,9.2545,-2.2586,41.2598,-25.6348,-4.7607,111.5771,-2.1973,-35.5463,0.7906,0.2421,-0.1867,0.5305
independent_20260430_203326,trial_001,subject_001,1777552419.1702027,1777552419.1702027,275210.7798814,15,R_Foot,349,1,0.6364,0.7752,9.6517,3.8452,0.061,-1.4038,4.4275,-3.1146,-172.6996,0.0296,0.0368,-0.9969,0.0625
independent_20260430_203326,trial_001,subject_001,1777552419.1702027,1777552419.1702027,275210.78003,9,Trunk,670,1,0.5742,9.867,0.7417,-6.5918,-20.0195,-6.4697,93.576,-0.423,-152.5781,0.1752,0.7075,-0.6658,0.1597
independent_20260430_203326,trial_001,subject_001,1777552419.171207,1777552419.171207,275210.780163,10,L_Femur,648,1,0.9762,9.4411,1.5169,47.4243,-22.644,0.4272,84.6222,2.7411,-15.7599,0.6642,0.1098,-0.0854,0.7345
independent_20260430_203326,trial_001,subject_001,1777552419.171207,1777552419.171207,275210.7803078,11,L_Tibia,679,1,3.0386,14.7526,4.8282,11.0474,-11.7798,-9.5825,88.1818,3.8837,-57.1783,0.599,0.3541,-0.3228,0.6416
independent_20260430_203326,trial_001,subject_001,1777552419.171207,1777552419.171207,275210.7804578,12,L_Foot,701,1,5.6896,-3.9334,11.427,94.7876,5.0659,-12.3901,-12.3596,0.1923,-124.9475,-0.0512,-0.0947,-0.8817,0.4593
independent_20260430_203326,trial_001,subject_001,1777552419.171207,1777552419.171207,275210.7806532,13,R_Femur,703,1,1.4978,9.2736,-2.4691,41.0767,-23.4375,-3.1738,112.1979,-2.027,-35.8539,0.7926,0.2461,-0.1856,0.5261
independent_20260430_203326,trial_001,subject_001,1777552419.171207,1777552419.171207,275210.7808323,14,R_Tibia,354,1,1.4021,9.1396,-3.675,33.5083,-10.6201,-11.9629,113.8623,-3.9441,-172.1173,0.0763,0.8342,-0.546,0.0087
independent_20260430_203326,trial_001,subject_001,1777552419.171207,1777552419.171207,275210.7809987,9,Trunk,671,1,0.6269,10.4029,0.311,4.7607,-18.7988,-2.3804,93.5815,-0.3406,-152.9626,0.1724,0.7082,-0.6662,0.1579
independent_20260430_203326,trial_001,subject_001,1777552419.1722033,1777552419.1722033,275210.7811508,10,L_Femur,649,1,2.6079,12.2069,0.7034,53.4058,-8.5449,9.2773,85.7263,2.5653,-15.9247,0.6712,0.1105,-0.0864,0.7278
independent_20260430_203326,trial_001,subject_001,1777552419.1722033,1777552419.1722033,275210.7812995,11,L_Tibia,680,1,4.1918,13.5659,7.1012,-19.3481,7.5684,-17.7002,87.8192,4.2023,-57.1179,0.5961,0.3545,-0.3218,0.6445
independent_20260430_203326,trial_001,subject_001,1777552419.1722033,1777552419.1722033,275210.7814461,12,L_Foot,702,1,4.2014,-2.2251,8.3022,125.6104,-13.855,2.7466,-10.0085,-0.1208,-124.8651,-0.0394,-0.0778,-0.883,0.4611
independent_20260430_203326,trial_001,subject_001,1777552419.1907933,1777552419.1907933,275210.7997016,13,R_Femur,704,1,1.5791,9.556,-2.6653,45.105,-19.4092,-4.5776,113.0768,-1.8127,-36.1945,0.7956,0.2508,-0.1838,0.5199
independent_20260430_203326,trial_001,subject_001,1777552419.1907933,1777552419.1907933,275210.7999447,15,R_Foot,350,1,0.8853,0.8661,10.3694,4.3945,0.7324,-2.0142,4.5538,-3.1091,-172.749,0.0296,0.0379,-0.9969,0.0621
independent_20260430_203326,trial_001,subject_001,1777552419.2433038,1777552419.2433038,275210.8524235,9,Trunk,672,1,1.0001,10.6422,-0.402,9.7046,-11.1084,-1.77,93.7079,-0.3131,-153.1549,0.1712,0.7092,-0.6656,0.1568
independent_20260430_203326,trial_001,subject_001,1777552419.2433038,1777552419.2433038,275210.8525766,10,L_Femur,650,1,2.4596,14.8627,2.7706,0.4272,-42.2974,9.0332,85.9021,2.3895,-16.4136,0.6721,0.1123,-0.0904,0.7263
independent_20260430_203326,trial_001,subject_001,1777552419.2433038,1777552419.2433038,275210.8527664,11,L_Tibia,681,1,2.6893,8.9626,3.5219,11.2915,12.3291,-15.0146,87.9071,4.4604,-56.9421,0.5963,0.3553,-0.3192,0.6452
independent_20260430_203326,trial_001,subject_001,1777552419.2433038,1777552419.2433038,275210.8529758,12,L_Foot,703,1,3.9525,1.0288,11.7188,99.1821,31.5552,11.0474,-8.41,0.2637,-124.8102,-0.036,-0.0639,-0.8839,0.4618
independent_20260430_203326,trial_001,subject_001,1777552419.2433038,1777552419.2433038,275210.853152,13,R_Femur,705,1,1.4499,10.0058,-3.0003,44.7388,-18.6768,-2.9907,113.7524,-1.6644,-36.4307,0.7979,0.2542,-0.1824,0.5152
independent_20260430_203326,trial_001,subject_001,1777552419.244312,1777552419.244312,275210.8533654,14,R_Tibia,355,1,0.6604,9.666,-3.23,36.6821,-20.2026,-14.2822,115.0928,-3.2574,-172.3975,0.0711,0.8406,-0.5368,0.0116
independent_20260430_203326,trial_001,subject_001,1777552419.244312,1777552419.244312,275210.8535414,9,Trunk,673,1,1.4355,10.4986,-0.8613,3.9062,-1.8921,-0.4883,93.7738,-0.3021,-153.2098,0.1709,0.7097,-0.6653,0.1565
independent_20260430_203326,trial_001,subject_001,1777552419.244312,1777552419.244312,275210.853761,10,L_Femur,651,1,0.2728,13.8339,8.5271,-71.7773,-70.8008,-1.5869,84.5673,2.2247,-17.7869,0.6624,0.1182,-0.1014,0.7328
independent_20260430_203326,trial_001,subject_001,1777552419.244312,1777552419.244312,275210.8539521,11,L_Tibia,682,1,1.3255,8.9243,1.0049,33.8135,1.6479,-12.3291,88.374,4.6527,-56.8762,0.5985,0.3572,-0.3163,0.6435
independent_20260430_203326,trial_001,subject_001,1777552419.244312,1777552419.244312,275210.8541514,12,L_Foot,704,1,-0.4977,0.89,11.8241,97.7173,37.2925,8.1787,-6.9379,0.8405,-124.7498,-0.0345,-0.0502,-0.8846,0.4624
independent_20260430_203326,trial_001,subject_001,1777552419.24531,1777552419.24531,275210.8543774,13,R_Femur,706,1,1.0479,10.0345,-2.7228,34.1187,-14.6484,-0.2441,114.4885,-1.5381,-36.7053,0.8004,0.2579,-0.1811,0.5099
independent_20260430_203326,trial_001,subject_001,1777552419.24531,1777552419.24531,275210.8545281,15,R_Foot,351,1,0.7561,0.6221,9.8766,7.8735,1.1597,-1.5259,4.7791,-3.0762,-172.8094,0.0294,0.0399,-0.9969,0.0615
independent_20260430_203326,trial_001,subject_001,1777552419.24531,1777552419.24531,275210.8546641,9,Trunk,674,1,1.0958,10.1541,-0.6795,-3.2959,1.8311,3.54,93.6584,-0.4779,-153.1714,0.172,0.7088,-0.6662,0.1558
independent_20260430_203326,trial_001,subject_001,1777552419.24531,1777552419.24531,275210.8547871,10,L_Femur,652,1,0.7704,9.0679,7.8907,-13.1836,-26.5503,-0.2441,84.1827,2.1918,-18.3142,0.6594,0.1207,-0.1054,0.7345
independent_20260430_203326,trial_001,subject_001,1777552419.24531,1777552419.24531,275210.8549101,11,L_Tibia,683,1,-2.0624,9.6995,0.1675,44.5557,-17.334,-11.7188,89.198,4.9054,-57.1399,0.6015,0.3622,-0.3138,0.6391
independent_20260430_203326,trial_001,subject_001,1777552419.24531,1777552419.24531,275210.8550306,12,L_Foot,705,1,-3.0577,1.0336,14.389,62.0117,35.8887,4.8218,-5.5096,1.5875,-124.7168,-0.0346,-0.0362,-0.8851,0.4628
independent_20260430_203326,trial_001,subject_001,1777552419.24531,1777552419.24531,275210.8551512,13,R_Femur,707,1,0.7848,10.0345,-2.139,28.3203,-12.8174,-2.3193,114.928,-1.4392,-36.8701,0.8019,0.2602,-0.1801,0.5068
independent_20260430_203326,trial_001,subject_001,1777552419.24531,1777552419.24531,275210.8552681,14,R_Tibia,356,1,0.9044,9.4363,-2.4979,44.1895,-20.6299,-17.5171,116.3727,-2.5543,-172.749,0.0654,0.8471,-0.5272,0.0144
independent_20260430_203326,trial_001,subject_001,1777552419.2464292,1777552419.2464292,275210.8553875,9,Trunk,675,1,0.7226,10.2163,-0.5599,-2.9297,4.3945,5.8594,93.598,-0.5713,-153.1165,0.1728,0.7082,-0.6666,0.1556
independent_20260430_203326,trial_001,subject_001,1777552419.2464292,1777552419.2464292,275210.8555282,10,L_Femur,653,1,2.0002,8.7999,3.2204,4.1504,5.4321,-1.9531,84.0894,2.1533,-18.3197,0.6588,0.1204,-0.1058,0.735
independent_20260430_203326,trial_001,subject_001,1777552419.2464292,1777552419.2464292,275210.8556918,11,L_Tibia,684,1,-3.2204,10.2163,0.4115,40.1001,-34.729,-4.3335,89.7858,4.9988,-57.6013,0.603,0.3668,-0.314,0.635
independent_20260430_203326,trial_001,subject_001,1777552419.2464292,1777552419.2464292,275210.8558519,12,L_Foot,706,1,-1.0623,-0.8565,10.1924,71.0449,32.5928,4.7607,-4.4659,2.0709,-124.6893,-0.0341,-0.0261,-0.8853,0.4631
independent_20260430_203326,trial_001,subject_001,1777552419.2464292,1777552419.2464292,275210.8560273,15,R_Foot,352,1,0.5981,0.6316,10.1206,14.0381,0.7935,-2.0142,5.1801,-3.0432,-172.8589,0.0293,0.0434,-0.9968,0.061
independent_20260430_203326,trial_001,subject_001,1777552419.2464292,1777552419.2464292,275210.8561488,9,Trunk,676,1,0.6221,10.4029,-0.5407,-3.6011,5.6152,7.9346,93.5321,-0.6976,-153.045,0.1739,0.7075,-0.6671,0.1553
independent_20260430_203326,trial_001,subject_001,1777552419.2464292,1777552419.2464292,275210.8562677,10,L_Femur,654,1,0.1053,7.9051,-1.804,40.1001,22.0947,-20.9351,84.7211,2.4939,-17.9681,0.6629,0.1211,-0.1009,0.732
independent_20260430_203326,trial_001,subject_001,1777552419.2474291,1777552419.2474291,275210.8563657,12,L_Foot,707,1,-2.383,1.5695,13.1544,61.6455,32.1045,7.4463,-3.4607,2.5763,-124.6399,-0.0339,-0.0163,-0.8852,0.4636
independent_20260430_203326,trial_001,subject_001,1777552419.2474291,1777552419.2474291,275210.8564762,13,R_Femur,708,1,0.4977,10.5273,-1.8949,6.1646,-10.3149,-7.2632,115.3894,-1.1316,-37.1008,0.8029,0.2639,-0.1779,0.504
independent_20260430_203326,trial_001,subject_001,1777552419.2474291,1777552419.2474291,275210.8566131,14,R_Tibia,357,1,0.646,9.8574,-2.8232,55.0537,-19.8975,-22.7051,118.158,-1.5656,-173.0182,0.0592,0.8558,-0.5136,0.0196
independent_20260430_203326,trial_001,subject_001,1777552419.2474291,1777552419.2474291,275210.856793,9,Trunk,677,1,0.4881,10.4843,-0.4115,-3.2959,2.4414,8.4839,93.4442,-0.8844,-152.9791,0.1752,0.7066,-0.6679,0.1547
independent_20260430_203326,trial_001,subject_001,1777552419.2474291,1777552419.2474291,275210.8569761,10,L_Femur,655,1,-3.297,9.0057,-2.7658,25.5737,7.3242,-28.5034,85.1825,2.9224,-17.8253,0.6655,0.1234,-0.097,0.7297
independent_20260430_203326,trial_001,subject_001,1777552419.2474291,1777552419.2474291,275210.8571465,11,L_Tibia,685,1,-1.9236,9.4363,-0.4067,43.9453,-54.8096,-5.9814,91.0602,5.1141,-59.491,0.6035,0.3808,-0.3196,0.6234
independent_20260430_203326,trial_001,subject_001,1777552419.2484295,1777552419.2484295,275210.8573156,12,L_Foot,708,1,2.8759,1.4978,15.5183,8.3618,21.4233,5.4932,-3.0432,2.8619,-124.585,-0.0344,-0.0119,-0.8851,0.4641
independent_20260430_203326,trial_001,subject_001,1777552419.2484295,1777552419.2484295,275210.8574864,13,R_Femur,709,1,0.3732,10.7283,-2.3687,0.3052,-13.916,-6.2256,115.4059,-0.9723,-37.2272,0.8025,0.2655,-0.1773,0.5041
independent_20260430_203326,trial_001,subject_001,1777552419.2484295,1777552419.2484295,275210.8576613,15,R_Foot,353,1,0.5359,0.4211,9.7569,25.8789,-0.4272,-2.5635,5.9161,-3.0377,-172.9468,0.0296,0.0499,-0.9965,0.06
independent_20260430_203326,trial_001,subject_001,1777552419.2484295,1777552419.2484295,275210.8578272,9,Trunk,678,1,0.4642,10.5226,-0.4259,-5.127,-2.2583,6.3477,93.3618,-0.9888,-153.0066,0.1756,0.706,-0.6686,0.154
independent_20260430_203326,trial_001,subject_001,1777552419.2484295,1777552419.2484295,275210.8580442,10,L_Femur,656,1,-4.8043,9.6229,-0.7369,10.0098,-12.5732,-28.1372,85.3528,3.3289,-17.9901,0.6659,0.127,-0.0955,0.7289
independent_20260430_203326,trial_001,subject_001,1777552419.2494295,1777552419.2494295,275210.8583064,11,L_Tibia,686,1,-1.4308,8.8525,-1.5121,46.9971,-38.208,-9.5215,91.7029,5.2734,-60.1117,0.6043,0.3867,-0.3199,0.6188
independent_20260430_203326,trial_001,subject_001,1777552419.2494295,1777552419.2494295,275210.8584422,12,L_Foot,709,1,-3.5362,-0.6173,9.7043,22.9492,-4.8828,2.6245,-2.7576,3.0322,-124.5245,-0.0346,-0.009,-0.8848,0.4646
independent_20260430_203326,trial_001,subject_001,1777552419.2494295,1777552419.2494295,275210.8585433,13,R_Femur,710,1,0.2488,10.8288,-2.6653,-4.0894,-17.6392,-4.2725,115.3564,-0.813,-37.4249,0.8016,0.2675,-0.1772,0.5045
independent_20260430_203326,trial_001,subject_001,1777552419.323303,1777552419.323303,275210.9325678,14,R_Tibia,358,1,-0.512,9.8526,-3.0099,65.4907,-28.2593,-24.4751,120.2948,-0.3955,-173.3478,0.052,0.8657,-0.4971,0.0259
independent_20260430_203326,trial_001,subject_001,1777552419.323303,1777552419.323303,275210.9327739,9,Trunk,679,1,0.6556,10.4125,-0.3972,-9.4604,-8.4229,1.8921,93.1805,-1.0547,-153.1384,0.1749,0.7051,-0.6699,0.1531
independent_20260430_203326,trial_001,subject_001,1777552419.323303,1777552419.323303,275210.9329672,10,L_Femur,657,1,-2.5696,9.1923,0.1531,27.3438,-19.4092,-24.9023,85.7758,3.8232,-18.3856,0.6675,0.1328,-0.0946,0.7265
independent_20260430_203326,trial_001,subject_001,1777552419.3243022,1777552419.3243022,275210.9331535,11,L_Tibia,687,1,-0.7608,9.6612,-2.4117,47.4243,-20.1416,-8.8501,92.6202,5.4822,-60.5621,0.6071,0.3927,-0.318,0.6133
independent_20260430_203326,trial_001,subject_001,1777552419.3243022,1777552419.3243022,275210.9333384,12,L_Foot,710,1,-0.8326,-0.067,10.824,13.9771,-1.6479,3.7842,-2.4005,2.9333,-124.4696,-0.0324,-0.0066,-0.8846,0.4651
independent_20260430_203326,trial_001,subject_001,1777552419.3243022,1777552419.3243022,275210.9335184,13,R_Femur,711,1,-0.1579,10.7283,-2.5218,-13.0005,-20.1416,-2.0752,115.1367,-0.6207,-37.7545,0.7996,0.2703,-0.1778,0.506
independent_20260430_203326,trial_001,subject_001,1777552419.3243022,1777552419.3243022,275210.9337129,15,R_Foot,354,1,0.3158,0.4259,9.9818,37.6587,-3.1128,-5.127,6.9049,-3.0927,-173.0786,0.0305,0.0585,-0.9961,0.0586
independent_20260430_203326,trial_001,subject_001,1777552419.3243022,1777552419.3243022,275210.9339142,9,Trunk,680,1,0.8661,10.446,-0.378,-8.3618,-9.0942,-1.0376,93.0377,-1.0492,-153.2812,0.1738,0.7045,-0.671,0.1525
independent_20260430_203326,trial_001,subject_001,1777552419.3243022,1777552419.3243022,275210.9340892,10,L_Femur,658,1,-0.847,10.0393,-0.7752,35.6445,-32.4707,-18.7378,86.2482,4.0924,-18.8361,0.6697,0.1375,-0.0953,0.7236
independent_20260430_203326,trial_001,subject_001,1777552419.3253016,1777552419.3253016,275210.9342704,11,L_Tibia,688,1,0.3876,10.1589,-2.5457,47.9126,-24.9023,-5.4932,93.3069,5.603,-60.9082,0.6091,0.3971,-0.3168,0.609
independent_20260430_203326,trial_001,subject_001,1777552419.3253016,1777552419.3253016,275210.9344501,12,L_Foot,711,1,0.2488,0.2967,10.7714,9.3384,4.4556,2.9907,-2.2083,2.9663,-124.4202,-0.0319,-0.005,-0.8844,0.4655
independent_20260430_203326,trial_001,subject_001,1777552419.3253016,1777552419.3253016,275210.9346324,13,R_Femur,712,1,-0.6364,10.7618,-2.206,-18.9209,-21.9727,-4.0283,114.8676,-0.4449,-38.0182,0.7975,0.2725,-0.1784,0.5079
independent_20260430_203326,trial_001,subject_001,1777552419.3253016,1777552419.3253016,275210.9348145,14,R_Tibia,359,1,-0.823,10.2929,-3.3975,75.5615,-38.8794,-23.0103,122.8107,0.9448,-173.9081,0.0427,0.877,-0.4775,0.0327
independent_20260430_203326,trial_001,subject_001,1777552419.3253016,1777552419.3253016,275210.934997,9,Trunk,681,1,0.6077,10.5943,-0.579,-5.6152,-8.4839,-3.3569,92.9388,-1.0052,-153.4021,0.1726,0.7041,-0.6717,0.1522
independent_20260430_203326,trial_001,subject_001,1777552419.3262053,1777552419.3262053,275210.9351769,10,L_Femur,659,1,0.4833,9.7234,-1.6892,41.0156,-50.5371,-8.3618,86.9678,4.2627,-19.7809,0.6728,0.1447,-0.0993,0.7187
independent_20260430_203326,trial_001,subject_001,1777552419.3262053,1777552419.3262053,275210.9353549,12,L_Foot,712,1,-0.4211,0.2536,10.6135,3.9673,-0.3052,1.4038,-2.1368,2.9718,-124.4037,-0.0316,-0.0044,-0.8844,0.4657
independent_20260430_203326,trial_001,subject_001,1777552419.3262053,1777552419.3262053,275210.9355369,13,R_Femur,713,1,-0.9188,11.1446,-1.7753,-31.7383,-22.9492,-4.3945,114.3018,-0.1868,-38.3917,0.7937,0.2754,-0.1796,0.5118
independent_20260430_203326,trial_001,subject_001,1777552419.3267136,1777552419.3267136,275210.9357137,15,R_Foot,355,1,0.8135,0.8661,10.0584,52.4902,0.9766,-6.1646,8.5583,-3.0487,-173.2654,0.0309,0.0729,-0.9953,0.0566
independent_20260430_203326,trial_001,subject_001,1777552419.3267136,1777552419.3267136,275210.9359039,9,Trunk,682,1,-0.1053,10.4651,-1.0049,-5.6152,-9.3384,-8.1787,92.807,-0.8734,-153.5779,0.1706,0.7038,-0.6726,0.1522
independent_20260430_203326,trial_001,subject_001,1777552419.3267136,1777552419.3267136,275210.9360819,10,L_Femur,660,1,1.1771,9.1062,-1.4116,44.9829,-45.8374,-0.1831,87.5775,4.2517,-20.4785,0.6758,0.1493,-0.103,0.7145
independent_20260430_203326,trial_001,subject_001,1777552419.3272555,1777552419.3272555,275210.936261,11,L_Tibia,689,1,2.2682,9.9531,-2.0815,41.1987,-16.6016,-12.5122,94.8285,6.0205,-61.5289,0.6136,0.4066,-0.3124,0.6004
independent_20260430_203326,trial_001,subject_001,1777552419.3272555,1777552419.3272555,275210.9364385,12,L_Foot,713,1,0.2345,-0.0096,10.312,2.5635,7.3242,0.2441,-2.0544,3.0707,-124.3982,-0.0321,-0.0034,-0.8843,0.4657
independent_20260430_203326,trial_001,subject_001,1777552419.3272555,1777552419.3272555,275210.9366181,13,R_Femur,714,1,-0.9762,11.5705,-1.5839,-47.8516,-22.2778,-3.479,113.6316,-0.011,-38.6719,0.7897,0.2771,-0.1813,0.5164
independent_20260430_203326,trial_001,subject_001,1777552419.3277855,1777552419.3277855,275210.9367969,9,Trunk,683,1,-0.4833,10.135,-1.3016,-5.9814,-10.2539,-13.1836,92.7081,-0.6921,-153.7207,0.1686,0.7037,-0.6731,0.1526
independent_20260430_203326,trial_001,subject_001,1777552419.3277855,1777552419.3277855,275210.9369786,10,L_Femur,661,1,1.5743,9.4028,-1.1628,40.5273,-29.1748,0.9766,88.1708,4.2188,-20.9619,0.6788,0.1525,-0.1054,0.7105
independent_20260430_203326,trial_001,subject_001,1777552419.3277855,1777552419.3277855,275210.9371547,11,L_Tibia,690,1,1.0623,9.8287,-2.0959,38.5132,-17.1509,-12.8174,95.3943,6.2402,-61.7596,0.615,0.4105,-0.3104,0.5974
independent_20260430_203326,trial_001,subject_001,1777552419.3283563,1777552419.3283563,275210.9373355,12,L_Foot,714,1,-0.2345,-0.1244,10.0488,2.4414,6.7749,-0.6104,-2.0105,3.175,-124.4092,-0.0327,-0.0026,-0.8844,0.4656
independent_20260430_203326,trial_001,subject_001,1777552419.3283563,1777552419.3283563,275210.9375165,13,R_Femur,715,1,-1.3925,11.5466,-1.4308,-66.8335,-20.1416,-3.1738,112.6758,0.1373,-38.9301,0.7845,0.278,-0.1838,0.5229
independent_20260430_203326,trial_001,subject_001,1777552419.3283563,1777552419.3283563,275210.9376955,15,R_Foot,356,1,1.0814,0.6364,10.0967,69.0308,6.958,-13.0615,10.7062,-2.851,-173.5675,0.03,0.0917,-0.9939,0.0535
independent_20260430_203326,trial_001,subject_001,1777552419.423719,1777552419.423719,275211.0331611,9,Trunk,684,1,-0.3158,9.8526,-1.5552,-5.3101,-11.1084,-16.4795,92.6147,-0.4504,-153.869,0.1661,0.7037,-0.6735,0.1534
independent_20260430_203326,trial_001,subject_001,1777552419.4244149,1777552419.4244149,275211.0333669,11,L_Tibia,691,1,-1.2011,9.9196,-2.1772,32.6538,-28.9917,-10.437,95.8667,6.449,-62.1277,0.6155,0.4147,-0.3094,0.5946
independent_20260430_203326,trial_001,subject_001,1777552419.4244149,1777552419.4244149,275211.0335571,12,L_Foot,715,1,-0.6316,-0.1531,9.9723,2.6855,7.3242,-0.5493,-1.9556,3.2904,-124.4257,-0.0333,-0.0017,-0.8844,0.4655
independent_20260430_203326,trial_001,subject_001,1777552419.4244149,1777552419.4244149,275211.0337296,13,R_Femur,716,1,-2.584,10.7666,-1.2202,-83.4961,-16.2964,-7.5073,111.0828,0.3571,-39.1937,0.7762,0.2782,-0.1874,0.5339
independent_20260430_203326,trial_001,subject_001,1777552419.4244149,1777552419.4244149,275211.0338613,14,R_Tibia,360,1,-2.2777,10.4843,-2.7563,102.5391,-67.1387,-10.9863,128.6005,3.7299,-175.7593,0.0192,0.9005,-0.432,0.0453
independent_20260430_203326,trial_001,subject_001,1777552419.4244149,1777552419.4244149,275211.0339803,9,Trunk,685,1,0.378,9.7761,-1.8136,-8.9111,-10.0708,-14.7095,92.45,-0.1428,-154.0668,0.1629,0.7035,-0.6744,0.1544
independent_20260430_203326,trial_001,subject_001,1777552419.4244149,1777552419.4244149,275211.0340958,10,L_Femur,662,1,0.8996,9.4985,-1.5265,49.9878,21.1182,-16.1743,89.6814,4.5264,-20.8795,0.6879,0.1552,-0.101,0.7018
independent_20260430_203326,trial_001,subject_001,1777552419.4244149,1777552419.4244149,275211.0342133,11,L_Tibia,692,1,-2.4883,9.8431,-2.1772,22.522,-55.1147,-7.9346,96.2622,6.7236,-63.078,0.6131,0.4222,-0.3113,0.5907
independent_20260430_203326,trial_001,subject_001,1777552419.4244149,1777552419.4244149,275211.0343348,12,L_Foot,716,1,-1.0671,-0.201,10.0297,4.6387,3.7842,0.2441,-1.8622,3.3948,-124.4366,-0.0338,-0.0006,-0.8844,0.4654
independent_20260430_203326,trial_001,subject_001,1777552419.4244149,1777552419.4244149,275211.0344735,13,R_Femur,717,1,-3.0434,10.3264,-0.9522,-94.0552,-20.6909,-13.916,109.6985,0.6207,-39.3915,0.7687,0.2785,-0.1899,0.5435
independent_20260430_203326,trial_001,subject_001,1777552419.4244149,1777552419.4244149,275211.0346256,15,R_Foot,357,1,0.4833,0.4498,10.8719,124.8779,1.0986,-25.3296,14.4086,-2.5763,-174.2267,0.0286,0.1241,-0.9907,0.0471
independent_20260430_203326,trial_001,subject_001,1777552419.4244149,1777552419.4244149,275211.0347636,9,Trunk,686,1,0.6221,9.4842,-1.8327,-12.8784,-10.1318,-13.2446,92.2522,0.0494,-154.2041,0.1606,0.7027,-0.6755,0.155
independent_20260430_203326,trial_001,subject_001,1777552419.4259222,1777552419.4259222,275211.0349128,10,L_Femur,663,1,0.9666,9.7474,-1.1771,50.354,45.2271,-20.0195,90.4889,4.8175,-20.2588,0.6932,0.1539,-0.0943,0.6977
independent_20260430_203326,trial_001,subject_001,1777552419.4259222,1777552419.4259222,275211.0350579,11,L_Tibia,693,1,-0.335,9.9723,-2.0146,18.6157,-41.5039,-12.2681,96.4819,6.9763,-63.7372,0.6109,0.4275,-0.3124,0.5885
independent_20260430_203326,trial_001,subject_001,1777552419.4259222,1777552419.4259222,275211.0351981,12,L_Foot,717,1,-0.7896,0.0813,10.2881,1.709,3.1128,0.4883,-1.8127,3.4497,-124.4366,-0.034,0.0,-0.8844,0.4654
independent_20260430_203326,trial_001,subject_001,1777552419.4259222,1777552419.4259222,275211.0353287,13,R_Femur,718,1,-2.3974,10.3742,-0.6843,-102.7222,-28.9917,-20.0806,108.1714,1.0107,-39.6826,0.76,0.2797,-0.1924,0.5542
independent_20260430_203326,trial_001,subject_001,1777552419.4259222,1777552419.4259222,275211.0354845,14,R_Tibia,361,1,-1.6413,10.0488,-4.3019,111.6943,-85.3271,-2.5635,132.2205,5.7239,-177.8247,-0.0029,0.9134,-0.4035,0.0533
independent_20260430_203326,trial_001,subject_001,1777552419.4259222,1777552419.4259222,275211.0356349,10,L_Femur,664,1,-1.0958,9.6182,-0.8853,50.7202,63.4155,-21.7896,91.604,5.224,-19.0283,0.7011,0.1497,-0.0829,0.6922
independent_20260430_203326,trial_001,subject_001,1777552419.4259222,1777552419.4259222,275211.0357367,11,L_Tibia,694,1,2.5266,9.7569,-1.67,17.9443,34.5459,-18.1274,96.8829,7.2784,-63.468,0.613,0.4286,-0.3078,0.5881
independent_20260430_203326,trial_001,subject_001,1777552419.426934,1777552419.426934,275211.0358489,12,L_Foot,718,1,-0.7034,-0.067,9.9866,0.9155,1.8921,0.7324,-1.7743,3.4937,-124.4312,-0.0342,0.0005,-0.8844,0.4655
independent_20260430_203326,trial_001,subject_001,1777552419.493767,1777552419.493767,275211.1027249,13,R_Femur,719,1,-0.78,10.8623,-0.9905,-112.854,-35.5835,-21.0571,105.9521,1.6095,-40.199,0.7468,0.2823,-0.1964,0.5693
independent_20260430_203326,trial_001,subject_001,1777552419.493767,1777552419.493767,275211.1028721,15,R_Foot,358,1,0.2153,1.8279,10.6135,178.894,-10.5591,-39.4897,19.2535,-2.3895,-175.1715,0.0276,0.1662,-0.985,0.038
independent_20260430_203326,trial_001,subject_001,1777552419.493767,1777552419.493767,275211.1030162,9,Trunk,687,1,0.0287,8.6755,-1.5743,-6.8359,-8.606,-14.1602,91.8732,0.5273,-154.5062,0.1554,0.7016,-0.6776,0.1567
independent_20260430_203326,trial_001,subject_001,1777552419.493767,1777552419.493767,275211.1031598,10,L_Femur,665,1,-2.4165,9.4028,-1.5073,50.354,53.894,-17.8223,92.4445,5.4767,-18.1604,0.707,0.1465,-0.075,0.6879
independent_20260430_203326,trial_001,subject_001,1777552419.493767,1777552419.493767,275211.1033012,11,L_Tibia,695,1,1.5121,9.6134,-1.4068,17.5781,64.8804,-22.583,97.2729,7.4982,-62.5067,0.6178,0.4255,-0.3002,0.5892
independent_20260430_203326,trial_001,subject_001,1777552419.493767,1777552419.493767,275211.1034519,12,L_Foot,719,1,-0.6795,-0.0718,10.0297,0.6714,1.8311,0.8545,-1.7523,3.5211,-124.4202,-0.0343,0.0008,-0.8844,0.4655
independent_20260430_203326,trial_001,subject_001,1777552419.493767,1777552419.493767,275211.10359,13,R_Femur,720,1,0.0431,10.757,-1.5025,-117.2485,-34.6069,-17.7002,104.1833,1.9995,-40.6219,0.7361,0.2839,-0.2003,0.5809
independent_20260430_203326,trial_001,subject_001,1777552419.494768,1777552419.494768,275211.1037033,14,R_Tibia,362,1,-0.2919,9.4794,-5.3737,110.5347,-77.7588,-10.2539,135.8624,7.9266,-179.6814,-0.0234,0.9246,-0.3746,0.0651
independent_20260430_203326,trial_001,subject_001,1777552419.494768,1777552419.494768,275211.1038186,9,Trunk,688,1,-0.3015,8.6659,-1.3303,-3.0518,-8.1787,-14.9536,91.8018,0.7471,-154.6216,0.1533,0.7016,-0.6779,0.1574
independent_20260430_203326,trial_001,subject_001,1777552419.494768,1777552419.494768,275211.103937,10,L_Femur,666,1,-2.0433,9.7091,-1.7609,39.1846,28.6255,-6.8359,93.3673,5.6305,-17.4188,0.7132,0.1433,-0.0684,0.6827
independent_20260430_203326,trial_001,subject_001,1777552419.494768,1777552419.494768,275211.1040823,11,L_Tibia,696,1,-1.1006,9.6708,-1.0671,15.3809,47.9126,-21.9727,97.63,7.7289,-61.6608,0.622,0.4229,-0.2932,0.5901
independent_20260430_203326,trial_001,subject_001,1777552419.494768,1777552419.494768,275211.1042097,12,L_Foot,720,1,-0.6364,-0.134,10.0584,1.2817,2.0142,0.8545,-1.7249,3.5541,-124.4147,-0.0344,0.0011,-0.8843,0.4656
independent_20260430_203326,trial_001,subject_001,1777552419.494768,1777552419.494768,275211.1043446,13,R_Femur,721,1,0.0335,10.8001,-2.5266,-117.981,-25.5737,-13.0615,101.7993,2.395,-41.0944,0.7219,0.2847,-0.2061,0.5961
independent_20260430_203326,trial_001,subject_001,1777552419.494768,1777552419.494768,275211.1044858,9,Trunk,689,1,-0.5216,9.02,-0.9188,2.4414,-5.127,-15.7471,91.7963,1.0492,-154.7369,0.1508,0.7021,-0.6776,0.1586
independent_20260430_203326,trial_001,subject_001,1777552419.4957669,1777552419.4957669,275211.1046247,10,L_Femur,667,1,-1.9188,9.8574,-1.1006,29.6631,11.1084,-0.9155,93.8617,5.647,-17.1936,0.7164,0.1423,-0.0664,0.6798
independent_20260430_203326,trial_001,subject_001,1777552419.4957669,1777552419.4957669,275211.1047679,11,L_Tibia,697,1,-3.3544,9.6086,-0.9044,10.6812,-4.7607,-12.5122,97.9047,8.0145,-61.3916,0.6235,0.4235,-0.2891,0.5902
independent_20260430_203326,trial_001,subject_001,1777552419.4957669,1777552419.4957669,275211.1048861,12,L_Foot,721,1,-0.579,0.1627,10.0775,-0.8545,2.5024,0.0,-1.7139,3.6145,-124.4147,-0.0349,0.0015,-0.8843,0.4656
independent_20260430_203326,trial_001,subject_001,1777552419.4957669,1777552419.4957669,275211.105017,13,R_Femur,722,1,-0.3158,10.9676,-3.2396,-118.042,-18.5547,-10.9253,100.014,2.6093,-41.347,0.7114,0.2841,-0.2105,0.6073
independent_20260430_203326,trial_001,subject_001,1777552419.5027676,1777552419.5027676,275211.1125568,14,R_Tibia,363,1,0.3876,7.9912,-7.0964,90.0879,-27.2827,-2.1362,139.1473,9.267,179.3848,0.0332,-0.9339,0.3483,-0.0738
independent_20260430_203326,trial_001,subject_001,1777552419.5037656,1777552419.5037656,275211.112754,9,Trunk,690,1,-0.5168,9.5416,-0.7561,5.4932,-1.0376,-15.9302,91.8567,1.2854,-154.7589,0.1494,0.7028,-0.6769,0.1598
independent_20260430_203326,trial_001,subject_001,1777552419.5037656,1777552419.5037656,275211.1129003,10,L_Femur,668,1,-2.3782,9.6086,-0.8518,29.1748,-4.1504,1.2817,94.2902,5.6305,-17.2046,0.719,0.1425,-0.066,0.6771
independent_20260430_203326,trial_001,subject_001,1777552419.5037656,1777552419.5037656,275211.1130251,12,L_Foot,722,1,-0.5934,0.0287,9.9818,-0.3662,2.7466,0.0,-1.7084,3.6584,-124.4202,-0.0352,0.0017,-0.8843,0.4655
independent_20260430_203326,trial_001,subject_001,1777552419.5037656,1777552419.5037656,275211.1131522,13,R_Femur,723,1,-0.2919,10.8288,-3.5841,-118.5303,-9.7656,-9.3994,98.2233,2.774,-41.4844,0.7012,0.2825,-0.2147,0.6185
independent_20260430_203326,trial_001,subject_001,1777552419.5037656,1777552419.5037656,275211.1133238,15,R_Foot,359,1,0.8565,5.4312,6.9863,302.4902,-32.3486,-104.6143,38.3807,-1.1755,179.4836,-0.0082,-0.3287,0.9444,0.0076
independent_20260430_203326,trial_001,subject_001,1777552419.533082,1777552419.533082,275211.1426555,9,Trunk,691,1,-0.4929,9.8813,-0.7608,5.188,2.3804,-15.5029,91.9281,1.5106,-154.7205,0.1484,0.7034,-0.6761,0.1613
independent_20260430_203326,trial_001,subject_001,1777552419.533082,1777552419.533082,275211.1427781,10,L_Femur,669,1,-2.1342,10.068,-0.8087,23.6816,-18.1885,4.3945,94.7736,5.5811,-17.5067,0.7215,0.1444,-0.0675,0.6738
independent_20260430_203326,trial_001,subject_001,1777552419.533082,1777552419.533082,275211.1428797,11,L_Tibia,698,1,-1.1676,9.7426,-1.1293,14.4043,-38.5742,-4.1504,98.1628,8.3551,-62.4078,0.6199,0.4313,-0.2914,0.5873
independent_20260430_203326,trial_001,subject_001,1777552419.534085,1777552419.534085,275211.1429881,12,L_Foot,723,1,-0.5455,-0.0909,9.8622,2.4414,4.0894,0.1221,-1.6699,3.7189,-124.4257,-0.0355,0.0022,-0.8843,0.4655
independent_20260430_203326,trial_001,subject_001,1777552419.534085,1777552419.534085,275211.1430883,13,R_Femur,724,1,0.3015,10.4077,-3.3353,-115.2954,-0.7324,-5.6152,95.8832,2.9059,-41.5118,0.688,0.2789,-0.2197,0.6329
independent_20260430_203326,trial_001,subject_001,1777552419.534085,1777552419.534085,275211.1431833,14,R_Tibia,364,1,-1.1341,7.0198,-7.8237,61.1572,-21.3623,2.7466,141.2183,9.7559,178.9233,0.0371,-0.9396,0.3315,-0.0771
independent_20260430_203326,trial_001,subject_001,1777552419.534085,1777552419.534085,275211.1432771,9,Trunk,692,1,-0.4977,9.8144,-0.8422,4.8218,4.2725,-13.7329,92.005,1.7798,-154.6326,0.1474,0.7041,-0.6751,0.1634
independent_20260430_203326,trial_001,subject_001,1777552419.534085,1777552419.534085,275211.1434269,10,L_Femur,670,1,-1.5312,10.1063,-0.6747,25.0854,-17.8833,2.1973,95.1086,5.5591,-17.7759,0.7231,0.1462,-0.0688,0.6715
independent_20260430_203326,trial_001,subject_001,1777552419.534085,1777552419.534085,275211.1435955,11,L_Tibia,699,1,0.3254,9.9866,-0.8518,16.4185,-0.4272,-7.3242,98.4485,8.5254,-62.644,0.6199,0.434,-0.2905,0.5856
independent_20260430_203326,trial_001,subject_001,1777552419.534085,1777552419.534085,275211.1437184,12,L_Foot,724,1,-0.7513,0.0191,9.9866,3.9673,3.3569,0.6104,-1.5765,3.8013,-124.4202,-0.0357,0.0033,-0.8843,0.4655
independent_20260430_203326,trial_001,subject_001,1777552419.534085,1777552419.534085,275211.1438406,13,R_Femur,725,1,0.8039,10.1924,-2.9046,-110.2295,3.2349,-4.2114,94.2078,2.9663,-41.4514,0.6787,0.2757,-0.2231,0.6431
independent_20260430_203326,trial_001,subject_001,1777552419.535086,1777552419.535086,275211.1439996,15,R_Foot,360,1,6.7519,2.3256,26.7012,15.625,-139.7095,-86.3037,43.8849,-1.236,174.0729,0.0093,-0.3737,0.9261,0.052
independent_20260430_203326,trial_001,subject_001,1777552419.535086,1777552419.535086,275211.1441057,9,Trunk,693,1,-0.5168,9.8048,-0.9188,4.0894,4.3945,-13.7329,92.0599,1.9775,-154.5612,0.1468,0.7046,-0.6744,0.165
independent_20260430_203326,trial_001,subject_001,1777552419.535086,1777552419.535086,275211.1442354,10,L_Femur,671,1,-1.024,9.9101,-0.4689,24.4751,-4.2114,-3.3569,95.4712,5.5975,-17.8748,0.7251,0.1473,-0.0687,0.6692
independent_20260430_203326,trial_001,subject_001,1777552419.535086,1777552419.535086,275211.1443549,11,L_Tibia,700,1,-0.0335,9.6804,-0.9762,16.4185,31.4331,-10.9253,98.7616,8.6243,-62.2211,0.6227,0.433,-0.2866,0.5853
independent_20260430_203326,trial_001,subject_001,1777552419.535086,1777552419.535086,275211.1444748,12,L_Foot,725,1,-0.8613,0.2919,10.1972,1.5259,2.7466,0.6714,-1.5381,3.8507,-124.4147,-0.036,0.0038,-0.8843,0.4656
independent_20260430_203326,trial_001,subject_001,1777552419.535086,1777552419.535086,275211.1445948,13,R_Femur,726,1,0.8948,10.0823,-2.6653,-106.7505,7.5684,-6.8359,92.5983,3.0377,-41.3361,0.6697,0.2722,-0.2258,0.653
independent_20260430_203326,trial_001,subject_001,1777552419.535086,1777552419.535086,275211.1447136,14,R_Tibia,365,1,-1.3973,4.7756,-8.2927,16.2964,-27.832,16.8457,142.3114,10.1678,178.2037,0.0434,-0.9421,0.323,-0.0788
independent_20260430_203326,trial_001,subject_001,1777552419.535086,1777552419.535086,275211.1448138,9,Trunk,694,1,-0.4498,9.9723,-1.0001,2.8687,5.3711,-15.625,92.1094,2.2632,-154.4458,0.1458,0.7051,-0.6735,0.1673
independent_20260430_203326,trial_001,subject_001,1777552419.5360863,1777552419.5360863,275211.1449373,10,L_Femur,672,1,-0.9666,9.7474,-0.268,25.8789,20.2026,-8.1787,95.9875,5.7074,-17.6001,0.7283,0.1465,-0.0657,0.6662
independent_20260430_203326,trial_001,subject_001,1777552419.5360863,1777552419.5360863,275211.1450725,11,L_Tibia,701,1,-2.2825,9.6756,-1.3159,18.1885,28.3813,-7.2021,99.2285,8.7067,-61.5509,0.6274,0.4309,-0.2809,0.5847
independent_20260430_203326,trial_001,subject_001,1777552419.5360863,1777552419.5360863,275211.1452047,12,L_Foot,726,1,-0.8326,0.0048,9.9723,3.1128,1.9531,1.2207,-1.4667,3.9001,-124.4037,-0.0361,0.0046,-0.8842,0.4657
independent_20260430_203326,trial_001,subject_001,1777552419.5360863,1777552419.5360863,275211.1453527,13,R_Femur,727,1,0.1148,9.9962,-2.1725,-99.3652,19.5312,-9.5215,90.5768,3.197,-40.99,0.6585,0.2671,-0.2277,0.6657
independent_20260430_203326,trial_001,subject_001,1777552419.5360863,1777552419.5360863,275211.1454664,15,R_Foot,361,1,4.8043,-3.0721,9.8144,-134.6436,32.3486,-21.6064,40.3967,-0.412,173.0621,0.0175,-0.3448,0.9367,0.058
independent_20260430_203326,trial_001,subject_001,1777552419.5360863,1777552419.5360863,275211.1455865,9,Trunk,695,1,-0.5455,10.0488,-1.0623,1.3428,4.6387,-16.4185,92.1259,2.4939,-154.3634,0.145,0.7053,-0.6729,0.1692
independent_20260430_203326,trial_001,subject_001,1777552419.5360863,1777552419.5360863,275211.1456807,10,L_Femur,673,1,-0.7513,9.8909,-0.6173,24.1089,33.4473,-10.0708,96.4105,5.8008,-17.1112,0.7313,0.1441,-0.0617,0.6638
independent_20260430_203326,trial_001,subject_001,1777552419.5360863,1777552419.5360863,275211.145774,11,L_Tibia,702,1,-2.115,9.8191,-1.1915,17.8223,16.7847,-4.6997,99.5471,8.7396,-61.2543,0.63,0.4302,-0.278,0.5837
independent_20260430_203326,trial_001,subject_001,1777552419.5360863,1777552419.5360863,275211.1459249,12,L_Foot,727,1,-0.7178,0.0335,10.1158,2.6855,1.77,1.0986,-1.4117,3.9331,-124.3927,-0.0361,0.0051,-0.8842,0.4658
independent_20260430_203326,trial_001,subject_001,1777552419.5370853,1777552419.5370853,275211.1460486,13,R_Femur,728,1,-0.2536,9.9244,-1.9284,-90.5151,25.2075,-9.3994,89.2035,3.3344,-40.611,0.6511,0.263,-0.2278,0.6746
independent_20260430_203326,trial_001,subject_001,1777552419.5370853,1777552419.5370853,275211.1461434,14,R_Tibia,366,1,-0.3637,6.0484,-4.7708,-39.856,-18.9209,32.3486,141.4929,10.3381,176.8634,0.0554,-0.9391,0.3306,-0.076
independent_20260430_203326,trial_001,subject_001,1777552419.583461,1777552419.583461,275211.1927444,9,Trunk,696,1,-0.7561,9.9818,-1.0432,-0.3052,3.1128,-16.7847,92.1149,2.7356,-154.303,0.1439,0.7055,-0.6725,0.171
independent_20260430_203326,trial_001,subject_001,1777552419.583461,1777552419.583461,275211.1929001,10,L_Femur,674,1,-0.5407,9.7569,-0.7896,24.292,46.0815,-13.7329,96.9763,5.9546,-16.2213,0.7355,0.1396,-0.0549,0.6607
independent_20260430_203326,trial_001,subject_001,1777552419.583461,1777552419.583461,275211.1931375,11,L_Tibia,703,1,-1.2154,9.6852,-1.4116,17.8833,11.7188,-3.0518,99.8492,8.7616,-61.051,0.6322,0.4299,-0.2757,0.5826
independent_20260430_203326,trial_001,subject_001,1777552419.583461,1777552419.583461,275211.1932412,12,L_Foot,728,1,-0.646,0.0287,10.0871,2.5635,1.5869,0.9766,-1.3513,3.9551,-124.3817,-0.036,0.0057,-0.8841,0.4659
independent_20260430_203326,trial_001,subject_001,1777552419.5844607,1777552419.5844607,275211.1933394,13,R_Femur,729,1,-0.1053,9.6564,-1.6748,-79.5288,30.6396,-5.6152,87.5775,3.4882,-40.0122,0.6424,0.2573,-0.2271,0.6852
independent_20260430_203326,trial_001,subject_001,1777552419.5844607,1777552419.5844607,275211.1934569,15,R_Foot,362,1,-1.7705,-0.6364,5.0101,-121.9482,32.6538,-14.8315,35.9967,0.9668,174.0729,0.024,-0.3082,0.9499,0.0466
independent_20260430_203326,trial_001,subject_001,1777552419.5844607,1777552419.5844607,275211.1935614,10,L_Femur,675,1,-0.6604,9.5655,-1.0479,21.3623,51.8188,-14.0991,97.3828,6.0645,-15.4303,0.7386,0.1353,-0.0491,0.6586
independent_20260430_203326,trial_001,subject_001,1777552419.5844607,1777552419.5844607,275211.1936577,11,L_Tibia,704,1,-0.6316,9.4746,-1.5025,19.043,15.5029,-3.0518,100.2722,8.7836,-60.7709,0.6354,0.4294,-0.2726,0.581
independent_20260430_203326,trial_001,subject_001,1777552419.5844607,1777552419.5844607,275211.1937505,12,L_Foot,729,1,-0.7752,-0.0048,9.9627,2.3193,1.4648,0.9766,-1.2909,3.999,-124.3652,-0.0361,0.0063,-0.884,0.466
independent_20260430_203326,trial_001,subject_001,1777552419.5844607,1777552419.5844607,275211.1938451,13,R_Femur,730,1,0.0048,9.1349,-1.56,-71.8994,31.25,-0.8545,86.5009,3.5266,-39.5343,0.6369,0.2527,-0.2264,0.6923
independent_20260430_203326,trial_001,subject_001,1777552419.5844607,1777552419.5844607,275211.1939368,14,R_Tibia,367,1,-1.8758,5.0962,-5.9575,-91.7358,-13.1836,35.9497,138.6584,10.069,175.5505,0.0671,-0.9301,0.3546,-0.0684
independent_20260430_203326,trial_001,subject_001,1777552419.6332607,1777552419.6332607,275211.2426253,9,Trunk,697,1,-0.8613,9.1109,-0.7704,-3.9062,3.3569,-15.9302,91.9775,3.2904,-154.1766,0.1412,0.7052,-0.6723,0.1753
independent_20260430_203326,trial_001,subject_001,1777552419.6332607,1777552419.6332607,275211.2428144,10,L_Femur,676,1,-1.1149,9.2114,-1.5217,23.9258,51.1475,-13.0615,97.8168,6.1578,-14.6283,0.742,0.1308,-0.0434,0.6561
independent_20260430_203326,trial_001,subject_001,1777552419.6332607,1777552419.6332607,275211.2429662,11,L_Tibia,705,1,-0.4881,9.422,-1.3973,18.6768,19.5923,-4.2725,100.6073,8.7946,-60.4688,0.6382,0.4286,-0.2697,0.5799
independent_20260430_203326,trial_001,subject_001,1777552419.6332607,1777552419.6332607,275211.2431049,12,L_Foot,730,1,-0.8278,0.0096,9.9866,1.709,0.9155,1.0376,-1.2524,4.0155,-124.3542,-0.0361,0.0067,-0.884,0.4661
independent_20260430_203326,trial_001,subject_001,1777552419.6342645,1777552419.6342645,275211.2432349,13,R_Femur,731,1,-0.1483,8.6276,-1.5456,-64.6973,31.1279,0.6714,85.5341,3.5486,-39.0564,0.6321,0.2483,-0.2255,0.6986
independent_20260430_203326,trial_001,subject_001,1777552419.6342645,1777552419.6342645,275211.2433626,15,R_Foot,363,1,2.0624,0.2393,9.4698,-172.1191,-9.7656,-10.9253,30.575,1.1096,173.4631,0.0244,-0.2627,0.9631,0.0524
independent_20260430_203326,trial_001,subject_001,1777552419.6342645,1777552419.6342645,275211.2434849,9,Trunk,698,1,-0.847,8.8669,-0.5742,-2.0752,3.2959,-15.4419,91.9281,3.5101,-154.1162,0.1402,0.7051,-0.6722,0.1771
independent_20260430_203326,trial_001,subject_001,1777552419.6342645,1777552419.6342645,275211.2436051,10,L_Femur,677,1,-1.8566,9.556,-1.5743,15.0757,40.0391,-8.3618,98.2782,6.2238,-13.7274,0.7455,0.1255,-0.0373,0.6535
independent_20260430_203326,trial_001,subject_001,1777552419.6342645,1777552419.6342645,275211.2437703,11,L_Tibia,706,1,-1.2633,9.4842,-1.3494,18.2495,16.7236,-2.8076,101.0358,8.8,-60.0897,0.6417,0.4275,-0.2662,0.5784
independent_20260430_203326,trial_001,subject_001,1777552419.6342645,1777552419.6342645,275211.243909,12,L_Foot,731,1,-0.6986,-0.0479,9.9723,1.4038,1.6479,0.8545,-1.2195,4.043,-124.3488,-0.0362,0.0071,-0.8839,0.4661
independent_20260430_203326,trial_001,subject_001,1777552419.6342645,1777552419.6342645,275211.2440294,13,R_Femur,732,1,-0.7991,8.5176,-1.4116,-56.7627,29.7852,-2.4414,84.3915,3.62,-38.4357,0.6262,0.2431,-0.2237,0.7062
independent_20260430_203326,trial_001,subject_001,1777552419.6342645,1777552419.6342645,275211.2441631,14,R_Tibia,368,1,-1.1102,5.8283,-5.7948,-128.9673,17.334,43.2129,134.9945,9.1296,174.7375,0.0727,-0.9186,0.3845,-0.0559
independent_20260430_203326,trial_001,subject_001,1777552419.6342645,1777552419.6342645,275211.2442796,9,Trunk,699,1,-0.8183,9.0296,-0.311,1.77,4.6997,-13.6108,91.9281,3.7848,-154.0228,0.1391,0.7053,-0.6716,0.1793
independent_20260430_203326,trial_001,subject_001,1777552419.6342645,1777552419.6342645,275211.2443976,10,L_Femur,678,1,-2.3208,9.5607,-1.7131,14.8926,27.4048,-7.1411,98.5474,6.2622,-13.2605,0.7475,0.1228,-0.0341,0.6519
independent_20260430_203326,trial_001,subject_001,1777552419.6342645,1777552419.6342645,275211.2444978,11,L_Tibia,707,1,-1.7227,9.599,-1.56,17.5171,5.3101,-1.0376,101.3214,8.8055,-59.9689,0.6436,0.4275,-0.2644,0.5771
independent_20260430_203326,trial_001,subject_001,1777552419.6342645,1777552419.6342645,275211.2445928,12,L_Foot,732,1,-0.7608,-0.0718,10.0058,1.5259,0.9766,1.0986,-1.17,4.0759,-124.3323,-0.0362,0.0076,-0.8839,0.4663
independent_20260430_203326,trial_001,subject_001,1777552419.6357708,1777552419.6357708,275211.2447015,13,R_Femur,733,1,-1.1819,8.4984,-1.0814,-51.0864,26.3062,-3.2959,83.6224,3.7024,-38.0237,0.6221,0.2398,-0.2223,0.7113
independent_20260430_203326,trial_001,subject_001,1777552419.66342,1777552419.66342,275211.2724647,15,R_Foot,364,1,0.7369,1.871,7.1873,-168.5791,-23.4985,21.1182,24.4775,0.5768,173.6334,0.0167,-0.2114,0.9758,0.0532
independent_20260430_203326,trial_001,subject_001,1777552419.66342,1777552419.66342,275211.2725863,9,Trunk,700,1,-0.9427,9.1636,-0.2488,4.2725,4.7607,-11.7798,91.9775,3.9551,-153.9459,0.1387,0.7057,-0.6709,0.1807
independent_20260430_203326,trial_001,subject_001,1777552419.66342,1777552419.66342,275211.2726855,10,L_Femur,679,1,-2.1055,9.4555,-1.8423,12.0239,14.4043,-4.6997,98.7671,6.3007,-12.9858,0.749,0.1213,-0.0321,0.6506
independent_20260430_203326,trial_001,subject_001,1777552419.66342,1777552419.66342,275211.2727813,11,L_Tibia,708,1,-1.0145,9.4124,-1.7609,17.7002,2.6855,-0.9155,101.6016,8.8165,-59.9249,0.6451,0.428,-0.2631,0.5757
independent_20260430_203326,trial_001,subject_001,1777552419.66342,1777552419.66342,275211.2728736,12,L_Foot,733,1,-0.7465,0.0287,9.9866,1.4648,0.8545,1.0986,-1.1426,4.0924,-124.3597,-0.0362,0.0078,-0.884,0.4661
independent_20260430_203326,trial_001,subject_001,1777552419.66342,1777552419.66342,275211.2729671,13,R_Femur,734,1,-1.1724,8.2735,-0.5599,-41.5039,15.686,-0.9766,82.7545,3.7738,-37.6337,0.6174,0.2365,-0.2213,0.7169
independent_20260430_203326,trial_001,subject_001,1777552419.66342,1777552419.66342,275211.2730629,14,R_Tibia,369,1,-3.1295,6.6466,-6.326,-161.8652,23.8037,37.1704,129.6881,7.4268,174.5728,0.0703,-0.9009,0.4265,-0.0385
independent_20260430_203326,trial_001,subject_001,1777552419.66342,1777552419.66342,275211.2731575,9,Trunk,701,1,-1.1197,9.2449,-0.1675,6.2866,4.5776,-10.8032,92.0874,4.1638,-153.847,0.1382,0.7064,-0.6697,0.1824
independent_20260430_203326,trial_001,subject_001,1777552419.66342,1777552419.66342,275211.2732505,10,L_Femur,680,1,-1.627,9.2545,-1.6748,11.4136,2.8076,-1.5259,99.0143,6.3226,-12.8595,0.7505,0.1206,-0.0309,0.649
independent_20260430_203326,trial_001,subject_001,1777552419.6644182,1777552419.6644182,275211.2733425,11,L_Tibia,709,1,-0.4307,9.2593,-1.7322,19.7144,10.0708,-1.1597,102.0135,8.811,-59.7546,0.6479,0.4279,-0.2608,0.5737
independent_20260430_203326,trial_001,subject_001,1777552419.6644182,1777552419.6644182,275211.2734346,12,L_Foot,734,1,-0.7896,0.201,10.0201,0.4883,0.7324,0.9155,-0.6921,4.1638,-124.3048,-0.0349,0.0116,-0.8837,0.4666
independent_20260430_203326,trial_001,subject_001,1777552419.6644182,1777552419.6644182,275211.2735496,13,R_Femur,735,1,-0.7752,8.264,-0.2536,-34.1797,8.667,-0.3662,82.2272,3.7903,-37.4744,0.6144,0.2347,-0.2213,0.7201
independent_20260430_203326,trial_001,subject_001,1777552419.6824183,1777552419.6824183,275211.2921853,15,R_Foot,365,1,0.134,2.1438,9.6804,-158.0811,-47.1191,29.1748,19.6655,-0.9503,173.8916,0.0009,-0.171,0.9838,0.0539
independent_20260430_203326,trial_001,subject_001,1777552419.6834204,1777552419.6834204,275211.2923291,9,Trunk,702,1,-1.0671,9.2832,-0.1627,7.3242,4.2725,-9.8877,92.1808,4.3011,-153.7756,0.138,0.7071,-0.6688,0.1836
independent_20260430_203326,trial_001,subject_001,1777552419.6834204,1777552419.6834204,275211.2924548,10,L_Femur,681,1,-1.6222,9.3598,-1.536,12.2681,-4.9438,0.1831,99.1846,6.3281,-12.9034,0.7515,0.121,-0.031,0.6479
independent_20260430_203326,trial_001,subject_001,1777552419.6834204,1777552419.6834204,275211.2925745,11,L_Tibia,710,1,-0.957,9.4124,-1.7657,19.4092,8.5449,-1.2207,102.3322,8.8055,-59.6063,0.65,0.4278,-0.2589,0.5722
independent_20260430_203326,trial_001,subject_001,1777552419.6834204,1777552419.6834204,275211.2926941,12,L_Foot,735,1,-0.7943,0.1627,10.0488,-0.2441,0.1221,0.9766,-0.6812,4.1693,-124.2993,-0.0349,0.0117,-0.8837,0.4667
independent_20260430_203326,trial_001,subject_001,1777552419.6834204,1777552419.6834204,275211.2928114,13,R_Femur,736,1,-0.4642,8.4362,-0.0479,-28.0151,7.7515,-1.77,81.7932,3.8232,-37.3535,0.6118,0.2334,-0.2212,0.7227
independent_20260430_203326,trial_001,subject_001,1777552419.7034378,1777552419.7034378,275211.3128313,14,R_Tibia,370,1,-1.9476,7.7854,-6.6801,-186.5845,-8.9111,45.8984,123.3325,6.2677,173.6389,0.0747,-0.8761,0.4758,-0.0218
independent_20260430_203326,trial_001,subject_001,1777552419.7034378,1777552419.7034378,275211.3130083,9,Trunk,703,1,-1.0479,9.3693,-0.2632,9.6436,2.1362,-8.667,92.3126,4.4275,-153.7317,0.1377,0.7079,-0.6677,0.1844
independent_20260430_203326,trial_001,subject_001,1777552419.7034378,1777552419.7034378,275211.3131774,10,L_Femur,682,1,-1.4738,9.4603,-1.4547,13.9771,-10.2539,1.2207,99.4318,6.3391,-13.0847,0.7526,0.1223,-0.0317,0.6462
independent_20260430_203326,trial_001,subject_001,1777552419.70444,1777552419.70444,275211.3133807,11,L_Tibia,711,1,-1.1915,9.5416,-1.9141,19.2261,6.6528,-0.5493,102.6453,8.8,-59.502,0.652,0.4279,-0.2572,0.5707
independent_20260430_203326,trial_001,subject_001,1777552419.70444,1777552419.70444,275211.3135443,12,L_Foot,736,1,-0.78,0.0574,9.9531,0.7935,0.1831,1.1597,-0.6702,4.1693,-124.3323,-0.0349,0.0118,-0.8838,0.4664
independent_20260430_203326,trial_001,subject_001,1777552419.70444,1777552419.70444,275211.3136966,13,R_Femur,737,1,-0.6508,8.6085,0.0766,-21.5454,13.1226,-1.9531,81.3318,3.8892,-37.1118,0.6092,0.2317,-0.2203,0.7257
independent_20260430_203326,trial_001,subject_001,1777552419.70444,1777552419.70444,275211.3139029,15,R_Foot,366,1,0.378,3.7659,11.3695,-151.5503,-55.1758,26.2451,14.1998,-2.851,174.3146,-0.0185,-0.1246,0.9907,0.0523
independent_20260430_203326,trial_001,subject_001,1777552419.70444,1777552419.70444,275211.3140471,9,Trunk,704,1,-1.2011,9.6899,-0.311,7.8735,-2.1973,-7.019,92.4664,4.5703,-153.7427,0.137,0.709,-0.6666,0.185
independent_20260430_203326,trial_001,subject_001,1777552419.70444,1777552419.70444,275211.3141809,10,L_Femur,683,1,-1.2824,9.4794,-1.5791,16.6626,-9.2773,1.0986,99.6515,6.3391,-13.222,0.7537,0.1233,-0.0322,0.6447
independent_20260430_203326,trial_001,subject_001,1777552419.70444,1777552419.70444,275211.3143267,11,L_Tibia,712,1,-1.0958,9.6564,-2.0528,18.3716,-0.1831,0.4272,103.0298,8.7946,-59.458,0.6541,0.4285,-0.2556,0.5686
independent_20260430_203326,trial_001,subject_001,1777552419.70444,1777552419.70444,275211.3144612,12,L_Foot,737,1,-0.7321,0.0287,9.9483,2.2583,0.1221,1.1597,-0.6592,4.1748,-124.3652,-0.0349,0.0119,-0.8839,0.4662
independent_20260430_203326,trial_001,subject_001,1777552419.70444,1777552419.70444,275211.3145727,13,R_Femur,738,1,-1.0862,8.6324,0.1723,-19.2261,13.855,-1.0376,81.0461,3.9331,-36.8976,0.6077,0.2302,-0.2193,0.7277
independent_20260430_203326,trial_001,subject_001,1777552419.70444,1777552419.70444,275211.3146773,14,R_Tibia,371,1,-0.9044,8.3788,-5.9575,-188.5376,25.6348,43.0908,116.6364,4.7241,173.2544,0.0716,-0.8475,0.5259,-0.0041
independent_20260430_203326,trial_001,subject_001,1777552419.70444,1777552419.70444,275211.3147789,10,L_Femur,684,1,-0.8565,9.4268,-1.9284,20.752,-5.9204,1.5869,99.9371,6.3336,-13.3154,0.7552,0.1239,-0.0324,0.6428
independent_20260430_203326,trial_001,subject_001,1777552419.7059503,1777552419.7059503,275211.3149086,11,L_Tibia,713,1,-0.9618,9.7521,-2.3352,15.625,-4.1504,0.0,103.2715,8.811,-59.502,0.6551,0.4293,-0.2548,0.5671
independent_20260430_203326,trial_001,subject_001,1777552419.7059503,1777552419.7059503,275211.3151009,12,L_Foot,738,1,-0.7752,0.2153,10.0967,1.6479,0.1831,0.9155,-0.6537,4.1803,-124.3982,-0.0349,0.012,-0.8841,0.4659
independent_20260430_203326,trial_001,subject_001,1777552419.7059503,1777552419.7059503,275211.3152888,13,R_Femur,739,1,-1.3733,8.6898,0.4737,-20.0195,12.085,-0.7935,80.7605,3.9661,-36.6998,0.6062,0.2289,-0.2184,0.7297
independent_20260430_203326,trial_001,subject_001,1777552419.7233996,1777552419.7233996,275211.3327022,15,R_Foot,367,1,2.0959,4.6703,13.9248,-159.8511,-54.8096,40.9546,8.6737,-5.0757,175.0891,-0.0409,-0.0774,0.9951,0.046
independent_20260430_203326,trial_001,subject_001,1777552419.7233996,1777552419.7233996,275211.3328379,9,Trunk,705,1,-1.2394,9.7569,-0.2153,2.8076,-4.2114,-3.2959,92.5598,4.6967,-153.869,0.1357,0.7098,-0.666,0.185
independent_20260430_203326,trial_001,subject_001,1777552419.7233996,1777552419.7233996,275211.332943,10,L_Femur,685,1,-0.5838,9.3837,-1.9571,23.0103,-1.4648,1.4648,100.3711,6.3116,-13.3704,0.7576,0.1243,-0.0324,0.6399
independent_20260430_203326,trial_001,subject_001,1777552419.7233996,1777552419.7233996,275211.3330814,11,L_Tibia,714,1,-0.7752,9.4842,-2.6079,15.0146,-5.7983,0.2441,103.5681,8.8385,-59.6063,0.656,0.4307,-0.254,0.5653
independent_20260430_203326,trial_001,subject_001,1777552419.7233996,1777552419.7233996,275211.3331839,12,L_Foot,739,1,-0.8278,0.2058,10.0536,1.1597,-0.2441,0.6714,-0.6427,4.1803,-124.4257,-0.0349,0.012,-0.8842,0.4657
independent_20260430_203326,trial_001,subject_001,1777552419.7233996,1777552419.7233996,275211.3332801,13,R_Femur,740,1,-1.3111,8.843,1.0192,-21.4233,11.4746,-2.6855,80.3485,4.0375,-36.4581,0.6039,0.2272,-0.2173,0.7324
independent_20260430_203326,trial_001,subject_001,1777552419.7245233,1777552419.7245233,275211.3334105,14,R_Tibia,372,1,-1.3446,9.1444,-5.8092,-179.5044,22.7051,38.3301,111.1761,3.3289,173.4851,0.0632,-0.8224,0.5653,0.0082
independent_20260430_203326,trial_001,subject_001,1777552419.784262,1777552419.784262,275211.3931256,9,Trunk,706,1,-0.9762,9.666,-0.2297,0.4272,-2.5635,-1.6479,92.5323,4.6417,-153.9075,0.1357,0.7097,-0.6663,0.1844
independent_20260430_203326,trial_001,subject_001,1777552419.784262,1777552419.784262,275211.39343,10,L_Femur,686,1,-0.646,9.1157,-2.1533,29.9072,2.3804,1.3428,100.8051,6.2842,-13.3429,0.7601,0.1241,-0.032,0.637
independent_20260430_203326,trial_001,subject_001,1777552419.784262,1777552419.784262,275211.3936515,11,L_Tibia,715,1,-0.4689,9.4172,-2.6749,12.5122,-5.6763,-0.9766,103.7549,8.877,-59.6832,0.6566,0.4317,-0.2535,0.5642
independent_20260430_203326,trial_001,subject_001,1777552419.784262,1777552419.784262,275211.3938055,12,L_Foot,740,1,-0.7561,0.1723,10.0201,0.7324,-0.5493,0.7935,-0.6317,4.1858,-124.4586,-0.0349,0.0121,-0.8843,0.4654
independent_20260430_203326,trial_001,subject_001,1777552419.784262,1777552419.784262,275211.3939597,13,R_Femur,741,1,-1.2202,9.0248,1.4595,-19.7754,7.3853,-4.2725,80.0464,4.1144,-36.3263,0.6021,0.2265,-0.2166,0.7344
independent_20260430_203326,trial_001,subject_001,1777552419.784262,1777552419.784262,275211.394147,15,R_Foot,368,1,0.9235,4.2779,13.3649,-159.5459,-50.9033,48.0347,2.9169,-6.9983,176.5668,-0.0602,-0.0272,0.9973,0.0314
independent_20260430_203326,trial_001,subject_001,1777552419.784262,1777552419.784262,275211.3943278,9,Trunk,707,1,-0.8183,9.6469,-0.1483,0.9155,-2.1362,-1.8921,92.5049,4.6033,-153.924,0.1358,0.7095,-0.6666,0.1841
independent_20260430_203326,trial_001,subject_001,1777552419.784262,1777552419.784262,275211.3945188,10,L_Femur,687,1,-0.335,9.1349,-2.1677,31.8604,7.3242,3.418,101.2885,6.2183,-13.255,0.763,0.1233,-0.0314,0.6338
independent_20260430_203326,trial_001,subject_001,1777552419.785768,1777552419.785768,275211.3948162,11,L_Tibia,716,1,-0.3685,9.4315,-2.5122,11.9019,0.9766,-1.4038,103.9417,8.9044,-59.6832,0.6574,0.4323,-0.2526,0.5632
independent_20260430_203326,trial_001,subject_001,1777552419.883358,1777552419.883358,275211.4925501,12,L_Foot,741,1,-0.6747,0.1675,10.135,-0.7324,-0.3662,0.3662,-0.6207,4.1858,-124.4531,-0.0348,0.0122,-0.8843,0.4655
independent_20260430_203326,trial_001,subject_001,1777552419.883358,1777552419.883358,275211.4927058,13,R_Femur,742,1,-1.0192,9.1349,1.9715,-14.7095,0.9766,-5.7983,79.7113,4.2188,-36.2823,0.5998,0.2263,-0.2164,0.7364
independent_20260430_203326,trial_001,subject_001,1777552419.883358,1777552419.883358,275211.492833,14,R_Tibia,373,1,-1.359,9.4794,-5.0579,-174.3774,18.0664,35.4004,105.0128,1.9116,173.8037,0.053,-0.7916,0.6084,0.0197
independent_20260430_203326,trial_001,subject_001,1777552419.883358,1777552419.883358,275211.4929658,9,Trunk,708,1,-0.6795,9.6804,-0.0431,1.8311,-0.6714,-1.5869,92.5049,4.5813,-153.9349,0.1358,0.7095,-0.6666,0.1839
independent_20260430_203326,trial_001,subject_001,1777552419.883358,1777552419.883358,275211.4930944,10,L_Femur,688,1,-0.4546,9.3837,-1.9858,34.5459,16.4795,3.7231,101.9916,6.0809,-12.9803,0.7673,0.1209,-0.0301,0.6291
independent_20260430_203326,trial_001,subject_001,1777552419.8843575,1777552419.8843575,275211.4932226,11,L_Tibia,717,1,-0.8565,9.5847,-2.3352,10.1929,1.6479,-1.5259,104.1669,8.9264,-59.6228,0.6587,0.4325,-0.2513,0.5621
independent_20260430_203326,trial_001,subject_001,1777552419.8843575,1777552419.8843575,275211.4933397,12,L_Foot,742,1,-0.7513,0.0622,10.0919,-1.709,-0.4883,0.2441,-0.6097,4.1913,-124.4861,-0.0348,0.0123,-0.8844,0.4652
independent_20260430_203326,trial_001,subject_001,1777552419.8843575,1777552419.8843575,275211.4934613,13,R_Femur,743,1,-0.9283,8.9387,2.0002,-8.4229,-1.0986,-5.6763,79.563,4.2957,-36.2988,0.5986,0.2265,-0.2164,0.7372
independent_20260430_203326,trial_001,subject_001,1777552419.8843575,1777552419.8843575,275211.4935711,15,R_Foot,369,1,0.78,3.6702,12.4175,-155.0903,-50.2319,40.8936,-2.005,-8.5364,177.8851,-0.0747,0.0161,0.9969,0.0171
independent_20260430_203326,trial_001,subject_001,1777552419.8843575,1777552419.8843575,275211.4936704,9,Trunk,709,1,-0.6125,9.5799,0.0,1.8311,0.8545,-0.3662,92.5159,4.5813,-153.924,0.1359,0.7095,-0.6665,0.184
independent_20260430_203326,trial_001,subject_001,1777552419.8843575,1777552419.8843575,275211.4937655,10,L_Femur,689,1,-0.9379,9.6086,-1.9284,34.1797,17.4561,3.1128,102.5299,5.9766,-12.7222,0.7706,0.1187,-0.0288,0.6255
independent_20260430_203326,trial_001,subject_001,1777552419.8843575,1777552419.8843575,275211.4938595,11,L_Tibia,718,1,-1.0384,9.6086,-1.9811,9.5215,-2.4414,-1.1597,104.3097,8.9594,-59.6338,0.6592,0.433,-0.2506,0.5614
independent_20260430_203326,trial_001,subject_001,1777552419.8843575,1777552419.8843575,275211.4939536,12,L_Foot,743,1,-0.7561,-0.0144,9.9436,-0.9155,-0.3662,0.3052,-0.5988,4.1968,-124.519,-0.0348,0.0124,-0.8845,0.465
independent_20260430_203326,trial_001,subject_001,1777552419.8843575,1777552419.8843575,275211.4940604,13,R_Femur,744,1,-0.847,8.8095,1.9284,-2.8687,-1.4038,-4.5166,78.9423,4.3671,-36.6943,0.5937,0.2279,-0.2198,0.7398
independent_20260430_203326,trial_001,subject_001,1777552419.8843575,1777552419.8843575,275211.4941548,14,R_Tibia,374,1,-1.1341,9.5464,-3.8377,-162.1704,0.6714,36.8042,99.1571,0.6262,173.7433,0.0451,-0.76,0.6477,0.0312
independent_20260430_203326,trial_001,subject_001,1777552419.8843575,1777552419.8843575,275211.4942486,9,Trunk,710,1,-0.5312,9.4555,-0.0096,2.5024,2.7466,-0.061,92.5269,4.5374,-153.88,0.1365,0.7095,-0.6665,0.184
independent_20260430_203326,trial_001,subject_001,1777552419.8843575,1777552419.8843575,275211.4943415,10,L_Femur,690,1,-1.3063,9.5512,-1.7466,31.0059,11.9629,3.1128,103.2001,5.8502,-12.464,0.7746,0.1165,-0.0276,0.621
independent_20260430_203326,trial_001,subject_001,1777552419.9434364,1777552419.9434364,275211.5526141,11,L_Tibia,719,1,-0.8565,9.3693,-1.8854,10.437,-2.4414,-0.8545,104.4525,8.9978,-59.6613,0.6597,0.4337,-0.25,0.5606
independent_20260430_203326,trial_001,subject_001,1777552419.9434364,1777552419.9434364,275211.552759,12,L_Foot,744,1,-0.7848,0.067,9.9962,-1.2207,-0.3662,0.1221,-0.5988,4.1968,-124.5465,-0.0348,0.0124,-0.8847,0.4648
independent_20260430_203326,trial_001,subject_001,1777552419.9434364,1777552419.9434364,275211.5528865,13,R_Femur,745,1,-0.8087,8.9004,1.8901,-1.2207,-0.7324,-4.1504,78.75,4.4385,-36.8207,0.592,0.2286,-0.2206,0.7407
independent_20260430_203326,trial_001,subject_001,1777552419.9434364,1777552419.9434364,275211.5530126,15,R_Foot,370,1,1.6652,3.2156,11.4078,-137.4512,-57.1899,41.0156,-7.3389,-10.3271,179.4397,-0.0901,0.0633,0.9939,-0.0009
independent_20260430_203326,trial_001,subject_001,1777552419.9434364,1777552419.9434364,275211.5531361,9,Trunk,711,1,-0.512,9.4268,-0.0239,3.2349,5.8594,0.7935,92.5818,4.5154,-153.7756,0.1373,0.7096,-0.666,0.1844
independent_20260430_203326,trial_001,subject_001,1777552419.9434364,1777552419.9434364,275211.5532579,10,L_Femur,691,1,-1.5839,9.4985,-1.603,28.4424,10.7422,2.6245,103.645,5.7678,-12.3047,0.7772,0.1151,-0.0268,0.618
independent_20260430_203326,trial_001,subject_001,1777552419.944444,1777552419.944444,275211.5533814,11,L_Tibia,720,1,-1.2729,9.3454,-1.8423,12.5122,-4.8828,-0.1221,104.6887,9.0363,-59.7217,0.6605,0.4347,-0.2491,0.5592
independent_20260430_203326,trial_001,subject_001,1777552419.944444,1777552419.944444,275211.5535028,12,L_Foot,745,1,-0.78,0.2058,10.0871,-1.9531,-0.7935,0.1221,-0.5878,4.2023,-124.5795,-0.0348,0.0125,-0.8848,0.4645
independent_20260430_203326,trial_001,subject_001,1777552419.944444,1777552419.944444,275211.5536241,13,R_Femur,746,1,-0.8518,9.0248,2.1342,-1.0986,-4.5166,-5.0659,78.717,4.4934,-36.8756,0.5916,0.2292,-0.2208,0.7408
independent_20260430_203326,trial_001,subject_001,1777552419.944444,1777552419.944444,275211.5537434,14,R_Tibia,375,1,-0.0287,9.6756,-2.139,-141.9678,8.7891,31.189,93.8947,-0.5438,173.7762,0.0364,-0.7298,0.6815,0.0405
independent_20260430_203326,trial_001,subject_001,1777552419.944444,1777552419.944444,275211.5538823,9,Trunk,712,1,-0.7034,9.4459,-0.0191,3.54,6.8359,1.5869,92.6257,4.4824,-153.6768,0.1382,0.7097,-0.6656,0.1847
independent_20260430_203326,trial_001,subject_001,1777552419.944444,1777552419.944444,275211.5540303,10,L_Femur,692,1,-1.6557,9.398,-1.6748,27.6489,8.4839,1.5259,104.0735,5.7074,-12.1729,0.7797,0.1139,-0.0261,0.6151
independent_20260430_203326,trial_001,subject_001,1777552419.944444,1777552419.944444,275211.5541435,11,L_Tibia,721,1,-1.426,9.2784,-1.6557,15.3809,-5.4932,0.7935,104.8975,9.0637,-59.7986,0.6611,0.4357,-0.2486,0.5579
independent_20260430_203326,trial_001,subject_001,1777552419.944444,1777552419.944444,275211.5542368,12,L_Foot,746,1,-0.7513,0.2967,10.1158,-3.418,-1.0986,0.061,-0.5988,4.1968,-124.5795,-0.0348,0.0124,-0.8848,0.4645
independent_20260430_203326,trial_001,subject_001,1777552419.9454465,1777552419.9454465,275211.554349,13,R_Femur,747,1,-0.8183,9.3119,2.651,-3.0518,-5.249,-5.0659,78.6676,4.5483,-36.958,0.591,0.2299,-0.2211,0.741
independent_20260430_203326,trial_001,subject_001,1777552419.9454465,1777552419.9454465,275211.5544489,9,Trunk,713,1,-0.9235,9.4459,-0.0239,3.9673,6.5918,1.5259,92.6971,4.433,-153.5449,0.1395,0.7099,-0.6651,0.1851
independent_20260430_203326,trial_001,subject_001,1777552419.9454465,1777552419.9454465,275211.554544,10,L_Femur,693,1,-1.8136,9.5225,-1.3686,21.6064,-0.8545,2.2583,104.5459,5.658,-12.1344,0.7824,0.1135,-0.0258,0.6119
independent_20260430_203326,trial_001,subject_001,1777552419.9454465,1777552419.9454465,275211.5546359,11,L_Tibia,722,1,-1.1867,9.2401,-1.2346,19.8975,-1.8921,1.6479,105.26,9.0692,-59.8645,0.6626,0.4369,-0.2475,0.5557
independent_20260430_203326,trial_001,subject_001,1777552419.9454465,1777552419.9454465,275211.5547277,12,L_Foot,747,1,-0.7656,0.1531,9.9723,-3.7842,-1.0986,0.1221,-0.6427,4.1858,-124.5795,-0.0349,0.012,-0.8848,0.4645
independent_20260430_203326,trial_001,subject_001,1777552419.9454465,1777552419.9454465,275211.5548195,13,R_Femur,748,1,-0.713,9.2354,3.3735,-7.5073,3.3569,-2.1362,78.5303,4.6033,-36.9415,0.59,0.2298,-0.221,0.7418
independent_20260430_203326,trial_001,subject_001,1777552419.9454465,1777552419.9454465,275211.5549089,14,R_Tibia,376,1,0.5407,9.4172,-0.9618,-122.9858,21.4233,20.752,90.0165,-1.2744,174.2322,0.0277,-0.7067,0.7057,0.0434
independent_20260430_203326,trial_001,subject_001,1777552419.9454465,1777552419.9454465,275211.5549994,9,Trunk,714,1,-1.0479,9.4172,-0.0383,5.3101,5.7373,1.4648,92.7631,4.4,-153.457,0.1403,0.7102,-0.6646,0.1853
independent_20260430_203326,trial_001,subject_001,1777552419.9454465,1777552419.9454465,275211.5550891,10,L_Femur,694,1,-1.6604,9.6325,-1.2729,20.3857,-4.1504,2.8687,104.8425,5.625,-12.1948,0.7839,0.1138,-0.026,0.6098
independent_20260430_203326,trial_001,subject_001,1777552419.9454465,1777552419.9454465,275211.5551783,11,L_Tibia,723,1,-0.8518,9.5272,-1.2824,18.9819,2.1362,1.4648,105.5621,9.0417,-59.837,0.6643,0.4373,-0.2463,0.5539
independent_20260430_203326,trial_001,subject_001,1777552419.9454465,1777552419.9454465,275211.5552669,12,L_Foot,748,1,-0.8087,-0.067,9.7761,-0.1831,-0.8545,0.5493,-0.6482,4.1693,-124.574,-0.0348,0.0119,-0.8848,0.4645
independent_20260430_203326,trial_001,subject_001,1777552419.9465065,1777552419.9465065,275211.555355,13,R_Femur,749,1,-0.646,9.1875,3.8329,-10.0708,11.6577,-0.6714,78.3929,4.6362,-36.7822,0.5893,0.229,-0.2201,0.7429
independent_20260430_203326,trial_001,subject_001,1777552419.9465065,1777552419.9465065,275211.5554446,15,R_Foot,371,1,1.9715,3.9765,10.9915,-101.6846,-33.9355,69.7632,-16.04,-12.8101,-175.7867,0.1053,-0.1426,-0.9828,0.0517
independent_20260430_203326,trial_001,subject_001,1777552419.9465065,1777552419.9465065,275211.5555654,10,L_Femur,695,1,-1.1724,9.6325,-1.3925,19.104,-0.4883,2.8687,105.1337,5.5865,-12.2168,0.7855,0.1138,-0.0261,0.6078
independent_20260430_203326,trial_001,subject_001,1777552419.9465065,1777552419.9465065,275211.5557199,11,L_Tibia,724,1,-1.1149,9.4794,-1.7562,20.3247,0.6714,2.7466,105.8643,9.0143,-59.8206,0.6659,0.4377,-0.2453,0.5521
independent_20260430_203326,trial_001,subject_001,1777552419.9465065,1777552419.9465065,275211.5558734,12,L_Foot,749,1,-0.7561,-0.0287,9.8096,2.1973,-0.5493,0.6104,-0.6097,4.1638,-124.5685,-0.0346,0.0122,-0.8848,0.4646
independent_20260430_203326,trial_001,subject_001,1777552419.9465065,1777552419.9465065,275211.5560321,13,R_Femur,750,1,-0.3637,9.532,3.9143,-14.5874,18.1885,0.6714,78.1567,4.6912,-36.4362,0.5883,0.2271,-0.218,0.7448
independent_20260430_203326,trial_001,subject_001,1777552419.9465065,1777552419.9465065,275211.5562306,14,R_Tibia,377,1,0.3445,8.7664,-0.4642,-85.5713,37.2314,8.9111,86.5009,-1.6699,175.4187,0.0168,-0.685,0.7273,0.0391
independent_20260430_203326,trial_001,subject_001,1777552419.9465065,1777552419.9465065,275211.5563526,9,Trunk,715,1,-1.2346,9.8574,0.0335,4.4556,2.4414,3.3569,92.9279,4.2902,-153.3527,0.1419,0.7109,-0.6635,0.185
independent_20260430_203326,trial_001,subject_001,1777552419.9475083,1777552419.9475083,275211.5565033,10,L_Femur,696,1,-1.0767,9.4076,-1.8566,22.644,4.5776,2.3193,105.5347,5.5151,-12.1564,0.7877,0.1132,-0.0259,0.605
independent_20260430_203326,trial_001,subject_001,1777552419.9475083,1777552419.9475083,275211.5566632,11,L_Tibia,725,1,-1.4595,9.5655,-2.6079,19.5312,-10.7422,4.5166,106.2433,8.9923,-59.9744,0.6672,0.4393,-0.2447,0.5495
independent_20260430_203326,trial_001,subject_001,1777552419.9475083,1777552419.9475083,275211.5568269,12,L_Foot,750,1,-0.7369,0.1388,10.0345,3.1128,-0.5493,0.7935,-0.5273,4.1583,-124.563,-0.0343,0.0128,-0.8847,0.4647
independent_20260430_203326,trial_001,subject_001,1777552419.9475083,1777552419.9475083,275211.5569907,13,R_Femur,751,1,-0.2584,9.8096,3.9095,-19.8364,19.8364,0.8545,77.8931,4.7351,-36.134,0.5871,0.2253,-0.2163,0.7468
independent_20260430_203326,trial_001,subject_001,1777552419.9475083,1777552419.9475083,275211.5570927,15,R_Foot,372,1,-0.1388,3.6032,6.905,-62.8052,-18.1885,60.6079,-18.8635,-12.7496,-173.6719,0.1004,-0.1687,-0.9779,0.0723
independent_20260430_203326,trial_001,subject_001,1777552419.9935985,1777552419.9935985,275211.6027867,9,Trunk,716,1,-1.2059,9.8526,0.1101,3.479,2.2583,4.4556,92.9718,4.2188,-153.3197,0.1426,0.711,-0.6633,0.1847
independent_20260430_203326,trial_001,subject_001,1777552419.9935985,1777552419.9935985,275211.6029321,10,L_Femur,697,1,-0.78,8.9291,-2.6175,30.5786,6.4697,2.1973,105.9796,5.4547,-12.063,0.7902,0.1123,-0.0254,0.6019
independent_20260430_203326,trial_001,subject_001,1777552419.9935985,1777552419.9935985,275211.6030509,11,L_Tibia,726,1,-0.7704,9.3119,-2.8998,19.6533,-10.5591,4.1504,106.5125,8.9868,-60.1392,0.6679,0.4408,-0.2445,0.5476
independent_20260430_203326,trial_001,subject_001,1777552419.9935985,1777552419.9935985,275211.6031662,12,L_Foot,751,1,-0.7465,0.2249,10.0728,2.4414,-0.8545,0.6714,-0.4779,4.1528,-124.552,-0.034,0.0132,-0.8847,0.4648
independent_20260430_203326,trial_001,subject_001,1777552419.9935985,1777552419.9935985,275211.6032787,13,R_Femur,752,1,-0.5264,9.3741,4.0913,-21.1792,23.0713,1.8311,77.5964,4.7736,-35.7825,0.5858,0.2232,-0.2144,0.749
independent_20260430_203326,trial_001,subject_001,1777552419.9935985,1777552419.9935985,275211.6033905,14,R_Tibia,378,1,-0.445,8.2018,0.0239,-46.0205,35.1562,3.418,84.3146,-1.7249,176.7426,0.0079,-0.6711,0.7406,0.0312
independent_20260430_203326,trial_001,subject_001,1777552419.9935985,1777552419.9935985,275211.6035003,9,Trunk,717,1,-1.1293,9.7856,0.1914,1.77,1.6479,4.2725,92.9883,4.1473,-153.2977,0.1431,0.711,-0.6633,0.1844
independent_20260430_203326,trial_001,subject_001,1777552419.9947913,1777552419.9947913,275211.6037097,10,L_Femur,698,1,-0.5264,8.886,-2.6893,36.1938,6.4697,4.5776,106.6882,5.3394,-11.9586,0.7941,0.1111,-0.025,0.597
independent_20260430_203326,trial_001,subject_001,1777552419.9947913,1777552419.9947913,275211.6038431,11,L_Tibia,727,1,-0.1579,9.2306,-2.9094,19.5923,-2.8687,3.54,106.7926,8.9648,-60.2106,0.669,0.4417,-0.2439,0.5457
independent_20260430_203326,trial_001,subject_001,1777552419.9947913,1777552419.9947913,275211.6041218,12,L_Foot,752,1,-0.7178,0.1962,10.0153,2.1973,-0.1831,0.5493,-0.434,4.1528,-124.552,-0.0338,0.0135,-0.8847,0.4648
independent_20260430_203326,trial_001,subject_001,1777552419.9947913,1777552419.9947913,275211.6042764,13,R_Femur,753,1,-0.9379,8.6133,4.2636,-15.564,27.0996,3.2959,77.2888,4.823,-35.2441,0.5847,0.2202,-0.2112,0.7517
independent_20260430_203326,trial_001,subject_001,1777552419.9947913,1777552419.9947913,275211.6044197,15,R_Foot,373,1,-0.311,3.6559,6.838,-24.4751,-13.7939,31.9214,-20.5939,-12.832,-172.0184,0.0973,-0.1849,-0.974,0.088
independent_20260430_203326,trial_001,subject_001,1777552419.9947913,1777552419.9947913,275211.6046022,10,L_Femur,699,1,-0.5646,9.1636,-2.4931,38.8794,10.6201,5.8594,107.2705,5.213,-11.8323,0.7974,0.1097,-0.0246,0.5929
independent_20260430_203326,trial_001,subject_001,1777552419.9957912,1777552419.9957912,275211.6047745,11,L_Tibia,728,1,-0.8422,9.3885,-2.6558,19.043,-2.3804,3.1128,107.1771,8.9264,-60.2435,0.6708,0.4426,-0.2428,0.5433
independent_20260430_203326,trial_001,subject_001,1777552419.9957912,1777552419.9957912,275211.6049151,12,L_Foot,753,1,-0.7273,0.1579,10.0345,1.8311,-0.1221,0.5493,-0.379,4.1528,-124.5465,-0.0336,0.0139,-0.8846,0.4648
independent_20260430_203326,trial_001,subject_001,1777552419.9957912,1777552419.9957912,275211.6050517,13,R_Femur,754,1,-1.1149,8.819,4.0435,-15.9302,26.3672,3.7231,77.0856,4.856,-34.8267,0.5841,0.2179,-0.2087,0.7535
independent_20260430_203326,trial_001,subject_001,1777552419.9962993,1777552419.9962993,275211.6052162,14,R_Tibia,379,1,-0.311,7.7185,0.0766,-3.54,15.5029,2.1973,83.6279,-1.7194,177.5281,0.0032,-0.6667,0.7448,0.0261
independent_20260430_203326,trial_001,subject_001,1777552419.9962993,1777552419.9962993,275211.6053917,9,Trunk,718,1,-0.6221,9.4794,0.335,-0.061,3.1738,5.3101,92.9663,3.9331,-153.2153,0.1449,0.7105,-0.6637,0.1836
independent_20260430_203326,trial_001,subject_001,1777552419.9962993,1777552419.9962993,275211.6055102,10,L_Femur,700,1,-0.6891,9.2593,-2.3543,40.8936,12.2681,4.8828,107.8912,5.0812,-11.673,0.8008,0.1081,-0.0241,0.5886
independent_20260430_203326,trial_001,subject_001,1777552419.9962993,1777552419.9962993,275211.6056825,11,L_Tibia,729,1,-1.1389,9.355,-2.4691,20.0195,-7.019,3.479,107.4628,8.9099,-60.3424,0.6718,0.4437,-0.2423,0.5414
independent_20260430_203326,trial_001,subject_001,1777552420.053026,1777552420.053026,275211.6622259,12,L_Foot,754,1,-0.7082,0.0957,9.9436,2.8076,0.0,0.6104,-0.3241,4.1583,-124.541,-0.0334,0.0144,-0.8846,0.4649
independent_20260430_203326,trial_001,subject_001,1777552420.053026,1777552420.053026,275211.6623803,13,R_Femur,755,1,-1.3877,8.7712,3.8186,-17.9443,23.6816,5.127,76.8439,4.856,-34.4421,0.5832,0.2155,-0.2066,0.7555
independent_20260430_203326,trial_001,subject_001,1777552420.053026,1777552420.053026,275211.6625124,15,R_Foot,374,1,-0.0096,3.0099,6.9433,13.5498,-4.1504,6.6528,-20.7257,-12.8979,-171.3977,0.0968,-0.1865,-0.9732,0.0935
independent_20260430_203326,trial_001,subject_001,1777552420.053026,1777552420.053026,275211.6626429,9,Trunk,719,1,-0.3493,9.4842,0.4163,-1.9531,6.8359,6.0425,92.9279,3.8013,-153.111,0.1462,0.71,-0.664,0.1834
independent_20260430_203326,trial_001,subject_001,1777552420.053026,1777552420.053026,275211.6627674,10,L_Femur,701,1,-0.8709,9.3358,-2.182,42.1753,12.2681,4.7607,108.7427,4.9054,-11.4587,0.8055,0.1059,-0.0235,0.5826
independent_20260430_203326,trial_001,subject_001,1777552420.053026,1777552420.053026,275211.6628741,11,L_Tibia,730,1,-0.7656,9.2497,-2.0815,22.583,-7.6904,3.9673,107.8748,8.8934,-60.5017,0.6732,0.4454,-0.2415,0.5386
independent_20260430_203326,trial_001,subject_001,1777552420.0540338,1777552420.0540338,275211.6629745,13,R_Femur,756,1,-1.5647,8.0438,3.7133,-12.207,17.2729,6.5918,76.5857,4.8175,-34.0192,0.5824,0.2127,-0.2045,0.7575
independent_20260430_203326,trial_001,subject_001,1777552420.0540338,1777552420.0540338,275211.6630716,14,R_Tibia,380,1,0.1005,7.8477,-0.3541,24.231,10.7422,-1.8921,84.0619,-1.6534,177.8906,0.0016,-0.6695,0.7424,0.0233
independent_20260430_203326,trial_001,subject_001,1777552420.0540338,1777552420.0540338,275211.6631686,9,Trunk,720,1,-0.2249,9.5129,0.5646,-2.4414,10.3149,6.5918,92.8894,3.6859,-152.9681,0.1477,0.7095,-0.6642,0.1836
independent_20260430_203326,trial_001,subject_001,1777552420.0540338,1777552420.0540338,275211.663265,11,L_Tibia,731,1,-0.6843,9.2258,-2.2155,24.292,-4.6997,3.479,108.2208,8.877,-60.5786,0.6746,0.4466,-0.2406,0.5363
independent_20260430_203326,trial_001,subject_001,1777552420.0540338,1777552420.0540338,275211.6633861,12,L_Foot,755,1,-0.713,0.2345,9.9723,4.6387,0.7935,0.6714,-0.1538,4.1913,-124.5245,-0.033,0.0158,-0.8845,0.4651
independent_20260430_203326,trial_001,subject_001,1777552420.0540338,1777552420.0540338,275211.6634929,13,R_Femur,757,1,-1.5743,7.9146,3.5506,-6.4087,9.9487,8.4839,76.4813,4.7351,-33.8104,0.5823,0.2109,-0.2037,0.7583
independent_20260430_203326,trial_001,subject_001,1777552420.0540338,1777552420.0540338,275211.6635903,15,R_Foot,375,1,0.8565,2.1198,7.0246,43.5181,8.0566,-4.9438,-19.5941,-12.7716,-171.4911,0.0968,-0.1768,-0.9752,0.0915
independent_20260430_203326,trial_001,subject_001,1777552420.0540338,1777552420.0540338,275211.6637016,9,Trunk,721,1,-0.3206,9.5895,0.6699,-3.2349,13.1836,7.1411,92.84,3.5651,-152.7869,0.1495,0.7088,-0.6644,0.184
independent_20260430_203326,trial_001,subject_001,1777552420.0832407,1777552420.0832407,275211.6923548,10,L_Femur,702,1,-0.7178,9.1971,-2.1485,46.2646,14.7705,3.1128,110.1105,4.6582,-11.1017,0.8129,0.1024,-0.0222,0.5729
independent_20260430_203326,trial_001,subject_001,1777552420.0832407,1777552420.0832407,275211.692478,11,L_Tibia,732,1,-0.7943,9.1205,-2.3782,26.9165,-1.77,3.479,108.6163,8.8495,-60.6171,0.6764,0.4475,-0.2395,0.5338
independent_20260430_203326,trial_001,subject_001,1777552420.0832407,1777552420.0832407,275211.6925809,12,L_Foot,756,1,-0.7226,0.311,10.0345,4.1504,0.8545,0.5493,-0.0769,4.2133,-124.519,-0.0328,0.0165,-0.8845,0.4651
independent_20260430_203326,trial_001,subject_001,1777552420.0832407,1777552420.0832407,275211.6926797,13,R_Femur,758,1,-1.4068,7.9338,3.2635,-0.8545,3.7842,12.207,76.4484,4.5319,-33.6456,0.5828,0.2087,-0.2038,0.7585
independent_20260430_203326,trial_001,subject_001,1777552420.1027555,1777552420.1027555,275211.7124319,14,R_Tibia,381,1,-0.0239,7.9051,-0.4785,51.6357,8.1177,-5.9814,85.5121,-1.4447,178.1873,0.0015,-0.6789,0.734,0.0202
independent_20260430_203326,trial_001,subject_001,1777552420.1027555,1777552420.1027555,275211.7126369,9,Trunk,722,1,-0.713,9.5607,0.6938,-5.9814,14.0381,8.1177,92.7356,3.3838,-152.5122,0.1521,0.7076,-0.6649,0.1846
independent_20260430_203326,trial_001,subject_001,1777552420.1027555,1777552420.1027555,275211.7128108,10,L_Femur,703,1,-0.8565,9.1396,-2.3878,44.7998,21.3013,1.77,111.0498,4.4769,-10.7391,0.8181,0.0991,-0.0209,0.5661
independent_20260430_203326,trial_001,subject_001,1777552420.1027555,1777552420.1027555,275211.7129907,11,L_Tibia,733,1,-0.9762,9.2928,-2.3352,28.8696,2.8687,4.0283,109.1931,8.7726,-60.5786,0.6794,0.4482,-0.2375,0.5302
independent_20260430_203326,trial_001,subject_001,1777552420.1042602,1777552420.1042602,275211.7132285,12,L_Foot,757,1,-0.7848,0.0526,9.9627,4.9438,0.9155,0.9155,0.0275,4.2352,-124.5081,-0.0326,0.0174,-0.8844,0.4652
independent_20260430_203326,trial_001,subject_001,1777552420.1042602,1777552420.1042602,275211.7134108,13,R_Femur,759,1,-1.0814,7.6754,3.0194,4.4556,1.2207,14.3433,76.4978,4.3286,-33.5577,0.5837,0.207,-0.2042,0.7581
independent_20260430_203326,trial_001,subject_001,1777552420.1042602,1777552420.1042602,275211.7135825,15,R_Foot,376,1,1.7753,1.7944,9.3358,47.6685,17.395,-7.3853,-18.0615,-12.5134,-171.8152,0.0962,-0.1633,-0.978,0.0871
independent_20260430_203326,trial_001,subject_001,1777552420.1042602,1777552420.1042602,275211.7137255,9,Trunk,723,1,-1.0384,9.4363,0.7561,-7.9346,13.7939,9.5825,92.6202,3.23,-152.3145,0.154,0.7065,-0.6656,0.185
independent_20260430_203326,trial_001,subject_001,1777552420.1042602,1777552420.1042602,275211.713878,10,L_Femur,704,1,-0.7465,9.0104,-2.9381,47.4243,24.7192,1.4648,111.7749,4.3176,-10.4041,0.822,0.0961,-0.0198,0.5609
independent_20260430_203326,trial_001,subject_001,1777552420.1042602,1777552420.1042602,275211.7140322,11,L_Tibia,734,1,-0.8757,9.355,-2.5888,29.48,1.8311,3.479,109.6326,8.7177,-60.5566,0.6817,0.4487,-0.236,0.5275
independent_20260430_203326,trial_001,subject_001,1777552420.1052706,1777552420.1052706,275211.7141873,13,R_Femur,760,1,-0.7369,7.5797,2.4644,14.2822,-3.7231,15.5029,76.6791,4.0924,-33.5303,0.5855,0.2056,-0.2049,0.7569
independent_20260430_203326,trial_001,subject_001,1777552420.1052706,1777552420.1052706,275211.7143411,14,R_Tibia,382,1,0.4833,8.0104,-1.1437,67.627,15.8691,-9.0942,87.7039,-1.1371,178.5773,0.0014,-0.6928,0.721,0.0158
independent_20260430_203326,trial_001,subject_001,1777552420.1930456,1777552420.1930456,275211.8024577,9,Trunk,724,1,-1.1532,9.3885,0.9235,-9.9487,14.2212,11.2915,92.4719,3.0487,-152.1112,0.1561,0.7051,-0.6664,0.1853
independent_20260430_203326,trial_001,subject_001,1777552420.1930456,1777552420.1930456,275211.8025835,11,L_Tibia,735,1,-0.8183,9.3119,-2.8567,30.2734,2.9907,4.6387,110.094,8.6462,-60.5292,0.6841,0.4492,-0.2346,0.5246
independent_20260430_203326,trial_001,subject_001,1777552420.1930456,1777552420.1930456,275211.8027074,12,L_Foot,758,1,-0.7513,0.0574,9.9292,6.7749,1.2207,0.7324,0.2252,4.2792,-124.4916,-0.0321,0.0191,-0.8843,0.4654
independent_20260430_203326,trial_001,subject_001,1777552420.1930456,1777552420.1930456,275211.8028142,13,R_Femur,761,1,-0.201,8.0438,2.0959,16.5405,-1.2207,17.2729,77.0032,3.7518,-33.4918,0.5884,0.2038,-0.2059,0.7549
independent_20260430_203326,trial_001,subject_001,1777552420.194048,1777552420.194048,275211.8029345,15,R_Foot,377,1,1.9141,-0.378,7.6084,60.1196,26.5503,-7.1411,-16.062,-11.618,-172.337,0.0907,-0.1454,-0.982,0.0799
independent_20260430_203326,trial_001,subject_001,1777552420.194048,1777552420.194048,275211.8030658,9,Trunk,725,1,-1.1245,9.4985,1.1628,-11.5967,14.5874,12.9395,92.2412,2.774,-151.8311,0.1591,0.703,-0.6679,0.1856
independent_20260430_203326,trial_001,subject_001,1777552420.194048,1777552420.194048,275211.8031761,10,L_Femur,705,1,-0.4929,8.7951,-3.0529,55.4199,24.9634,3.418,113.6646,3.8782,-9.6405,0.8321,0.0887,-0.0177,0.5472
independent_20260430_203326,trial_001,subject_001,1777552420.194048,1777552420.194048,275211.803272,11,L_Tibia,736,1,-0.4929,9.2736,-3.096,29.9683,4.5776,4.0283,110.7037,8.5529,-60.4797,0.6874,0.4498,-0.2325,0.5207
independent_20260430_203326,trial_001,subject_001,1777552420.194048,1777552420.194048,275211.8033686,12,L_Foot,759,1,-0.6986,0.244,9.9962,6.8359,1.4038,0.6714,0.379,4.3176,-124.4861,-0.0318,0.0205,-0.8842,0.4655
independent_20260430_203326,trial_001,subject_001,1777552420.194048,1777552420.194048,275211.803464,13,R_Femur,762,1,0.0144,7.5414,1.8519,24.4751,-4.6997,19.5312,77.3328,3.4552,-33.4644,0.5913,0.2023,-0.2066,0.7528
independent_20260430_203326,trial_001,subject_001,1777552420.194048,1777552420.194048,275211.8035784,14,R_Tibia,383,1,0.201,8.6803,-1.4164,66.5894,23.6816,-10.0708,90.0714,-0.7306,179.3738,-0.0006,-0.7075,0.7066,0.0084
independent_20260430_203326,trial_001,subject_001,1777552420.194048,1777552420.194048,275211.8037041,9,Trunk,726,1,-1.1293,9.5512,1.1867,-12.6953,12.9395,13.1226,92.049,2.5598,-151.6388,0.1612,0.7013,-0.6691,0.1856
independent_20260430_203326,trial_001,subject_001,1777552420.194048,1777552420.194048,275211.803804,10,L_Femur,706,1,-0.4211,8.6181,-3.0673,57.6782,29.4189,5.0659,114.538,3.6365,-9.267,0.8367,0.085,-0.0171,0.5408
independent_20260430_203326,trial_001,subject_001,1777552420.194048,1777552420.194048,275211.8039104,11,L_Tibia,737,1,-0.6316,9.1731,-2.9094,32.3486,10.1318,4.6997,111.1981,8.4485,-60.3589,0.6904,0.4496,-0.2307,0.5176
independent_20260430_203326,trial_001,subject_001,1777552420.194048,1777552420.194048,275211.8040081,12,L_Foot,760,1,-0.7321,0.335,9.9675,7.6294,2.3193,0.5493,0.5054,4.3506,-124.4806,-0.0315,0.0216,-0.8842,0.4656
independent_20260430_203326,trial_001,subject_001,1777552420.194048,1777552420.194048,275211.8041385,13,R_Femur,763,1,-0.0957,7.3356,1.091,43.396,-14.7095,18.6157,77.9095,3.1311,-33.5742,0.5956,0.2019,-0.2081,0.7492
independent_20260430_203326,trial_001,subject_001,1777552420.194048,1777552420.194048,275211.8043029,15,R_Foot,378,1,-0.9235,-4.8713,2.0815,120.1782,93.2617,-38.5742,-12.7332,-8.8715,-173.5675,0.0705,-0.1147,-0.9888,0.0642
independent_20260430_203326,trial_001,subject_001,1777552420.1955557,1777552420.1955557,275211.8044604,9,Trunk,727,1,-1.1532,9.5512,1.2011,-9.9487,11.1694,13.1836,91.8182,2.2797,-151.4136,0.1639,0.6993,-0.6706,0.1856
independent_20260430_203326,trial_001,subject_001,1777552420.1955557,1777552420.1955557,275211.8045985,10,L_Femur,707,1,-1.1102,8.9243,-3.0769,58.96,28.5645,6.7139,115.7465,3.2684,-8.7781,0.8429,0.0799,-0.0166,0.5319
independent_20260430_203326,trial_001,subject_001,1777552420.1955557,1777552420.1955557,275211.8047353,12,L_Foot,761,1,-0.8039,0.2728,9.8718,8.9111,1.5259,0.7324,0.6372,4.3835,-124.4751,-0.0313,0.0227,-0.8841,0.4656
independent_20260430_203326,trial_001,subject_001,1777552420.1955557,1777552420.1955557,275211.8048708,13,R_Femur,764,1,-0.5838,8.9243,0.2201,55.2979,-14.8926,17.395,78.9532,2.7136,-33.8049,0.6028,0.2023,-0.21,0.7427
independent_20260430_203326,trial_001,subject_001,1777552420.1955557,1777552420.1955557,275211.8050075,14,R_Tibia,384,1,1.2394,11.0298,1.8279,32.8369,13.5498,7.6904,91.4996,-0.7196,179.9231,-0.0039,-0.7163,0.6978,0.005
independent_20260430_203326,trial_001,subject_001,1777552420.2428875,1777552420.2428875,275211.8523549,10,L_Femur,708,1,-1.7322,8.9578,-3.1917,58.7769,24.4141,5.249,116.6418,3.0212,-8.4595,0.8474,0.0766,-0.0163,0.5252
independent_20260430_203326,trial_001,subject_001,1777552420.2428875,1777552420.2428875,275211.8525222,11,L_Tibia,738,1,-1.603,9.3119,-2.761,36.0107,9.8267,8.4839,112.4451,8.0969,-60.0458,0.6982,0.4488,-0.2267,0.5095
independent_20260430_203326,trial_001,subject_001,1777552420.2438903,1777552420.2438903,275211.8527902,12,L_Foot,762,1,-0.78,0.1914,10.0919,9.4604,1.2207,0.8545,0.8405,4.4165,-124.4641,-0.0307,0.0244,-0.884,0.4658
independent_20260430_203326,trial_001,subject_001,1777552420.2438903,1777552420.2438903,275211.8530011,15,R_Foot,379,1,3.6511,-3.0194,8.843,114.9902,132.0801,12.7563,-8.9484,-4.7296,-173.8916,0.0369,-0.08,-0.9945,0.0563
independent_20260430_203326,trial_001,subject_001,1777552420.2438903,1777552420.2438903,275211.8536511,9,Trunk,728,1,-1.091,9.934,0.7273,-9.0332,9.2163,11.2305,91.5381,1.8896,-151.1279,0.1675,0.6967,-0.6725,0.1853
independent_20260430_203326,trial_001,subject_001,1777552420.2438903,1777552420.2438903,275211.8538191,11,L_Tibia,739,1,-1.5408,9.4746,-2.5313,38.8794,8.9111,10.9863,113.0328,7.9047,-59.9689,0.7017,0.4488,-0.2253,0.5055
independent_20260430_203326,trial_001,subject_001,1777552420.2438903,1777552420.2438903,275211.8539955,12,L_Foot,763,1,-0.5455,0.1483,10.0249,10.437,0.2441,1.2207,1.0052,4.4275,-124.4476,-0.0301,0.0258,-0.8839,0.466
independent_20260430_203326,trial_001,subject_001,1777552420.2438903,1777552420.2438903,275211.8541793,13,R_Femur,765,1,-0.8996,10.5034,1.7466,44.1284,16.1133,28.4424,80.733,1.8842,-33.6182,0.6163,0.1993,-0.2101,0.7323
independent_20260430_203326,trial_001,subject_001,1777552420.2453978,1777552420.2453978,275211.8543627,14,R_Tibia,385,1,0.9762,11.5083,4.1727,0.3052,-16.4185,24.9634,91.6644,-1.4941,179.7034,-0.0072,-0.7173,0.6967,0.0112
independent_20260430_203326,trial_001,subject_001,1777552420.2453978,1777552420.2453978,275211.8545718,9,Trunk,729,1,-1.1437,9.867,0.1101,-4.7607,5.6152,9.9487,91.3953,1.6754,-151.0016,0.1693,0.6954,-0.6735,0.185
independent_20260430_203326,trial_001,subject_001,1777552420.2453978,1777552420.2453978,275211.8547784,10,L_Femur,709,1,-2.3734,9.5225,-3.5458,45.105,3.1128,8.3618,118.5095,2.5928,-8.1903,0.8562,0.0729,-0.0171,0.5112
independent_20260430_203326,trial_001,subject_001,1777552420.2453978,1777552420.2453978,275211.8549271,11,L_Tibia,740,1,-1.469,9.4411,-2.1342,43.2739,9.0942,14.7705,113.8843,7.5916,-59.892,0.7066,0.4487,-0.2236,0.4993
independent_20260430_203326,trial_001,subject_001,1777552420.2453978,1777552420.2453978,275211.8550889,12,L_Foot,764,1,-0.8183,0.1962,9.9292,12.4512,0.5493,0.1831,1.2579,4.444,-124.4421,-0.0292,0.0278,-0.8838,0.4661
independent_20260430_203326,trial_001,subject_001,1777552420.2453978,1777552420.2453978,275211.8552864,13,R_Femur,766,1,-0.0957,12.0107,4.455,9.0332,53.3447,31.5552,81.0077,1.5216,-32.8601,0.6201,0.1934,-0.2068,0.7317
independent_20260430_203326,trial_001,subject_001,1777552420.2453978,1777552420.2453978,275211.8554387,15,R_Foot,380,1,-7.9721,1.225,9.5416,132.5684,39.856,0.1831,-4.8285,-3.0762,-173.5291,0.0244,-0.0436,-0.9971,0.0575
independent_20260430_203326,trial_001,subject_001,1777552420.2453978,1777552420.2453978,275211.8556126,9,Trunk,730,1,-0.7273,9.8766,-0.268,2.1362,6.6528,7.9956,91.3953,1.5381,-150.9082,0.1707,0.695,-0.6736,0.1847
independent_20260430_203326,trial_001,subject_001,1777552420.2453978,1777552420.2453978,275211.8557216,10,L_Femur,710,1,-2.5888,9.6182,-3.5027,33.9966,-3.2349,9.4604,119.0424,2.4829,-8.2727,0.8586,0.0731,-0.018,0.5071
independent_20260430_203326,trial_001,subject_001,1777552420.3029187,1777552420.3029187,275211.9121052,12,L_Foot,765,1,-1.1724,0.1866,10.1493,13.6108,-0.1221,0.0,1.4722,4.4495,-124.4476,-0.0284,0.0294,-0.8838,0.4661
independent_20260430_203326,trial_001,subject_001,1777552420.3029187,1777552420.3029187,275211.9123087,13,R_Femur,767,1,1.7801,14.2023,7.9769,-49.8047,96.4966,32.2876,80.4694,1.2524,-31.4703,0.6194,0.1832,-0.2002,0.7367
independent_20260430_203326,trial_001,subject_001,1777552420.3029187,1777552420.3029187,275211.9124203,14,R_Tibia,386,1,-1.3733,11.0729,1.5217,36.8652,53.2837,-15.0757,92.3895,-1.4062,-179.5221,0.0115,0.7216,-0.6922,-0.006
independent_20260430_203326,trial_001,subject_001,1777552420.3029187,1777552420.3029187,275211.9125238,10,L_Femur,711,1,-2.4069,9.7139,-3.6559,21.2402,-9.2163,9.7656,119.5203,2.3785,-8.4924,0.8606,0.0744,-0.0194,0.5035
independent_20260430_203326,trial_001,subject_001,1777552420.3029187,1777552420.3029187,275211.9126229,11,L_Tibia,741,1,-2.0959,9.4603,-2.2012,50.7202,-5.4932,19.8364,115.307,7.1082,-60.0952,0.7133,0.4509,-0.2221,0.4885
independent_20260430_203326,trial_001,subject_001,1777552420.3029187,1777552420.3029187,275211.9127204,12,L_Foot,766,1,-1.1867,0.2201,10.0632,14.8926,-0.9155,-0.061,1.7029,4.444,-124.4531,-0.0274,0.0312,-0.8838,0.4661
independent_20260430_203326,trial_001,subject_001,1777552420.30392,1777552420.30392,275211.9128169,13,R_Femur,768,1,1.5073,13.6233,8.9243,-42.3584,115.6616,19.4702,79.541,1.1536,-29.1302,0.6172,0.1684,-0.187,0.7455
independent_20260430_203326,trial_001,subject_001,1777552420.30392,1777552420.30392,275211.912913,15,R_Foot,381,1,1.1867,2.9812,16.6428,56.3354,18.6768,-7.2021,-1.5601,-2.4005,-173.985,0.0202,-0.0147,-0.9983,0.0527
independent_20260430_203326,trial_001,subject_001,1777552420.3343043,1777552420.3343043,275211.9436139,9,Trunk,731,1,-0.201,10.7666,-1.0049,6.4697,0.7935,0.6104,91.593,1.3788,-150.7654,0.1728,0.6957,-0.6724,0.1843
independent_20260430_203326,trial_001,subject_001,1777552420.3343043,1777552420.3343043,275211.9438835,10,L_Femur,712,1,-2.0385,9.6325,-3.8377,16.1743,-12.2681,7.9346,119.7675,2.3511,-8.7012,0.8616,0.0759,-0.0204,0.5016
independent_20260430_203326,trial_001,subject_001,1777552420.3343043,1777552420.3343043,275211.944053,11,L_Tibia,742,1,-1.2106,9.4124,-2.6318,56.8848,-6.2866,21.4844,116.3782,6.795,-60.3864,0.7175,0.4536,-0.2211,0.4801
independent_20260430_203326,trial_001,subject_001,1777552420.3343043,1777552420.3343043,275211.9442203,12,L_Foot,767,1,-0.89,0.2105,10.1589,15.564,-1.8921,0.1831,2.027,4.4165,-124.4586,-0.0259,0.0336,-0.8837,0.4661
independent_20260430_203326,trial_001,subject_001,1777552420.3343043,1777552420.3343043,275211.9443652,13,R_Femur,769,1,-2.1964,12.2404,6.771,-44.1284,113.2812,4.2114,78.9203,1.3678,-27.4219,0.6152,0.1596,-0.1756,0.7518
independent_20260430_203326,trial_001,subject_001,1777552420.3343043,1777552420.3343043,275211.9445302,14,R_Tibia,387,1,-1.2585,10.5991,-0.2345,65.7349,71.4722,-10.1929,94.4769,-1.0547,-177.1326,0.0246,0.7338,-0.6789,0.0102
independent_20260430_203326,trial_001,subject_001,1777552420.335815,1777552420.335815,275211.944683,9,Trunk,732,1,-0.1771,11.092,-0.8518,0.5493,-1.4648,-4.6997,91.582,1.4062,-150.7654,0.1726,0.6957,-0.6724,0.1845
independent_20260430_203326,trial_001,subject_001,1777552420.335815,1777552420.335815,275211.9448395,11,L_Tibia,743,1,-0.3302,9.3598,-2.7754,61.0352,2.3804,20.813,117.2736,6.5204,-60.5072,0.7215,0.4551,-0.2199,0.4733
independent_20260430_203326,trial_001,subject_001,1777552420.335815,1777552420.335815,275211.9450175,13,R_Femur,770,1,-5.1201,8.2783,2.6988,-2.7466,73.6084,6.7139,78.7555,1.5271,-26.1639,0.6156,0.1536,-0.1667,0.7548
independent_20260430_203326,trial_001,subject_001,1777552420.335815,1777552420.335815,275211.9451734,15,R_Foot,382,1,-0.1771,-0.0574,11.537,51.2695,18.0664,3.6621,-0.0055,-1.5216,-173.8916,0.0133,-0.0008,-0.9985,0.0533
independent_20260430_203326,trial_001,subject_001,1777552420.335815,1777552420.335815,275211.9453184,9,Trunk,733,1,0.0239,10.9437,-0.2345,-6.3477,1.6479,-9.7046,91.4777,1.5656,-150.7544,0.1716,0.6953,-0.6728,0.1856
independent_20260430_203326,trial_001,subject_001,1777552420.335815,1777552420.335815,275211.9454481,11,L_Tibia,744,1,0.445,9.6277,-2.7754,65.7349,17.8223,19.7144,118.5699,6.048,-60.4358,0.7283,0.4554,-0.2175,0.4636
independent_20260430_203326,trial_001,subject_001,1777552420.335815,1777552420.335815,275211.9455782,12,L_Foot,768,1,-0.5599,-0.0048,9.9053,19.4092,0.1831,1.77,2.5873,4.4,-124.4257,-0.0234,0.0378,-0.8834,0.4665
independent_20260430_203326,trial_001,subject_001,1777552420.3368278,1777552420.3368278,275211.94571,13,R_Femur,771,1,-3.4214,7.0581,-0.3254,24.231,38.5742,5.5542,79.2004,1.5436,-25.274,0.6197,0.1496,-0.1602,0.7537
independent_20260430_203326,trial_001,subject_001,1777552420.3368278,1777552420.3368278,275211.9458391,14,R_Tibia,388,1,0.0861,9.2162,-2.1725,69.397,112.854,-7.1411,96.4545,-1.1151,-174.1772,0.0444,0.7445,-0.6657,0.0266
independent_20260430_203326,trial_001,subject_001,1777552420.3368278,1777552420.3368278,275211.9459645,9,Trunk,734,1,0.4546,10.8432,0.4594,-12.146,9.4604,-10.437,91.3019,1.7139,-150.6335,0.1711,0.6943,-0.6734,0.1875
independent_20260430_203326,trial_001,subject_001,1777552420.3368278,1777552420.3368278,275211.94609,10,L_Femur,713,1,0.3397,10.1397,-3.2156,-4.8218,7.019,-1.1597,120.0092,2.3016,-8.9319,0.8625,0.0774,-0.0216,0.4997
independent_20260430_203326,trial_001,subject_001,1777552420.337327,1777552420.337327,275211.9465008,11,L_Tibia,745,1,0.4307,9.7952,-2.8567,69.519,25.1465,18.6157,119.6246,5.6305,-60.238,0.7344,0.4546,-0.2153,0.4557
independent_20260430_203326,trial_001,subject_001,1777552420.337327,1777552420.337327,275211.946641,12,L_Foot,769,1,-0.8757,0.1244,9.9483,22.7051,1.5259,1.9531,3.0432,4.4275,-124.3982,-0.0218,0.0415,-0.8831,0.4668
independent_20260430_203326,trial_001,subject_001,1777552420.3378232,1777552420.3378232,275211.9467693,13,R_Femur,772,1,-0.0574,8.3214,-1.3686,13.4888,31.1279,7.5073,79.4476,1.5326,-24.7632,0.622,0.1471,-0.1566,0.753
independent_20260430_203326,trial_001,subject_001,1777552420.3378232,1777552420.3378232,275211.9468963,15,R_Foot,383,1,1.0862,0.8039,10.9197,26.062,-6.5918,-1.2207,1.225,-1.8182,-173.9246,0.0164,0.0098,-0.9984,0.0528
independent_20260430_203326,trial_001,subject_001,1777552420.3378232,1777552420.3378232,275211.9470218,10,L_Femur,714,1,0.9044,10.202,-2.7515,-10.8643,17.7002,-4.3945,119.8718,2.2302,-8.6902,0.8621,0.0753,-0.0212,0.5007
independent_20260430_203326,trial_001,subject_001,1777552420.3378232,1777552420.3378232,275211.9471461,11,L_Tibia,746,1,0.2632,9.867,-2.9764,73.4863,30.3955,18.9819,120.7397,5.1691,-59.9908,0.7409,0.4534,-0.213,0.4473
independent_20260430_203326,trial_001,subject_001,1777552420.3378232,1777552420.3378232,275211.9472702,12,L_Foot,770,1,-0.7513,0.1148,9.8622,26.123,3.3569,2.7466,3.4332,4.4714,-124.3597,-0.0205,0.0447,-0.8828,0.4672
independent_20260430_203326,trial_001,subject_001,1777552420.3378232,1777552420.3378232,275211.9473933,13,R_Femur,773,1,0.6843,7.9912,-3.2252,15.1978,21.3013,23.6816,79.6948,1.2305,-24.2578,0.6247,0.1427,-0.1546,0.752
independent_20260430_203326,trial_001,subject_001,1777552420.3378232,1777552420.3378232,275211.9475167,14,R_Tibia,389,1,-0.9666,8.197,-5.7326,63.2324,39.856,4.0894,98.6957,-1.3568,-171.4307,0.0644,0.7559,-0.6503,0.0397
independent_20260430_203326,trial_001,subject_001,1777552420.3378232,1777552420.3378232,275211.9476397,9,Trunk,735,1,-0.1914,9.8813,0.7321,-14.0381,18.8599,-4.6387,90.7031,1.9391,-149.9854,0.1727,0.6901,-0.6756,0.1936
independent_20260430_203326,trial_001,subject_001,1777552420.3378232,1777552420.3378232,275211.9477687,10,L_Femur,715,1,1.2154,10.6996,-2.3399,-17.7612,30.1514,-6.2866,119.5752,2.0599,-8.1519,0.8612,0.0704,-0.0203,0.503
