Session_ID,Trial_ID,Subject_ID,Timestamp,IMU_Recv_Timestamp,IMU_Recv_Timestamp_Mono,IMU_Device_ID,IMU_Device_Name,IMU_Device_Seq,IMU_Parse_OK_Flag,IMU_Acc_X,IMU_Acc_Y,IMU_Acc_Z,IMU_Gyro_X,IMU_Gyro_Y,IMU_Gyro_Z,IMU_Roll,IMU_Pitch,IMU_Yaw,IMU_Quat_x,IMU_Quat_y,IMU_Quat_z,IMU_Quat_w
independent_20260430_165242,trial_001,subject_001,1777539162.4340806,1777539162.4340806,261954.0434784,15,R_Foot,1,1,0.9188,1.5312,9.6899,3.7842,-0.9766,-0.2441,9.5032,-5.2789,-98.042,0.0889,0.0324,-0.7541,0.65
independent_20260430_165242,trial_001,subject_001,1777539162.435082,1777539162.435082,261954.0440928,9,Trunk,1,1,1.5456,9.4842,-0.847,-4.8218,-13.0005,-4.8218,98.7286,-5.4987,-13.1067,0.7566,0.0555,-0.1104,0.6421
independent_20260430_165242,trial_001,subject_001,1777539162.435082,1777539162.435082,261954.0443522,10,L_Femur,1,1,0.646,8.91,1.6317,-10.7422,-18.6157,-5.0049,78.4039,0.1044,-22.8516,0.6194,0.1259,-0.1529,0.7597
independent_20260430_165242,trial_001,subject_001,1777539162.435082,1777539162.435082,261954.044512,11,L_Tibia,1,1,0.7465,8.3692,-1.7322,-33.8745,-38.7573,-8.1787,91.8677,-0.9229,-21.8573,0.7065,0.1307,-0.1375,0.6818
independent_20260430_165242,trial_001,subject_001,1777539162.435082,1777539162.435082,261954.0446537,12,L_Foot,1,1,-0.8661,2.3687,7.9864,-28.0762,4.7607,-40.3442,-7.9266,8.4155,-116.3342,-0.0985,-0.02,-0.8479,0.5205
independent_20260430_165242,trial_001,subject_001,1777539162.435082,1777539162.435082,261954.0447862,13,R_Femur,1,1,0.6891,9.2976,-2.4356,31.4941,-33.3252,-5.3711,107.243,-6.0754,-26.2079,0.7902,0.1517,-0.1758,0.5672
independent_20260430_165242,trial_001,subject_001,1777539162.50351,1777539162.50351,261954.1133058,9,Trunk,2,1,1.5312,9.4938,-0.7561,-5.7983,-11.2915,-6.6528,98.6462,-5.3888,-13.266,0.756,0.0571,-0.1106,0.6426
independent_20260430_165242,trial_001,subject_001,1777539162.5045097,1777539162.5045097,261954.1135373,10,L_Femur,2,1,0.6747,8.5846,1.6892,-7.2632,-16.1743,-6.4087,78.2831,0.1428,-23.1042,0.6183,0.1274,-0.1545,0.76
independent_20260430_165242,trial_001,subject_001,1777539162.5045097,1777539162.5045097,261954.1137321,11,L_Tibia,2,1,0.6508,8.2592,-1.6892,-25.2686,-32.8979,-8.667,91.3293,-0.7251,-22.5385,0.7023,0.1354,-0.141,0.6845
independent_20260430_165242,trial_001,subject_001,1777539162.5045097,1777539162.5045097,261954.113878,12,L_Foot,2,1,-0.6556,2.4021,8.5415,-22.2778,2.9907,-34.2407,-8.4924,8.3771,-117.0703,-0.1007,-0.025,-0.8512,0.5145
independent_20260430_165242,trial_001,subject_001,1777539162.5045097,1777539162.5045097,261954.1140752,13,R_Femur,2,1,0.981,9.0248,-2.7945,40.4053,-36.9873,-3.9062,108.0615,-5.7843,-26.8781,0.7931,0.159,-0.1761,0.561
independent_20260430_165242,trial_001,subject_001,1777539162.5045097,1777539162.5045097,261954.1142548,14,R_Tibia,1,1,1.2106,9.2497,-3.0816,20.9351,-8.2397,2.3804,106.6882,-6.8939,-161.7242,0.1626,0.7849,-0.596,0.047
independent_20260430_165242,trial_001,subject_001,1777539162.5055087,1777539162.5055087,261954.1143983,15,R_Foot,2,1,1.0097,1.8184,9.8431,3.1128,-0.1831,-1.0376,9.624,-5.2954,-98.0695,0.0897,0.0331,-0.7542,0.6497
independent_20260430_165242,trial_001,subject_001,1777539162.5055087,1777539162.5055087,261954.1146211,9,Trunk,3,1,1.4834,9.3646,-0.7178,-7.0801,-9.1553,-7.8125,98.5364,-5.2625,-13.3978,0.7553,0.0586,-0.1106,0.6433
independent_20260430_165242,trial_001,subject_001,1777539162.5055087,1777539162.5055087,261954.1147679,10,L_Femur,3,1,0.5216,8.5941,1.7944,-5.5542,-12.5122,-7.2021,78.1622,0.2197,-23.3954,0.617,0.1293,-0.1562,0.7604
independent_20260430_165242,trial_001,subject_001,1777539162.5055087,1777539162.5055087,261954.1149252,11,L_Tibia,3,1,0.5886,8.2496,-1.7896,-17.334,-30.5176,-7.8735,91.0547,-0.5823,-22.9944,0.7,0.1387,-0.1432,0.6858
independent_20260430_165242,trial_001,subject_001,1777539162.5055087,1777539162.5055087,261954.1150851,12,L_Foot,3,1,-0.3972,2.4356,9.0631,-22.4609,6.7139,-27.832,-8.8824,8.4045,-117.5262,-0.1025,-0.0281,-0.8531,0.5108
independent_20260430_165242,trial_001,subject_001,1777539162.5055087,1777539162.5055087,261954.1152775,13,R_Femur,3,1,1.1102,8.8765,-2.8711,45.0439,-33.4473,-2.0142,108.7646,-5.603,-27.356,0.7957,0.1643,-0.1762,0.5558
independent_20260430_165242,trial_001,subject_001,1777539162.5065084,1777539162.5065084,261954.115481,9,Trunk,4,1,1.3063,9.154,-0.5359,-8.4839,-8.728,-8.0566,98.3606,-5.0922,-13.5461,0.7542,0.0603,-0.1104,0.6445
independent_20260430_165242,trial_001,subject_001,1777539162.5065084,1777539162.5065084,261954.1156882,10,L_Femur,4,1,0.378,9.0152,1.8088,-6.5918,-6.5918,-9.7656,78.0634,0.3296,-23.5272,0.6161,0.1306,-0.1566,0.7608
independent_20260430_165242,trial_001,subject_001,1777539162.5065084,1777539162.5065084,261954.1158758,11,L_Tibia,4,1,0.6173,8.264,-1.7322,-7.5073,-24.292,-7.4463,90.8624,-0.4175,-23.5162,0.698,0.1427,-0.1455,0.6865
independent_20260430_165242,trial_001,subject_001,1777539162.5065084,1777539162.5065084,261954.1160592,12,L_Foot,4,1,-0.3015,2.1485,8.1874,-17.4561,8.3008,-17.7612,-9.3164,8.5034,-117.9712,-0.1051,-0.0313,-0.855,0.507
independent_20260430_165242,trial_001,subject_001,1777539162.5065084,1777539162.5065084,261954.1162401,13,R_Femur,4,1,1.1293,9.2593,-2.6797,43.9453,-27.9541,-5.0659,109.7095,-5.3503,-27.8778,0.7992,0.1707,-0.1756,0.5489
independent_20260430_165242,trial_001,subject_001,1777539162.5075085,1777539162.5075085,261954.1164392,14,R_Tibia,2,1,0.6938,9.1779,-2.5792,23.1934,-11.7798,2.2583,107.3859,-6.861,-162.0428,0.1605,0.789,-0.5913,0.0446
independent_20260430_165242,trial_001,subject_001,1777539162.5075085,1777539162.5075085,261954.1166344,15,R_Foot,3,1,0.9044,1.6317,9.8431,4.2725,-1.0376,-0.061,9.7339,-5.3284,-98.0804,0.0905,0.0336,-0.7542,0.6495
independent_20260430_165242,trial_001,subject_001,1777539162.5075085,1777539162.5075085,261954.1167689,9,Trunk,5,1,1.1197,9.154,-0.4307,-6.7749,-9.8877,-9.0942,98.2507,-4.9438,-13.6725,0.7534,0.0619,-0.1102,0.6453
independent_20260430_165242,trial_001,subject_001,1777539162.5075085,1777539162.5075085,261954.1169642,10,L_Femur,5,1,0.5264,9.1731,1.7657,-7.0801,-0.4883,-14.8926,77.959,0.5273,-23.5876,0.615,0.1321,-0.1561,0.7615
independent_20260430_165242,trial_001,subject_001,1777539162.5075085,1777539162.5075085,261954.1171337,11,L_Tibia,5,1,0.7034,8.2831,-1.5408,-0.9766,-16.6016,-8.728,90.835,-0.2802,-23.7799,0.6973,0.1451,-0.1463,0.6865
independent_20260430_165242,trial_001,subject_001,1777539162.5075085,1777539162.5075085,261954.117282,12,L_Foot,5,1,-0.2967,2.0337,7.9194,-10.8643,9.0332,-9.6436,-9.5197,8.6078,-118.1635,-0.1067,-0.0326,-0.8557,0.5053
independent_20260430_165242,trial_001,subject_001,1777539162.5085082,1777539162.5085082,261954.1175035,13,R_Femur,5,1,1.225,9.3406,-2.4309,40.8325,-25.8789,-6.2866,110.3522,-5.1416,-28.2129,0.8016,0.175,-0.1748,0.5443
independent_20260430_165242,trial_001,subject_001,1777539162.5085082,1777539162.5085082,261954.1177297,9,Trunk,6,1,1.0527,9.2401,-0.4163,-5.127,-11.9019,-10.0098,98.1628,-4.7845,-13.8208,0.7528,0.0637,-0.11,0.6459
independent_20260430_165242,trial_001,subject_001,1777539162.5085082,1777539162.5085082,261954.1179435,10,L_Femur,6,1,0.7561,8.6229,1.9858,-0.8545,6.5308,-18.1885,77.8876,0.8844,-23.5657,0.6141,0.1342,-0.1541,0.7623
independent_20260430_165242,trial_001,subject_001,1777539162.5085082,1777539162.5085082,261954.1181668,11,L_Tibia,6,1,0.6891,8.2879,-1.6939,5.5542,-10.6201,-10.0708,90.9009,-0.1263,-23.9502,0.6973,0.1471,-0.1463,0.6861
independent_20260430_165242,trial_001,subject_001,1777539162.5095081,1777539162.5095081,261954.1183942,12,L_Foot,6,1,-0.4881,1.9476,8.2927,-6.3477,8.9111,-2.1973,-9.6295,8.7341,-118.2458,-0.1081,-0.0329,-0.856,0.5044
independent_20260430_165242,trial_001,subject_001,1777539162.5095081,1777539162.5095081,261954.1186376,13,R_Femur,6,1,1.2394,9.154,-2.383,39.856,-24.6582,-6.897,110.9674,-4.9219,-28.526,0.8038,0.1792,-0.1738,0.54
independent_20260430_165242,trial_001,subject_001,1777539162.5095081,1777539162.5095081,261954.1188632,14,R_Tibia,3,1,0.9283,9.154,-2.4356,27.2217,-8.3618,1.2207,108.3032,-6.806,-162.3285,0.1586,0.7942,-0.5851,0.0423
independent_20260430_165242,trial_001,subject_001,1777539162.5095081,1777539162.5095081,261954.1190845,15,R_Foot,4,1,0.914,1.6461,9.7713,6.5918,-1.4038,-0.5493,9.9152,-5.3668,-98.1024,0.0918,0.0346,-0.7543,0.6492
independent_20260430_165242,trial_001,subject_001,1777539162.51051,1777539162.51051,261954.1196999,9,Trunk,7,1,1.1724,9.398,-0.4689,-2.5635,-14.5874,-10.6812,98.1024,-4.5483,-14.068,0.7522,0.0666,-0.1099,0.6463
independent_20260430_165242,trial_001,subject_001,1777539162.51051,1777539162.51051,261954.1198469,10,L_Femur,7,1,0.7082,8.3214,2.1868,9.3994,12.3901,-19.4702,77.9974,1.203,-23.4503,0.6145,0.1359,-0.1515,0.7622
independent_20260430_165242,trial_001,subject_001,1777539162.51051,1777539162.51051,261954.119982,11,L_Tibia,7,1,0.4211,8.3645,-1.8136,13.7329,-2.2583,-10.8032,91.1316,0.0989,-24.0436,0.6983,0.1493,-0.1452,0.6849
independent_20260430_165242,trial_001,subject_001,1777539162.51051,1777539162.51051,261954.1201154,12,L_Foot,7,1,-0.78,1.7705,8.9004,-2.4414,11.1694,7.019,-9.6735,8.9594,-118.1964,-0.11,-0.0322,-0.8558,0.5045
independent_20260430_165242,trial_001,subject_001,1777539162.51051,1777539162.51051,261954.1202335,13,R_Femur,7,1,1.1484,9.3263,-2.5409,37.4146,-21.7285,-6.7139,111.7694,-4.6472,-28.8831,0.8068,0.1843,-0.1723,0.5343
independent_20260430_165242,trial_001,subject_001,1777539162.51051,1777539162.51051,261954.1203384,9,Trunk,8,1,1.2968,9.5942,-0.4929,-2.3804,-15.3198,-11.0474,98.064,-4.3616,-14.2712,0.7518,0.069,-0.1099,0.6465
independent_20260430_165242,trial_001,subject_001,1777539162.5115092,1777539162.5115092,261954.1204584,10,L_Femur,8,1,0.1723,8.6181,2.0959,13.855,17.2729,-21.9727,78.2611,1.6809,-23.2141,0.6158,0.1381,-0.147,0.7616
independent_20260430_165242,trial_001,subject_001,1777539162.5115092,1777539162.5115092,261954.1205931,11,L_Tibia,8,1,0.3254,8.2927,-1.6078,19.9585,3.0518,-11.9019,91.4172,0.2802,-23.9996,0.6998,0.1505,-0.1435,0.6834
independent_20260430_165242,trial_001,subject_001,1777539162.5115092,1777539162.5115092,261954.1207211,12,L_Foot,8,1,-1.1149,1.9141,10.0201,-6.2256,17.5781,11.7798,-9.7229,9.2285,-118.0811,-0.1122,-0.0312,-0.8552,0.5051
independent_20260430_165242,trial_001,subject_001,1777539162.5115092,1777539162.5115092,261954.1208586,14,R_Tibia,4,1,1.0288,9.2736,-2.9477,31.6162,-17.6392,1.3428,109.4458,-6.6687,-162.8778,0.1545,0.8009,-0.5772,0.0389
independent_20260430_165242,trial_001,subject_001,1777539162.5115092,1777539162.5115092,261954.1209918,15,R_Foot,5,1,0.9762,1.6987,9.8718,8.2397,-1.8921,-0.3662,10.1459,-5.4218,-98.1189,0.0935,0.0358,-0.7543,0.6488
independent_20260430_165242,trial_001,subject_001,1777539162.5115092,1777539162.5115092,261954.1211391,9,Trunk,9,1,1.3063,9.6852,-0.4307,-4.3335,-13.9771,-11.1694,97.9926,-4.1144,-14.5294,0.7511,0.072,-0.1098,0.647
independent_20260430_165242,trial_001,subject_001,1777539162.5115092,1777539162.5115092,261954.1212724,10,L_Femur,9,1,-0.4737,8.7425,1.8471,13.4888,19.043,-24.4751,78.4698,2.0874,-23.0054,0.6169,0.1399,-0.1431,0.7612
independent_20260430_165242,trial_001,subject_001,1777539162.5115092,1777539162.5115092,261954.121377,11,L_Tibia,9,1,0.3397,8.2065,-1.8662,26.4893,2.1362,-12.5122,91.8018,0.4724,-23.9557,0.7019,0.1518,-0.1415,0.6814
independent_20260430_165242,trial_001,subject_001,1777539162.5115092,1777539162.5115092,261954.121476,12,L_Foot,9,1,-1.8423,1.6939,9.2928,-11.9629,20.2637,12.8784,-9.8987,9.679,-117.8998,-0.1163,-0.0303,-0.8542,0.5058
independent_20260430_165242,trial_001,subject_001,1777539162.5115092,1777539162.5115092,261954.1215744,13,R_Femur,8,1,0.981,8.5511,-3.7085,33.2642,-19.5923,-6.1646,112.6758,-4.2517,-29.4324,0.8097,0.1914,-0.1706,0.5279
independent_20260430_165242,trial_001,subject_001,1777539162.5834885,1777539162.5834885,261954.1932465,9,Trunk,10,1,1.0767,9.5655,-0.2967,-7.3242,-13.4277,-10.9863,97.8882,-3.9276,-14.7107,0.7503,0.0742,-0.1097,0.6477
independent_20260430_165242,trial_001,subject_001,1777539162.5844886,1777539162.5844886,261954.1933994,10,L_Femur,10,1,-0.7704,9.0057,1.5217,5.9814,13.0615,-26.001,78.5962,2.5104,-22.8571,0.6173,0.1421,-0.1397,0.7611
independent_20260430_165242,trial_001,subject_001,1777539162.5844886,1777539162.5844886,261954.1935509,11,L_Tibia,10,1,-0.1531,8.264,-1.7562,33.5693,-1.77,-12.5122,92.4445,0.7306,-23.9502,0.7054,0.1541,-0.139,0.6777
independent_20260430_165242,trial_001,subject_001,1777539162.5844886,1777539162.5844886,261954.1936793,12,L_Foot,10,1,-8.8573,0.201,4.0961,33.8745,-109.6191,-10.9253,-9.6295,8.8275,-117.7789,-0.1089,-0.032,-0.854,0.5078
independent_20260430_165242,trial_001,subject_001,1777539162.5844886,1777539162.5844886,261954.193804,13,R_Femur,9,1,1.2489,8.575,-3.5267,35.0342,-7.5684,-7.7515,113.3789,-4.0485,-29.5697,0.8125,0.1944,-0.1686,0.5231
independent_20260430_165242,trial_001,subject_001,1777539162.5844886,1777539162.5844886,261954.1939196,14,R_Tibia,5,1,1.3351,8.886,-3.2826,33.6304,-10.376,-1.4648,110.6543,-6.4929,-163.2568,0.1514,0.8077,-0.5687,0.0366
independent_20260430_165242,trial_001,subject_001,1777539162.5844886,1777539162.5844886,261954.194035,15,R_Foot,6,1,0.9427,1.7849,9.7617,6.2256,-2.1362,-0.4883,10.3601,-5.4987,-98.1409,0.0952,0.0368,-0.7544,0.6484
independent_20260430_165242,trial_001,subject_001,1777539162.5844886,1777539162.5844886,261954.1941376,9,Trunk,11,1,0.8661,9.3789,-0.1388,-9.4604,-13.7329,-10.8643,97.7509,-3.7518,-14.892,0.7493,0.0762,-0.1096,0.6486
independent_20260430_165242,trial_001,subject_001,1777539162.5844886,1777539162.5844886,261954.1942269,10,L_Femur,11,1,-0.6077,8.5128,1.5935,5.3101,6.1035,-25.0244,78.6456,3.0322,-22.8186,0.6169,0.1454,-0.1365,0.7614
independent_20260430_165242,trial_001,subject_001,1777539162.5844886,1777539162.5844886,261954.1943183,11,L_Tibia,11,1,-0.6604,8.9004,-1.4212,32.8979,-6.3477,-14.0991,92.9498,0.9503,-24.0161,0.708,0.1564,-0.1374,0.6748
independent_20260430_165242,trial_001,subject_001,1777539162.5854948,1777539162.5854948,261954.1944342,12,L_Foot,11,1,-4.0243,0.1388,5.9097,34.0576,-141.0522,-13.6719,-8.9923,6.4984,-117.5812,-0.0889,-0.0377,-0.8536,0.5119
independent_20260430_165242,trial_001,subject_001,1777539162.5854948,1777539162.5854948,261954.1945478,13,R_Femur,10,1,1.2298,8.5176,-3.6654,38.147,-11.1084,-8.5449,113.9337,-3.8837,-29.6521,0.8147,0.1965,-0.1669,0.5194
independent_20260430_165242,trial_001,subject_001,1777539162.5854948,1777539162.5854948,261954.1946594,9,Trunk,12,1,0.9092,9.2928,0.1866,-10.0098,-15.9302,-10.9253,97.5421,-3.5046,-15.1666,0.7478,0.0792,-0.1097,0.65
independent_20260430_165242,trial_001,subject_001,1777539162.5854948,1777539162.5854948,261954.1947517,10,L_Femur,12,1,-0.6077,7.0964,0.914,31.4941,7.7515,-23.6816,79.0411,3.4058,-22.7692,0.619,0.148,-0.1337,0.7596
independent_20260430_165242,trial_001,subject_001,1777539162.5854948,1777539162.5854948,261954.1948598,11,L_Tibia,12,1,-0.7226,9.0487,-1.1915,29.1748,-30.1514,-8.606,93.5376,1.1865,-24.494,0.7105,0.1615,-0.1379,0.6709
independent_20260430_165242,trial_001,subject_001,1777539162.5854948,1777539162.5854948,261954.1949573,13,R_Femur,11,1,0.7417,8.4267,-3.8233,47.2412,-22.0337,-10.5591,114.8346,-3.5541,-29.9103,0.818,0.2012,-0.1641,0.5133
independent_20260430_165242,trial_001,subject_001,1777539162.5854948,1777539162.5854948,261954.1950542,14,R_Tibia,6,1,1.2489,9.0631,-3.8186,34.1797,-15.3809,-2.8687,111.72,-6.2622,-163.6249,0.148,0.8136,-0.5611,0.0351
independent_20260430_165242,trial_001,subject_001,1777539162.5854948,1777539162.5854948,261954.1951468,15,R_Foot,7,1,1.0336,1.8997,9.8191,5.127,0.3052,-1.1597,10.5414,-5.5261,-98.1683,0.0964,0.0379,-0.7545,0.6481
independent_20260430_165242,trial_001,subject_001,1777539162.5854948,1777539162.5854948,261954.1952372,9,Trunk,13,1,1.0527,9.3789,0.2393,-8.4229,-17.334,-11.2305,97.4103,-3.3124,-15.3973,0.7468,0.0817,-0.1099,0.6508
independent_20260430_165242,trial_001,subject_001,1777539162.5854948,1777539162.5854948,261954.1953267,11,L_Tibia,13,1,0.0909,10.7857,0.8039,10.437,-32.0435,-16.8457,93.6969,1.4392,-24.9719,0.7104,0.1661,-0.1389,0.6697
independent_20260430_165242,trial_001,subject_001,1777539162.5864942,1777539162.5864942,261954.195416,12,L_Foot,12,1,2.9812,-2.3256,8.5941,87.8906,-48.1567,-26.123,-6.3446,3.6475,-118.136,-0.0557,-0.0311,-0.8569,0.5115
independent_20260430_165242,trial_001,subject_001,1777539162.5864942,1777539162.5864942,261954.1955231,13,R_Femur,12,1,0.6699,8.642,-3.7946,54.5654,-24.8413,-10.8032,115.6421,-3.2574,-30.1685,0.8208,0.2056,-0.1618,0.5077
independent_20260430_165242,trial_001,subject_001,1777539162.663422,1777539162.663422,261954.2730283,9,Trunk,14,1,1.1149,9.5895,0.0335,-7.0801,-20.2026,-11.4746,97.3004,-3.1146,-15.672,0.7459,0.0845,-0.1102,0.6515
independent_20260430_165242,trial_001,subject_001,1777539162.663422,1777539162.663422,261954.2731935,10,L_Femur,13,1,-0.8661,10.4604,-0.1101,45.9595,-25.8789,-5.3101,80.6891,3.8727,-23.1812,0.6286,0.1552,-0.1316,0.7506
independent_20260430_165242,trial_001,subject_001,1777539162.6644216,1777539162.6644216,261954.2733319,11,L_Tibia,14,1,1.4499,13.5372,4.4215,-11.6577,-13.1836,12.3291,93.5925,1.3733,-25.2136,0.7095,0.1671,-0.1409,0.6699
independent_20260430_165242,trial_001,subject_001,1777539162.6644216,1777539162.6644216,261954.2734778,12,L_Foot,13,1,8.0486,-2.3495,9.4124,110.1074,-16.6626,-0.6104,-4.7626,3.241,-118.1964,-0.0456,-0.0211,-0.8576,0.5119
independent_20260430_165242,trial_001,subject_001,1777539162.6644216,1777539162.6644216,261954.2736459,13,R_Femur,13,1,0.957,8.6037,-3.7898,55.4199,-24.4141,-10.6201,116.5045,-2.9553,-30.4321,0.8238,0.21,-0.1592,0.5018
independent_20260430_165242,trial_001,subject_001,1777539162.6644216,1777539162.6644216,261954.273768,14,R_Tibia,7,1,1.2729,9.2449,-3.5219,35.5835,-20.3857,-5.9814,112.9834,-5.8612,-164.1577,0.1427,0.8209,-0.552,0.0338
independent_20260430_165242,trial_001,subject_001,1777539162.6644216,1777539162.6644216,261954.2738931,15,R_Foot,8,1,1.0336,1.7514,9.7952,5.3101,2.3193,-0.4883,10.7062,-5.4657,-98.1903,0.0969,0.0393,-0.7546,0.6478
independent_20260430_165242,trial_001,subject_001,1777539162.6644216,1777539162.6644216,261954.2740165,9,Trunk,15,1,0.9283,9.6995,-0.5742,7.9956,-23.2544,-9.4604,97.3553,-2.8674,-16.1005,0.7457,0.0888,-0.111,0.651
independent_20260430_165242,trial_001,subject_001,1777539162.6644216,1777539162.6644216,261954.2741474,10,L_Femur,14,1,-0.3876,13.786,2.1438,21.1792,-60.0586,9.8877,81.0461,3.642,-23.9392,0.6303,0.1583,-0.1374,0.7475
independent_20260430_165242,trial_001,subject_001,1777539162.6644216,1777539162.6644216,261954.2742456,11,L_Tibia,15,1,4.8904,12.8434,2.9477,12.3291,-29.2969,0.0,93.6969,1.3843,-25.697,0.7094,0.1703,-0.1435,0.6687
independent_20260430_165242,trial_001,subject_001,1777539162.665422,1777539162.665422,261954.2743689,12,L_Foot,14,1,5.0483,0.0622,13.8004,107.1167,20.9351,25.9399,-2.5269,3.5925,-117.8009,-0.0382,-0.0027,-0.856,0.5156
independent_20260430_165242,trial_001,subject_001,1777539162.665422,1777539162.665422,261954.2744773,13,R_Femur,14,1,1.4068,9.4603,-3.6654,60.0586,-19.5923,-9.2773,117.7734,-2.5873,-30.7123,0.8285,0.2154,-0.1554,0.493
independent_20260430_165242,trial_001,subject_001,1777539162.665422,1777539162.665422,261954.2745699,9,Trunk,16,1,1.0145,10.1637,-1.3925,20.2026,-17.7612,-6.897,97.6245,-2.7301,-16.3696,0.7469,0.0916,-0.1115,0.6491
independent_20260430_165242,trial_001,subject_001,1777539162.665422,1777539162.665422,261954.2747262,10,L_Femur,15,1,0.9953,15.7958,6.9146,-17.0288,-123.7183,18.3716,80.7495,2.9663,-25.9882,0.6266,0.1648,-0.1549,0.7458
independent_20260430_165242,trial_001,subject_001,1777539162.665422,1777539162.665422,261954.2749114,11,L_Tibia,16,1,3.7468,11.0729,0.201,34.2407,-31.4331,-3.0518,94.1418,1.4557,-26.1694,0.7112,0.1742,-0.1451,0.6655
independent_20260430_165242,trial_001,subject_001,1777539162.665422,1777539162.665422,261954.2750777,12,L_Foot,15,1,-3.0146,2.5505,14.4272,99.8535,32.4097,14.4653,-0.9613,4.0265,-117.5427,-0.0344,0.011,-0.8547,0.5179
independent_20260430_165242,trial_001,subject_001,1777539162.665422,1777539162.665422,261954.2752393,13,R_Femur,15,1,1.426,9.8383,-3.3927,58.1055,-15.625,-7.2632,118.5974,-2.384,-30.8716,0.8315,0.2186,-0.1531,0.4873
independent_20260430_165242,trial_001,subject_001,1777539162.6664228,1777539162.6664228,261954.2754212,14,R_Tibia,8,1,1.3686,9.9053,-2.4644,41.626,-13.1226,-8.5449,114.4116,-5.3833,-164.5367,0.1382,0.8286,-0.5414,0.0337
independent_20260430_165242,trial_001,subject_001,1777539162.6664228,1777539162.6664228,261954.2755797,15,R_Foot,9,1,1.4403,1.4068,9.9627,8.4229,2.9907,-1.2207,10.9039,-5.3833,-98.1958,0.0975,0.0411,-0.7545,0.6477
independent_20260430_165242,trial_001,subject_001,1777539162.6664228,1777539162.6664228,261954.2757261,9,Trunk,17,1,1.4882,11.1686,-2.5266,20.2637,-2.1973,-1.8311,98.042,-2.6532,-16.5015,0.7491,0.0933,-0.1114,0.6463
independent_20260430_165242,trial_001,subject_001,1777539162.6664228,1777539162.6664228,261954.2758932,10,L_Femur,16,1,1.8471,13.341,8.331,-5.6152,-114.2578,12.3291,80.5353,2.4719,-27.713,0.6235,0.1707,-0.1692,0.744
independent_20260430_165242,trial_001,subject_001,1777539162.6664228,1777539162.6664228,261954.2760523,11,L_Tibia,17,1,1.3781,10.4316,-1.3159,65.1855,-35.2783,-7.9346,95.0153,1.6095,-26.6583,0.7152,0.1792,-0.1456,0.6596
independent_20260430_165242,trial_001,subject_001,1777539162.6664228,1777539162.6664228,261954.2762102,12,L_Foot,16,1,-2.0433,3.6128,17.5089,37.2925,22.644,-0.5493,0.0824,4.444,-117.5208,-0.0328,0.0207,-0.8543,0.5183
independent_20260430_165242,trial_001,subject_001,1777539162.6674273,1777539162.6674273,261954.2763902,13,R_Femur,16,1,1.56,11.0154,-3.5027,33.3862,-6.8359,-9.7046,119.1907,-2.2083,-30.91,0.8337,0.2204,-0.1509,0.4833
independent_20260430_165242,trial_001,subject_001,1777539162.6674273,1777539162.6674273,261954.2765471,9,Trunk,18,1,1.5217,11.5274,-2.9142,13.4888,10.1929,3.6621,98.2397,-2.7191,-16.3861,0.7504,0.0923,-0.111,0.6451
independent_20260430_165242,trial_001,subject_001,1777539162.6674273,1777539162.6674273,261954.2766972,10,L_Femur,17,1,0.957,11.5514,6.0915,2.2583,-62.7441,-0.8545,80.4968,2.2522,-28.7897,0.622,0.1751,-0.1774,0.7423
independent_20260430_165242,trial_001,subject_001,1777539162.6674273,1777539162.6674273,261954.2768534,11,L_Tibia,18,1,-4.2349,10.3455,-2.5313,60.791,-69.8853,22.1558,96.3171,1.5161,-27.8339,0.7209,0.1877,-0.1509,0.6498
independent_20260430_165242,trial_001,subject_001,1777539162.6674273,1777539162.6674273,261954.2770076,12,L_Foot,17,1,0.8518,0.7513,12.7812,21.8506,26.3672,1.8921,0.4614,4.8615,-117.5043,-0.0342,0.0254,-0.8541,0.5184
independent_20260430_165242,trial_001,subject_001,1777539162.6674273,1777539162.6674273,261954.2771626,13,R_Femur,17,1,1.7466,10.6518,-3.5267,16.9067,-1.0376,-8.3008,119.5807,-2.049,-30.8716,0.8353,0.2213,-0.1488,0.4808
independent_20260430_165242,trial_001,subject_001,1777539162.6684227,1777539162.6684227,261954.2773169,14,R_Tibia,9,1,0.4785,10.0871,-2.2107,55.1758,-19.5923,-9.0942,116.1694,-4.8285,-164.9542,0.1331,0.8379,-0.5283,0.0337
independent_20260430_165242,trial_001,subject_001,1777539162.6840203,1777539162.6840203,261954.2933651,9,Trunk,19,1,1.0192,11.5609,-2.7993,8.667,12.5732,7.2632,98.3606,-2.851,-16.2158,0.7513,0.0906,-0.1108,0.6443
independent_20260430_165242,trial_001,subject_001,1777539162.6840203,1777539162.6840203,261954.2934834,10,L_Femur,18,1,-0.6364,7.9721,-1.1149,39.6118,4.9438,-29.2969,81.0736,2.6422,-29.1028,0.6245,0.1802,-0.1764,0.7392
independent_20260430_165242,trial_001,subject_001,1777539162.6840203,1777539162.6840203,261954.2935865,11,L_Tibia,19,1,-3.8329,9.8574,-2.5122,50.5371,-98.5718,20.9961,97.0862,1.3788,-29.2621,0.7231,0.197,-0.1585,0.6428
independent_20260430_165242,trial_001,subject_001,1777539162.6840203,1777539162.6840203,261954.2936891,12,L_Foot,18,1,-3.431,0.6269,10.5178,14.7705,8.0566,-0.3052,0.7251,5.0482,-117.4988,-0.0344,0.0283,-0.8539,0.5185
independent_20260430_165242,trial_001,subject_001,1777539162.6840203,1777539162.6840203,261954.2937862,13,R_Femur,18,1,1.536,10.8958,-3.6128,-0.4272,-0.1831,-6.4697,119.6246,-1.972,-30.8221,0.8355,0.2213,-0.1479,0.4807
independent_20260430_165242,trial_001,subject_001,1777539162.6850233,1777539162.6850233,261954.2938821,9,Trunk,20,1,-0.4163,11.3935,-2.0672,-5.4321,-3.54,5.9814,98.3057,-3.0048,-16.2048,0.7511,0.0896,-0.1118,0.6445
independent_20260430_165242,trial_001,subject_001,1777539162.6850233,1777539162.6850233,261954.2939753,10,L_Femur,19,1,-0.7656,6.4839,-4.6895,44.9829,24.292,-39.2456,81.7548,3.252,-28.8501,0.6282,0.1837,-0.1703,0.7366
independent_20260430_165242,trial_001,subject_001,1777539162.6850233,1777539162.6850233,261954.2940677,11,L_Tibia,20,1,-3.4214,8.3836,-3.5075,41.5039,-112.3657,16.0522,97.8992,1.3293,-31.4648,0.7238,0.2118,-0.1696,0.6345
independent_20260430_165242,trial_001,subject_001,1777539162.69402,1777539162.69402,261954.3031308,12,L_Foot,19,1,-1.5695,0.5886,10.312,6.6528,-0.3052,1.77,0.9119,5.0702,-117.4933,-0.0337,0.0297,-0.8538,0.5186
independent_20260430_165242,trial_001,subject_001,1777539162.69402,1777539162.69402,261954.3032683,13,R_Femur,19,1,0.7656,11.2643,-3.2922,-21.3623,-1.2207,-5.6152,119.317,-1.8677,-30.7727,0.8342,0.221,-0.1476,0.4833
independent_20260430_165242,trial_001,subject_001,1777539162.69402,1777539162.69402,261954.3033737,14,R_Tibia,10,1,-0.6604,10.1876,-2.5983,70.7397,-30.7007,-6.6528,118.4821,-4.1528,-165.575,0.1262,0.8496,-0.511,0.0333
independent_20260430_165242,trial_001,subject_001,1777539162.69402,1777539162.69402,261954.3034717,15,R_Foot,10,1,0.7417,1.4068,9.8909,28.9917,-0.4272,-4.8218,12.1729,-5.2405,-98.3441,0.1036,0.0504,-0.7548,0.6458
independent_20260430_165242,trial_001,subject_001,1777539162.69402,1777539162.69402,261954.3035664,10,L_Femur,20,1,-2.2634,7.6371,-1.6748,43.9453,-7.6294,-33.7524,82.6172,3.9771,-28.8721,0.6324,0.1897,-0.165,0.7327
independent_20260430_165242,trial_001,subject_001,1777539162.69402,1777539162.69402,261954.3036624,11,L_Tibia,21,1,-0.7513,8.2831,-4.053,38.7573,-91.4917,10.2539,98.4595,1.3733,-32.9315,0.724,0.2221,-0.1764,0.6288
independent_20260430_165242,trial_001,subject_001,1777539162.69402,1777539162.69402,261954.3037566,12,L_Foot,20,1,-1.5408,0.6221,9.9483,4.3945,-3.9062,3.2349,0.9998,5.0317,-117.4493,-0.033,0.0302,-0.8536,0.519
independent_20260430_165242,trial_001,subject_001,1777539162.69402,1777539162.69402,261954.3038546,13,R_Femur,20,1,-0.0383,11.3935,-2.8089,-38.208,-4.8218,-2.9907,118.7897,-1.8018,-30.8002,0.8318,0.2208,-0.1482,0.4872
independent_20260430_165242,trial_001,subject_001,1777539162.6950192,1777539162.6950192,261954.3039798,9,Trunk,21,1,-1.1293,9.6708,-1.6317,-6.4697,-30.8228,-7.3242,98.0969,-2.8564,-16.8475,0.7493,0.0944,-0.1146,0.6454
independent_20260430_165242,trial_001,subject_001,1777539162.6950192,1777539162.6950192,261954.3040936,10,L_Femur,21,1,-2.962,9.7617,0.2967,52.4292,-26.8555,-23.0713,83.3478,4.3121,-29.2621,0.6358,0.195,-0.1643,0.7285
independent_20260430_165242,trial_001,subject_001,1777539162.6950192,1777539162.6950192,261954.3041881,11,L_Tibia,22,1,2.4787,9.1205,-3.9047,36.8652,-39.7339,5.0659,99.0088,1.4117,-33.6841,0.7255,0.228,-0.1792,0.6242
independent_20260430_165242,trial_001,subject_001,1777539162.6950192,1777539162.6950192,261954.304279,12,L_Foot,21,1,-1.6796,0.9283,10.135,-5.3101,-7.7515,1.8921,0.9558,4.9384,-117.4219,-0.0325,0.0295,-0.8535,0.5192
independent_20260430_165242,trial_001,subject_001,1777539162.6950192,1777539162.6950192,261954.3043885,13,R_Femur,21,1,-0.646,11.2547,-1.9858,-58.1665,-7.8735,1.77,117.9712,-1.7743,-30.899,0.8281,0.2206,-0.15,0.493
independent_20260430_165242,trial_001,subject_001,1777539162.6950192,1777539162.6950192,261954.3045096,14,R_Tibia,11,1,-1.1963,10.1302,-2.5361,86.792,-52.3682,0.6714,121.0034,-3.4058,-166.712,0.1152,0.8625,-0.4919,0.0313
independent_20260430_165242,trial_001,subject_001,1777539162.6950192,1777539162.6950192,261954.3046142,15,R_Foot,11,1,1.0336,1.2394,9.8048,47.1191,0.6714,-11.4136,13.5352,-5.1855,-98.6407,0.1108,0.06,-0.7558,0.6426
independent_20260430_165242,trial_001,subject_001,1777539162.7143393,1777539162.7143393,261954.3236519,9,Trunk,22,1,-0.0526,9.1396,-2.1342,0.061,-39.2456,-13.6108,98.0695,-2.5214,-17.5616,0.7483,0.101,-0.1165,0.6452
independent_20260430_165242,trial_001,subject_001,1777539162.7143393,1777539162.7143393,261954.3238331,10,L_Femur,22,1,-1.1245,11.1973,0.3685,44.6167,-28.6865,-10.1929,84.0125,4.455,-29.707,0.639,0.1993,-0.1652,0.7244
independent_20260430_165242,trial_001,subject_001,1777539162.7143393,1777539162.7143393,261954.323978,11,L_Tibia,23,1,7.2352,10.0488,-2.7658,37.2925,61.8896,-15.9912,99.7394,1.7358,-32.8821,0.7305,0.2257,-0.1713,0.6214
independent_20260430_165242,trial_001,subject_001,1777539162.7143393,1777539162.7143393,261954.3241163,12,L_Foot,22,1,-0.0287,0.3063,10.4604,-4.6997,-0.7935,0.9155,0.8679,4.8889,-117.4054,-0.0325,0.0286,-0.8535,0.5193
independent_20260430_165242,trial_001,subject_001,1777539162.7153406,1777539162.7153406,261954.3242546,13,R_Femur,22,1,-1.8375,10.7331,-0.7608,-70.4346,-14.2212,8.4229,116.6199,-1.8018,-31.1792,0.8217,0.2207,-0.154,0.5023
independent_20260430_165242,trial_001,subject_001,1777539162.7153406,1777539162.7153406,261954.3243916,9,Trunk,23,1,0.5407,9.4315,-2.4883,3.1738,-34.9731,-14.6484,98.1134,-2.2412,-18.0725,0.7479,0.106,-0.1175,0.6447
independent_20260430_165242,trial_001,subject_001,1777539162.7153406,1777539162.7153406,261954.3245257,10,L_Femur,23,1,1.9858,10.5752,-0.0096,37.4146,-17.8833,1.4038,84.7485,4.4275,-30.119,0.6429,0.2025,-0.1667,0.7196
independent_20260430_165242,trial_001,subject_001,1777539162.7153406,1777539162.7153406,261954.3247015,11,L_Tibia,24,1,4.1439,10.6853,-1.493,39.4287,81.7871,-22.644,100.3876,1.8512,-31.6626,0.7362,0.2195,-0.1627,0.6192
independent_20260430_165242,trial_001,subject_001,1777539162.7153406,1777539162.7153406,261954.3248484,12,L_Foot,23,1,-0.0766,0.0335,10.0919,-0.8545,2.9907,-0.3662,0.8569,4.9274,-117.4054,-0.0328,0.0287,-0.8535,0.5193
independent_20260430_165242,trial_001,subject_001,1777539162.7153406,1777539162.7153406,261954.3249911,13,R_Femur,23,1,-2.651,10.3455,-0.1005,-75.1953,-25.9399,10.6812,115.5048,-1.7963,-31.5637,0.816,0.2219,-0.1579,0.5098
independent_20260430_165242,trial_001,subject_001,1777539162.7153406,1777539162.7153406,261954.3251313,14,R_Tibia,12,1,-0.6699,9.7809,-2.5601,97.4731,-48.2788,7.5073,124.4092,-2.5488,-168.316,0.1003,0.8788,-0.4658,0.0279
independent_20260430_165242,trial_001,subject_001,1777539162.7163405,1777539162.7163405,261954.3252658,15,R_Foot,12,1,1.3686,0.6364,10.2737,97.7173,1.9531,-21.2402,15.9247,-5.0262,-99.1241,0.1228,0.0772,-0.757,0.6371
independent_20260430_165242,trial_001,subject_001,1777539162.7745883,1777539162.7745883,261954.3835452,9,Trunk,24,1,0.6651,9.5225,-2.6988,2.1973,-22.644,-14.2822,98.1628,-1.8896,-18.5504,0.7474,0.1111,-0.1179,0.6443
independent_20260430_165242,trial_001,subject_001,1777539162.7745883,1777539162.7745883,261954.3836671,10,L_Femur,24,1,1.1437,9.7234,-0.3302,34.3628,-15.686,-1.2207,85.2539,4.411,-30.3497,0.6457,0.2045,-0.1673,0.7164
independent_20260430_165242,trial_001,subject_001,1777539162.7745883,1777539162.7745883,261954.3837844,11,L_Tibia,25,1,-0.6125,10.2689,-1.469,33.4473,66.1011,-26.5503,100.9369,2.049,-30.6134,0.7408,0.2145,-0.1547,0.6175
independent_20260430_165242,trial_001,subject_001,1777539162.7745883,1777539162.7745883,261954.3839231,12,L_Foot,24,1,-0.5551,0.1675,9.8431,4.0283,5.6763,-1.2817,0.9393,5.0482,-117.4329,-0.0334,0.0299,-0.8536,0.5191
independent_20260430_165242,trial_001,subject_001,1777539162.7745883,1777539162.7745883,261954.3840449,13,R_Femur,24,1,-3.0769,10.2737,-0.1101,-89.7217,-41.5039,9.7046,114.2249,-1.7139,-32.1405,0.8091,0.2246,-0.1624,0.5182
independent_20260430_165242,trial_001,subject_001,1777539162.7745883,1777539162.7745883,261954.3841538,9,Trunk,25,1,0.579,9.0774,-2.6558,0.4883,-16.0522,-13.9771,98.1683,-1.6534,-18.7756,0.747,0.1139,-0.1176,0.6443
independent_20260430_165242,trial_001,subject_001,1777539162.7745883,1777539162.7745883,261954.384247,10,L_Femur,25,1,-1.0958,9.4698,-0.6938,30.3345,-12.146,-7.0801,85.7043,4.4824,-30.542,0.648,0.2067,-0.1673,0.7137
independent_20260430_165242,trial_001,subject_001,1777539162.7745883,1777539162.7745883,261954.3843564,11,L_Tibia,26,1,-6.436,8.4219,-2.5122,40.1001,-90.21,30.8838,101.4423,1.9995,-31.3715,0.7421,0.2199,-0.1581,0.6131
independent_20260430_165242,trial_001,subject_001,1777539162.7755885,1777539162.7755885,261954.3844813,12,L_Foot,25,1,-1.0575,0.1962,9.9101,4.4556,5.3711,-0.9155,1.0107,5.1306,-117.4493,-0.0337,0.0308,-0.8536,0.5189
independent_20260430_165242,trial_001,subject_001,1777539162.8336623,1777539162.8336623,261954.4433319,13,R_Femur,25,1,-2.5266,9.8574,-1.2633,-89.1724,-71.8994,10.1318,112.4451,-1.4117,-33.3984,0.7981,0.2323,-0.1696,0.5295
independent_20260430_165242,trial_001,subject_001,1777539162.834663,1777539162.834663,261954.4435584,14,R_Tibia,13,1,-0.2632,9.3598,-3.2922,106.9946,-32.8979,18.1274,128.0347,-2.1753,-169.6344,0.0895,0.8943,-0.4378,0.0226
independent_20260430_165242,trial_001,subject_001,1777539162.853664,1777539162.853664,261954.4632892,15,R_Foot,13,1,1.091,2.0911,10.6374,156.3721,-1.2207,-33.7524,20.8411,-4.7461,-100.1624,0.1472,0.1125,-0.7585,0.6248
independent_20260430_165242,trial_001,subject_001,1777539162.853664,1777539162.853664,261954.4635067,9,Trunk,26,1,0.3158,8.7138,-2.7228,-0.7935,-15.8081,-13.916,98.1519,-1.4227,-18.9789,0.7465,0.1165,-0.1172,0.6445
independent_20260430_165242,trial_001,subject_001,1777539162.8546631,1777539162.8546631,261954.4636848,10,L_Femur,26,1,-2.0385,9.2641,-1.1532,34.5459,-9.2773,-11.9629,86.3361,4.6857,-30.7397,0.6512,0.2099,-0.1662,0.7101
independent_20260430_165242,trial_001,subject_001,1777539162.8546631,1777539162.8546631,261954.4638568,11,L_Tibia,27,1,-4.6895,9.2593,-3.0912,26.7944,-133.1787,13.9771,101.7828,2.2247,-33.4589,0.7394,0.235,-0.1671,0.6083
independent_20260430_165242,trial_001,subject_001,1777539162.8546631,1777539162.8546631,261954.4639942,12,L_Foot,26,1,-1.5456,0.2488,9.9388,4.5776,2.9297,0.0,1.0931,5.191,-117.4548,-0.0338,0.0317,-0.8536,0.5189
independent_20260430_165242,trial_001,subject_001,1777539162.8546631,1777539162.8546631,261954.4641012,13,R_Femur,26,1,-0.4259,10.2307,-2.2251,-88.9893,-78.2471,11.9629,111.1267,-1.1481,-34.541,0.7892,0.2394,-0.1758,0.5375
independent_20260430_165242,trial_001,subject_001,1777539162.8546631,1777539162.8546631,261954.4642028,9,Trunk,27,1,-0.1436,8.8382,-2.8998,-0.2441,-16.7236,-12.4512,98.1244,-1.1316,-19.27,0.7458,0.1201,-0.117,0.6447
independent_20260430_165242,trial_001,subject_001,1777539162.8546631,1777539162.8546631,261954.4643247,11,L_Tibia,28,1,0.8853,9.7187,-3.7372,21.1182,-90.271,10.1929,102.1454,2.4335,-35.5463,0.7366,0.2501,-0.176,0.6033
independent_20260430_165242,trial_001,subject_001,1777539162.8546631,1777539162.8546631,261954.4644754,12,L_Foot,27,1,-1.292,0.3302,10.111,1.709,0.8545,0.6714,1.1591,5.2185,-117.4548,-0.0337,0.0323,-0.8535,0.5189
independent_20260430_165242,trial_001,subject_001,1777539162.855664,1777539162.855664,261954.4646096,13,R_Femur,27,1,2.115,10.7283,-3.0529,-103.5156,-49.8657,14.5264,109.1327,-1.0217,-35.744,0.777,0.2451,-0.1848,0.5495
independent_20260430_165242,trial_001,subject_001,1777539162.855664,1777539162.855664,261954.4647113,14,R_Tibia,14,1,-0.4546,9.0727,-5.8953,114.0747,-38.0249,23.6206,132.0172,-1.9391,-171.0516,0.0781,0.9102,-0.4065,0.0163
independent_20260430_165242,trial_001,subject_001,1777539162.855664,1777539162.855664,261954.4648053,15,R_Foot,14,1,-0.1483,2.7658,10.3886,191.7725,-21.1792,-64.5142,27.0813,-4.3011,-101.9092,0.1757,0.1587,-0.7601,0.6052
independent_20260430_165242,trial_001,subject_001,1777539162.855664,1777539162.855664,261954.4649001,9,Trunk,28,1,-0.4211,9.3263,-2.8663,-2.5635,-17.0288,-11.4136,98.0804,-0.9338,-19.4952,0.7451,0.1226,-0.117,0.645
independent_20260430_165242,trial_001,subject_001,1777539162.855664,1777539162.855664,261954.4649971,10,L_Femur,27,1,-0.7704,9.7569,-0.7273,41.5649,6.6528,-11.1084,87.7533,5.1086,-30.7727,0.6591,0.2147,-0.1613,0.7025
independent_20260430_165242,trial_001,subject_001,1777539162.855664,1777539162.855664,261954.465092,11,L_Tibia,29,1,3.8425,9.7282,-2.7228,19.5312,-36.6211,-5.3711,102.4146,2.5928,-36.2384,0.7362,0.2558,-0.178,0.6008
independent_20260430_165242,trial_001,subject_001,1777539162.9346032,1777539162.9346032,261954.5434751,12,L_Foot,28,1,-0.9857,0.268,10.1972,-0.3052,0.1831,0.9155,1.17,5.2295,-117.4438,-0.0337,0.0324,-0.8535,0.519
independent_20260430_165242,trial_001,subject_001,1777539162.9346032,1777539162.9346032,261954.543655,13,R_Femur,28,1,2.6701,10.69,-3.7898,-109.0088,-20.0195,11.4136,107.5012,-1.0822,-36.167,0.7683,0.245,-0.1908,0.5597
independent_20260430_165242,trial_001,subject_001,1777539162.9346032,1777539162.9346032,261954.5438201,9,Trunk,29,1,-0.5072,9.8287,-2.4644,-7.0801,-14.4653,-11.6577,97.9761,-0.7361,-19.6985,0.7442,0.1249,-0.117,0.6457
independent_20260430_165242,trial_001,subject_001,1777539162.9346032,1777539162.9346032,261954.5439699,10,L_Femur,28,1,-0.6269,9.9675,-0.7369,38.4521,10.9863,-9.3994,88.3575,5.2625,-30.6189,0.6628,0.2156,-0.1583,0.6994
independent_20260430_165242,trial_001,subject_001,1777539162.9346032,1777539162.9346032,261954.5441183,11,L_Tibia,30,1,4.0243,9.5942,-2.249,19.4702,57.5562,-20.5688,102.7551,2.7191,-35.4858,0.7394,0.2521,-0.1725,0.6
independent_20260430_165242,trial_001,subject_001,1777539162.9346032,1777539162.9346032,261954.544272,12,L_Foot,29,1,-0.8039,0.0191,10.0536,1.4038,0.4883,1.2207,1.1975,5.2405,-117.4274,-0.0336,0.0327,-0.8534,0.5192
independent_20260430_165242,trial_001,subject_001,1777539162.9346032,1777539162.9346032,261954.5444174,13,R_Femur,29,1,1.9715,10.8958,-4.7612,-112.2437,3.6011,6.2866,105.8258,-1.203,-36.2054,0.7602,0.2418,-0.1953,0.5705
independent_20260430_165242,trial_001,subject_001,1777539162.9356046,1777539162.9356046,261954.5445906,14,R_Tibia,15,1,0.5694,9.1253,-7.2256,98.6328,-37.7808,23.3765,135.2307,-1.6699,-172.3206,0.0674,0.9221,-0.3808,0.0121
independent_20260430_165242,trial_001,subject_001,1777539162.9356046,1777539162.9356046,261954.544746,15,R_Foot,15,1,0.7752,3.3879,9.6708,231.4453,-55.1147,-100.0977,34.9969,-4.0594,-105.4413,0.2089,0.2186,-0.7648,0.5688
independent_20260430_165242,trial_001,subject_001,1777539162.9356046,1777539162.9356046,261954.5449149,9,Trunk,30,1,-0.2823,10.0249,-1.9093,-9.7046,-11.9019,-14.4653,97.7728,-0.4449,-19.9127,0.7425,0.1277,-0.1166,0.6471
independent_20260430_165242,trial_001,subject_001,1777539162.9356046,1777539162.9356046,261954.5450574,10,L_Femur,29,1,-0.8183,10.0775,-0.4689,33.5083,13.3057,-7.2021,88.8849,5.3778,-30.4211,0.6661,0.2158,-0.1554,0.6968
independent_20260430_165242,trial_001,subject_001,1777539162.9356046,1777539162.9356046,261954.5451969,11,L_Tibia,31,1,-0.5981,9.8861,-2.3543,17.4561,63.9648,-21.2402,103.1891,2.8564,-34.0576,0.7445,0.2442,-0.1632,0.5995
independent_20260430_165242,trial_001,subject_001,1777539162.9356046,1777539162.9356046,261954.5453375,12,L_Foot,30,1,-0.8853,0.268,10.1206,0.9766,1.0376,0.4272,1.236,5.2625,-117.4219,-0.0336,0.033,-0.8534,0.5192
independent_20260430_165242,trial_001,subject_001,1777539162.9366016,1777539162.9366016,261954.5454597,9,Trunk,31,1,-0.0718,9.8239,-1.8088,-6.958,-7.9956,-16.4795,97.641,-0.1978,-20.0116,0.7414,0.1297,-0.1157,0.6482
independent_20260430_165242,trial_001,subject_001,1777539162.9366016,1777539162.9366016,261954.5455617,10,L_Femur,30,1,-1.5217,10.044,-0.4115,31.9214,8.9111,-5.7983,89.5551,5.5042,-30.1959,0.6704,0.2162,-0.152,0.6934
independent_20260430_165242,trial_001,subject_001,1777539162.9366016,1777539162.9366016,261954.545656,11,L_Tibia,32,1,-3.0386,9.5799,-2.0672,17.7002,35.1562,-21.3013,103.4967,3.0322,-33.4369,0.7471,0.2415,-0.1581,0.5987
independent_20260430_165242,trial_001,subject_001,1777539162.9366016,1777539162.9366016,261954.5457491,12,L_Foot,31,1,-0.9714,0.2919,10.0488,0.5493,1.0986,0.0,1.2524,5.2844,-117.4219,-0.0337,0.0333,-0.8533,0.5192
independent_20260430_165242,trial_001,subject_001,1777539162.9366016,1777539162.9366016,261954.545842,13,R_Femur,30,1,0.0191,10.5608,-4.8952,-127.9907,25.2686,-1.6479,101.3983,-1.4337,-35.5243,0.7393,0.2285,-0.2024,0.6002
independent_20260430_165242,trial_001,subject_001,1777539162.9366016,1777539162.9366016,261954.5459346,14,R_Tibia,16,1,0.3063,7.9434,-8.3884,65.3687,-49.8047,25.3296,138.0652,-1.1975,-173.985,0.0527,0.9323,-0.3578,0.009
independent_20260430_165242,trial_001,subject_001,1777539162.9366016,1777539162.9366016,261954.5460262,15,R_Foot,16,1,6.7519,1.6365,23.854,24.292,-35.4004,-57.8003,38.8422,-3.7573,-108.2043,0.2199,0.2511,-0.77,0.5439
independent_20260430_165242,trial_001,subject_001,1777539162.9366016,1777539162.9366016,261954.5461374,10,L_Femur,31,1,-1.9715,9.7809,-0.3828,31.7383,1.0986,-4.1504,90.0275,5.5701,-30.141,0.6732,0.2168,-0.1504,0.6908
independent_20260430_165242,trial_001,subject_001,1777539162.9366016,1777539162.9366016,261954.5462372,11,L_Tibia,33,1,-4.4119,9.422,-2.4979,14.1602,-50.293,0.0,103.7494,3.1586,-33.8928,0.7473,0.2455,-0.1591,0.5967
independent_20260430_165242,trial_001,subject_001,1777539162.9366016,1777539162.9366016,261954.5463286,12,L_Foot,32,1,-0.9762,0.5886,10.0728,0.9155,0.9766,0.2441,1.2909,5.3064,-117.4219,-0.0337,0.0337,-0.8533,0.5192
independent_20260430_165242,trial_001,subject_001,1777539162.9366016,1777539162.9366016,261954.5464205,13,R_Femur,31,1,-0.1627,10.379,-4.7277,-117.7979,23.4985,-2.8687,99.5856,-1.4722,-35.1562,0.7305,0.2227,-0.2043,0.6124
independent_20260430_165242,trial_001,subject_001,1777539162.937603,1777539162.937603,261954.54653,9,Trunk,32,1,0.1579,9.9771,-2.005,-5.6152,-0.7324,-18.3105,97.4103,0.3955,-20.0171,0.7395,0.1328,-0.1121,0.6503
independent_20260430_165242,trial_001,subject_001,1777539162.937603,1777539162.937603,261954.5466286,10,L_Femur,32,1,-1.7035,9.7234,-0.4929,32.2876,-1.2207,-3.2959,90.5109,5.6195,-30.1465,0.676,0.2178,-0.1492,0.688
independent_20260430_165242,trial_001,subject_001,1777539162.937603,1777539162.937603,261954.5467193,11,L_Tibia,34,1,-0.6173,9.4698,-2.8137,14.4653,-63.8428,4.1504,103.9691,3.4113,-35.1947,0.7451,0.2556,-0.1638,0.5939
independent_20260430_165242,trial_001,subject_001,1777539162.937603,1777539162.937603,261954.5468205,12,L_Foot,33,1,-0.9379,0.5024,10.0823,0.9766,0.9766,0.3052,1.3184,5.3284,-117.4219,-0.0338,0.034,-0.8533,0.5192
independent_20260430_165242,trial_001,subject_001,1777539162.937603,1777539162.937603,261954.546912,13,R_Femur,32,1,-0.2728,10.4556,-4.1104,-109.2529,20.2637,0.7935,97.3444,-1.5326,-34.7278,0.7193,0.2157,-0.2066,0.6272
independent_20260430_165242,trial_001,subject_001,1777539162.937603,1777539162.937603,261954.5470027,14,R_Tibia,17,1,0.2919,7.3452,-4.9144,-5.3101,-46.6919,20.3857,138.8507,-0.3021,-175.7428,0.0357,0.9355,-0.3513,0.0106
independent_20260430_165242,trial_001,subject_001,1777539162.937603,1777539162.937603,261954.5470921,15,R_Foot,17,1,1.6748,-3.8999,6.6274,-37.4756,20.752,-41.5039,37.7271,-2.2302,-109.0997,0.2025,0.2526,-0.7744,0.5436
independent_20260430_165242,trial_001,subject_001,1777539163.0027955,1777539163.0027955,261954.6129703,9,Trunk,33,1,-0.2249,9.9388,-2.2969,-7.5073,-0.8545,-18.1885,97.2894,0.6592,-19.9951,0.7386,0.1341,-0.1105,0.6514
independent_20260430_165242,trial_001,subject_001,1777539163.0027955,1777539163.0027955,261954.6130884,10,L_Femur,33,1,-0.6986,9.9005,-0.5312,30.2124,3.8452,-4.9438,91.1261,5.7019,-30.097,0.6796,0.2188,-0.1473,0.6845
independent_20260430_165242,trial_001,subject_001,1777539163.0042999,1777539163.0042999,261954.6131902,11,L_Tibia,35,1,1.6652,9.6804,-2.7706,15.3809,-24.353,-1.2207,104.1669,3.5376,-35.6726,0.7448,0.2596,-0.165,0.5922
independent_20260430_165242,trial_001,subject_001,1777539163.0042999,1777539163.0042999,261954.6132866,12,L_Foot,34,1,-0.8565,0.335,9.9244,3.479,1.5869,0.9155,1.3733,5.3558,-117.4164,-0.0337,0.0345,-0.8532,0.5193
independent_20260430_165242,trial_001,subject_001,1777539163.0042999,1777539163.0042999,261954.613381,13,R_Femur,33,1,-0.3445,9.7139,-3.4549,-100.708,17.8833,4.1504,95.7898,-1.626,-34.4476,0.7114,0.2106,-0.2086,0.6372
independent_20260430_165242,trial_001,subject_001,1777539163.0042999,1777539163.0042999,261954.6134736,9,Trunk,34,1,-0.823,9.398,-2.0002,-9.3384,-3.0518,-16.3574,97.0862,0.9888,-20.0006,0.737,0.1358,-0.1086,0.6531
independent_20260430_165242,trial_001,subject_001,1777539163.0042999,1777539163.0042999,261954.6135662,10,L_Femur,34,1,-0.2201,9.6995,-0.7848,32.2266,15.2588,-7.8125,91.6205,5.8063,-29.8938,0.6828,0.2188,-0.1445,0.682
independent_20260430_165242,trial_001,subject_001,1777539163.0238907,1777539163.0238907,261954.6329961,11,L_Tibia,36,1,1.7992,9.2258,-3.0003,15.0146,33.5083,-12.2681,104.502,3.6365,-35.2441,0.7473,0.2578,-0.1613,0.5908
independent_20260430_165242,trial_001,subject_001,1777539163.0238907,1777539163.0238907,261954.6331517,12,L_Foot,35,1,-1.0336,0.3637,9.9388,3.9062,1.2817,1.4038,1.4667,5.3833,-117.3944,-0.0335,0.0353,-0.8531,0.5195
independent_20260430_165242,trial_001,subject_001,1777539163.0238907,1777539163.0238907,261954.6332618,13,R_Femur,34,1,-0.1483,9.1301,-3.0529,-84.5947,13.5498,7.4463,93.999,-1.7963,-34.1565,0.7022,0.2045,-0.2112,0.6485
independent_20260430_165242,trial_001,subject_001,1777539163.0238907,1777539163.0238907,261954.6333633,14,R_Tibia,18,1,0.0096,6.5892,-5.8379,-65.1855,-29.48,12.7563,137.3126,0.2692,-176.9293,0.0241,0.9311,-0.3638,0.0119
independent_20260430_165242,trial_001,subject_001,1777539163.0238907,1777539163.0238907,261954.6334607,15,R_Foot,18,1,2.6558,-2.2395,10.3359,-94.2993,-1.8311,-31.0669,35.2551,-1.4941,-110.2258,0.1834,0.2413,-0.784,0.5418
independent_20260430_165242,trial_001,subject_001,1777539163.0238907,1777539163.0238907,261954.6335544,9,Trunk,35,1,-1.0719,9.0535,-1.5839,-8.9722,-5.4932,-15.564,96.9324,1.225,-20.0446,0.7359,0.1372,-0.1075,0.6543
independent_20260430_165242,trial_001,subject_001,1777539163.0238907,1777539163.0238907,261954.6336479,10,L_Femur,35,1,0.0287,9.1923,-1.5265,36.5601,35.8276,-8.7891,92.395,5.9601,-29.2841,0.6883,0.217,-0.1384,0.6783
independent_20260430_165242,trial_001,subject_001,1777539163.0248902,1777539163.0248902,261954.6337409,11,L_Tibia,37,1,0.3732,9.2401,-3.2348,12.207,49.1943,-15.564,104.7437,3.6804,-34.4971,0.7502,0.2534,-0.1567,0.5903
independent_20260430_165242,trial_001,subject_001,1777539163.0248902,1777539163.0248902,261954.6338475,12,L_Foot,36,1,-1.1102,0.4067,10.0536,2.8076,0.9766,1.4038,1.5271,5.4053,-117.3779,-0.0334,0.0359,-0.853,0.5196
independent_20260430_165242,trial_001,subject_001,1777539163.0248902,1777539163.0248902,261954.6339596,13,R_Femur,35,1,-0.2058,9.3693,-3.0338,-80.2612,12.085,6.4087,92.7686,-1.9171,-33.9697,0.6957,0.2004,-0.2131,0.6561
independent_20260430_165242,trial_001,subject_001,1777539163.0248902,1777539163.0248902,261954.6340916,10,L_Femur,36,1,-0.5694,9.422,-1.5073,35.6445,42.8467,-7.5684,92.9938,6.0425,-28.6414,0.6928,0.2143,-0.133,0.6755
independent_20260430_165242,trial_001,subject_001,1777539163.0248902,1777539163.0248902,261954.6342163,11,L_Tibia,38,1,-1.1724,9.4363,-3.1343,10.498,37.9028,-13.0005,104.9524,3.7299,-33.8434,0.7526,0.2497,-0.1525,0.5899
independent_20260430_165242,trial_001,subject_001,1777539163.0248902,1777539163.0248902,261954.6343446,12,L_Foot,37,1,-1.0336,0.4498,10.1206,0.8545,1.0376,0.8545,1.5601,5.4218,-117.3669,-0.0333,0.0362,-0.8529,0.5197
independent_20260430_165242,trial_001,subject_001,1777539163.0248902,1777539163.0248902,261954.6344791,13,R_Femur,36,1,-0.4498,9.3741,-3.0769,-74.0967,11.2915,4.8828,91.6205,-2.0105,-33.7885,0.6895,0.1966,-0.2146,0.6632
independent_20260430_165242,trial_001,subject_001,1777539163.0248902,1777539163.0248902,261954.6346443,14,R_Tibia,19,1,-0.6699,6.6609,-5.9527,-112.4878,-6.3477,10.0708,134.4232,0.3461,-177.4457,0.0194,0.9217,-0.3872,0.0114
independent_20260430_165242,trial_001,subject_001,1777539163.025892,1777539163.025892,261954.6347817,15,R_Foot,19,1,0.8613,-1.2585,9.4698,-136.2305,-15.8081,-13.1226,30.9705,-1.2634,-110.8136,0.1603,0.2137,-0.7949,0.5447
independent_20260430_165242,trial_001,subject_001,1777539163.103568,1777539163.103568,261954.713324,9,Trunk,36,1,-0.8374,8.9482,-1.2059,-2.0142,-6.2866,-15.4419,96.6962,1.7798,-20.2148,0.7337,0.1413,-0.1052,0.6562
independent_20260430_165242,trial_001,subject_001,1777539163.1045682,1777539163.1045682,261954.7135251,11,L_Tibia,39,1,-2.1198,9.3933,-2.5744,6.4697,-1.1597,-6.7749,105.1172,3.8507,-33.6182,0.7537,0.249,-0.1502,0.5894
independent_20260430_165242,trial_001,subject_001,1777539163.1045682,1777539163.1045682,261954.713686,12,L_Foot,38,1,-1.0097,0.3732,10.044,-0.8545,0.7324,0.4883,1.571,5.4437,-117.3615,-0.0334,0.0364,-0.8529,0.5197
independent_20260430_165242,trial_001,subject_001,1777539163.1045682,1777539163.1045682,261954.7138502,13,R_Femur,37,1,-0.4977,9.0487,-3.0577,-67.3218,10.9863,3.1128,90.2197,-2.0984,-33.5577,0.6819,0.1921,-0.2161,0.6718
independent_20260430_165242,trial_001,subject_001,1777539163.1045682,1777539163.1045682,261954.7140252,9,Trunk,37,1,-0.4881,8.9052,-1.2585,2.5024,-4.8218,-14.3433,96.7017,1.9995,-20.2643,0.7334,0.1428,-0.1041,0.6564
independent_20260430_165242,trial_001,subject_001,1777539163.1045682,1777539163.1045682,261954.7141637,10,L_Femur,37,1,-1.5456,9.6086,-1.3207,35.1562,30.5176,-4.3335,94.4275,6.1743,-27.29,0.7035,0.2084,-0.1216,0.6685
independent_20260430_165242,trial_001,subject_001,1777539163.1045682,1777539163.1045682,261954.7142644,11,L_Tibia,40,1,-1.0432,9.3502,-2.3399,5.9204,-16.0522,-4.0283,105.1996,3.9716,-33.7885,0.7536,0.2509,-0.1501,0.5888
independent_20260430_165242,trial_001,subject_001,1777539163.1045682,1777539163.1045682,261954.7143795,12,L_Foot,39,1,-0.9044,0.3302,9.9436,-0.5493,1.0376,0.4272,1.5656,5.4602,-117.3615,-0.0336,0.0364,-0.8529,0.5197
independent_20260430_165242,trial_001,subject_001,1777539163.1055691,1777539163.1055691,261954.7144965,13,R_Femur,38,1,-0.3302,8.7329,-2.8615,-63.2935,11.9629,1.0376,89.2419,-2.1259,-33.371,0.6765,0.189,-0.2168,0.6779
independent_20260430_165242,trial_001,subject_001,1777539163.1055691,1777539163.1055691,261954.714595,14,R_Tibia,20,1,-2.0385,7.1395,-6.1154,-157.7148,-28.1982,8.728,129.4135,0.5164,-178.0829,0.0132,0.904,-0.4271,0.0112
independent_20260430_165242,trial_001,subject_001,1777539163.1055691,1777539163.1055691,261954.7147031,15,R_Foot,20,1,0.201,-0.0048,9.489,-146.9116,-33.6304,-12.9395,26.6473,-1.8567,-111.5662,0.1426,0.1817,-0.8067,0.544
independent_20260430_165242,trial_001,subject_001,1777539163.1055691,1777539163.1055691,261954.7148106,9,Trunk,38,1,-0.3732,8.9913,-1.1915,5.5542,-2.1362,-13.5498,96.7786,2.2632,-20.2917,0.7335,0.1446,-0.1024,0.6562
independent_20260430_165242,trial_001,subject_001,1777539163.1055691,1777539163.1055691,261954.7149016,10,L_Femur,38,1,-1.3877,9.6899,-1.0623,29.9683,26.062,-2.0142,94.9329,6.1743,-26.8835,0.7072,0.2065,-0.1183,0.6658
independent_20260430_165242,trial_001,subject_001,1777539163.1055691,1777539163.1055691,261954.714992,11,L_Tibia,41,1,0.1388,9.2976,-2.5457,6.6528,-5.6763,-5.127,105.293,4.0814,-33.8928,0.7536,0.2522,-0.1497,0.5883
independent_20260430_165242,trial_001,subject_001,1777539163.1055691,1777539163.1055691,261954.715082,12,L_Foot,40,1,-0.9857,0.244,10.001,-0.2441,1.5869,0.1221,1.5765,5.4987,-117.3615,-0.0338,0.0367,-0.8529,0.5197
independent_20260430_165242,trial_001,subject_001,1777539163.1055691,1777539163.1055691,261954.7151722,13,R_Femur,39,1,-0.2153,8.5128,-2.5505,-57.5562,14.7705,-1.8311,88.3466,-2.1094,-33.1458,0.6715,0.1861,-0.2168,0.6837
independent_20260430_165242,trial_001,subject_001,1777539163.1055691,1777539163.1055691,261954.7152626,9,Trunk,39,1,-0.4833,9.1492,-1.158,5.9814,-0.8545,-12.6343,96.85,2.45,-20.2863,0.7337,0.1457,-0.1011,0.6559
independent_20260430_165242,trial_001,subject_001,1777539163.1055691,1777539163.1055691,261954.7153533,10,L_Femur,39,1,-1.3207,9.6517,-1.1102,27.6489,23.8037,-1.5259,95.3888,6.1633,-26.5045,0.7105,0.2045,-0.1154,0.6633
independent_20260430_165242,trial_001,subject_001,1777539163.106568,1777539163.106568,261954.7154437,11,L_Tibia,42,1,0.2201,9.3311,-2.5457,9.0332,17.0898,-8.667,105.4852,4.1803,-33.6292,0.755,0.2512,-0.1472,0.5875
independent_20260430_165242,trial_001,subject_001,1777539163.106568,1777539163.106568,261954.7155334,12,L_Foot,41,1,-1.0719,0.268,10.0153,-1.0376,1.4038,0.3052,1.571,5.5206,-117.3615,-0.034,0.0367,-0.8529,0.5197
independent_20260430_165242,trial_001,subject_001,1777539163.106568,1777539163.106568,261954.7156238,13,R_Femur,40,1,-0.3589,8.3118,-2.0002,-49.0723,17.4561,-4.5776,87.2919,-2.027,-32.7942,0.6656,0.1825,-0.216,0.6906
independent_20260430_165242,trial_001,subject_001,1777539163.106568,1777539163.106568,261954.715715,14,R_Tibia,21,1,-0.7321,7.8907,-6.4504,-191.04,-42.2974,13.2446,123.1403,0.9998,-179.4397,0.0001,0.8794,-0.476,0.01
independent_20260430_165242,trial_001,subject_001,1777539163.1341088,1777539163.1341088,261954.7433905,15,R_Foot,21,1,0.0096,1.4786,11.3313,-165.3442,-48.8281,-21.4844,21.1102,-2.9279,-112.7142,0.1224,0.1385,-0.8207,0.5406
independent_20260430_165242,trial_001,subject_001,1777539163.1341088,1777539163.1341088,261954.7436606,9,Trunk,40,1,-0.5742,9.2688,-1.2154,6.2866,0.5493,-11.4136,96.9269,2.6147,-20.2588,0.734,0.1465,-0.0998,0.6556
independent_20260430_165242,trial_001,subject_001,1777539163.1341088,1777539163.1341088,261954.7438255,10,L_Femur,40,1,-1.4068,9.4985,-1.0958,26.2451,19.6533,-1.4038,95.9656,6.1469,-26.076,0.7147,0.2023,-0.112,0.6601
independent_20260430_165242,trial_001,subject_001,1777539163.135108,1777539163.135108,261954.7439964,11,L_Tibia,43,1,-0.4642,9.288,-2.3495,10.498,27.8931,-9.7046,105.672,4.2188,-33.2062,0.7568,0.2489,-0.1444,0.5869
independent_20260430_165242,trial_001,subject_001,1777539163.135108,1777539163.135108,261954.7441466,12,L_Foot,42,1,-1.0384,0.311,9.9196,-0.9155,1.5869,0.7324,1.571,5.5481,-117.356,-0.0342,0.0369,-0.8528,0.5198
independent_20260430_165242,trial_001,subject_001,1777539163.135108,1777539163.135108,261954.7442756,13,R_Femur,41,1,-0.5216,8.2927,-1.5073,-43.457,16.5405,-5.7983,86.6052,-1.9391,-32.5415,0.6617,0.1803,-0.215,0.6952
independent_20260430_165242,trial_001,subject_001,1777539163.1840832,1777539163.1840832,261954.7933927,9,Trunk,41,1,-0.6604,9.3646,-1.2154,5.7373,2.8076,-10.437,97.0258,2.807,-20.1929,0.7344,0.1473,-0.098,0.6552
independent_20260430_165242,trial_001,subject_001,1777539163.1840832,1777539163.1840832,261954.7936473,10,L_Femur,41,1,-1.8184,9.6804,-0.9379,23.8647,14.0381,-0.7935,96.3501,6.1359,-25.8398,0.7173,0.2012,-0.11,0.658
independent_20260430_165242,trial_001,subject_001,1777539163.1840832,1777539163.1840832,261954.7938693,11,L_Tibia,44,1,-1.225,9.4028,-2.1581,10.8032,23.4375,-8.5449,105.9412,4.2572,-32.6349,0.7594,0.2456,-0.1406,0.5859
independent_20260430_165242,trial_001,subject_001,1777539163.185089,1777539163.185089,261954.7940871,12,L_Foot,43,1,-1.0384,0.244,9.8144,2.5024,1.8311,1.5259,1.6205,5.592,-117.334,-0.0343,0.0374,-0.8527,0.5199
independent_20260430_165242,trial_001,subject_001,1777539163.185089,1777539163.185089,261954.794256,13,R_Femur,42,1,-0.3158,8.7281,-1.3303,-45.105,13.4888,-5.8594,85.7098,-1.8073,-32.2449,0.6565,0.1777,-0.2138,0.7012
independent_20260430_165242,trial_001,subject_001,1777539163.185089,1777539163.185089,261954.7943967,14,R_Tibia,22,1,-0.0239,8.91,-6.3164,-212.7075,-21.3013,11.9629,115.8618,1.1371,179.4397,0.0094,-0.8473,0.531,-0.0058
independent_20260430_165242,trial_001,subject_001,1777539163.185089,1777539163.185089,261954.7945271,15,R_Foot,22,1,3.4166,3.4214,13.8578,-173.4619,-73.2422,0.9766,15.293,-5.0098,-113.8239,0.1089,0.0877,-0.8328,0.5357
independent_20260430_165242,trial_001,subject_001,1777539163.185089,1777539163.185089,261954.7946763,9,Trunk,42,1,-0.8087,9.4172,-1.1819,5.3101,4.1504,-9.3384,97.0972,2.9333,-20.116,0.7348,0.1475,-0.0967,0.6549
independent_20260430_165242,trial_001,subject_001,1777539163.185089,1777539163.185089,261954.7948116,10,L_Femur,42,1,-1.4547,9.666,-1.1341,25.8789,7.6294,-0.6714,96.8829,6.1249,-25.6476,0.7207,0.2004,-0.1081,0.6548
independent_20260430_165242,trial_001,subject_001,1777539163.1860907,1777539163.1860907,261954.7949403,11,L_Tibia,45,1,-1.2202,9.3598,-2.4596,10.9863,8.3008,-5.8594,106.1169,4.3066,-32.4426,0.7606,0.2448,-0.1389,0.5851
independent_20260430_165242,trial_001,subject_001,1777539163.1860907,1777539163.1860907,261954.7950732,12,L_Foot,44,1,-0.9379,0.4642,10.0105,2.0752,2.2583,1.2207,1.6644,5.625,-117.3175,-0.0344,0.0379,-0.8526,0.5201
independent_20260430_165242,trial_001,subject_001,1777539163.1860907,1777539163.1860907,261954.7951936,13,R_Femur,43,1,0.1053,9.5177,-1.3207,-58.4717,14.6484,-1.5869,84.8639,-1.7578,-32.0251,0.6516,0.1752,-0.2135,0.7065
independent_20260430_165242,trial_001,subject_001,1777539163.1860907,1777539163.1860907,261954.7953189,9,Trunk,43,1,-0.957,9.4603,-1.1867,3.7231,4.9438,-7.8735,97.1466,3.0377,-20.0281,0.7351,0.1476,-0.0954,0.6548
independent_20260430_165242,trial_001,subject_001,1777539163.1860907,1777539163.1860907,261954.7954427,10,L_Femur,43,1,-0.8948,9.7378,-0.8709,24.1699,7.0801,0.7324,97.262,6.1029,-25.5322,0.7231,0.1999,-0.1069,0.6525
independent_20260430_165242,trial_001,subject_001,1777539163.1860907,1777539163.1860907,261954.7955693,11,L_Tibia,46,1,-0.823,9.4363,-2.5936,13.1226,5.3711,-3.479,106.3202,4.3451,-32.3383,0.7618,0.2445,-0.1377,0.5839
independent_20260430_165242,trial_001,subject_001,1777539163.1860907,1777539163.1860907,261954.7956875,12,L_Foot,45,1,-0.9379,0.3924,9.9627,2.8687,2.9907,0.9766,1.7194,5.6744,-117.301,-0.0345,0.0385,-0.8525,0.5202
independent_20260430_165242,trial_001,subject_001,1777539163.1860907,1777539163.1860907,261954.795831,13,R_Femur,44,1,0.4211,9.9436,-0.6747,-62.0117,19.8975,4.2725,83.9136,-1.7853,-31.7285,0.6462,0.1716,-0.2133,0.7124
independent_20260430_165242,trial_001,subject_001,1777539163.1870894,1777539163.1870894,261954.7959949,14,R_Tibia,23,1,0.6699,9.7569,-5.5843,-214.7827,11.1084,2.7466,109.4458,1.0162,179.3024,0.0101,-0.8163,0.5775,-0.0037
independent_20260430_165242,trial_001,subject_001,1777539163.1870894,1777539163.1870894,261954.7961496,15,R_Foot,23,1,4.3354,4.3976,13.9727,-175.4761,-62.5,47.7295,9.0198,-7.4597,-113.2251,0.0973,0.0298,-0.8334,0.5432
independent_20260430_165242,trial_001,subject_001,1777539163.1870894,1777539163.1870894,261954.7963051,9,Trunk,44,1,-1.1676,9.5703,-1.2106,5.188,4.5776,-5.7983,97.2235,3.1421,-19.9182,0.7355,0.1476,-0.094,0.6545
independent_20260430_165242,trial_001,subject_001,1777539163.1870894,1777539163.1870894,261954.7964646,10,L_Femur,44,1,-0.7561,9.8191,-0.7561,24.231,10.9253,0.1221,97.6355,6.0754,-25.3784,0.7255,0.1991,-0.1055,0.6502
independent_20260430_165242,trial_001,subject_001,1777539163.1870894,1777539163.1870894,261954.7966423,11,L_Tibia,47,1,-0.2584,9.4938,-2.4691,14.1602,12.4512,-4.3945,106.6168,4.3781,-32.1295,0.7637,0.2437,-0.1358,0.5822
independent_20260430_165242,trial_001,subject_001,1777539163.1870894,1777539163.1870894,261954.7967921,12,L_Foot,46,1,-1.0097,0.3541,10.0105,2.6855,3.7231,0.7935,1.7908,5.7513,-117.29,-0.0347,0.0394,-0.8524,0.5203
independent_20260430_165242,trial_001,subject_001,1777539163.1880882,1777539163.1880882,261954.7969511,13,R_Femur,45,1,0.1436,9.4603,0.9235,-63.1714,31.4941,2.5024,82.6337,-1.7963,-31.1353,0.6391,0.1658,-0.2115,0.7207
independent_20260430_165242,trial_001,subject_001,1777539163.1880882,1777539163.1880882,261954.7971037,9,Trunk,45,1,-1.3111,9.7091,-1.2776,4.8828,3.418,-4.6997,97.2894,3.197,-19.8523,0.7359,0.1475,-0.0932,0.6542
independent_20260430_165242,trial_001,subject_001,1777539163.1880882,1777539163.1880882,261954.7972404,10,L_Femur,45,1,-0.713,9.8191,-0.8709,26.7944,20.3247,-0.6104,98.1958,6.037,-25.0104,0.7294,0.1971,-0.1027,0.647
independent_20260430_165242,trial_001,subject_001,1777539163.1880882,1777539163.1880882,261954.7973696,11,L_Tibia,48,1,0.2632,9.4794,-2.2921,15.2588,31.6772,-6.5918,106.8805,4.3506,-31.6901,0.766,0.2409,-0.1332,0.5809
independent_20260430_165242,trial_001,subject_001,1777539163.1880882,1777539163.1880882,261954.7975006,12,L_Foot,47,1,-0.9475,0.2297,10.0105,3.6011,5.188,0.9155,1.8567,5.8282,-117.2791,-0.035,0.0403,-0.8523,0.5204
independent_20260430_165242,trial_001,subject_001,1777539163.1880882,1777539163.1880882,261954.7976313,13,R_Femur,46,1,0.1005,8.3692,0.9762,-49.9268,22.522,3.1738,81.8097,-1.7963,-30.7452,0.6344,0.1621,-0.2102,0.7259
independent_20260430_165242,trial_001,subject_001,1777539163.1880882,1777539163.1880882,261954.7977671,14,R_Tibia,24,1,-0.78,10.068,-4.7469,-210.2051,19.4702,-1.9531,102.0135,0.8569,-179.9121,-0.0041,0.7772,-0.6292,0.0063
independent_20260430_165242,trial_001,subject_001,1777539163.1880882,1777539163.1880882,261954.7979034,15,R_Foot,24,1,3.0673,4.4693,12.8577,-164.7949,-72.876,73.1812,3.642,-9.7119,-111.4783,0.0878,-0.0215,-0.8246,0.5584
independent_20260430_165242,trial_001,subject_001,1777539163.1890886,1777539163.1890886,261954.7980546,9,Trunk,46,1,-1.2633,9.5655,-1.2346,2.7466,2.4414,-3.7842,97.3334,3.2629,-19.7919,0.7362,0.1475,-0.0924,0.654
independent_20260430_165242,trial_001,subject_001,1777539163.213322,1777539163.213322,261954.823005,10,L_Femur,46,1,-1.0479,9.9148,-0.8135,24.231,22.3999,-1.0376,98.6078,5.9985,-24.6698,0.7324,0.1951,-0.1003,0.6446
independent_20260430_165242,trial_001,subject_001,1777539163.213322,1777539163.213322,261954.8231467,11,L_Tibia,49,1,-0.4785,9.4268,-2.2155,16.1743,36.9263,-6.4697,107.1606,4.2902,-31.1353,0.7687,0.2372,-0.1302,0.5796
independent_20260430_165242,trial_001,subject_001,1777539163.214319,1777539163.214319,261954.8232743,12,L_Foot,48,1,-1.0336,0.0526,9.867,5.9814,5.6763,1.2817,1.983,5.9436,-117.2516,-0.0353,0.0417,-0.852,0.5206
independent_20260430_165242,trial_001,subject_001,1777539163.214319,1777539163.214319,261954.823398,13,R_Femur,47,1,0.3158,8.6372,1.3303,-43.6401,18.3105,-0.6104,81.134,-1.7688,-30.4596,0.6305,0.1595,-0.2092,0.7302
independent_20260430_165242,trial_001,subject_001,1777539163.214319,1777539163.214319,261954.8235104,9,Trunk,47,1,-1.0767,9.3837,-1.1771,3.1128,2.0142,-2.6855,97.3828,3.3289,-19.7644,0.7364,0.1478,-0.0917,0.6538
independent_20260430_165242,trial_001,subject_001,1777539163.214319,1777539163.214319,261954.8236056,10,L_Femur,47,1,-1.3159,9.8335,-1.0862,21.4844,27.71,-2.9907,98.9758,5.9711,-24.2633,0.7352,0.1926,-0.0976,0.6426
independent_20260430_165242,trial_001,subject_001,1777539163.214319,1777539163.214319,261954.8236995,11,L_Tibia,50,1,-1.9476,9.532,-2.4356,14.8315,22.4609,-2.9297,107.5122,4.2188,-30.575,0.7717,0.2335,-0.1271,0.5777
independent_20260430_165242,trial_001,subject_001,1777539163.214319,1777539163.214319,261954.8237917,12,L_Foot,49,1,-1.2106,0.1866,10.0345,6.4087,4.6387,1.4648,2.0929,6.0205,-117.2351,-0.0353,0.0429,-0.8519,0.5208
independent_20260430_165242,trial_001,subject_001,1777539163.214319,1777539163.214319,261954.823884,13,R_Femur,48,1,0.6269,10.2594,1.938,-52.3682,13.0005,-3.479,80.0958,-1.6644,-30.163,0.6241,0.1567,-0.2082,0.7366
independent_20260430_165242,trial_001,subject_001,1777539163.214319,1777539163.214319,261954.8239761,14,R_Tibia,25,1,0.0,10.4269,-3.5027,-192.5049,22.644,-9.2163,95.0317,0.9888,-179.209,-0.0007,0.7375,-0.6753,0.011
independent_20260430_165242,trial_001,subject_001,1777539163.214319,1777539163.214319,261954.8240674,15,R_Foot,25,1,2.4117,4.6416,12.5323,-121.7041,-89.1113,83.9233,-1.6754,-12.6453,-108.6768,0.081,-0.076,-0.8065,0.5807
independent_20260430_165242,trial_001,subject_001,1777539163.2240314,1777539163.2240314,261954.8335247,9,Trunk,48,1,-0.9714,9.5033,-1.1484,2.7466,1.9531,-2.1362,97.4268,3.3838,-19.7369,0.7366,0.1479,-0.0912,0.6536
independent_20260430_165242,trial_001,subject_001,1777539163.2240314,1777539163.2240314,261954.8336526,10,L_Femur,48,1,-1.6652,9.5177,-1.7992,18.8599,25.3296,-4.8218,99.4263,5.9711,-23.7085,0.7386,0.1894,-0.0938,0.6401
independent_20260430_165242,trial_001,subject_001,1777539163.2240314,1777539163.2240314,261954.8337569,11,L_Tibia,51,1,-1.871,9.3406,-2.6653,15.3809,11.3525,-0.1831,107.7594,4.1748,-30.3772,0.7734,0.2322,-0.1259,0.5762
independent_20260430_165242,trial_001,subject_001,1777539163.2240314,1777539163.2240314,261954.8338564,12,L_Foot,50,1,-1.2298,0.3302,10.0345,5.9204,3.9062,1.4038,2.1918,6.0864,-117.2131,-0.0354,0.044,-0.8517,0.5209
independent_20260430_165242,trial_001,subject_001,1777539163.2240314,1777539163.2240314,261954.8339523,13,R_Femur,49,1,0.0383,9.6325,1.9476,-46.9971,8.667,-2.3193,79.3652,-1.6095,-30.0201,0.6195,0.1549,-0.208,0.7409
independent_20260430_165242,trial_001,subject_001,1777539163.2240314,1777539163.2240314,261954.8340465,9,Trunk,49,1,-0.981,9.6995,-1.1006,1.8921,2.0752,-2.1362,97.4542,3.4277,-19.693,0.7368,0.1479,-0.0906,0.6535
independent_20260430_165242,trial_001,subject_001,1777539163.2240314,1777539163.2240314,261954.834159,10,L_Femur,49,1,-2.0241,9.4315,-2.1055,17.0898,21.6064,-5.5542,99.7174,5.993,-23.3569,0.7408,0.1875,-0.0912,0.6386
independent_20260430_165242,trial_001,subject_001,1777539163.2240314,1777539163.2240314,261954.8342776,11,L_Tibia,52,1,-1.2202,9.3215,-2.761,14.8926,7.8125,1.4038,108.078,4.1034,-30.2069,0.7755,0.2311,-0.1249,0.5741
independent_20260430_165242,trial_001,subject_001,1777539163.2240314,1777539163.2240314,261954.8343707,12,L_Foot,51,1,-1.292,0.3732,9.9675,5.9814,2.5024,1.77,2.3291,6.1469,-117.1857,-0.0352,0.0453,-0.8515,0.5212
independent_20260430_165242,trial_001,subject_001,1777539163.2240314,1777539163.2240314,261954.8344616,13,R_Femur,50,1,-0.8948,8.4123,2.0528,-22.2778,4.6387,-0.5493,78.7775,-1.571,-29.8993,0.6158,0.1535,-0.2078,0.7444
independent_20260430_165242,trial_001,subject_001,1777539163.2256217,1777539163.2256217,261954.8345964,14,R_Tibia,26,1,0.4689,9.7665,-2.0289,-165.7104,33.6304,-10.9863,88.9233,1.3293,-178.1433,0.0031,0.7004,-0.7134,0.0197
independent_20260430_165242,trial_001,subject_001,1777539163.2256217,1777539163.2256217,261954.8347139,15,R_Foot,26,1,2.651,4.8665,11.6901,-108.9478,-47.9126,93.75,-6.6412,-14.7107,-105.1666,0.0666,-0.1233,-0.7819,0.6075
independent_20260430_165242,trial_001,subject_001,1777539163.2256217,1777539163.2256217,261954.8348467,9,Trunk,50,1,-1.0145,9.6229,-1.1771,3.54,0.6104,-2.5024,97.4927,3.4717,-19.6765,0.737,0.1481,-0.0902,0.6533
independent_20260430_165242,trial_001,subject_001,1777539163.2256217,1777539163.2256217,261954.8349549,10,L_Femur,50,1,-1.8279,9.1971,-2.2729,19.4702,14.8926,-4.0894,100.1404,6.026,-22.9889,0.7437,0.1857,-0.0882,0.6361
independent_20260430_165242,trial_001,subject_001,1777539163.2256217,1777539163.2256217,261954.8350528,11,L_Tibia,53,1,-0.6269,9.1205,-3.1534,14.5264,9.4604,0.4883,108.3087,4.0594,-30.0751,0.777,0.2302,-0.1241,0.5726
independent_20260430_165242,trial_001,subject_001,1777539163.2256217,1777539163.2256217,261954.8351453,12,L_Foot,52,1,-1.2394,0.4977,9.9962,5.249,1.709,1.8311,2.4225,6.1798,-117.1637,-0.035,0.0461,-0.8514,0.5214
independent_20260430_165242,trial_001,subject_001,1777539163.2256217,1777539163.2256217,261954.8352371,13,R_Femur,51,1,-0.579,9.1062,2.6605,-27.0996,2.5635,2.3804,78.3984,-1.5985,-29.8444,0.6134,0.1523,-0.2081,0.7465
independent_20260430_165242,trial_001,subject_001,1777539163.2256217,1777539163.2256217,261954.8353332,9,Trunk,51,1,-1.0336,9.556,-1.2298,3.3569,0.1831,-3.2349,97.5311,3.5101,-19.671,0.7372,0.1483,-0.0898,0.6531
independent_20260430_165242,trial_001,subject_001,1777539163.2256217,1777539163.2256217,261954.8354252,10,L_Femur,51,1,-1.6939,9.1636,-2.2251,18.5547,9.7656,-2.5024,100.437,6.0315,-22.8131,0.7456,0.1848,-0.0867,0.6344
independent_20260430_165242,trial_001,subject_001,1777539163.2266276,1777539163.2266276,261954.8355156,11,L_Tibia,54,1,-0.6125,9.0057,-3.2683,14.3433,11.2305,0.6714,108.5394,4.0045,-29.9103,0.7785,0.2291,-0.1232,0.5712
independent_20260430_165242,trial_001,subject_001,1777539163.2266276,1777539163.2266276,261954.8356062,12,L_Foot,53,1,-1.1676,0.6077,9.9962,4.3945,0.9155,1.5869,2.5049,6.1963,-117.1417,-0.0347,0.0468,-0.8512,0.5216
independent_20260430_165242,trial_001,subject_001,1777539163.2266276,1777539163.2266276,261954.8356964,13,R_Femur,52,1,0.1914,9.2114,3.2443,-24.292,1.4648,6.8359,77.9919,-1.6864,-29.7839,0.611,0.1506,-0.2087,0.7486
independent_20260430_165242,trial_001,subject_001,1777539163.2266276,1777539163.2266276,261954.8357867,14,R_Tibia,27,1,-0.2297,8.9674,-1.4451,-138.6719,38.5132,-13.4888,84.4958,1.7963,-177.0392,0.0058,0.6723,-0.7396,0.0297
independent_20260430_165242,trial_001,subject_001,1777539163.2266276,1777539163.2266276,261954.8358763,15,R_Foot,27,1,0.6364,5.6608,11.8241,-105.7129,-29.541,73.9136,-11.0907,-15.5511,-102.03,0.0444,-0.1591,-0.7583,0.6306
independent_20260430_165242,trial_001,subject_001,1777539163.2931569,1777539163.2931569,261954.9029891,9,Trunk,52,1,-0.9714,9.4172,-1.1484,0.0,2.0142,-2.9297,97.5366,3.576,-19.6326,0.7372,0.1484,-0.0892,0.6531
independent_20260430_165242,trial_001,subject_001,1777539163.2941554,1777539163.2941554,261954.9031287,10,L_Femur,52,1,-1.5217,9.0822,-2.4309,20.752,8.606,-1.0986,100.7556,6.026,-22.6703,0.7476,0.1841,-0.0855,0.6324
independent_20260430_165242,trial_001,subject_001,1777539163.2941554,1777539163.2941554,261954.9032489,11,L_Tibia,55,1,-1.1102,8.9817,-3.4597,12.7563,-2.3193,1.8921,108.8086,3.9716,-29.8773,0.78,0.229,-0.1227,0.5693
independent_20260430_165242,trial_001,subject_001,1777539163.3031607,1777539163.3031607,261954.9128501,12,L_Foot,54,1,-1.1676,0.8183,10.0488,2.8687,-0.3662,1.5869,2.5928,6.2018,-117.1143,-0.0344,0.0475,-0.8511,0.5218
independent_20260430_165242,trial_001,subject_001,1777539163.3031607,1777539163.3031607,261954.9129669,13,R_Femur,53,1,0.7034,9.1827,3.7229,-22.522,9.1553,4.6387,77.5635,-1.7908,-29.6191,0.6086,0.1483,-0.2087,0.751
independent_20260430_165242,trial_001,subject_001,1777539163.3634064,1777539163.3634064,261954.9727551,9,Trunk,53,1,-0.8709,9.1779,-1.1006,1.3428,4.3945,-2.8687,97.5421,3.6145,-19.5776,0.7372,0.1483,-0.0886,0.6532
independent_20260430_165242,trial_001,subject_001,1777539163.3634064,1777539163.3634064,261954.9728763,10,L_Femur,53,1,-1.2824,8.9387,-2.4596,22.522,2.5024,1.5259,101.2006,5.9875,-22.5769,0.7503,0.1836,-0.0845,0.6295
independent_20260430_165242,trial_001,subject_001,1777539163.3634064,1777539163.3634064,261954.9729799,11,L_Tibia,56,1,-0.847,8.9004,-3.6128,12.5122,-8.9722,3.2959,108.9899,3.9716,-29.9982,0.7806,0.23,-0.123,0.568
independent_20260430_165242,trial_001,subject_001,1777539163.3634064,1777539163.3634064,261954.9730791,12,L_Foot,55,1,-1.1006,0.914,10.0201,1.709,-0.5493,1.2207,2.6367,6.1963,-117.0978,-0.0341,0.0478,-0.851,0.5219
independent_20260430_165242,trial_001,subject_001,1777539163.3634064,1777539163.3634064,261954.973176,13,R_Femur,54,1,0.3637,9.8,4.1679,-36.6821,15.686,3.479,77.0471,-1.8073,-29.3829,0.6055,0.146,-0.2079,0.7542
independent_20260430_165242,trial_001,subject_001,1777539163.3644063,1777539163.3644063,261954.9732718,14,R_Tibia,28,1,-1.7849,8.1491,-0.1005,-93.6279,-0.8545,0.6104,80.6726,2.0654,-176.5009,0.006,0.6473,-0.7614,0.0349
independent_20260430_165242,trial_001,subject_001,1777539163.3644063,1777539163.3644063,261954.9733667,15,R_Foot,28,1,-1.5121,5.1153,8.2305,-84.2896,-20.752,32.2876,-14.3097,-15.7544,-100.4425,0.0256,-0.1818,-0.7444,0.642
independent_20260430_165242,trial_001,subject_001,1777539163.3644063,1777539163.3644063,261954.9734602,9,Trunk,54,1,-0.7991,9.1492,-0.9857,3.479,8.1177,-2.7466,97.5916,3.6365,-19.4238,0.7377,0.1475,-0.0875,0.653
independent_20260430_165242,trial_001,subject_001,1777539163.3644063,1777539163.3644063,261954.9735514,10,L_Femur,54,1,-1.158,8.9961,-2.3878,24.0479,0.061,1.8921,101.5576,5.9601,-22.5714,0.7523,0.1836,-0.0841,0.6271
independent_20260430_165242,trial_001,subject_001,1777539163.3644063,1777539163.3644063,261954.9736447,12,L_Foot,56,1,-1.1389,0.8039,9.9914,1.1597,-0.8545,1.2207,2.6752,6.1853,-117.0813,-0.0338,0.048,-0.8509,0.5221
independent_20260430_165242,trial_001,subject_001,1777539163.3644063,1777539163.3644063,261954.9737361,13,R_Femur,55,1,-0.2919,9.8861,4.1009,-48.2788,14.6484,3.6621,76.3275,-1.8073,-29.1412,0.6011,0.1434,-0.2072,0.7584
independent_20260430_165242,trial_001,subject_001,1777539163.3644063,1777539163.3644063,261954.9738271,9,Trunk,55,1,-0.7896,9.3454,-0.8518,3.3569,8.4839,-3.0518,97.6355,3.6584,-19.292,0.7381,0.1468,-0.0866,0.6528
independent_20260430_165242,trial_001,subject_001,1777539163.3644063,1777539163.3644063,261954.9739168,10,L_Femur,55,1,-0.7896,9.1253,-2.2729,25.4517,0.6714,2.3804,101.9312,5.9216,-22.5604,0.7544,0.1836,-0.0837,0.6246
independent_20260430_165242,trial_001,subject_001,1777539163.3644063,1777539163.3644063,261954.9740071,11,L_Tibia,57,1,-0.2393,9.0535,-3.1247,13.1226,-5.0659,2.0142,109.4293,3.999,-30.3168,0.7821,0.2328,-0.1235,0.5647
independent_20260430_165242,trial_001,subject_001,1777539163.3644063,1777539163.3644063,261954.9740967,12,L_Foot,57,1,-1.091,0.6891,9.9627,1.2207,-0.7935,1.0986,2.7081,6.1798,-117.0703,-0.0336,0.0483,-0.8508,0.5222
independent_20260430_165242,trial_001,subject_001,1777539163.3644063,1777539163.3644063,261954.9741885,13,R_Femur,56,1,-0.8996,8.063,2.828,-24.353,2.1362,6.0425,75.6683,-1.8842,-28.9764,0.597,0.1409,-0.2073,0.762
independent_20260430_165242,trial_001,subject_001,1777539163.3654082,1777539163.3654082,261954.9743426,14,R_Tibia,29,1,-0.1914,8.2831,-0.0383,-57.8613,-8.2397,7.0801,78.2062,1.8127,-176.8304,0.0052,0.6307,-0.7753,0.0314
independent_20260430_165242,trial_001,subject_001,1777539163.3654082,1777539163.3654082,261954.9744909,15,R_Foot,29,1,1.4451,3.1821,7.2399,-57.6172,-17.8223,7.4463,-16.908,-16.4795,-99.7559,0.0146,-0.2026,-0.735,0.6469
independent_20260430_165242,trial_001,subject_001,1777539163.3654082,1777539163.3654082,261954.974596,10,L_Femur,56,1,-0.7417,9.4411,-1.7657,26.123,4.0283,1.2817,102.4585,5.8722,-22.4945,0.7574,0.1833,-0.0828,0.6212
independent_20260430_165242,trial_001,subject_001,1777539163.3654082,1777539163.3654082,261954.9746898,11,L_Tibia,58,1,-0.3254,9.0774,-3.1056,13.916,-2.2583,2.2583,109.6381,3.988,-30.3497,0.7831,0.2332,-0.1233,0.5632
independent_20260430_165242,trial_001,subject_001,1777539163.3654082,1777539163.3654082,261954.9747803,12,L_Foot,58,1,-1.0527,0.6269,9.9388,-0.1831,-0.8545,0.3052,2.7191,6.1688,-117.0648,-0.0335,0.0483,-0.8508,0.5222
independent_20260430_165242,trial_001,subject_001,1777539163.3654082,1777539163.3654082,261954.97487,13,R_Femur,57,1,-0.646,7.862,1.8566,-13.855,-6.2866,7.3853,75.4321,-2.0105,-29.0094,0.5956,0.1398,-0.2085,0.763
independent_20260430_165242,trial_001,subject_001,1777539163.3654082,1777539163.3654082,261954.9749595,10,L_Femur,57,1,-0.8757,9.8144,-1.603,21.7896,6.1646,-0.1831,102.8046,5.8502,-22.4011,0.7595,0.1828,-0.0819,0.6189
independent_20260430_165242,trial_001,subject_001,1777539163.3654082,1777539163.3654082,261954.9750491,11,L_Tibia,59,1,-0.1962,9.2976,-2.8472,17.0288,8.1177,2.1362,109.9677,3.9166,-30.2563,0.785,0.2325,-0.1226,0.5609
independent_20260430_165242,trial_001,subject_001,1777539163.3654082,1777539163.3654082,261954.9751371,12,L_Foot,59,1,-1.1054,0.4163,10.0345,-0.3052,-0.5493,0.061,2.7246,6.1633,-117.0703,-0.0334,0.0483,-0.8508,0.5222
independent_20260430_165242,trial_001,subject_001,1777539163.3654082,1777539163.3654082,261954.9752279,13,R_Femur,58,1,0.5646,8.5319,1.8471,-10.6201,-0.2441,7.4463,75.1849,-2.1753,-29.0094,0.5943,0.1382,-0.2096,0.7641
independent_20260430_165242,trial_001,subject_001,1777539163.3664055,1777539163.3664055,261954.9753169,14,R_Tibia,30,1,-0.3541,8.2927,0.5024,-33.5083,6.8359,5.7983,76.734,1.6095,-176.759,0.0065,0.6207,-0.7834,0.0309
independent_20260430_165242,trial_001,subject_001,1777539163.3664055,1777539163.3664055,261954.9754069,15,R_Foot,30,1,2.2203,2.1485,7.216,-28.8086,-8.5449,14.1602,-18.4296,-16.6443,-99.278,0.0063,-0.2133,-0.7292,0.6502
independent_20260430_165242,trial_001,subject_001,1777539163.4039717,1777539163.4039717,261955.0132931,9,Trunk,56,1,-0.7226,9.6708,-0.9857,3.1128,11.7798,-1.5259,97.7893,3.7024,-18.7646,0.7396,0.1437,-0.0831,0.6523
independent_20260430_165242,trial_001,subject_001,1777539163.4039717,1777539163.4039717,261955.0134094,10,L_Femur,58,1,-0.5455,9.5464,-1.603,24.0479,15.1978,-2.1973,103.2935,5.8228,-22.1375,0.7626,0.1813,-0.0799,0.6158
independent_20260430_165242,trial_001,subject_001,1777539163.4039717,1777539163.4039717,261955.0135106,12,L_Foot,60,1,-1.158,0.3541,9.9531,0.7324,-0.4272,0.061,2.7466,6.1633,-117.0758,-0.0334,0.0485,-0.8508,0.5221
independent_20260430_165242,trial_001,subject_001,1777539163.4039717,1777539163.4039717,261955.0136093,13,R_Femur,59,1,1.0671,8.6851,2.2729,-9.0332,8.3008,8.1177,75.0311,-2.2687,-28.8721,0.5935,0.1366,-0.2094,0.765
independent_20260430_165242,trial_001,subject_001,1777539163.4039717,1777539163.4039717,261955.0137072,10,L_Femur,59,1,-0.4737,9.5081,-1.5552,25.5737,22.644,-2.8687,103.7,5.7843,-21.8079,0.7653,0.1792,-0.0777,0.6133
independent_20260430_165242,trial_001,subject_001,1777539163.4039717,1777539163.4039717,261955.013803,11,L_Tibia,60,1,-0.9666,9.288,-2.8185,17.334,1.5869,3.54,110.495,3.8123,-30.13,0.788,0.2317,-0.1217,0.5572
independent_20260430_165242,trial_001,subject_001,1777539163.4039717,1777539163.4039717,261955.0138981,12,L_Foot,61,1,-1.1341,0.3685,9.8861,2.0142,-0.3662,0.1221,2.785,6.1633,-117.0758,-0.0332,0.0487,-0.8508,0.5221
independent_20260430_165242,trial_001,subject_001,1777539163.4039717,1777539163.4039717,261955.0140126,13,R_Femur,60,1,1.024,8.7855,2.6653,-9.3384,15.8691,8.7891,74.8773,-2.3456,-28.6194,0.5929,0.1345,-0.2083,0.7661
independent_20260430_165242,trial_001,subject_001,1777539163.4039717,1777539163.4039717,261955.0141914,14,R_Tibia,31,1,-0.134,8.0821,0.7896,-10.6812,16.5405,2.4414,76.1737,1.593,-176.358,0.0087,0.6168,-0.7863,0.0336
independent_20260430_165242,trial_001,subject_001,1777539163.4039717,1777539163.4039717,261955.0143361,15,R_Foot,31,1,2.4021,1.7322,6.4887,-3.0518,-4.0894,28.3813,-19.2041,-16.6992,-98.3496,0.0005,-0.2185,-0.7224,0.6561
independent_20260430_165242,trial_001,subject_001,1777539163.4039717,1777539163.4039717,261955.0144552,9,Trunk,57,1,-1.0049,9.3885,-0.6651,0.1221,13.4888,0.4883,97.8333,3.6255,-18.3252,0.7405,0.1405,-0.0811,0.6522
independent_20260430_165242,trial_001,subject_001,1777539163.4057176,1777539163.4057176,261955.0145712,10,L_Femur,60,1,-0.6364,9.3789,-1.7083,23.9258,32.2266,-4.4556,104.1064,5.7349,-21.3409,0.7683,0.1761,-0.075,0.6108
independent_20260430_165242,trial_001,subject_001,1777539163.4057176,1777539163.4057176,261955.0147056,11,L_Tibia,61,1,-0.6556,9.0439,-3.2348,17.2119,0.3662,3.7231,110.8411,3.7408,-30.1245,0.7898,0.2317,-0.1215,0.5547
independent_20260430_165242,trial_001,subject_001,1777539163.4057176,1777539163.4057176,261955.0148313,12,L_Foot,62,1,-1.1389,0.5551,10.0201,1.5869,-0.6714,0.1221,2.829,6.1578,-117.0758,-0.0329,0.0491,-0.8508,0.5222
independent_20260430_165242,trial_001,subject_001,1777539163.4057176,1777539163.4057176,261955.0149274,13,R_Femur,61,1,0.4881,8.5606,2.4548,-0.9766,21.1792,10.437,74.762,-2.4445,-28.1744,0.5928,0.1313,-0.2059,0.7674
independent_20260430_165242,trial_001,subject_001,1777539163.4057176,1777539163.4057176,261955.0150197,9,Trunk,58,1,-1.0958,9.422,-0.5838,-1.0376,11.7188,0.3052,97.8168,3.587,-18.1439,0.7406,0.1391,-0.0803,0.6524
independent_20260430_165242,trial_001,subject_001,1777539163.4057176,1777539163.4057176,261955.0151102,10,L_Femur,61,1,-0.6125,8.9339,-2.206,31.8604,39.917,-3.3569,104.7766,5.614,-20.5554,0.7732,0.1706,-0.0706,0.6067
independent_20260430_165242,trial_001,subject_001,1777539163.4057176,1777539163.4057176,261955.0152013,11,L_Tibia,62,1,-0.6316,8.9722,-3.5362,17.4561,-1.3428,4.0894,111.1047,3.6969,-30.152,0.7911,0.232,-0.1214,0.5528
independent_20260430_165242,trial_001,subject_001,1777539163.4057176,1777539163.4057176,261955.0152916,12,L_Foot,63,1,-1.1245,0.5886,10.0105,0.8545,-0.6104,-0.1831,2.9608,6.2512,-117.0483,-0.033,0.0505,-0.8506,0.5224
independent_20260430_165242,trial_001,subject_001,1777539163.4057176,1777539163.4057176,261955.0153989,13,R_Femur,62,1,0.1866,8.5798,2.3495,-2.2583,25.4517,11.0474,74.707,-2.5049,-27.7625,0.593,0.1287,-0.2035,0.7683
independent_20260430_165242,trial_001,subject_001,1777539163.4057176,1777539163.4057176,261955.0155104,14,R_Tibia,32,1,0.0813,8.2161,0.6316,9.5215,37.2925,-1.8921,76.2836,1.8677,-175.3583,0.0122,0.6175,-0.7853,0.0419
independent_20260430_165242,trial_001,subject_001,1777539163.406726,1777539163.406726,261955.0156027,15,R_Foot,32,1,2.4548,1.2585,7.2447,15.3809,6.1646,39.4287,-19.1986,-16.2488,-97.3279,-0.0044,-0.216,-0.7173,0.6624
independent_20260430_165242,trial_001,subject_001,1777539163.494426,1777539163.494426,261955.1035558,9,Trunk,59,1,-0.9714,9.465,-0.8422,-2.2583,9.5825,0.1831,97.7673,3.5431,-17.9517,0.7406,0.1376,-0.0795,0.6529
independent_20260430_165242,trial_001,subject_001,1777539163.494426,1777539163.494426,261955.1037712,10,L_Femur,62,1,-0.9618,9.1014,-2.4404,33.9966,37.9639,-1.4648,105.3314,5.4877,-19.9786,0.7771,0.1664,-0.0676,0.6032
independent_20260430_165242,trial_001,subject_001,1777539163.494426,1777539163.494426,261955.1039391,11,L_Tibia,63,1,-0.5264,9.0918,-3.4597,17.395,-1.4648,4.5166,111.3684,3.6475,-30.1904,0.7924,0.2323,-0.1214,0.5509
independent_20260430_165242,trial_001,subject_001,1777539163.494426,1777539163.494426,261955.104075,12,L_Foot,64,1,-1.1054,0.6269,10.0105,0.061,-0.3052,-0.2441,2.9608,6.2567,-117.0428,-0.0331,0.0505,-0.8505,0.5224
independent_20260430_165242,trial_001,subject_001,1777539163.494426,1777539163.494426,261955.1042557,13,R_Femur,63,1,0.0813,8.13,2.1007,8.4839,25.2686,11.7798,74.7729,-2.5818,-27.334,0.5941,0.126,-0.201,0.7686
independent_20260430_165242,trial_001,subject_001,1777539163.4954345,1777539163.4954345,261955.104408,9,Trunk,60,1,-0.914,9.4411,-0.8135,-2.2583,11.7188,1.8311,97.7234,3.4937,-17.7869,0.7406,0.1362,-0.079,0.6532
independent_20260430_165242,trial_001,subject_001,1777539163.4954345,1777539163.4954345,261955.1045525,10,L_Femur,63,1,-1.2441,9.2545,-2.5505,32.4097,33.8745,-1.5869,105.8752,5.3668,-19.4568,0.7809,0.1625,-0.0649,0.5997
independent_20260430_165242,trial_001,subject_001,1777539163.4954345,1777539163.4954345,261955.1047078,11,L_Tibia,64,1,-0.1866,8.9052,-3.2061,19.7754,3.7842,3.54,111.7584,3.5706,-30.1685,0.7944,0.2322,-0.121,0.5481
independent_20260430_165242,trial_001,subject_001,1777539163.4954345,1777539163.4954345,261955.1048668,12,L_Foot,65,1,-1.0671,0.6651,10.001,-0.4883,0.0,-0.1831,2.9608,6.2512,-117.0428,-0.033,0.0505,-0.8505,0.5224
independent_20260430_165242,trial_001,subject_001,1777539163.4954345,1777539163.4954345,261955.1050555,13,R_Femur,64,1,0.1483,8.5271,2.3974,3.0518,26.2451,9.3994,74.8444,-2.6532,-26.7737,0.5953,0.1228,-0.1975,0.7691
independent_20260430_165242,trial_001,subject_001,1777539163.4954345,1777539163.4954345,261955.1052607,14,R_Tibia,33,1,-0.8183,8.1396,0.9092,26.001,43.2739,-0.8545,77.0087,2.2961,-173.9026,0.0174,0.6224,-0.7806,0.0541
independent_20260430_165242,trial_001,subject_001,1777539163.4964437,1777539163.4964437,261955.1055,15,R_Foot,33,1,1.7514,0.6221,7.5271,30.3955,2.3193,42.7246,-18.7317,-15.5731,-95.9271,-0.0087,-0.2093,-0.7113,0.671
independent_20260430_165242,trial_001,subject_001,1777539163.554435,1777539163.554435,261955.1637053,9,Trunk,61,1,-0.9427,9.1827,-0.512,-2.7466,14.7095,3.9062,97.6849,3.4003,-17.5836,0.7407,0.1343,-0.0785,0.6535
independent_20260430_165242,trial_001,subject_001,1777539163.554435,1777539163.554435,261955.1639037,10,L_Femur,64,1,-0.9666,8.9817,-2.4021,27.832,29.6021,-0.7935,106.507,5.213,-18.8525,0.7852,0.1579,-0.0619,0.5956
independent_20260430_165242,trial_001,subject_001,1777539163.554435,1777539163.554435,261955.1640651,11,L_Tibia,65,1,-0.0718,8.7329,-2.9429,21.7896,12.5122,3.0518,112.088,3.4772,-30.0256,0.7964,0.2311,-0.1203,0.5458
independent_20260430_165242,trial_001,subject_001,1777539163.554435,1777539163.554435,261955.1642184,12,L_Foot,66,1,-1.091,0.6077,9.8766,-0.3662,0.2441,-0.2441,2.9608,6.2512,-117.0374,-0.033,0.0505,-0.8505,0.5225
independent_20260430_165242,trial_001,subject_001,1777539163.5739746,1777539163.5739746,261955.1835581,13,R_Femur,65,1,0.2632,9.0009,3.0386,-0.9155,30.3955,7.9956,74.8059,-2.6642,-26.3013,0.5955,0.1202,-0.1944,0.7701
independent_20260430_165242,trial_001,subject_001,1777539163.5739746,1777539163.5739746,261955.1837378,9,Trunk,62,1,-0.9714,8.6468,-0.3589,2.1973,13.6108,5.0049,97.6794,3.2574,-17.3145,0.7412,0.1318,-0.0779,0.6536
independent_20260430_165242,trial_001,subject_001,1777539163.5749743,1777539163.5749743,261955.1839056,11,L_Tibia,66,1,-0.7848,8.9913,-3.3544,22.583,8.9722,4.2114,112.5494,3.3344,-29.8553,0.7991,0.2298,-0.1196,0.5425
independent_20260430_165242,trial_001,subject_001,1777539163.5749743,1777539163.5749743,261955.1841339,12,L_Foot,67,1,-1.0719,0.6173,9.9675,0.6714,0.5493,-0.1221,2.9608,6.2512,-117.0319,-0.033,0.0505,-0.8505,0.5225
independent_20260430_165242,trial_001,subject_001,1777539163.5749743,1777539163.5749743,261955.1843043,13,R_Femur,66,1,0.3254,9.3358,3.4597,-4.6997,31.25,10.1929,74.7015,-2.6862,-25.6366,0.5955,0.1164,-0.1902,0.7718
independent_20260430_165242,trial_001,subject_001,1777539163.5749743,1777539163.5749743,261955.1844489,14,R_Tibia,34,1,-0.713,8.4267,1.5647,49.4385,28.2593,3.9673,78.4918,2.4609,-172.7985,0.0231,0.6323,-0.7719,0.0622
independent_20260430_165242,trial_001,subject_001,1777539163.5749743,1777539163.5749743,261955.1845946,15,R_Foot,34,1,1.0336,0.7034,7.7663,47.4243,9.2773,28.6255,-17.6221,-15.0952,-94.7571,-0.0073,-0.1996,-0.7072,0.6782
independent_20260430_165242,trial_001,subject_001,1777539163.5749743,1777539163.5749743,261955.1847356,9,Trunk,63,1,-1.0432,9.0392,-0.4737,6.0425,11.7798,4.3945,97.7563,3.1531,-17.1497,0.7419,0.1302,-0.0775,0.6532
independent_20260430_165242,trial_001,subject_001,1777539163.5759778,1777539163.5759778,261955.1848743,10,L_Femur,65,1,-1.225,9.2354,-2.6318,27.2217,26.7944,3.2349,107.5232,4.834,-17.8693,0.7922,0.1498,-0.0581,0.5887
independent_20260430_165242,trial_001,subject_001,1777539163.5759778,1777539163.5759778,261955.1850276,11,L_Tibia,67,1,-0.9427,9.0392,-3.6511,23.9258,3.2349,5.9204,112.912,3.241,-29.8224,0.8011,0.2295,-0.1194,0.5398
independent_20260430_165242,trial_001,subject_001,1777539163.5759778,1777539163.5759778,261955.1851673,12,L_Foot,68,1,-1.0432,0.713,9.9866,0.4883,0.7935,-0.3052,2.9663,6.2512,-117.0319,-0.033,0.0505,-0.8505,0.5225
independent_20260430_165242,trial_001,subject_001,1777539163.5759778,1777539163.5759778,261955.1853117,13,R_Femur,67,1,0.3397,9.5799,3.6128,-17.6392,33.5083,10.9863,74.4379,-2.7191,-25.1038,0.5943,0.113,-0.187,0.774
independent_20260430_165242,trial_001,subject_001,1777539163.5759778,1777539163.5759778,261955.1854495,9,Trunk,64,1,-0.847,9.7713,-0.4402,6.5308,11.2915,3.7231,97.8717,3.0322,-16.9244,0.7429,0.1281,-0.0769,0.6525
independent_20260430_165242,trial_001,subject_001,1777539163.5759778,1777539163.5759778,261955.1855895,10,L_Femur,66,1,-1.5504,9.2401,-2.8185,26.7944,23.1934,2.6855,107.9572,4.6802,-17.5397,0.795,0.1469,-0.057,0.5858
independent_20260430_165242,trial_001,subject_001,1777539163.5759778,1777539163.5759778,261955.1857306,11,L_Tibia,68,1,-0.7704,8.953,-3.4357,24.9634,4.0283,6.958,113.2855,3.1311,-29.8004,0.803,0.2292,-0.1193,0.537
independent_20260430_165242,trial_001,subject_001,1777539163.5769756,1777539163.5769756,261955.1858674,12,L_Foot,69,1,-1.0814,0.6556,9.9962,0.1221,1.0376,-0.4272,2.9718,6.2512,-117.0264,-0.033,0.0505,-0.8505,0.5226
independent_20260430_165242,trial_001,subject_001,1777539163.5769756,1777539163.5769756,261955.1860057,13,R_Femur,68,1,-0.2632,8.13,2.4165,4.5166,23.0713,12.7563,74.3939,-2.796,-24.6698,0.5946,0.1101,-0.1845,0.7748
independent_20260430_165242,trial_001,subject_001,1777539163.5769756,1777539163.5769756,261955.1861479,14,R_Tibia,35,1,-0.0861,9.0727,0.3732,52.7344,41.3818,3.3569,80.1398,2.5543,-171.7383,0.0293,0.6431,-0.762,0.0694
independent_20260430_165242,trial_001,subject_001,1777539163.5769756,1777539163.5769756,261955.1862846,15,R_Foot,35,1,1.5169,-1.6604,8.5941,66.9556,18.8599,11.9019,-15.5676,-14.3427,-94.3451,-0.0006,-0.1826,-0.7095,0.6807
independent_20260430_165242,trial_001,subject_001,1777539163.5769756,1777539163.5769756,261955.1864257,9,Trunk,65,1,-0.4977,10.0153,-0.8996,5.249,9.7046,3.418,97.9486,2.9553,-16.7871,0.7436,0.1268,-0.0765,0.652
independent_20260430_165242,trial_001,subject_001,1777539163.5769756,1777539163.5769756,261955.1865651,10,L_Femur,67,1,-1.7609,9.2688,-3.163,22.8271,19.8364,1.4648,108.3307,4.5538,-17.243,0.7974,0.1444,-0.0558,0.5832
independent_20260430_165242,trial_001,subject_001,1777539163.5769756,1777539163.5769756,261955.1867079,11,L_Tibia,69,1,-0.8613,9.0727,-3.4788,25.1465,5.9204,8.5449,113.7964,2.9443,-29.751,0.8058,0.2285,-0.1194,0.5332
independent_20260430_165242,trial_001,subject_001,1777539163.5779765,1777539163.5779765,261955.1868552,12,L_Foot,70,1,-1.158,0.6029,9.934,1.4038,0.8545,0.3662,2.9718,6.2512,-117.0209,-0.033,0.0506,-0.8504,0.5226
independent_20260430_165242,trial_001,subject_001,1777539163.5779765,1777539163.5779765,261955.1870174,13,R_Femur,69,1,-0.2967,7.5031,1.0288,17.5781,10.8643,12.0239,74.6851,-2.9828,-24.3402,0.5971,0.1076,-0.183,0.7736
independent_20260430_165242,trial_001,subject_001,1777539163.5779765,1777539163.5779765,261955.1871641,9,Trunk,66,1,-0.335,10.0967,-1.0814,-0.061,12.3291,3.3569,97.9596,2.8674,-16.6223,0.7439,0.1253,-0.0762,0.652
independent_20260430_165242,trial_001,subject_001,1777539163.5779765,1777539163.5779765,261955.1873113,10,L_Femur,68,1,-1.3638,8.953,-3.0529,24.8413,15.0146,1.0986,108.8361,4.4275,-16.9189,0.8005,0.1418,-0.0545,0.5797
independent_20260430_165242,trial_001,subject_001,1777539163.6436002,1777539163.6436002,261955.2533315,11,L_Tibia,70,1,-0.6508,8.819,-3.7133,26.3672,10.9253,8.8501,114.1919,2.7686,-29.6686,0.808,0.2276,-0.1194,0.5302
independent_20260430_165242,trial_001,subject_001,1777539163.644601,1777539163.644601,261955.2535701,12,L_Foot,71,1,-1.2059,0.5551,9.8526,2.5024,0.6104,0.6714,2.9718,6.2512,-117.0154,-0.033,0.0506,-0.8504,0.5226
independent_20260430_165242,trial_001,subject_001,1777539163.644601,1777539163.644601,261955.2537655,13,R_Femur,70,1,0.5742,8.0821,1.4355,21.3013,14.3433,9.0942,74.9707,-3.0762,-24.0985,0.5994,0.1062,-0.1816,0.7723
independent_20260430_165242,trial_001,subject_001,1777539163.644601,1777539163.644601,261955.2539582,14,R_Tibia,36,1,-0.8709,8.8765,0.4737,49.4385,36.8652,6.4697,81.958,2.6093,-170.3265,0.0382,0.6547,-0.7508,0.0785
independent_20260430_165242,trial_001,subject_001,1777539163.644601,1777539163.644601,261955.2541423,15,R_Foot,36,1,2.2682,-1.7035,9.9053,53.772,24.231,8.667,-13.8647,-13.667,-94.2078,0.005,-0.1682,-0.7123,0.6814
independent_20260430_165242,trial_001,subject_001,1777539163.644601,1777539163.644601,261955.2543298,10,L_Femur,69,1,-1.0767,8.8765,-2.8232,28.6865,15.3198,2.1973,109.2645,4.3231,-16.7102,0.8031,0.14,-0.0536,0.5767
independent_20260430_165242,trial_001,subject_001,1777539163.6456027,1777539163.6456027,261955.2545134,11,L_Tibia,71,1,-0.4115,8.9291,-3.9238,25.5127,9.1553,9.3384,114.5874,2.5873,-29.5807,0.8102,0.2265,-0.1195,0.5271
independent_20260430_165242,trial_001,subject_001,1777539163.6456027,1777539163.6456027,261955.2547218,12,L_Foot,72,1,-1.1293,0.579,9.9196,4.1504,0.7935,0.7935,3.0652,6.2732,-117.0044,-0.0327,0.0513,-0.8503,0.5227
independent_20260430_165242,trial_001,subject_001,1777539163.6456027,1777539163.6456027,261955.2549042,13,R_Femur,71,1,1.0814,8.6276,2.0768,23.1934,28.1982,8.606,75.2838,-3.1091,-23.692,0.6019,0.1043,-0.1787,0.7713
independent_20260430_165242,trial_001,subject_001,1777539163.6456027,1777539163.6456027,261955.2550902,9,Trunk,67,1,-1.0767,9.2401,-0.1627,0.7935,20.752,5.3711,97.9266,2.5983,-15.9851,0.7447,0.1196,-0.0743,0.6524
independent_20260430_165242,trial_001,subject_001,1777539163.6456027,1777539163.6456027,261955.2552744,10,L_Femur,70,1,-0.6412,8.9674,-2.7945,33.02,20.2026,4.0894,109.7644,4.1693,-16.4465,0.806,0.1376,-0.0528,0.5732
independent_20260430_165242,trial_001,subject_001,1777539163.6456027,1777539163.6456027,261955.2553884,11,L_Tibia,72,1,-0.2584,9.0966,-3.9717,26.6113,8.4229,10.1929,115.1257,2.3456,-29.4928,0.8132,0.2254,-0.1198,0.523
independent_20260430_165242,trial_001,subject_001,1777539163.6639977,1777539163.6639977,261955.2732225,12,L_Foot,73,1,-1.0767,0.5359,9.9962,5.0049,1.0986,0.6104,3.1531,6.2897,-116.9989,-0.0324,0.0521,-0.8502,0.5228
independent_20260430_165242,trial_001,subject_001,1777539163.6639977,1777539163.6639977,261955.2734131,13,R_Femur,72,1,0.8661,8.9674,2.9189,23.8037,42.9688,11.6577,75.6958,-3.1256,-22.8571,0.6054,0.1004,-0.1728,0.7704
independent_20260430_165242,trial_001,subject_001,1777539163.6639977,1777539163.6639977,261955.2735881,14,R_Tibia,37,1,-0.4594,8.8669,1.0192,52.5513,32.7148,8.4229,83.7653,2.5104,-169.1071,0.0471,0.666,-0.7396,0.0852
independent_20260430_165242,trial_001,subject_001,1777539163.6639977,1777539163.6639977,261955.2737172,9,Trunk,68,1,-1.2537,9.221,-0.0526,2.3193,19.8364,5.9204,97.9541,2.4609,-15.6995,0.7453,0.117,-0.0736,0.6523
independent_20260430_165242,trial_001,subject_001,1777539163.6639977,1777539163.6639977,261955.2738394,10,L_Femur,71,1,-0.2823,9.2019,-2.8615,29.2969,27.9541,4.7607,110.4181,3.9001,-15.9851,0.8101,0.1333,-0.0516,0.5686
independent_20260430_165242,trial_001,subject_001,1777539163.6639977,1777539163.6639977,261955.2739414,11,L_Tibia,73,1,-0.2823,9.0296,-3.7707,26.3062,8.667,10.6201,115.5267,2.1533,-29.4434,0.8154,0.2246,-0.1202,0.5199
independent_20260430_165242,trial_001,subject_001,1777539163.6651154,1777539163.6651154,261955.2740637,12,L_Foot,74,1,-1.1006,0.5359,9.9579,5.7373,1.1597,0.4883,3.2465,6.3116,-116.9934,-0.0321,0.0529,-0.8502,0.5229
independent_20260430_165242,trial_001,subject_001,1777539163.6651154,1777539163.6651154,261955.2741585,13,R_Femur,73,1,0.3302,8.9482,3.0625,24.292,43.1519,13.9771,76.0199,-3.1641,-22.1594,0.6083,0.0969,-0.168,0.7697
independent_20260430_165242,trial_001,subject_001,1777539163.6942446,1777539163.6942446,261955.3033655,9,Trunk,69,1,-1.1389,9.2976,0.0526,5.7983,20.4468,7.3853,98.0475,2.2522,-15.3204,0.7464,0.1134,-0.0727,0.6517
independent_20260430_165242,trial_001,subject_001,1777539163.6942446,1777539163.6942446,261955.3035027,10,L_Femur,72,1,-0.311,8.843,-3.1821,30.0293,34.1797,4.3335,110.885,3.6584,-15.5402,0.8131,0.1292,-0.0506,0.5653
independent_20260430_165242,trial_001,subject_001,1777539163.6942446,1777539163.6942446,261955.3036123,11,L_Tibia,74,1,-0.402,8.8717,-4.3306,25.1465,6.8359,11.7188,116.0431,1.8842,-29.3939,0.8182,0.2236,-0.1209,0.5157
independent_20260430_165242,trial_001,subject_001,1777539163.6942446,1777539163.6942446,261955.3037102,12,L_Foot,75,1,-1.1532,0.646,9.9196,6.897,0.9155,0.6714,3.3948,6.3391,-116.9879,-0.0317,0.0541,-0.8501,0.523
independent_20260430_165242,trial_001,subject_001,1777539163.6942446,1777539163.6942446,261955.3038057,13,R_Femur,74,1,-0.5694,8.4027,2.383,31.7993,25.1465,15.1978,76.5417,-3.3234,-21.4673,0.6125,0.0929,-0.1638,0.7677
independent_20260430_165242,trial_001,subject_001,1777539163.6942446,1777539163.6942446,261955.3039009,14,R_Tibia,38,1,-0.1436,9.0152,0.0048,51.9409,30.2734,13.0615,85.6934,2.2192,-168.0194,0.0568,0.6777,-0.7277,0.0896
independent_20260430_165242,trial_001,subject_001,1777539163.6942446,1777539163.6942446,261955.3039953,15,R_Foot,37,1,1.7657,-1.7849,8.8573,53.2837,40.4663,-25.3906,-9.9756,-11.4917,-95.3558,0.0155,-0.1311,-0.727,0.6738
independent_20260430_165242,trial_001,subject_001,1777539163.6952496,1777539163.6952496,261955.3041205,10,L_Femur,73,1,-0.5312,8.3118,-3.5506,39.1846,33.4473,5.7373,111.6541,3.3069,-14.9249,0.8179,0.1235,-0.0493,0.5598
independent_20260430_165242,trial_001,subject_001,1777539163.6952496,1777539163.6952496,261955.3042529,11,L_Tibia,75,1,-0.1627,8.6085,-4.6942,26.9165,7.4463,12.4512,116.4441,1.6809,-29.3719,0.8203,0.223,-0.1214,0.5125
independent_20260430_165242,trial_001,subject_001,1777539163.6952496,1777539163.6952496,261955.3043535,12,L_Foot,76,1,-1.1293,0.8183,10.0058,5.3711,1.0376,0.3662,3.4937,6.3611,-116.9824,-0.0314,0.0549,-0.85,0.523
independent_20260430_165242,trial_001,subject_001,1777539163.6952496,1777539163.6952496,261955.3044454,13,R_Femur,75,1,-0.7082,7.8381,1.2394,44.7388,5.4932,16.8457,77.146,-3.5376,-21.264,0.617,0.0913,-0.1631,0.7645
independent_20260430_165242,trial_001,subject_001,1777539163.6952496,1777539163.6952496,261955.304536,9,Trunk,70,1,-0.6651,9.355,0.1483,4.2114,23.4375,7.6904,98.1848,1.8622,-14.6173,0.7482,0.1067,-0.0711,0.651
independent_20260430_165242,trial_001,subject_001,1777539163.695767,1777539163.695767,261955.3046259,10,L_Femur,74,1,-1.0527,8.4267,-3.7181,43.5181,31.1279,7.8125,112.3187,3.0267,-14.5184,0.8218,0.1195,-0.0486,0.555
independent_20260430_165242,trial_001,subject_001,1777539163.695767,1777539163.695767,261955.3047149,11,L_Tibia,76,1,-0.3685,8.6516,-4.522,24.9634,8.4839,12.5122,116.8286,1.4612,-29.3335,0.8223,0.2221,-0.1221,0.5094
independent_20260430_165242,trial_001,subject_001,1777539163.695767,1777539163.695767,261955.3048257,12,L_Foot,77,1,-1.1867,0.7943,9.9627,5.4321,0.6714,0.7935,3.587,6.3721,-116.9769,-0.031,0.0557,-0.8499,0.5231
independent_20260430_165242,trial_001,subject_001,1777539163.695767,1777539163.695767,261955.3049616,13,R_Femur,76,1,-0.4307,8.0486,0.1962,57.4951,-7.2632,15.686,77.97,-3.7958,-21.2805,0.6227,0.0908,-0.1639,0.7597
independent_20260430_165242,trial_001,subject_001,1777539163.695767,1777539163.695767,261955.3050763,14,R_Tibia,39,1,-0.5072,10.3838,0.4067,29.7852,30.9448,15.2588,86.9348,1.8402,-167.0306,0.0661,0.6848,-0.7198,0.0929
independent_20260430_165242,trial_001,subject_001,1777539163.695767,1777539163.695767,261955.3051672,15,R_Foot,38,1,3.0912,-1.5408,8.4219,115.9058,87.4634,-25.0854,-6.5204,-8.3112,-96.8719,0.0165,-0.0904,-0.7423,0.6637
independent_20260430_165242,trial_001,subject_001,1777539163.695767,1777539163.695767,261955.3052572,9,Trunk,71,1,-0.6508,9.3741,0.0096,6.7139,25.0244,7.3242,98.2782,1.6864,-14.2657,0.7492,0.1035,-0.0702,0.6505
independent_20260430_165242,trial_001,subject_001,1777539163.695767,1777539163.695767,261955.3053468,10,L_Femur,75,1,-1.4403,8.7808,-3.6702,45.2271,28.8696,8.9722,113.0054,2.7301,-14.1559,0.8257,0.1158,-0.0483,0.55
independent_20260430_165242,trial_001,subject_001,1777539163.695767,1777539163.695767,261955.3054348,11,L_Tibia,77,1,-0.4115,8.7521,-4.3593,26.8555,14.9536,13.1836,117.3505,1.1261,-29.2181,0.8253,0.2204,-0.123,0.5052
independent_20260430_165242,trial_001,subject_001,1777539163.695767,1777539163.695767,261955.3055228,12,L_Foot,78,1,-1.2106,0.7848,9.8383,5.3711,-0.4272,1.2207,3.7024,6.3721,-116.955,-0.0305,0.0565,-0.8497,0.5233
independent_20260430_165242,trial_001,subject_001,1777539163.695767,1777539163.695767,261955.3056114,13,R_Femur,77,1,0.4067,8.9291,-0.1962,63.7207,-2.3193,13.0615,79.1949,-4.0924,-21.3135,0.6311,0.0908,-0.1648,0.7526
independent_20260430_165242,trial_001,subject_001,1777539163.696773,1777539163.696773,261955.3057543,10,L_Femur,76,1,-1.8136,9.288,-3.273,44.4336,26.7334,9.2163,113.9117,2.3401,-13.7164,0.8307,0.1111,-0.0481,0.5433
independent_20260430_165242,trial_001,subject_001,1777539163.696773,1777539163.696773,261955.3058544,11,L_Tibia,78,1,-0.6986,9.02,-4.053,28.2593,17.395,15.1978,117.7789,0.8185,-29.0863,0.8278,0.2186,-0.1238,0.5017
independent_20260430_165242,trial_001,subject_001,1777539163.696773,1777539163.696773,261955.3059431,12,L_Foot,79,1,-1.1293,0.6699,9.9579,5.7373,-1.2207,1.2207,3.8013,6.3611,-116.944,-0.0299,0.0572,-0.8496,0.5234
independent_20260430_165242,trial_001,subject_001,1777539163.696773,1777539163.696773,261955.3060312,13,R_Femur,78,1,0.2249,10.0632,0.6364,65.5518,10.8032,16.8457,80.1672,-4.3121,-21.1487,0.6378,0.0898,-0.1641,0.7471
independent_20260430_165242,trial_001,subject_001,1777539163.696773,1777539163.696773,261955.3061196,14,R_Tibia,40,1,-2.2538,11.9725,3.163,-8.1177,-13.0005,22.1558,87.0886,1.225,-166.6132,0.0726,0.6851,-0.719,0.0918
independent_20260430_165242,trial_001,subject_001,1777539163.696773,1777539163.696773,261955.3062075,15,R_Foot,39,1,0.9714,-2.2729,7.9673,147.4609,70.4346,7.7515,-2.6697,-5.9491,-96.9159,0.0234,-0.0518,-0.7465,0.663
independent_20260430_165242,trial_001,subject_001,1777539163.7241845,1777539163.7241845,261955.3334652,9,Trunk,72,1,-1.0767,10.3694,-0.7273,17.0898,24.5361,2.1362,98.6847,1.3788,-13.3923,0.7525,0.0962,-0.0669,0.6481
independent_20260430_165242,trial_001,subject_001,1777539163.7439866,1777539163.7439866,261955.3530998,10,L_Femur,77,1,-2.1964,9.7856,-3.1582,41.626,22.3389,8.3618,114.5599,2.0764,-13.4418,0.8343,0.1082,-0.0481,0.5385
independent_20260430_165242,trial_001,subject_001,1777539163.7439866,1777539163.7439866,261955.3532186,11,L_Tibia,79,1,-1.158,9.5033,-3.7611,32.2876,15.1978,19.165,118.2568,0.4669,-28.9929,0.8305,0.2169,-0.1251,0.4977
independent_20260430_165242,trial_001,subject_001,1777539163.7444758,1777539163.7444758,261955.353525,12,L_Foot,80,1,-1.1054,0.3924,9.9388,7.1411,-2.5024,1.1597,3.9441,6.3171,-116.9275,-0.029,0.0581,-0.8495,0.5236
independent_20260430_165242,trial_001,subject_001,1777539163.7444758,1777539163.7444758,261955.3536727,13,R_Femur,79,1,0.5312,12.1734,3.0242,38.208,29.2358,16.6016,80.7935,-4.5154,-20.7147,0.6424,0.0869,-0.1619,0.744
independent_20260430_165242,trial_001,subject_001,1777539163.7444758,1777539163.7444758,261955.3537973,9,Trunk,73,1,-1.158,10.9293,-1.493,20.1416,20.5688,-0.3052,98.9703,1.3184,-13.0792,0.7544,0.094,-0.0653,0.6464
independent_20260430_165242,trial_001,subject_001,1777539163.7444758,1777539163.7444758,261955.3539167,10,L_Femur,78,1,-2.3734,10.0105,-3.0529,35.9497,15.7471,6.2866,115.1202,1.8732,-13.2495,0.8372,0.1061,-0.0482,0.5344
independent_20260430_165242,trial_001,subject_001,1777539163.7444758,1777539163.7444758,261955.3540361,11,L_Tibia,80,1,-1.1341,9.3885,-3.2443,35.8887,11.3525,23.4985,118.9435,-0.0385,-28.9709,0.834,0.2153,-0.1273,0.4917
independent_20260430_165242,trial_001,subject_001,1777539163.7444758,1777539163.7444758,261955.354154,12,L_Foot,81,1,-1.3877,0.402,10.0058,8.4839,-3.0518,0.6104,4.0759,6.2732,-116.9275,-0.028,0.0589,-0.8495,0.5236
independent_20260430_165242,trial_001,subject_001,1777539163.7444758,1777539163.7444758,261955.3542719,13,R_Femur,80,1,1.2681,13.2214,6.9911,29.1748,59.9976,9.0332,81.2878,-4.5813,-19.6655,0.6465,0.0813,-0.1551,0.7426
independent_20260430_165242,trial_001,subject_001,1777539163.7454784,1777539163.7454784,261955.3544781,9,Trunk,74,1,-1.024,11.0633,-2.2155,21.1182,16.8457,-2.0142,99.278,1.2909,-12.8101,0.7564,0.0922,-0.0637,0.6445
independent_20260430_165242,trial_001,subject_001,1777539163.7454784,1777539163.7454784,261955.354651,10,L_Femur,79,1,-1.9332,10.0632,-2.718,31.189,10.1929,5.6763,115.7794,1.6699,-13.0792,0.8405,0.1042,-0.0483,0.5294
independent_20260430_165242,trial_001,subject_001,1777539163.7454784,1777539163.7454784,261955.3547695,11,L_Tibia,81,1,-1.0097,9.4842,-3.1295,39.7949,9.5215,27.1606,119.5312,-0.4504,-29.0259,0.8369,0.2146,-0.1295,0.4866
independent_20260430_165242,trial_001,subject_001,1777539163.7459857,1777539163.7459857,261955.3548986,12,L_Foot,82,1,-1.4643,0.2249,10.0249,11.0474,-3.1128,0.3052,4.2407,6.2292,-116.9275,-0.027,0.0599,-0.8494,0.5236
independent_20260430_165242,trial_001,subject_001,1777539163.7459857,1777539163.7459857,261955.3550157,13,R_Femur,81,1,-1.1054,14.3028,6.8763,17.0288,66.04,-4.2725,81.4966,-4.422,-18.6713,0.6484,0.077,-0.1477,0.7429
independent_20260430_165242,trial_001,subject_001,1777539163.8042061,1777539163.8042061,261955.4132946,9,Trunk,75,1,-1.0192,10.9628,-2.6988,19.7754,7.3242,-5.7373,99.668,1.3348,-12.5958,0.7587,0.0913,-0.0619,0.642
independent_20260430_165242,trial_001,subject_001,1777539163.8042061,1777539163.8042061,261955.4134399,10,L_Femur,80,1,-1.3303,10.4843,-2.6605,22.7051,8.7891,5.3101,116.1475,1.5326,-12.9858,0.8424,0.103,-0.0485,0.5267
independent_20260430_165242,trial_001,subject_001,1777539163.8042061,1777539163.8042061,261955.4135491,11,L_Tibia,82,1,-0.4211,9.9292,-3.2156,49.5605,9.2773,30.2734,120.4596,-1.0437,-29.1522,0.8412,0.2141,-0.1326,0.4785
independent_20260430_165242,trial_001,subject_001,1777539163.8042061,1777539163.8042061,261955.4136493,12,L_Foot,83,1,-1.4164,0.2536,9.9531,13.916,-2.6245,0.4272,4.5264,6.1853,-116.933,-0.0253,0.0618,-0.8493,0.5236
independent_20260430_165242,trial_001,subject_001,1777539163.8042061,1777539163.8042061,261955.4137459,13,R_Femur,82,1,-2.072,11.915,4.565,31.4941,60.8521,-4.4556,81.9141,-4.1528,-17.4628,0.6516,0.0724,-0.138,0.7424
independent_20260430_165242,trial_001,subject_001,1777539163.8042061,1777539163.8042061,261955.4138411,14,R_Tibia,41,1,-3.5027,10.8719,1.1437,43.5181,49.4995,12.6953,88.3685,0.6702,-164.0424,0.0926,0.6908,-0.7096,0.1036
independent_20260430_165242,trial_001,subject_001,1777539163.8042061,1777539163.8042061,261955.4139352,15,R_Foot,40,1,2.6845,1.8806,11.8959,74.585,4.8828,-7.3853,4.5538,-4.5593,-97.1576,0.0561,0.0035,-0.7497,0.6594
independent_20260430_165242,trial_001,subject_001,1777539163.8052073,1777539163.8052073,261955.4140757,9,Trunk,76,1,-1.225,10.7379,-2.4787,15.7471,-0.6104,-6.7139,99.8987,1.4227,-12.5739,0.7599,0.0918,-0.061,0.6406
independent_20260430_165242,trial_001,subject_001,1777539163.8052073,1777539163.8052073,261955.4142503,10,L_Femur,81,1,-0.8278,10.6374,-2.8472,10.0708,10.1318,3.479,116.4221,1.3678,-12.843,0.8439,0.1013,-0.0488,0.5246
independent_20260430_165242,trial_001,subject_001,1777539163.8052073,1777539163.8052073,261955.4143722,11,L_Tibia,83,1,0.1148,9.7569,-3.1199,53.5278,12.7563,31.0059,121.2451,-1.5326,-29.2291,0.8448,0.2135,-0.135,0.4717
independent_20260430_165242,trial_001,subject_001,1777539163.8052073,1777539163.8052073,261955.4145274,12,L_Foot,84,1,-1.0814,0.201,9.9771,18.3105,-1.709,0.8545,4.8065,6.1578,-116.9275,-0.0238,0.0638,-0.8492,0.5237
independent_20260430_165242,trial_001,subject_001,1777539163.8052073,1777539163.8052073,261955.4146975,13,R_Femur,83,1,-1.0049,10.3694,2.8759,25.2075,62.0728,-1.4038,82.2546,-4.0045,-16.5454,0.6543,0.0685,-0.1311,0.7417
independent_20260430_165242,trial_001,subject_001,1777539163.8052073,1777539163.8052073,261955.4148642,9,Trunk,77,1,-1.0814,10.5656,-1.7753,9.8267,-5.9814,-6.8359,100.1074,1.5601,-12.6453,0.761,0.0931,-0.0603,0.6393
independent_20260430_165242,trial_001,subject_001,1777539163.8052073,1777539163.8052073,261955.4150108,10,L_Femur,82,1,-0.5168,10.3407,-3.029,4.0894,12.0239,3.2349,116.499,1.2469,-12.6947,0.8445,0.0997,-0.049,0.524
independent_20260430_165242,trial_001,subject_001,1777539163.8062072,1777539163.8062072,261955.4151461,11,L_Tibia,84,1,0.7704,9.6756,-3.4405,59.8755,20.2026,31.9824,122.1185,-2.0764,-29.2346,0.8489,0.2123,-0.1374,0.4642
independent_20260430_165242,trial_001,subject_001,1777539163.8062072,1777539163.8062072,261955.415267,12,L_Foot,85,1,-0.8087,0.0861,10.0488,22.8882,0.1831,1.8921,5.1471,6.1523,-116.9055,-0.0222,0.0663,-0.8489,0.524
independent_20260430_165242,trial_001,subject_001,1777539163.854108,1777539163.854108,261955.4636743,13,R_Femur,84,1,-0.0191,9.8335,1.7179,18.3105,56.8848,-1.6479,82.4689,-3.8727,-15.6665,0.6561,0.0646,-0.1245,0.7415
independent_20260430_165242,trial_001,subject_001,1777539163.854108,1777539163.854108,261955.4638192,14,R_Tibia,42,1,0.7561,9.7043,-0.1196,57.0068,41.8701,20.6909,89.967,0.1044,-162.7405,0.1054,0.699,-0.6992,0.1068
independent_20260430_165242,trial_001,subject_001,1777539163.854108,1777539163.854108,261955.4639472,15,R_Foot,41,1,-1.8662,1.024,11.1733,52.4902,-6.6528,-0.061,6.2238,-4.1144,-97.0312,0.0628,0.0169,-0.7488,0.6596
independent_20260430_165242,trial_001,subject_001,1777539163.8551154,1777539163.8551154,261955.464102,9,Trunk,78,1,-0.7178,10.5943,-1.469,5.3711,-2.3804,-7.0801,100.1843,1.6644,-12.6782,0.7613,0.0939,-0.0598,0.6388
independent_20260430_165242,trial_001,subject_001,1777539163.8551154,1777539163.8551154,261955.464262,10,L_Femur,83,1,-0.0335,10.3168,-3.1151,1.2817,11.8408,4.0283,116.521,1.1096,-12.5519,0.8448,0.098,-0.0493,0.5238
independent_20260430_165242,trial_001,subject_001,1777539163.8551154,1777539163.8551154,261955.4643962,11,L_Tibia,85,1,1.0336,9.9771,-3.8664,64.4531,28.8696,31.5552,123.382,-2.8949,-29.1248,0.8549,0.2097,-0.1407,0.4533
independent_20260430_165242,trial_001,subject_001,1777539163.8556323,1777539163.8556323,261955.4645221,12,L_Foot,86,1,-1.0527,0.268,9.9579,28.3813,1.0986,3.1738,5.7129,6.1743,-116.8396,-0.0198,0.0706,-0.8482,0.5246
independent_20260430_165242,trial_001,subject_001,1777539163.8556323,1777539163.8556323,261955.4646482,13,R_Femur,85,1,1.1293,8.1061,-1.6796,36.6821,30.0293,11.0474,83.0676,-3.9166,-14.8975,0.6604,0.0605,-0.1195,0.7389
independent_20260430_165242,trial_001,subject_001,1777539163.8556323,1777539163.8556323,261955.4649265,9,Trunk,79,1,-0.2536,10.4364,-1.2537,1.1597,4.6387,-5.188,100.2008,1.7303,-12.6178,0.7614,0.0939,-0.059,0.6388
independent_20260430_165242,trial_001,subject_001,1777539163.8556323,1777539163.8556323,261955.4650855,10,L_Femur,84,1,0.3541,10.5656,-2.9716,-4.6997,13.0615,3.2349,116.4661,0.9283,-12.3541,0.8448,0.0957,-0.0498,0.5241
independent_20260430_165242,trial_001,subject_001,1777539163.8556323,1777539163.8556323,261955.4652751,11,L_Tibia,86,1,0.9427,9.8287,-4.2731,68.1763,34.79,31.189,124.3817,-3.5541,-28.9655,0.8596,0.2071,-0.1432,0.4446
independent_20260430_165242,trial_001,subject_001,1777539163.8556323,1777539163.8556323,261955.4654624,12,L_Foot,87,1,-1.1867,0.7082,10.0393,31.7993,-0.1831,3.1738,6.2073,6.1908,-116.7847,-0.0176,0.0743,-0.8476,0.5251
independent_20260430_165242,trial_001,subject_001,1777539163.8556323,1777539163.8556323,261955.4656199,13,R_Femur,86,1,0.9857,8.1826,-2.2012,24.7192,15.2588,21.7285,83.4467,-4.1858,-14.5844,0.6632,0.0574,-0.1188,0.7368
independent_20260430_165242,trial_001,subject_001,1777539163.8556323,1777539163.8556323,261955.4657583,14,R_Tibia,43,1,2.2825,8.8095,-2.8089,55.4199,51.2695,20.1416,91.8951,-0.5109,-160.8179,0.1228,0.7081,-0.6861,0.1127
independent_20260430_165242,trial_001,subject_001,1777539163.8556323,1777539163.8556323,261955.4659127,15,R_Foot,42,1,1.871,2.4931,11.4222,17.1509,3.6621,-0.7324,7.0258,-4.2242,-97.0367,0.0681,0.0215,-0.7487,0.659
independent_20260430_165242,trial_001,subject_001,1777539163.8571463,1777539163.8571463,261955.4660233,10,L_Femur,85,1,0.1675,10.6422,-2.8807,-12.4512,16.7847,0.7935,116.3068,0.802,-12.1454,0.8443,0.0935,-0.0499,0.5253
independent_20260430_165242,trial_001,subject_001,1777539163.8571463,1777539163.8571463,261955.4661158,11,L_Tibia,87,1,1.1197,9.7952,-4.1439,72.937,45.8984,30.2734,125.7935,-4.5538,-28.5974,0.8664,0.2021,-0.1467,0.4324
independent_20260430_165242,trial_001,subject_001,1777539163.8571463,1777539163.8571463,261955.4662093,12,L_Foot,88,1,-0.9618,-0.2345,9.9196,49.8657,0.5493,5.7983,7.1082,6.1908,-116.7023,-0.0134,0.081,-0.8466,0.5258
independent_20260430_165242,trial_001,subject_001,1777539163.8571463,1777539163.8571463,261955.4663008,13,R_Femur,87,1,0.7561,8.3788,-1.3111,37.3535,1.6479,27.1606,83.9301,-4.5813,-14.469,0.6666,0.0547,-0.1201,0.7337
independent_20260430_165242,trial_001,subject_001,1777539163.8944125,1777539163.8944125,261955.5037237,9,Trunk,80,1,-0.3206,9.7091,-1.9571,5.0659,15.4419,2.6245,100.3052,1.6425,-12.2003,0.7624,0.0907,-0.0571,0.6382
independent_20260430_165242,trial_001,subject_001,1777539163.8944125,1777539163.8944125,261955.5038448,10,L_Femur,86,1,0.1914,10.6374,-2.8759,-21.2402,22.1558,-2.3193,116.0156,0.6812,-11.8433,0.8433,0.0906,-0.0496,0.5275
independent_20260430_165242,trial_001,subject_001,1777539163.8950286,1777539163.8950286,261955.5039543,11,L_Tibia,88,1,1.1293,10.001,-4.0339,77.3926,53.4668,27.0386,126.9086,-5.3448,-28.2074,0.8717,0.1975,-0.1492,0.4228
independent_20260430_165242,trial_001,subject_001,1777539163.8950286,1777539163.8950286,261955.5040654,12,L_Foot,89,1,-1.0623,-0.2967,10.068,63.1714,-0.3662,9.3384,8.0365,6.1798,-116.5759,-0.009,0.0878,-0.8454,0.5268
independent_20260430_165242,trial_001,subject_001,1777539163.8950286,1777539163.8950286,261955.5042121,13,R_Femur,88,1,0.6364,9.3789,-1.2824,56.8848,-5.0049,24.5361,84.9902,-5.1141,-14.4965,0.6736,0.0525,-0.1228,0.7269
independent_20260430_165242,trial_001,subject_001,1777539163.8950286,1777539163.8950286,261955.504311,14,R_Tibia,44,1,-2.4835,9.8957,-2.8567,42.8467,-16.4795,26.062,93.5596,-1.2964,-160.351,0.132,0.7167,-0.6761,0.1087
independent_20260430_165242,trial_001,subject_001,1777539163.8950286,1777539163.8950286,261955.5044053,15,R_Foot,43,1,0.847,0.9427,9.6421,10.437,1.9531,-2.7466,7.3444,-4.1693,-97.1082,0.0696,0.0239,-0.7491,0.6584
independent_20260430_165242,trial_001,subject_001,1777539163.8950286,1777539163.8950286,261955.5044989,9,Trunk,81,1,-0.2919,9.8048,-2.4356,4.0283,15.2588,6.4087,100.3546,1.5106,-11.9861,0.7629,0.0886,-0.0568,0.6379
independent_20260430_165242,trial_001,subject_001,1777539163.8950286,1777539163.8950286,261955.5045907,10,L_Femur,87,1,0.6364,10.5848,-2.6893,-35.6445,22.8882,-4.0894,115.3894,0.5383,-11.3818,0.8408,0.0863,-0.049,0.5322
independent_20260430_165242,trial_001,subject_001,1777539163.8950286,1777539163.8950286,261955.5046817,12,L_Foot,90,1,-1.2202,-0.5599,10.1589,90.271,0.9155,14.8926,9.3604,6.1633,-116.3672,-0.0026,0.0975,-0.8434,0.5284
independent_20260430_165242,trial_001,subject_001,1777539163.8950286,1777539163.8950286,261955.5047741,13,R_Femur,89,1,-0.0431,10.3455,-0.7848,51.8188,-2.6855,18.1274,85.7812,-5.4218,-14.5184,0.6788,0.0515,-0.1244,0.7219
independent_20260430_165242,trial_001,subject_001,1777539163.8960278,1777539163.8960278,261955.5048863,9,Trunk,82,1,-0.1723,9.8622,-3.0816,4.4556,7.6904,10.0708,100.4315,1.2799,-11.8213,0.7636,0.0862,-0.0574,0.6373
independent_20260430_165242,trial_001,subject_001,1777539163.8960278,1777539163.8960278,261955.5050963,10,L_Femur,88,1,0.7034,10.4412,-2.182,-50.8423,19.5312,-4.0894,114.6698,0.4614,-11.0742,0.8377,0.0834,-0.0487,0.5375
independent_20260430_165242,trial_001,subject_001,1777539163.9741044,1777539163.9741044,261955.583243,11,L_Tibia,89,1,1.2585,9.5129,-3.7755,87.8906,60.4248,26.1841,129.7266,-7.3883,-27.0538,0.8848,0.1847,-0.1559,0.3985
independent_20260430_165242,trial_001,subject_001,1777539163.9741044,1777539163.9741044,261955.5834082,12,L_Foot,91,1,-1.6557,0.4067,10.3024,121.7651,0.1221,22.4609,11.6565,6.1084,-115.9717,0.0088,0.1141,-0.8395,0.5312
independent_20260430_165242,trial_001,subject_001,1777539163.9741044,1777539163.9741044,261955.5835166,13,R_Femur,90,1,-0.4498,10.202,0.0287,49.0723,-8.606,10.8032,86.7645,-5.6909,-14.6173,0.685,0.0515,-0.1262,0.7157
independent_20260430_165242,trial_001,subject_001,1777539163.9741044,1777539163.9741044,261955.5837525,14,R_Tibia,45,1,-0.2584,10.0058,-1.603,39.856,-27.3438,26.4893,94.9988,-2.1918,-161.7078,0.1299,0.7257,-0.6691,0.0934
independent_20260430_165242,trial_001,subject_001,1777539163.9741044,1777539163.9741044,261955.5838962,15,R_Foot,44,1,0.2297,1.4355,10.2498,9.8267,-6.0425,0.2441,7.7234,-4.3176,-97.1576,0.0727,0.0256,-0.7493,0.6577
independent_20260430_165242,trial_001,subject_001,1777539163.9751053,1777539163.9751053,261955.5840281,9,Trunk,83,1,-0.1723,9.7187,-3.3544,2.3193,3.1128,11.2915,100.459,1.0986,-11.7993,0.7639,0.0851,-0.0584,0.6371
independent_20260430_165242,trial_001,subject_001,1777539163.9751053,1777539163.9751053,261955.5841489,10,L_Femur,89,1,0.2249,10.2402,-1.7849,-65.4907,12.8174,-1.4648,113.4283,0.379,-10.7721,0.8321,0.0803,-0.0488,0.5466
independent_20260430_165242,trial_001,subject_001,1777539163.9751053,1777539163.9751053,261955.5842687,11,L_Tibia,90,1,1.2872,9.1684,-4.2301,94.0552,46.4478,23.0713,131.0779,-8.1354,-26.7078,0.8902,0.1811,-0.1582,0.387
independent_20260430_165242,trial_001,subject_001,1777539163.9751053,1777539163.9751053,261955.5843615,12,L_Foot,92,1,-1.7609,1.3016,10.7427,131.5918,0.4883,27.8931,13.667,6.037,-115.5707,0.0191,0.1284,-0.8355,0.5339
independent_20260430_165242,trial_001,subject_001,1777539163.9751053,1777539163.9751053,261955.5844532,13,R_Femur,91,1,-0.1292,9.9675,-0.1148,48.0957,-16.5405,8.9111,87.5006,-5.8502,-14.8315,0.6896,0.0526,-0.1281,0.7108
independent_20260430_165242,trial_001,subject_001,1777539163.9751053,1777539163.9751053,261955.5845443,9,Trunk,84,1,-0.4259,9.5033,-3.297,-1.1597,-0.8545,12.4512,100.4315,0.8459,-11.8378,0.7639,0.0839,-0.0603,0.6371
independent_20260430_165242,trial_001,subject_001,1777539163.9751053,1777539163.9751053,261955.5846361,10,L_Femur,90,1,-0.0096,10.3694,-1.7609,-71.8994,2.3193,1.709,112.3682,0.3351,-10.7062,0.8271,0.0791,-0.0495,0.5543
independent_20260430_165242,trial_001,subject_001,1777539163.9751053,1777539163.9751053,261955.5847268,11,L_Tibia,91,1,1.0336,9.2928,-4.3928,97.1069,40.8936,24.0479,132.4951,-8.8165,-26.4606,0.8955,0.1787,-0.1604,0.3748
independent_20260430_165242,trial_001,subject_001,1777539163.9751053,1777539163.9751053,261955.5848164,12,L_Foot,93,1,-1.3351,1.8806,10.4747,137.8784,-1.709,28.8086,15.7654,5.9052,-115.1697,0.0303,0.143,-0.8313,0.5362
independent_20260430_165242,trial_001,subject_001,1777539163.9751053,1777539163.9751053,261955.5849078,13,R_Femur,92,1,0.7848,9.5177,-0.8613,49.7437,-22.8882,12.4512,88.2642,-6.0425,-15.1447,0.6943,0.0541,-0.1308,0.7057
independent_20260430_165242,trial_001,subject_001,1777539163.9761057,1777539163.9761057,261955.5850078,14,R_Tibia,46,1,3.7707,10.0488,-1.0288,31.7383,72.0825,10.5591,96.0095,-2.7905,-160.5652,0.1415,0.7296,-0.6623,0.0951
independent_20260430_165242,trial_001,subject_001,1777539163.9761057,1777539163.9761057,261955.5850984,15,R_Foot,45,1,1.0192,1.4499,9.7713,9.2773,-4.2114,1.3428,7.998,-4.5264,-97.1301,0.0756,0.0262,-0.7491,0.6576
independent_20260430_165242,trial_001,subject_001,1777539163.9761057,1777539163.9761057,261955.5851878,9,Trunk,85,1,-0.4785,9.3598,-3.0577,-3.9062,-0.9155,14.2822,100.3711,0.6372,-11.8982,0.7636,0.0832,-0.0621,0.6373
independent_20260430_165242,trial_001,subject_001,1777539163.9761057,1777539163.9761057,261955.5852771,10,L_Femur,91,1,0.1005,10.3407,-1.8949,-74.9512,-1.9531,2.8076,111.2476,0.3021,-10.7391,0.8216,0.0787,-0.0507,0.5623
independent_20260430_165242,trial_001,subject_001,1777539163.9761057,1777539163.9761057,261955.5853656,11,L_Tibia,92,1,2.3495,9.0009,-4.8761,101.9897,41.1377,26.7944,134.4672,-9.7284,-26.2463,0.9022,0.1766,-0.1637,0.3578
independent_20260430_165242,trial_001,subject_001,1777539163.9761057,1777539163.9761057,261955.5854545,12,L_Foot,94,1,-0.7561,1.9906,10.5513,158.7524,3.2959,38.0859,18.88,5.7513,-114.472,0.047,0.1645,-0.824,0.5401
independent_20260430_165242,trial_001,subject_001,1777539163.9761057,1777539163.9761057,261955.585543,13,R_Femur,93,1,2.2873,9.1971,-0.9857,45.5933,-16.6626,14.3433,89.2365,-6.3501,-15.5127,0.7002,0.0556,-0.1345,0.699
independent_20260430_165242,trial_001,subject_001,1777539163.9761057,1777539163.9761057,261955.5856309,10,L_Femur,92,1,-0.4402,10.202,-2.828,-75.9277,-2.1973,2.4414,109.7314,0.2582,-10.7831,0.8141,0.0781,-0.0522,0.5731
independent_20260430_165242,trial_001,subject_001,1777539163.9761057,1777539163.9761057,261955.5857188,11,L_Tibia,93,1,2.6127,9.087,-5.7757,101.2573,49.0723,26.5503,135.9558,-10.5139,-26.0101,0.9072,0.1743,-0.1668,0.3447
independent_20260430_165242,trial_001,subject_001,1777539163.9761057,1777539163.9761057,261955.5858323,12,L_Foot,95,1,-0.4977,2.0146,10.4508,186.5845,8.3618,44.4946,21.676,5.6305,-113.8348,0.0621,0.1837,-0.8169,0.5432
independent_20260430_165242,trial_001,subject_001,1777539164.0541382,1777539164.0541382,261955.6634132,13,R_Femur,94,1,2.2442,9.288,-0.7848,45.2271,-16.9067,15.8691,89.9341,-6.5918,-15.7544,0.7044,0.0564,-0.1371,0.6941
independent_20260430_165242,trial_001,subject_001,1777539164.0541382,1777539164.0541382,261955.6636019,14,R_Tibia,47,1,-1.8758,9.2114,-2.1772,29.3579,-0.4883,20.0195,96.9269,-3.4607,-159.0656,0.1556,0.7321,-0.6559,0.0982
independent_20260430_165242,trial_001,subject_001,1777539164.0541382,1777539164.0541382,261955.6637696,15,R_Foot,46,1,1.1963,1.6222,9.8718,8.7891,-1.5259,-1.0986,8.2507,-4.5923,-97.1411,0.0775,0.0275,-0.7491,0.6573
independent_20260430_165242,trial_001,subject_001,1777539164.0541382,1777539164.0541382,261955.6639123,9,Trunk,86,1,0.3637,9.1636,-2.9285,-7.9956,4.1504,20.2637,100.08,-0.033,-11.8982,0.7624,0.0793,-0.0668,0.6388
independent_20260430_165242,trial_001,subject_001,1777539164.0551355,1777539164.0551355,261955.6640346,10,L_Femur,93,1,-0.8087,10.2163,-3.5984,-79.4678,-10.376,1.3428,108.5504,0.2747,-10.9039,0.808,0.0785,-0.0535,0.5814
independent_20260430_165242,trial_001,subject_001,1777539164.0551355,1777539164.0551355,261955.6641529,11,L_Tibia,94,1,1.7705,8.7999,-6.1441,97.229,50.7812,28.6865,137.8729,-11.6345,-25.719,0.9132,0.1711,-0.1718,0.3275
independent_20260430_165242,trial_001,subject_001,1777539164.0551355,1777539164.0551355,261955.6642774,12,L_Foot,96,1,-1.4978,1.7801,11.6088,231.4453,18.6768,60.8521,26.142,5.4657,-112.6923,0.0865,0.2138,-0.8039,0.5482
independent_20260430_165242,trial_001,subject_001,1777539164.0551355,1777539164.0551355,261955.664376,13,R_Femur,95,1,1.6174,9.8,-0.847,43.9453,-26.062,15.9912,90.6317,-6.839,-16.1115,0.7086,0.0579,-0.1404,0.6891
independent_20260430_165242,trial_001,subject_001,1777539164.0551355,1777539164.0551355,261955.6644882,9,Trunk,87,1,0.7178,9.3885,-2.828,-8.606,4.2114,20.5688,99.9371,-0.3571,-11.8927,0.7618,0.0773,-0.069,0.6395
independent_20260430_165242,trial_001,subject_001,1777539164.0551355,1777539164.0551355,261955.6646039,10,L_Femur,94,1,-0.7082,10.1493,-4.0243,-85.2661,-22.2778,2.0752,107.287,0.3351,-11.1896,0.8013,0.0802,-0.0555,0.5902
independent_20260430_165242,trial_001,subject_001,1777539164.0551355,1777539164.0551355,261955.6647177,11,L_Tibia,95,1,1.1197,8.2065,-6.57,91.7969,38.6963,25.3906,139.2407,-12.3596,-25.5872,0.9171,0.1698,-0.1751,0.3153
independent_20260430_165242,trial_001,subject_001,1777539164.0551355,1777539164.0551355,261955.6648465,12,L_Foot,97,1,-2.0911,2.4261,9.9292,259.2773,2.8076,64.5142,30.0641,5.1086,-111.7914,0.1096,0.2387,-0.7924,0.5505
independent_20260430_165242,trial_001,subject_001,1777539164.0551355,1777539164.0551355,261955.6649732,13,R_Femur,96,1,0.8039,9.867,-1.091,42.6636,-40.6494,15.3809,91.571,-7.1466,-16.8585,0.714,0.0619,-0.1462,0.6819
independent_20260430_165242,trial_001,subject_001,1777539164.0743685,1777539164.0743685,261955.6835003,14,R_Tibia,48,1,1.7896,9.9914,-1.8184,25.2686,-25.3296,20.4468,97.9706,-4.0649,-160.3235,0.1518,0.739,-0.6508,0.0857
independent_20260430_165242,trial_001,subject_001,1777539164.0743685,1777539164.0743685,261955.6836436,15,R_Foot,47,1,0.6986,1.603,9.9723,7.5073,-0.5493,-1.2207,8.5309,-4.6143,-97.196,0.0793,0.0292,-0.7494,0.6567
independent_20260430_165242,trial_001,subject_001,1777539164.0743685,1777539164.0743685,261955.683767,9,Trunk,88,1,0.9092,9.5512,-2.6893,-9.2163,3.2959,20.2026,99.7888,-0.6757,-11.8982,0.7611,0.0755,-0.0713,0.6403
independent_20260430_165242,trial_001,subject_001,1777539164.0743685,1777539164.0743685,261955.6838873,11,L_Tibia,96,1,1.0814,7.8142,-6.1059,86.9141,32.2266,21.8506,140.5481,-12.9584,-25.5103,0.9206,0.1694,-0.1776,0.3036
independent_20260430_165242,trial_001,subject_001,1777539164.0743685,1777539164.0743685,261955.684024,12,L_Foot,98,1,-1.0288,3.1678,9.1253,271.7896,5.7373,71.4722,34.1895,4.6088,-110.874,0.135,0.2637,-0.7798,0.5515
independent_20260430_165242,trial_001,subject_001,1777539164.0743685,1777539164.0743685,261955.6841206,13,R_Femur,97,1,1.1819,9.5368,-0.9475,43.1519,-42.4805,13.3057,92.2852,-7.3444,-17.5012,0.718,0.0656,-0.1508,0.6764
independent_20260430_165242,trial_001,subject_001,1777539164.1635277,1777539164.1635277,261955.7732319,9,Trunk,89,1,0.8613,9.4746,-2.6271,-9.2773,3.3569,18.9209,99.5801,-1.0767,-11.9037,0.7602,0.0732,-0.0741,0.6413
independent_20260430_165242,trial_001,subject_001,1777539164.1645277,1777539164.1645277,261955.7734097,10,L_Femur,95,1,0.8039,9.7234,-3.8281,-96.3135,-34.6069,4.0894,103.9856,0.5109,-12.3871,0.783,0.0877,-0.0629,0.6125
independent_20260430_165242,trial_001,subject_001,1777539164.1645277,1777539164.1645277,261955.7735431,11,L_Tibia,97,1,2.4213,7.1107,-6.8906,75.6836,34.4849,20.9961,142.1191,-13.7329,-25.4388,0.9246,0.1689,-0.1813,0.2895
independent_20260430_165242,trial_001,subject_001,1777539164.1645277,1777539164.1645277,261955.7736675,12,L_Foot,99,1,0.2967,4.6512,7.8429,262.146,30.2124,84.2896,39.6606,3.9771,-109.314,0.1695,0.2954,-0.7601,0.5534
independent_20260430_165242,trial_001,subject_001,1777539164.1645277,1777539164.1645277,261955.7737863,13,R_Femur,98,1,2.0433,9.6947,-1.0288,42.1143,-32.7148,8.7891,93.2355,-7.5201,-18.2428,0.7232,0.0705,-0.1557,0.6692
independent_20260430_165242,trial_001,subject_001,1777539164.1645277,1777539164.1645277,261955.7739228,14,R_Tibia,49,1,1.5408,9.9053,-1.3398,18.9209,36.2549,9.5215,98.6902,-4.5813,-159.7192,0.1591,0.7416,-0.6462,0.0848
independent_20260430_165242,trial_001,subject_001,1777539164.1645277,1777539164.1645277,261955.7740604,15,R_Foot,48,1,0.9283,1.5647,9.934,7.6294,-0.3052,-0.4883,8.7891,-4.6307,-97.218,0.0808,0.0308,-0.7494,0.6564
independent_20260430_165242,trial_001,subject_001,1777539164.1645277,1777539164.1645277,261955.774181,9,Trunk,90,1,0.8518,9.1971,-2.6653,-10.0708,4.1504,18.7378,99.4208,-1.3733,-11.8927,0.7594,0.0713,-0.0761,0.6422
independent_20260430_165242,trial_001,subject_001,1777539164.1645277,1777539164.1645277,261955.7743007,10,L_Femur,96,1,1.0862,9.5703,-3.5984,-94.5435,-18.9819,0.4883,102.0795,0.5878,-12.843,0.7723,0.0902,-0.0664,0.6253
independent_20260430_165242,trial_001,subject_001,1777539164.165522,1777539164.165522,261955.7744486,11,L_Tibia,98,1,2.2251,6.1776,-7.6658,67.4438,28.9917,16.9067,143.1354,-14.2657,-25.351,0.927,0.1683,-0.1838,0.2802
independent_20260430_165242,trial_001,subject_001,1777539164.165522,1777539164.165522,261955.7745696,12,L_Foot,100,1,-0.3206,3.7563,14.7574,177.9785,74.0967,85.144,42.7808,3.8617,-107.699,0.1897,0.3128,-0.7442,0.5589
independent_20260430_165242,trial_001,subject_001,1777539164.165522,1777539164.165522,261955.7747521,13,R_Femur,99,1,2.1342,9.8479,-0.8565,35.4614,-19.2261,6.4697,93.8232,-7.6135,-18.5724,0.7265,0.0728,-0.1578,0.6649
independent_20260430_165242,trial_001,subject_001,1777539164.165522,1777539164.165522,261955.7749626,9,Trunk,91,1,0.8661,8.8717,-2.4021,-7.019,1.1597,18.8599,99.234,-1.7633,-11.9092,0.7586,0.0691,-0.0789,0.6431
independent_20260430_165242,trial_001,subject_001,1777539164.165522,1777539164.165522,261955.77517,10,L_Femur,97,1,1.1054,9.7282,-3.6559,-91.8579,-8.9111,-1.2207,100.6897,0.6317,-12.9913,0.7645,0.0906,-0.068,0.6345
independent_20260430_165242,trial_001,subject_001,1777539164.165522,1777539164.165522,261955.7753831,11,L_Tibia,99,1,2.2155,5.6513,-8.331,53.0396,22.583,12.5122,143.9703,-14.6613,-25.3015,0.9289,0.1681,-0.1856,0.2727
independent_20260430_165242,trial_001,subject_001,1777539164.1666005,1777539164.1666005,261955.7755882,12,L_Foot,101,1,-4.5938,2.2299,27.6008,5.4321,105.957,49.9268,43.4894,4.3781,-106.0236,0.1944,0.317,-0.7329,0.5697
independent_20260430_165242,trial_001,subject_001,1777539164.1666005,1777539164.1666005,261955.7757923,13,R_Femur,100,1,1.8566,9.7761,-0.957,32.4707,-15.8081,4.8828,94.3396,-7.6849,-18.8141,0.7293,0.0747,-0.1594,0.6611
independent_20260430_165242,trial_001,subject_001,1777539164.1666005,1777539164.1666005,261955.7759959,14,R_Tibia,50,1,-0.6938,9.3789,-2.0098,22.3389,-3.6621,12.3901,99.2889,-4.9713,-159.3292,0.1642,0.7439,-0.6424,0.0836
independent_20260430_165242,trial_001,subject_001,1777539164.1666005,1777539164.1666005,261955.7761998,15,R_Foot,49,1,0.7226,1.5121,9.7617,10.2539,-1.0376,-0.7324,9.0967,-4.6582,-97.2345,0.0828,0.0327,-0.7495,0.656
independent_20260430_165242,trial_001,subject_001,1777539164.1666005,1777539164.1666005,261955.7764102,9,Trunk,92,1,0.7704,9.0631,-2.1725,-5.8594,0.9155,18.6768,99.1296,-2.0544,-11.9421,0.7581,0.0676,-0.081,0.6435
independent_20260430_165242,trial_001,subject_001,1777539164.1676006,1777539164.1676006,261955.7766129,11,L_Tibia,100,1,2.6366,5.9001,-6.3547,23.8647,35.2783,-0.3662,144.5361,-15.2051,-24.9719,0.9305,0.1648,-0.1883,0.2675
independent_20260430_165242,trial_001,subject_001,1777539164.1676006,1777539164.1676006,261955.7768316,12,L_Foot,102,1,-7.1538,-1.0336,14.8627,-80.0171,-46.4478,36.1328,42.1381,3.9056,-105.4633,0.1923,0.3052,-0.7348,0.5745
independent_20260430_165242,trial_001,subject_001,1777539164.1676006,1777539164.1676006,261955.7770361,13,R_Femur,101,1,1.1437,9.5416,-1.7322,34.8511,-24.7192,4.9438,95.0812,-7.7509,-19.259,0.7333,0.0781,-0.1618,0.6557
independent_20260430_165242,trial_001,subject_001,1777539164.1676006,1777539164.1676006,261955.7772377,9,Trunk,93,1,0.6891,9.3502,-2.139,-5.127,1.0376,18.3105,99.0363,-2.3346,-11.9751,0.7577,0.0662,-0.0831,0.6439
independent_20260430_165242,trial_001,subject_001,1777539164.1676006,1777539164.1676006,261955.7774285,10,L_Femur,98,1,1.7944,9.7952,-3.9765,-84.2896,-0.8545,-1.2207,97.6355,0.6812,-13.0957,0.7473,0.0897,-0.0706,0.6547
independent_20260430_165242,trial_001,subject_001,1777539164.168599,1777539164.168599,261955.7776231,11,L_Tibia,101,1,2.4213,6.4839,-4.7564,-3.9673,45.8984,-14.4653,144.4153,-15.639,-24.4226,0.9308,0.1589,-0.1906,0.2685
independent_20260430_165242,trial_001,subject_001,1777539164.168599,1777539164.168599,261955.7778227,12,L_Foot,103,1,-1.5217,-2.3399,7.5701,-96.6797,-66.7114,22.3999,40.7373,2.8839,-105.8478,0.1909,0.2918,-0.7424,0.572
independent_20260430_165242,trial_001,subject_001,1777539164.168599,1777539164.168599,261955.7780273,13,R_Femur,102,1,1.1293,9.5225,-1.8566,32.4707,-30.5786,5.6152,95.625,-7.8058,-19.704,0.7362,0.0814,-0.1643,0.6515
independent_20260430_165242,trial_001,subject_001,1777539164.168599,1777539164.168599,261955.7782271,14,R_Tibia,51,1,1.6844,9.5512,-2.316,19.8975,-8.4229,11.3525,100.047,-5.3174,-159.8621,0.1632,0.7485,-0.6381,0.0772
independent_20260430_165242,trial_001,subject_001,1777539164.168599,1777539164.168599,261955.7784165,15,R_Foot,50,1,0.8853,1.7274,9.9053,7.2632,-0.9766,-0.5493,9.3219,-4.6857,-97.2565,0.0842,0.034,-0.7495,0.6557
independent_20260430_165242,trial_001,subject_001,1777539164.1696,1777539164.1696,261955.778524,9,Trunk,94,1,0.6316,9.4746,-2.2682,-4.7607,0.4883,17.5781,98.9209,-2.7026,-12.019,0.7572,0.0643,-0.0859,0.6443
independent_20260430_165242,trial_001,subject_001,1777539164.1938229,1777539164.1938229,261955.8032724,11,L_Tibia,102,1,2.9381,5.6896,-4.7373,-35.1562,57.312,-26.6724,143.5968,-16.2158,-23.3624,0.9299,0.1473,-0.1938,0.2757
independent_20260430_165242,trial_001,subject_001,1777539164.2141051,1777539164.2141051,261955.8232141,12,L_Foot,104,1,1.0097,-2.2538,7.5653,-114.2578,-46.814,34.9731,38.5181,1.7303,-106.0565,0.187,0.2721,-0.7511,0.5717
independent_20260430_165242,trial_001,subject_001,1777539164.2141051,1777539164.2141051,261955.8233534,13,R_Femur,103,1,1.469,9.3215,-2.1868,36.6211,-34.729,6.6528,96.405,-7.8717,-20.3906,0.7401,0.0866,-0.1681,0.6454
independent_20260430_165242,trial_001,subject_001,1777539164.2141051,1777539164.2141051,261955.8234609,9,Trunk,95,1,0.7178,9.3406,-2.2873,-5.0049,2.2583,17.0898,98.833,-2.9663,-12.0355,0.7568,0.0628,-0.0877,0.6447
independent_20260430_165242,trial_001,subject_001,1777539164.2141051,1777539164.2141051,261955.8235775,10,L_Femur,99,1,0.4115,9.2114,-3.1773,-72.8149,5.3101,-5.4321,95.3229,0.7855,-12.9639,0.7339,0.088,-0.071,0.6698
independent_20260430_165242,trial_001,subject_001,1777539164.2141051,1777539164.2141051,261955.8236814,12,L_Foot,105,1,1.0479,-1.1963,9.556,-133.2397,-20.9961,50.7812,36.6119,0.9778,-105.7324,0.1831,0.2553,-0.7552,0.5752
independent_20260430_165242,trial_001,subject_001,1777539164.2141051,1777539164.2141051,261955.8237965,13,R_Femur,104,1,1.4547,9.3215,-2.4309,37.0483,-33.7524,7.0801,97.0258,-7.9266,-20.907,0.7432,0.0906,-0.1708,0.6405
independent_20260430_165242,trial_001,subject_001,1777539164.2141051,1777539164.2141051,261955.8238982,14,R_Tibia,52,1,1.1532,9.5272,-2.5505,13.4888,5.9204,7.8735,100.5798,-5.6305,-159.7687,0.1658,0.7509,-0.6348,0.0749
independent_20260430_165242,trial_001,subject_001,1777539164.215109,1777539164.215109,261955.8239925,15,R_Foot,51,1,0.8757,1.7801,9.9005,5.0659,-0.3662,-1.0376,9.5197,-4.6967,-97.2784,0.0854,0.0352,-0.7496,0.6554
independent_20260430_165242,trial_001,subject_001,1777539164.215109,1777539164.215109,261955.824086,9,Trunk,96,1,0.9044,9.087,-2.2682,-5.127,4.3335,16.5405,98.7396,-3.2355,-12.019,0.7564,0.0611,-0.0895,0.6451
independent_20260430_165242,trial_001,subject_001,1777539164.215109,1777539164.215109,261955.824179,10,L_Femur,100,1,-0.268,8.8813,-3.0146,-65.4297,0.2441,-3.8452,93.9771,0.8734,-12.9089,0.726,0.0874,-0.0711,0.6784
independent_20260430_165242,trial_001,subject_001,1777539164.215109,1777539164.215109,261955.8242709,11,L_Tibia,103,1,2.761,5.4455,-5.5364,-73.7305,64.8804,-45.2271,141.1359,-17.1002,-21.1212,0.9258,0.1223,-0.1981,0.2977
independent_20260430_165242,trial_001,subject_001,1777539164.215109,1777539164.215109,261955.8243615,12,L_Foot,106,1,-0.9235,-0.4498,11.3887,-169.0674,-10.498,51.8799,34.2059,0.39,-105.1941,0.176,0.2356,-0.7586,0.5813
independent_20260430_165242,trial_001,subject_001,1777539164.215109,1777539164.215109,261955.824453,13,R_Femur,105,1,1.1149,9.4268,-2.3112,37.4146,-34.3018,5.5542,97.6465,-7.9596,-21.4233,0.7463,0.0947,-0.1734,0.6356
independent_20260430_165242,trial_001,subject_001,1777539164.215109,1777539164.215109,261955.824543,9,Trunk,97,1,1.0814,8.8047,-2.1485,-4.0894,4.6997,15.564,98.6243,-3.5706,-11.9696,0.7559,0.0588,-0.0914,0.6456
independent_20260430_165242,trial_001,subject_001,1777539164.215109,1777539164.215109,261955.824633,10,L_Femur,101,1,-0.1579,9.0296,-2.9859,-61.0352,-7.8735,-0.7324,93.0432,0.8954,-12.9913,0.7203,0.0874,-0.0722,0.6843
independent_20260430_165242,trial_001,subject_001,1777539164.215109,1777539164.215109,261955.8247352,11,L_Tibia,104,1,1.5073,5.9623,-5.857,-98.8159,37.3535,-54.9316,138.8782,-17.1277,-19.6545,0.9212,0.1065,-0.1967,0.3184
independent_20260430_165242,trial_001,subject_001,1777539164.215109,1777539164.215109,261955.8248272,12,L_Foot,107,1,-2.3256,-0.3828,8.173,-191.4673,-26.5503,43.1519,30.4486,-0.4614,-104.6613,0.1635,0.2055,-0.7644,0.5888
independent_20260430_165242,trial_001,subject_001,1777539164.215109,1777539164.215109,261955.824939,14,R_Tibia,53,1,0.5934,9.3311,-2.5026,10.0098,-8.8501,9.0332,100.9698,-5.8777,-160.0323,0.1657,0.7531,-0.6327,0.0712
independent_20260430_165242,trial_001,subject_001,1777539164.2161074,1777539164.2161074,261955.8250395,15,R_Foot,52,1,0.7656,1.7131,9.8861,3.2959,-0.3662,-0.4883,9.6405,-4.7021,-97.3059,0.0862,0.036,-0.7497,0.6551
independent_20260430_165242,trial_001,subject_001,1777539164.2161074,1777539164.2161074,261955.8251497,9,Trunk,98,1,1.1724,8.7855,-2.005,-1.1597,3.479,15.1978,98.5803,-3.8177,-11.9476,0.7557,0.0572,-0.093,0.6457
independent_20260430_165242,trial_001,subject_001,1777539164.2161074,1777539164.2161074,261955.8252669,10,L_Femur,102,1,0.0335,9.2832,-2.8902,-56.8848,-14.2822,-0.3052,91.8732,0.9009,-13.2385,0.7131,0.0883,-0.0746,0.6914
independent_20260430_165242,trial_001,subject_001,1777539164.2161074,1777539164.2161074,261955.8253819,11,L_Tibia,105,1,1.2394,6.4456,-4.7995,-116.0889,15.686,-58.3496,136.9336,-16.7651,-18.7646,0.9167,0.0972,-0.193,0.3362
independent_20260430_165242,trial_001,subject_001,1777539164.2161074,1777539164.2161074,261955.8254963,12,L_Foot,108,1,-1.2394,0.3158,5.6178,-175.0488,-17.5781,40.2222,27.7679,-1.0217,-104.2822,0.1541,0.1841,-0.7677,0.5941
independent_20260430_165242,trial_001,subject_001,1777539164.2161074,1777539164.2161074,261955.8256103,13,R_Femur,106,1,0.9857,9.3358,-2.0576,36.0107,-41.0767,3.2959,99.1022,-7.9211,-22.7911,0.7531,0.1061,-0.1794,0.6241
independent_20260430_165242,trial_001,subject_001,1777539164.2161074,1777539164.2161074,261955.8257233,9,Trunk,99,1,1.1771,8.9387,-1.8806,1.4038,4.0894,14.5264,98.5748,-4.1309,-11.9202,0.7558,0.0553,-0.0949,0.6455
independent_20260430_165242,trial_001,subject_001,1777539164.2161074,1777539164.2161074,261955.8258379,10,L_Femur,103,1,-0.0622,9.1636,-2.7563,-53.9551,-15.625,-3.1128,91.0492,0.9448,-13.4692,0.7079,0.0894,-0.0763,0.6964
independent_20260430_165242,trial_001,subject_001,1777539164.2161074,1777539164.2161074,261955.8259533,12,L_Foot,109,1,-1.3973,1.56,7.1107,-160.4004,7.6904,34.3628,25.3235,-1.225,-103.7878,0.1435,0.166,-0.7691,0.6002
independent_20260430_165242,trial_001,subject_001,1777539164.2171059,1777539164.2171059,261955.8260935,13,R_Femur,107,1,1.4547,9.3837,-1.9236,33.6304,-38.6963,2.5024,99.679,-7.8772,-23.3789,0.7556,0.1111,-0.1818,0.6194
independent_20260430_165242,trial_001,subject_001,1777539164.2171059,1777539164.2171059,261955.8263402,14,R_Tibia,54,1,1.5935,9.4698,-1.9858,8.4229,5.188,6.3477,101.239,-6.0864,-160.0543,0.1668,0.7544,-0.6311,0.0693
independent_20260430_165242,trial_001,subject_001,1777539164.2171059,1777539164.2171059,261955.8265,15,R_Foot,53,1,0.9092,1.7705,9.8622,1.77,-0.3052,-0.6714,9.6954,-4.7131,-97.3169,0.0865,0.0363,-0.7498,0.655
independent_20260430_165242,trial_001,subject_001,1777539164.2937808,1777539164.2937808,261955.9031913,9,Trunk,100,1,1.1628,8.9578,-1.8088,2.6855,5.6763,13.0615,98.5913,-4.3506,-11.8762,0.756,0.0537,-0.096,0.6452
independent_20260430_165242,trial_001,subject_001,1777539164.2937808,1777539164.2937808,261955.9033356,11,L_Tibia,106,1,3.4884,7.2639,-6.1537,-146.8506,-5.3101,-56.8848,131.748,-15.2435,-17.3859,0.9024,0.0831,-0.1809,0.3822
independent_20260430_165242,trial_001,subject_001,1777539164.2937808,1777539164.2937808,261955.9034458,13,R_Femur,108,1,2.2538,9.4459,-2.0768,31.3721,-29.4189,1.3428,100.3876,-7.8058,-24.0271,0.7587,0.1169,-0.1841,0.6138
independent_20260430_165242,trial_001,subject_001,1777539164.2937808,1777539164.2937808,261955.9035652,9,Trunk,101,1,1.2011,8.9435,-1.7322,3.9673,6.6528,11.4136,98.6243,-4.5483,-11.8048,0.7563,0.0522,-0.0969,0.6449
independent_20260430_165242,trial_001,subject_001,1777539164.2947812,1777539164.2947812,261955.903685,10,L_Femur,104,1,-0.1531,8.6181,-2.0241,-49.1943,-23.1934,-1.0986,89.2474,1.0547,-14.1064,0.6963,0.0928,-0.081,0.7071
independent_20260430_165242,trial_001,subject_001,1777539164.2947812,1777539164.2947812,261955.9037872,11,L_Tibia,107,1,3.4979,7.8094,-6.4265,-154.9072,9.0942,-62.7441,129.2706,-14.5953,-16.6882,0.8947,0.0762,-0.1752,0.4038
independent_20260430_165242,trial_001,subject_001,1777539164.2947812,1777539164.2947812,261955.9038814,12,L_Foot,110,1,-3.4645,1.8566,10.5226,-164.917,34.3018,-18.1274,19.6106,-0.2802,-103.3264,0.1075,0.1321,-0.7732,0.6109
independent_20260430_165242,trial_001,subject_001,1777539164.2947812,1777539164.2947812,261955.9039754,13,R_Femur,109,1,2.2299,9.1731,-2.4691,33.8135,-18.5547,0.1831,100.9259,-7.7673,-24.3292,0.7613,0.12,-0.1849,0.6098
independent_20260430_165242,trial_001,subject_001,1777539164.324231,1777539164.324231,261955.9333048,14,R_Tibia,55,1,0.7226,9.1923,-2.4835,8.8501,-0.9766,6.0425,101.5137,-6.2952,-159.9939,0.1685,0.7555,-0.6294,0.0678
independent_20260430_165242,trial_001,subject_001,1777539164.324231,1777539164.324231,261955.9335013,15,R_Foot,54,1,0.8087,1.7944,9.7426,0.4883,-0.1831,-1.0986,9.7119,-4.7131,-97.3444,0.0866,0.0365,-0.7499,0.6548
independent_20260430_165242,trial_001,subject_001,1777539164.324765,1777539164.324765,261955.9337119,9,Trunk,102,1,1.3207,9.02,-1.6126,6.5918,6.1035,10.7422,98.7122,-4.7955,-11.7114,0.7569,0.0502,-0.098,0.6442
independent_20260430_165242,trial_001,subject_001,1777539164.324765,1777539164.324765,261955.9338647,10,L_Femur,105,1,-0.2584,8.8525,-1.627,-47.4243,-32.0435,2.1973,88.5223,1.0217,-14.5569,0.6915,0.0948,-0.0846,0.7112
independent_20260430_165242,trial_001,subject_001,1777539164.324765,1777539164.324765,261955.9340197,11,L_Tibia,108,1,2.4979,8.0151,-6.1537,-165.2222,5.0659,-62.8052,125.799,-13.7,-15.7599,0.883,0.0674,-0.1672,0.4335
independent_20260430_165242,trial_001,subject_001,1777539164.3252945,1777539164.3252945,261955.9342118,13,R_Femur,110,1,1.8806,9.4268,-2.3782,28.8086,-4.5776,-3.54,101.5356,-7.7014,-24.472,0.7643,0.1223,-0.1846,0.6057
independent_20260430_165242,trial_001,subject_001,1777539164.3252945,1777539164.3252945,261955.9343635,9,Trunk,103,1,1.3686,9.1684,-1.7035,9.1553,6.2866,9.6436,98.8165,-4.9658,-11.6455,0.7576,0.0489,-0.0987,0.6434
independent_20260430_165242,trial_001,subject_001,1777539164.3252945,1777539164.3252945,261955.9345401,11,L_Tibia,109,1,1.8519,8.2879,-6.1441,-167.4805,-12.3901,-60.5469,123.1952,-12.865,-15.3369,0.8734,0.0638,-0.1607,0.4553
independent_20260430_165242,trial_001,subject_001,1777539164.325838,1777539164.325838,261955.9347035,12,L_Foot,111,1,-0.7321,3.7898,11.4413,-145.6299,56.5796,-29.8462,14.2548,1.6479,-103.8208,0.0653,0.1064,-0.7798,0.6135
independent_20260430_165242,trial_001,subject_001,1777539164.325838,1777539164.325838,261955.9348305,13,R_Femur,111,1,1.7227,9.7952,-2.1438,24.5972,2.2583,-5.9204,101.9037,-7.63,-24.4336,0.7662,0.123,-0.1835,0.6034
independent_20260430_165242,trial_001,subject_001,1777539164.325838,1777539164.325838,261955.9349519,14,R_Tibia,56,1,1.1771,9.6469,-2.115,9.3994,1.5259,4.5166,101.8378,-6.4545,-160.0763,0.169,0.7572,-0.6275,0.0658
independent_20260430_165242,trial_001,subject_001,1777539164.325838,1777539164.325838,261955.935073,15,R_Foot,55,1,0.8422,1.6461,9.8622,1.0986,-0.5493,-0.7324,9.7229,-4.7241,-97.3718,0.0867,0.0365,-0.7501,0.6546
independent_20260430_165242,trial_001,subject_001,1777539164.3639016,1777539164.3639016,261955.9734912,9,Trunk,104,1,1.3207,9.3885,-1.8471,7.7515,6.897,7.3242,98.9209,-5.1031,-11.5631,0.7583,0.0477,-0.0991,0.6426
independent_20260430_165242,trial_001,subject_001,1777539164.3639016,1777539164.3639016,261955.9737133,10,L_Femur,106,1,-0.0287,9.1253,-0.4737,-47.1802,-34.3018,2.0752,86.8579,0.8734,-15.7709,0.6802,0.0998,-0.0944,0.7201
independent_20260430_165242,trial_001,subject_001,1777539164.3649025,1777539164.3649025,261955.9738979,11,L_Tibia,110,1,1.8901,8.5894,-6.2877,-165.8936,-22.644,-57.8003,120.6573,-11.9476,-15.1392,0.8634,0.0628,-0.1545,0.4761
independent_20260430_165242,trial_001,subject_001,1777539164.3649025,1777539164.3649025,261955.9740778,12,L_Foot,112,1,-0.9905,4.1009,12.0729,-138.855,51.3306,-30.7617,12.1564,2.5269,-104.09,0.0478,0.097,-0.7824,0.6133
independent_20260430_165242,trial_001,subject_001,1777539164.3649025,1777539164.3649025,261955.9742549,13,R_Femur,112,1,1.4834,9.532,-2.3064,27.2217,4.2725,-6.4087,102.2772,-7.5586,-24.3512,0.7682,0.1234,-0.1822,0.6012
independent_20260430_165242,trial_001,subject_001,1777539164.3649025,1777539164.3649025,261955.9744284,9,Trunk,105,1,1.3016,9.3454,-1.8184,5.127,6.4087,4.0283,98.9978,-5.235,-11.4478,0.7588,0.0462,-0.0993,0.6421
independent_20260430_165242,trial_001,subject_001,1777539164.3649025,1777539164.3649025,261955.9746066,10,L_Femur,107,1,-0.0526,9.2976,0.1053,-48.2788,-34.9731,1.3428,86.1273,0.8185,-16.2817,0.6752,0.1019,-0.0986,0.7239
independent_20260430_165242,trial_001,subject_001,1777539164.3659039,1777539164.3659039,261955.9747992,11,L_Tibia,111,1,2.2299,8.7425,-6.1202,-157.3486,-22.0947,-56.2134,117.4329,-10.7336,-14.9744,0.8499,0.0627,-0.1466,0.5022
independent_20260430_165242,trial_001,subject_001,1777539164.3659039,1777539164.3659039,261955.9749771,12,L_Foot,113,1,-0.6412,4.6368,12.5036,-132.6904,39.4287,-28.5034,9.4537,3.4772,-104.5129,0.0265,0.0836,-0.7862,0.6117
independent_20260430_165242,trial_001,subject_001,1777539164.3659039,1777539164.3659039,261955.9751533,13,R_Femur,113,1,1.1819,9.1301,-2.3878,31.6162,3.1128,-6.4087,102.865,-7.4652,-24.2413,0.7713,0.1241,-0.1804,0.5976
independent_20260430_165242,trial_001,subject_001,1777539164.3659039,1777539164.3659039,261955.9753238,14,R_Tibia,57,1,0.8661,9.3789,-2.4165,8.667,1.0986,4.6997,102.1454,-6.6083,-160.0159,0.1704,0.7586,-0.6256,0.0647
independent_20260430_165242,trial_001,subject_001,1777539164.3659039,1777539164.3659039,261955.9754968,15,R_Foot,56,1,0.8853,1.8136,9.8766,-0.3052,-0.061,-0.6104,9.7284,-4.7351,-97.3828,0.0868,0.0365,-0.7501,0.6545
independent_20260430_165242,trial_001,subject_001,1777539164.3659039,1777539164.3659039,261955.9756389,9,Trunk,106,1,1.2776,9.1684,-1.7657,6.1035,6.0425,2.0752,99.0637,-5.2954,-11.3654,0.7592,0.0454,-0.0992,0.6417
independent_20260430_165242,trial_001,subject_001,1777539164.3669045,1777539164.3669045,261955.9757964,10,L_Femur,108,1,-0.1675,9.5751,0.7465,-50.0488,-36.0107,0.4272,85.1276,0.7471,-16.9958,0.6683,0.1047,-0.1045,0.7291
independent_20260430_165242,trial_001,subject_001,1777539164.3669045,1777539164.3669045,261955.9759688,11,L_Tibia,112,1,2.4883,8.8286,-5.8331,-150.0244,-19.8975,-54.5654,115.1477,-9.8547,-14.881,0.8398,0.0632,-0.1411,0.5203
independent_20260430_165242,trial_001,subject_001,1777539164.3669045,1777539164.3669045,261955.9761473,12,L_Foot,114,1,-0.2871,4.8474,12.1639,-126.6479,36.2549,-25.6958,7.5256,4.0869,-104.826,0.0118,0.0737,-0.7888,0.6101
independent_20260430_165242,trial_001,subject_001,1777539164.3669045,1777539164.3669045,261955.9763154,13,R_Femur,114,1,0.9379,9.2976,-2.4165,32.3486,0.4272,-6.5918,103.3374,-7.3828,-24.1974,0.7738,0.125,-0.1791,0.5946
independent_20260430_165242,trial_001,subject_001,1777539164.3669045,1777539164.3669045,261955.9764747,9,Trunk,107,1,1.1963,9.2641,-1.6604,5.3101,5.0049,0.9155,99.1461,-5.3448,-11.261,0.7597,0.0445,-0.0989,0.6412
independent_20260430_165242,trial_001,subject_001,1777539164.3669045,1777539164.3669045,261955.9766379,10,L_Femur,109,1,-0.1053,9.6086,1.0479,-49.3774,-32.4097,-0.1831,84.3695,0.6976,-17.4902,0.663,0.1066,-0.1086,0.733
independent_20260430_165242,trial_001,subject_001,1777539164.3679,1777539164.3679,261955.9768198,11,L_Tibia,113,1,2.4548,8.9052,-5.747,-142.5781,-16.4795,-53.894,112.9724,-9.0088,-14.7766,0.8299,0.0639,-0.1357,0.5374
independent_20260430_165242,trial_001,subject_001,1777539164.3679,1777539164.3679,261955.9769904,12,L_Foot,115,1,-0.6891,4.6177,11.427,-118.5303,25.2686,-24.5361,5.7074,4.5483,-105.1501,-0.0012,0.0636,-0.7913,0.6081
independent_20260430_165242,trial_001,subject_001,1777539164.3679,1777539164.3679,261955.977147,13,R_Femur,115,1,0.6508,9.4746,-2.2777,30.2124,0.4272,-6.1035,103.7823,-7.3059,-24.1699,0.7761,0.1259,-0.178,0.5918
independent_20260430_165242,trial_001,subject_001,1777539164.3679,1777539164.3679,261955.977287,14,R_Tibia,58,1,0.8135,9.422,-2.2155,8.4229,2.5024,4.6997,102.3871,-6.7511,-159.9939,0.1715,0.7597,-0.6241,0.0635
independent_20260430_165242,trial_001,subject_001,1777539164.3679,1777539164.3679,261955.9773904,15,R_Foot,57,1,0.78,1.7418,9.7856,0.3052,-0.6104,-0.1221,9.7668,-4.7791,-97.3114,0.0874,0.0364,-0.7497,0.6549
independent_20260430_165242,trial_001,subject_001,1777539164.3679,1777539164.3679,261955.9775034,9,Trunk,108,1,1.0671,9.3598,-1.5791,6.1646,2.3193,0.2441,99.212,-5.3668,-11.2225,0.7601,0.0442,-0.0988,0.6407
independent_20260430_165242,trial_001,subject_001,1777539164.3679,1777539164.3679,261955.9776219,10,L_Femur,110,1,0.0526,9.532,1.0814,-46.6309,-27.8931,0.1831,83.6554,0.6537,-17.9132,0.6581,0.108,-0.1123,0.7366
independent_20260430_165242,trial_001,subject_001,1777539164.3689034,1777539164.3689034,261955.9778963,11,L_Tibia,114,1,1.8231,9.154,-5.3402,-138.2446,-16.4185,-52.9785,110.1874,-7.8937,-14.6832,0.8165,0.0655,-0.1289,0.559
independent_20260430_165242,trial_001,subject_001,1777539164.3689034,1777539164.3689034,261955.9780292,12,L_Foot,116,1,-1.1819,4.0482,11.604,-107.1777,5.5542,-21.9116,3.4882,4.801,-105.5951,-0.015,0.0495,-0.7947,0.6048
independent_20260430_165242,trial_001,subject_001,1777539164.3689034,1777539164.3689034,261955.9781395,13,R_Femur,116,1,0.2584,9.3215,-2.1342,33.8745,-4.6997,-4.3335,104.425,-7.2125,-24.1919,0.7793,0.1276,-0.1767,0.5875
independent_20260430_165242,trial_001,subject_001,1777539164.3937466,1777539164.3937466,261956.0032541,9,Trunk,109,1,0.7752,9.4507,-1.5504,6.6528,-0.3662,-0.4272,99.2944,-5.3723,-11.2225,0.7606,0.0442,-0.0988,0.6402
independent_20260430_165242,trial_001,subject_001,1777539164.3937466,1777539164.3937466,261956.0033911,10,L_Femur,111,1,0.2058,9.3311,0.7991,-43.335,-22.522,-0.6104,82.7655,0.5988,-18.3801,0.652,0.1095,-0.1164,0.7412
independent_20260430_165242,trial_001,subject_001,1777539164.3937466,1777539164.3937466,261956.0034989,11,L_Tibia,115,1,1.6365,8.9004,-5.3259,-134.6436,-23.9258,-51.3306,108.1659,-7.0422,-14.7382,0.8063,0.0679,-0.1244,0.5743
independent_20260430_165242,trial_001,subject_001,1777539164.3947475,1777539164.3947475,261956.0036037,12,L_Foot,117,1,-1.0671,4.1583,13.92,-114.2578,11.3525,-20.813,1.7908,4.9548,-105.9082,-0.0251,0.0385,-0.7969,0.6024
independent_20260430_165242,trial_001,subject_001,1777539164.3947475,1777539164.3947475,261956.0037059,13,R_Femur,117,1,0.3015,9.4746,-2.139,31.25,-14.5264,-3.9673,104.9139,-7.1136,-24.3567,0.7815,0.13,-0.1764,0.5841
independent_20260430_165242,trial_001,subject_001,1777539164.3947475,1777539164.3947475,261956.0038049,14,R_Tibia,59,1,0.7226,9.4698,-2.0385,9.0942,-2.6855,5.7983,102.6947,-6.9324,-160.0049,0.1725,0.7611,-0.6222,0.0617
independent_20260430_165242,trial_001,subject_001,1777539164.3947475,1777539164.3947475,261956.0039285,15,R_Foot,58,1,0.7943,1.6939,9.8144,1.1597,-0.6714,0.0,9.7668,-4.7736,-97.2839,0.0873,0.0364,-0.7496,0.6551
independent_20260430_165242,trial_001,subject_001,1777539164.3947475,1777539164.3947475,261956.0040599,9,Trunk,110,1,0.4307,9.5464,-1.4451,5.6152,-4.2114,-0.8545,99.3988,-5.3613,-11.283,0.7611,0.0448,-0.099,0.6395
independent_20260430_165242,trial_001,subject_001,1777539164.3947475,1777539164.3947475,261956.0041682,10,L_Femur,112,1,0.2775,9.1062,0.5838,-40.7715,-19.6533,-0.9155,82.1448,0.5713,-18.6713,0.6477,0.1103,-0.1191,0.7444
independent_20260430_165242,trial_001,subject_001,1777539164.3947475,1777539164.3947475,261956.0042686,11,L_Tibia,116,1,1.7896,8.886,-5.1105,-129.3335,-31.7993,-48.645,105.5896,-5.9161,-15.0293,0.7927,0.0731,-0.1197,0.5933
independent_20260430_165242,trial_001,subject_001,1777539164.3947475,1777539164.3947475,261956.0043868,13,R_Femur,118,1,0.7704,9.4028,-2.2395,33.8745,-23.9258,-1.1597,105.6171,-6.9708,-24.7632,0.7845,0.1346,-0.1767,0.5789
independent_20260430_165242,trial_001,subject_001,1777539164.3947475,1777539164.3947475,261956.0045216,9,Trunk,111,1,0.4211,9.6134,-1.3733,6.2866,-7.3853,-0.8545,99.4812,-5.3394,-11.3818,0.7615,0.0456,-0.0994,0.6388
independent_20260430_165242,trial_001,subject_001,1777539164.3957481,1777539164.3957481,261956.0046569,10,L_Femur,113,1,0.3828,8.953,0.5551,-36.3159,-17.1509,1.0986,81.579,0.5219,-18.9294,0.6438,0.1108,-0.1216,0.7473
independent_20260430_165242,trial_001,subject_001,1777539164.3957481,1777539164.3957481,261956.0047822,11,L_Tibia,117,1,1.5839,9.0727,-4.4119,-126.77,-33.5083,-47.7295,103.7109,-5.0922,-15.3259,0.7823,0.0776,-0.1169,0.6069
independent_20260430_165242,trial_001,subject_001,1777539164.3957481,1777539164.3957481,261956.0048871,12,L_Foot,118,1,-2.6271,3.4166,10.5273,-116.9434,28.8086,-37.5977,-2.5378,5.8997,-106.9629,-0.0545,0.0128,-0.8031,0.5932
independent_20260430_165242,trial_001,subject_001,1777539164.3957481,1777539164.3957481,261956.0049852,13,R_Femur,119,1,1.1724,9.422,-2.4165,31.25,-26.6113,-0.1221,106.1334,-6.8719,-25.1367,0.7866,0.1385,-0.1773,0.575
independent_20260430_165242,trial_001,subject_001,1777539164.3957481,1777539164.3957481,261956.0050817,14,R_Tibia,60,1,1.2489,9.3933,-2.0193,10.6201,-4.0283,5.9814,103.0573,-7.0917,-160.1971,0.1723,0.7632,-0.62,0.0591
independent_20260430_165242,trial_001,subject_001,1777539164.4339626,1777539164.4339626,261956.0432597,9,Trunk,112,1,0.5694,9.6373,-1.4308,5.3101,-10.5591,-0.3052,99.5636,-5.3174,-11.5302,0.7619,0.0468,-0.1,0.6382
independent_20260430_165242,trial_001,subject_001,1777539164.4339626,1777539164.4339626,261956.0434611,10,L_Femur,114,1,0.3589,8.8765,0.6508,-31.25,-13.6108,2.9297,80.9253,0.423,-19.1986,0.6394,0.111,-0.1245,0.7506
independent_20260430_165242,trial_001,subject_001,1777539164.4339626,1777539164.4339626,261956.0436927,11,L_Tibia,118,1,1.2346,9.1349,-3.9334,-124.8779,-39.6118,-45.7153,101.8707,-4.2847,-15.7324,0.7718,0.0829,-0.1149,0.6199
independent_20260430_165242,trial_001,subject_001,1777539164.4339626,1777539164.4339626,261956.0438589,12,L_Foot,119,1,-2.694,3.1726,9.867,-105.4688,26.9775,-48.645,-4.2188,6.2677,-107.6935,-0.0658,0.0026,-0.8069,0.587
independent_20260430_165242,trial_001,subject_001,1777539164.4339626,1777539164.4339626,261956.0440157,13,R_Femur,120,1,1.426,9.1779,-2.6079,31.4941,-26.123,0.4272,106.6388,-6.7786,-25.5157,0.7886,0.1423,-0.1779,0.5711
independent_20260430_165242,trial_001,subject_001,1777539164.4339626,1777539164.4339626,261956.0441807,9,Trunk,113,1,0.8709,9.5177,-1.4738,4.9438,-12.5732,0.7324,99.6625,-5.3009,-11.7773,0.7624,0.0486,-0.1013,0.6373
independent_20260430_165242,trial_001,subject_001,1777539164.4339626,1777539164.4339626,261956.0443257,10,L_Femur,115,1,0.1627,8.7186,0.823,-26.6724,-13.3667,1.8921,80.5078,0.3625,-19.3854,0.6365,0.1112,-0.1265,0.7526
independent_20260430_165242,trial_001,subject_001,1777539164.4355419,1777539164.4355419,261956.0444993,11,L_Tibia,119,1,0.8087,9.0104,-3.7659,-120.3003,-51.1475,-40.5884,99.4922,-3.2684,-16.5125,0.7576,0.0913,-0.1143,0.6361
independent_20260430_165242,trial_001,subject_001,1777539164.4355419,1777539164.4355419,261956.0446729,12,L_Foot,120,1,-2.3208,3.0434,10.4795,-96.8018,26.6113,-61.1572,-6.3171,6.7017,-108.9075,-0.0795,-0.0108,-0.8129,0.5769
independent_20260430_165242,trial_001,subject_001,1777539164.4355419,1777539164.4355419,261956.0448357,13,R_Femur,121,1,1.3877,9.4315,-2.2969,28.3203,-20.5078,-0.5493,107.276,-6.6577,-25.9387,0.7911,0.1469,-0.1784,0.5663
independent_20260430_165242,trial_001,subject_001,1777539164.4355419,1777539164.4355419,261956.0449893,14,R_Tibia,61,1,1.0384,9.3741,-1.8471,13.855,-7.3853,5.9204,103.5242,-7.2455,-160.4169,0.1718,0.7658,-0.6171,0.0561
independent_20260430_165242,trial_001,subject_001,1777539164.4355419,1777539164.4355419,261956.0451392,15,R_Foot,59,1,0.8326,1.5935,9.8239,0.6714,-0.5493,-0.4883,9.7614,-4.7736,-97.207,0.0873,0.0363,-0.7491,0.6556
independent_20260430_165242,trial_001,subject_001,1777539164.4846005,1777539164.4846005,261956.0935215,9,Trunk,114,1,1.1006,9.5129,-1.4164,4.3945,-12.4512,0.6714,99.7339,-5.2899,-11.9696,0.7627,0.05,-0.1022,0.6367
independent_20260430_165242,trial_001,subject_001,1777539164.4846005,1777539164.4846005,261956.0936814,10,L_Femur,116,1,-0.2105,8.7042,0.9714,-20.0195,-18.1885,1.5869,80.0629,0.2747,-19.693,0.6334,0.1118,-0.1294,0.7547
independent_20260430_165242,trial_001,subject_001,1777539164.4846005,1777539164.4846005,261956.0938179,11,L_Tibia,120,1,0.5981,8.9578,-3.4932,-116.394,-58.2886,-36.2549,97.7783,-2.5873,-17.2705,0.7469,0.0984,-0.1155,0.6473
independent_20260430_165242,trial_001,subject_001,1777539164.4846005,1777539164.4846005,261956.0939464,12,L_Foot,121,1,-2.0289,2.8663,9.7091,-88.9893,21.2402,-68.2373,-7.7948,6.9159,-109.9622,-0.0882,-0.021,-0.8179,0.5681
independent_20260430_165242,trial_001,subject_001,1777539164.4846005,1777539164.4846005,261956.0940732,13,R_Femur,122,1,1.3638,9.4172,-2.1725,26.7944,-20.4468,0.1831,107.699,-6.5753,-26.2244,0.7928,0.1499,-0.1787,0.5631
independent_20260430_165242,trial_001,subject_001,1777539164.4846005,1777539164.4846005,261956.0941975,9,Trunk,115,1,1.3016,9.4746,-1.2441,3.6011,-12.3901,-0.1221,99.8108,-5.257,-12.2168,0.763,0.0519,-0.1033,0.636
independent_20260430_165242,trial_001,subject_001,1777539164.4846005,1777539164.4846005,261956.0943228,10,L_Femur,117,1,-0.5216,9.0966,0.7896,-20.3857,-21.3623,0.9155,79.7607,0.2032,-19.9896,0.6312,0.1126,-0.1321,0.7559
independent_20260430_165242,trial_001,subject_001,1777539164.4855995,1777539164.4855995,261956.0944497,11,L_Tibia,121,1,0.4929,8.8095,-2.828,-109.436,-63.2935,-32.1045,96.1469,-1.9775,-18.1329,0.7364,0.1058,-0.118,0.6577
independent_20260430_165242,trial_001,subject_001,1777539164.4855995,1777539164.4855995,261956.0945798,12,L_Foot,122,1,-1.469,2.694,8.7377,-74.3408,12.9395,-71.2891,-9.0802,6.9763,-111.0553,-0.0947,-0.0308,-0.823,0.5592
independent_20260430_165242,trial_001,subject_001,1777539164.4855995,1777539164.4855995,261956.0947132,13,R_Femur,123,1,1.3925,9.1109,-2.3495,30.7617,-24.353,-0.7324,108.1769,-6.4709,-26.554,0.7946,0.1535,-0.179,0.5595
independent_20260430_165242,trial_001,subject_001,1777539164.4855995,1777539164.4855995,261956.0948335,14,R_Tibia,62,1,1.3111,9.4172,-1.8136,17.0898,-7.9956,5.0049,104.0295,-7.3444,-160.6915,0.1708,0.7688,-0.614,0.0532
independent_20260430_165242,trial_001,subject_001,1777539164.4855995,1777539164.4855995,261956.0949691,15,R_Foot,60,1,0.914,1.5504,9.7521,1.5259,-0.4883,-0.9155,9.7614,-4.7791,-97.1906,0.0874,0.0363,-0.749,0.6557
independent_20260430_165242,trial_001,subject_001,1777539164.4855995,1777539164.4855995,261956.0950897,9,Trunk,116,1,1.3686,9.5081,-1.1293,2.9297,-12.4512,-1.5869,99.8602,-5.2185,-12.3981,0.7632,0.0534,-0.1041,0.6355
independent_20260430_165242,trial_001,subject_001,1777539164.4855995,1777539164.4855995,261956.0952118,10,L_Femur,118,1,-0.5981,9.2736,0.7226,-23.4375,-26.6113,-3.1128,79.4147,0.1648,-20.3687,0.6286,0.1141,-0.1351,0.7574
independent_20260430_165242,trial_001,subject_001,1777539164.4855995,1777539164.4855995,261956.0953328,11,L_Tibia,122,1,0.6556,8.575,-2.6175,-98.7549,-65.1855,-26.9165,94.1693,-1.2854,-19.3304,0.7232,0.1154,-0.1224,0.6698
independent_20260430_165242,trial_001,subject_001,1777539164.486599,1777539164.486599,261956.0954532,12,L_Foot,123,1,-0.4929,3.3448,11.5035,-72.0215,19.8975,-68.7256,-10.6458,7.0587,-112.5,-0.1024,-0.0429,-0.8295,0.5474
independent_20260430_165242,trial_001,subject_001,1777539164.486599,1777539164.486599,261956.0955741,13,R_Femur,124,1,1.7274,9.6421,-2.6175,25.2075,-24.4141,-2.9297,108.7427,-6.2787,-27.0154,0.7966,0.1585,-0.1791,0.5552
independent_20260430_165242,trial_001,subject_001,1777539164.5640476,1777539164.5640476,261956.1735968,9,Trunk,117,1,1.5121,9.5655,-1.0958,1.5869,-11.4746,-3.3569,99.8877,-5.1526,-12.5684,0.7632,0.0549,-0.1046,0.6353
independent_20260430_165242,trial_001,subject_001,1777539164.5640476,1777539164.5640476,261956.1737896,10,L_Femur,119,1,-0.1771,8.843,1.3494,-22.7661,-35.9497,-4.5166,78.9532,0.1318,-21.0278,0.6249,0.1169,-0.1401,0.7591
independent_20260430_165242,trial_001,subject_001,1777539164.565047,1777539164.565047,261956.1739575,11,L_Tibia,123,1,1.2729,8.4697,-2.9812,-88.1958,-63.2935,-24.5972,92.84,-0.8459,-20.2698,0.714,0.1225,-0.1266,0.6777
independent_20260430_165242,trial_001,subject_001,1777539164.565047,1777539164.565047,261956.174152,12,L_Foot,124,1,-0.2058,3.3257,11.1542,-76.7822,29.2969,-63.8428,-11.9092,7.2784,-113.5492,-0.1095,-0.052,-0.8339,0.5384
independent_20260430_165242,trial_001,subject_001,1777539164.565047,1777539164.565047,261956.1742963,13,R_Femur,125,1,1.3733,8.9865,-3.1151,33.0811,-21.3013,-3.7231,109.2371,-6.1359,-27.3065,0.7985,0.1621,-0.1789,0.5515
independent_20260430_165242,trial_001,subject_001,1777539164.565047,1777539164.565047,261956.1744314,14,R_Tibia,63,1,1.0719,9.355,-2.7658,17.7002,-6.3477,3.7842,104.6558,-7.4048,-160.9332,0.1697,0.7724,-0.6099,0.0506
independent_20260430_165242,trial_001,subject_001,1777539164.565047,1777539164.565047,261956.1745522,15,R_Foot,61,1,0.8422,1.7753,9.867,2.4414,-0.4272,-0.9766,9.8273,-4.7845,-97.2235,0.0878,0.0367,-0.7492,0.6555
independent_20260430_165242,trial_001,subject_001,1777539164.565047,1777539164.565047,261956.1746792,9,Trunk,118,1,1.627,9.4028,-1.1006,1.5869,-10.5591,-4.5776,99.9097,-5.0427,-12.7661,0.7632,0.0569,-0.1049,0.635
independent_20260430_165242,trial_001,subject_001,1777539164.565047,1777539164.565047,261956.1748677,10,L_Femur,120,1,0.134,8.7329,1.9954,-22.7661,-39.4897,-3.1738,78.6017,0.0659,-21.6046,0.6221,0.1191,-0.1447,0.7602
independent_20260430_165242,trial_001,subject_001,1777539164.5660458,1777539164.5660458,261956.1750257,11,L_Tibia,124,1,1.4499,8.4937,-1.9858,-74.1577,-40.9546,-25.4517,91.2964,-0.3021,-21.1981,0.7032,0.1297,-0.1304,0.6868
independent_20260430_165242,trial_001,subject_001,1777539164.5660458,1777539164.5660458,261956.1751947,12,L_Foot,125,1,0.3541,2.9333,8.6181,-63.2324,29.541,-51.6357,-13.4143,7.6245,-114.7797,-0.1184,-0.0626,-0.8389,0.5275
independent_20260430_165242,trial_001,subject_001,1777539164.5660458,1777539164.5660458,261956.1753772,13,R_Femur,126,1,1.1676,8.6755,-3.1821,40.5884,-13.6719,-7.019,110.0336,-5.9271,-27.5647,0.8017,0.1661,-0.1775,0.546
independent_20260430_165242,trial_001,subject_001,1777539164.6340914,1777539164.6340914,261956.2432338,9,Trunk,119,1,1.5647,9.3119,-1.1102,1.2817,-10.3149,-5.188,99.9316,-4.9493,-12.9089,0.7632,0.0584,-0.1051,0.6349
independent_20260430_165242,trial_001,subject_001,1777539164.6340914,1777539164.6340914,261956.2433621,10,L_Femur,121,1,0.5407,8.8382,2.4883,-18.6768,-35.4004,-4.4556,78.3105,0.0165,-22.1484,0.6196,0.1214,-0.1489,0.761
independent_20260430_165242,trial_001,subject_001,1777539164.6340914,1777539164.6340914,261956.2434667,11,L_Tibia,125,1,1.3111,8.2496,-1.7657,-63.4155,-29.9072,-26.5503,90.3186,0.1044,-21.665,0.6963,0.1339,-0.1319,0.6927
independent_20260430_165242,trial_001,subject_001,1777539164.6340914,1777539164.6340914,261956.2435668,12,L_Foot,126,1,0.8518,3.096,8.6085,-54.9927,28.7476,-37.8418,-14.3427,7.8992,-115.4883,-0.1243,-0.0688,-0.8417,0.521
independent_20260430_165242,trial_001,subject_001,1777539164.6340914,1777539164.6340914,261956.2436644,13,R_Femur,127,1,1.1532,9.0631,-3.029,42.6025,-10.0098,-7.5073,110.6653,-5.7733,-27.6691,0.8044,0.1686,-0.1761,0.5417
independent_20260430_165242,trial_001,subject_001,1777539164.6340914,1777539164.6340914,261956.243761,14,R_Tibia,64,1,1.0767,9.2497,-2.4931,19.5312,-5.9814,3.2349,105.3314,-7.4487,-161.1749,0.1686,0.7763,-0.6055,0.048
independent_20260430_165242,trial_001,subject_001,1777539164.6340914,1777539164.6340914,261956.2438575,9,Trunk,120,1,1.4068,9.2354,-1.158,0.7324,-9.5825,-6.2256,99.9371,-4.845,-13.0408,0.7631,0.0599,-0.1051,0.6348
independent_20260430_165242,trial_001,subject_001,1777539164.635092,1777539164.635092,261956.2439592,10,L_Femur,122,1,0.9522,8.9147,2.7563,-17.5781,-24.4141,-6.897,77.948,0.0275,-22.7087,0.6166,0.124,-0.1529,0.7622
independent_20260430_165242,trial_001,subject_001,1777539164.635092,1777539164.635092,261956.244084,11,L_Tibia,126,1,1.1867,7.929,-1.8566,-50.4761,-19.4702,-27.5269,89.5221,0.5164,-21.9891,0.6906,0.1374,-0.1323,0.6976
independent_20260430_165242,trial_001,subject_001,1777539164.6633902,1777539164.6633902,261956.2731638,12,L_Foot,127,1,1.2394,2.9859,8.4362,-48.4009,27.832,-22.522,-15.1447,8.2123,-115.9772,-0.1299,-0.0738,-0.8434,0.5161
independent_20260430_165242,trial_001,subject_001,1777539164.6643922,1777539164.6643922,261956.2733245,9,Trunk,121,1,1.1149,9.1014,-1.1484,2.1973,-10.376,-6.7749,99.9646,-4.6912,-13.2166,0.7631,0.0619,-0.1051,0.6346
independent_20260430_165242,trial_001,subject_001,1777539164.6643922,1777539164.6643922,261956.2734577,10,L_Femur,123,1,1.1293,8.8478,2.8854,-14.8315,-16.6626,-8.3618,77.7118,0.0824,-22.9889,0.6147,0.1256,-0.1547,0.7632
independent_20260430_165242,trial_001,subject_001,1777539164.6643922,1777539164.6643922,261956.2735977,11,L_Tibia,127,1,1.0432,8.0343,-1.7131,-34.5459,-4.5166,-28.3813,88.7476,1.0876,-22.1594,0.685,0.141,-0.1308,0.7027
independent_20260430_165242,trial_001,subject_001,1777539164.6643922,1777539164.6643922,261956.2737028,12,L_Foot,128,1,1.4738,2.6462,7.594,-32.6538,20.813,0.4883,-15.9192,8.6298,-116.2244,-0.1362,-0.0779,-0.844,0.5128
independent_20260430_165242,trial_001,subject_001,1777539164.6643922,1777539164.6643922,261956.2738019,13,R_Femur,128,1,0.646,9.1349,-2.5696,39.5508,-17.5781,-8.1787,112.1265,-5.3448,-28.0096,0.8104,0.1753,-0.1725,0.5317
independent_20260430_165242,trial_001,subject_001,1777539164.6643922,1777539164.6643922,261956.2738989,14,R_Tibia,65,1,0.7896,9.0009,-2.1772,24.353,-12.6343,4.0283,106.1334,-7.4817,-161.51,0.1668,0.781,-0.6002,0.0449
independent_20260430_165242,trial_001,subject_001,1777539164.6643922,1777539164.6643922,261956.2740139,15,R_Foot,62,1,0.8183,1.7896,9.7617,4.0283,-1.4648,0.0,10.0415,-4.845,-97.2565,0.0894,0.0378,-0.7493,0.655
independent_20260430_165242,trial_001,subject_001,1777539164.6643922,1777539164.6643922,261956.2741499,9,Trunk,122,1,0.9235,9.1827,-1.0862,2.9297,-12.2681,-7.3853,100.0031,-4.5648,-13.3759,0.7632,0.0637,-0.1051,0.6343
independent_20260430_165242,trial_001,subject_001,1777539164.6653888,1777539164.6653888,261956.2742861,10,L_Femur,124,1,1.0767,8.7425,2.8663,-8.8501,-6.6528,-13.2446,77.4921,0.2692,-23.2196,0.6127,0.1277,-0.1555,0.7643
independent_20260430_165242,trial_001,subject_001,1777539164.6653888,1777539164.6653888,261956.2744144,11,L_Tibia,128,1,0.8183,7.9338,-1.3159,-20.752,7.5684,-28.1982,88.4015,1.5216,-22.0825,0.6824,0.1429,-0.1282,0.7053
independent_20260430_165242,trial_001,subject_001,1777539164.6653888,1777539164.6653888,261956.2745338,12,L_Foot,129,1,1.2537,2.7275,7.8189,-22.2168,17.0288,15.0146,-16.2488,8.9374,-116.1255,-0.14,-0.0788,-0.8434,0.5127
independent_20260430_165242,trial_001,subject_001,1777539164.6653888,1777539164.6653888,261956.2746847,13,R_Femur,129,1,0.914,9.2545,-2.7467,37.0483,-21.7896,-7.7515,112.7032,-5.1306,-28.2513,0.8125,0.1789,-0.1712,0.5277
independent_20260430_165242,trial_001,subject_001,1777539164.6653888,1777539164.6653888,261956.2748353,9,Trunk,123,1,0.8709,9.4315,-1.091,3.1738,-13.1226,-9.1553,100.069,-4.3561,-13.6011,0.7634,0.0665,-0.1049,0.6339
independent_20260430_165242,trial_001,subject_001,1777539164.6653888,1777539164.6653888,261956.2749916,10,L_Femur,125,1,0.9044,8.6659,2.7897,-5.6152,0.3052,-15.4419,77.3987,0.4834,-23.28,0.6117,0.1294,-0.1549,0.7649
independent_20260430_165242,trial_001,subject_001,1777539164.6653888,1777539164.6653888,261956.27514,12,L_Foot,130,1,0.6364,2.9285,8.6898,-18.1274,17.334,23.0713,-16.4795,9.278,-115.8893,-0.1437,-0.0786,-0.8422,0.5137
independent_20260430_165242,trial_001,subject_001,1777539164.66639,1777539164.66639,261956.2752574,13,R_Femur,130,1,1.1054,9.2545,-3.1869,34.4238,-22.2168,-6.897,113.2361,-4.9164,-28.515,0.8144,0.1826,-0.1701,0.524
independent_20260430_165242,trial_001,subject_001,1777539164.66639,1777539164.66639,261956.2753567,14,R_Tibia,66,1,1.3159,9.3167,-2.584,27.6489,-13.3667,2.9297,106.9739,-7.4542,-161.889,0.1644,0.7859,-0.5946,0.0419
independent_20260430_165242,trial_001,subject_001,1777539164.66639,1777539164.66639,261956.2754671,15,R_Foot,63,1,0.8805,1.9284,9.8191,4.0283,-1.0986,-0.3052,10.1843,-4.8944,-97.2729,0.0905,0.0384,-0.7494,0.6548
independent_20260430_165242,trial_001,subject_001,1777539164.66639,1777539164.66639,261956.2755849,9,Trunk,124,1,0.9235,9.5033,-1.1293,1.2817,-13.855,-9.7046,100.0909,-4.1913,-13.7823,0.7633,0.0686,-0.1048,0.6338
independent_20260430_165242,trial_001,subject_001,1777539164.7442806,1777539164.7442806,261956.3535799,10,L_Femur,126,1,0.5646,8.4075,2.8663,-4.0283,4.1504,-16.3574,77.3273,0.7361,-23.269,0.6109,0.1309,-0.1535,0.7656
independent_20260430_165242,trial_001,subject_001,1777539164.7442806,1777539164.7442806,261956.3538202,11,L_Tibia,129,1,0.3063,7.8477,-1.5456,8.1787,11.5967,-19.3481,88.363,2.373,-21.676,0.6816,0.1456,-0.1206,0.7069
independent_20260430_165242,trial_001,subject_001,1777539164.7442806,1777539164.7442806,261956.3539694,12,L_Foot,131,1,-0.2919,2.7228,8.2448,-13.6719,15.3198,24.4141,-16.7157,9.7339,-115.5103,-0.1483,-0.0777,-0.8404,0.5155
independent_20260430_165242,trial_001,subject_001,1777539164.7442806,1777539164.7442806,261956.3541064,13,R_Femur,131,1,1.0479,8.5463,-3.7229,40.5884,-20.5688,-4.8828,114.0381,-4.6527,-28.8721,0.8172,0.1876,-0.1686,0.5182
independent_20260430_165242,trial_001,subject_001,1777539164.7452817,1777539164.7452817,261956.3542383,9,Trunk,125,1,0.89,9.4363,-1.024,-1.6479,-16.1133,-8.728,100.0745,-4.0265,-13.9911,0.763,0.0709,-0.1049,0.6338
independent_20260430_165242,trial_001,subject_001,1777539164.7452817,1777539164.7452817,261956.354369,10,L_Femur,127,1,0.0,8.2927,2.785,2.5635,6.0425,-17.9443,77.3383,1.0986,-23.2306,0.6105,0.1331,-0.1513,0.7659
independent_20260430_165242,trial_001,subject_001,1777539164.7452817,1777539164.7452817,261956.3544991,11,L_Tibia,130,1,0.0096,8.0534,-1.3303,17.0898,9.1553,-14.1602,88.5992,2.6093,-21.5332,0.6829,0.1464,-0.118,0.7059
independent_20260430_165242,trial_001,subject_001,1777539164.7452817,1777539164.7452817,261956.3546289,12,L_Foot,132,1,-0.9235,2.2251,7.1347,-0.4272,6.958,20.2026,-16.7102,9.9536,-115.2466,-0.15,-0.0763,-0.8392,0.5172
independent_20260430_165242,trial_001,subject_001,1777539164.7452817,1777539164.7452817,261956.354758,13,R_Femur,132,1,0.7417,8.5894,-3.6511,40.2222,-17.1509,-5.249,114.6478,-4.4879,-29.0808,0.8195,0.1907,-0.1673,0.5139
independent_20260430_165242,trial_001,subject_001,1777539164.7452817,1777539164.7452817,261956.3548863,14,R_Tibia,67,1,0.7752,8.8813,-3.0434,30.5176,-17.6392,3.1128,108.067,-7.3773,-162.4219,0.1608,0.7924,-0.5872,0.0381
independent_20260430_165242,trial_001,subject_001,1777539164.7452817,1777539164.7452817,261956.3550159,15,R_Foot,64,1,0.8278,1.9476,9.8287,3.1128,-1.4038,0.061,10.2667,-4.9329,-97.2675,0.0912,0.0388,-0.7493,0.6547
independent_20260430_165242,trial_001,subject_001,1777539164.7462828,1777539164.7462828,261956.355144,9,Trunk,126,1,0.8039,9.4363,-0.6651,-3.6621,-18.4326,-7.7515,100.0085,-3.8177,-14.3207,0.7624,0.0742,-0.1054,0.6342
independent_20260430_165242,trial_001,subject_001,1777539164.7462828,1777539164.7462828,261956.3552727,10,L_Femur,128,1,-0.1962,8.1874,2.3304,8.5449,8.3618,-19.7144,77.4481,1.4062,-23.1702,0.6109,0.135,-0.1491,0.7658
independent_20260430_165242,trial_001,subject_001,1777539164.7462828,1777539164.7462828,261956.355423,11,L_Tibia,131,1,-0.2249,7.9864,-1.0575,28.1372,0.9155,-7.1411,89.1101,2.8015,-21.4673,0.6859,0.1477,-0.1158,0.7031
independent_20260430_165242,trial_001,subject_001,1777539164.7462828,1777539164.7462828,261956.3555547,12,L_Foot,133,1,-1.6365,2.1629,8.0199,10.5591,-1.77,9.7656,-16.4795,10.036,-115.0049,-0.1497,-0.0739,-0.8382,0.5191
independent_20260430_165242,trial_001,subject_001,1777539164.7462828,1777539164.7462828,261956.355683,13,R_Femur,133,1,0.3206,8.6803,-3.5937,41.9312,-24.231,-6.958,115.4883,-4.1968,-29.4104,0.8224,0.1956,-0.1653,0.508
independent_20260430_165242,trial_001,subject_001,1777539164.7462828,1777539164.7462828,261956.3558111,9,Trunk,127,1,0.7704,9.4363,-0.4833,-4.8218,-19.6533,-8.3008,99.9426,-3.6584,-14.5844,0.7617,0.0768,-0.1058,0.6345
independent_20260430_165242,trial_001,subject_001,1777539164.7462828,1777539164.7462828,261956.3559372,10,L_Femur,129,1,-0.3445,7.9434,1.871,16.1743,7.3242,-20.6299,77.6678,1.7358,-23.1152,0.6119,0.1372,-0.1467,0.765
independent_20260430_165242,trial_001,subject_001,1777539164.7542648,1777539164.7542648,261956.3634244,11,L_Tibia,132,1,-0.2919,7.9099,-1.56,34.2407,-16.7236,-0.7935,89.599,2.84,-21.6595,0.6886,0.1496,-0.1161,0.7
independent_20260430_165242,trial_001,subject_001,1777539164.7542648,1777539164.7542648,261956.3636457,12,L_Foot,134,1,-4.8761,1.2106,6.6418,30.0293,-42.2974,-14.4043,-16.1224,9.613,-114.9774,-0.1451,-0.0732,-0.8383,0.5204
independent_20260430_165242,trial_001,subject_001,1777539164.7542648,1777539164.7542648,261956.3638597,13,R_Femur,134,1,0.402,8.6755,-3.5841,42.6025,-31.7993,-6.4697,116.153,-3.9166,-29.7784,0.8244,0.2005,-0.1638,0.5033
independent_20260430_165242,trial_001,subject_001,1777539164.7542648,1777539164.7542648,261956.3640695,15,R_Foot,65,1,0.8613,1.7035,9.8191,2.4414,-1.4648,0.0,10.2777,-4.9329,-97.2565,0.0913,0.0388,-0.7493,0.6548
independent_20260430_165242,trial_001,subject_001,1777539164.7552705,1777539164.7552705,261956.3642717,9,Trunk,128,1,0.7273,9.355,-0.2967,-5.127,-23.0103,-9.4604,99.8712,-3.4717,-14.8975,0.761,0.0798,-0.1064,0.6349
independent_20260430_165242,trial_001,subject_001,1777539164.7552705,1777539164.7552705,261956.3644532,10,L_Femur,130,1,-0.8039,7.8142,1.5504,27.5269,-1.9531,-17.6392,78.1567,2.1039,-23.1647,0.6146,0.1405,-0.1445,0.7627
independent_20260430_165242,trial_001,subject_001,1777539164.7552705,1777539164.7552705,261956.3646146,11,L_Tibia,133,1,-0.6269,8.3357,-1.5025,39.4897,-29.6631,5.9814,90.1593,2.774,-22.077,0.6915,0.1523,-0.1183,0.6961
independent_20260430_165242,trial_001,subject_001,1777539164.7552705,1777539164.7552705,261956.3647474,12,L_Foot,135,1,-2.6318,0.1101,4.8617,58.0444,-105.3467,-17.7612,-15.1666,7.9102,-114.7742,-0.1285,-0.074,-0.8379,0.5253
independent_20260430_165242,trial_001,subject_001,1777539164.7552705,1777539164.7552705,261956.3649101,13,R_Femur,135,1,0.7082,8.8717,-3.6271,42.7246,-34.1187,-5.7983,116.8121,-3.6255,-30.1959,0.8263,0.2058,-0.1624,0.4985
independent_20260430_165242,trial_001,subject_001,1777539164.7552705,1777539164.7552705,261956.3650168,9,Trunk,129,1,0.7561,9.4459,-0.1866,-4.5166,-25.7568,-10.498,99.7833,-3.197,-15.3589,0.7601,0.0844,-0.1072,0.6354
independent_20260430_165242,trial_001,subject_001,1777539164.7552705,1777539164.7552705,261956.3651141,11,L_Tibia,134,1,-0.6077,8.6803,-1.2346,43.7622,-57.0679,13.3057,90.9888,2.5543,-23.0493,0.6955,0.1578,-0.1244,0.6899
independent_20260430_165242,trial_001,subject_001,1777539164.7562764,1777539164.7562764,261956.3652083,12,L_Foot,136,1,1.9332,-3.5649,6.8284,90.6982,-48.5229,-22.8882,-13.4857,6.3611,-114.8071,-0.1096,-0.0691,-0.8389,0.5287
independent_20260430_165242,trial_001,subject_001,1777539164.7562764,1777539164.7562764,261956.3653002,13,R_Femur,136,1,0.8709,8.6994,-3.6511,48.7061,-31.9824,-4.2725,117.7515,-3.2629,-30.7343,0.829,0.2126,-0.1604,0.4918
independent_20260430_165242,trial_001,subject_001,1777539164.7562764,1777539164.7562764,261956.3653935,14,R_Tibia,68,1,1.2202,9.3837,-3.0577,36.6821,-23.2544,-0.061,110.5994,-6.9543,-163.8721,0.1493,0.8077,-0.5696,0.0303
independent_20260430_165242,trial_001,subject_001,1777539164.7562764,1777539164.7562764,261956.3655061,15,R_Foot,66,1,0.9427,1.7896,9.7761,3.418,-1.3428,0.1221,10.2722,-4.9384,-97.24,0.0913,0.0387,-0.7492,0.6549
independent_20260430_165242,trial_001,subject_001,1777539164.8334157,1777539164.8334157,261956.4431416,9,Trunk,130,1,0.6795,9.6134,-0.2488,-4.7607,-28.7476,-10.3149,99.7174,-2.9773,-15.7489,0.7593,0.0881,-0.108,0.6357
independent_20260430_165242,trial_001,subject_001,1777539164.8344173,1777539164.8344173,261956.4433106,10,L_Femur,131,1,-1.1819,9.0487,1.2059,33.8745,-22.583,-11.2305,79.162,2.4554,-23.8184,0.6199,0.1476,-0.1457,0.7568
independent_20260430_165242,trial_001,subject_001,1777539164.8344173,1777539164.8344173,261956.4434465,11,L_Tibia,135,1,0.1723,10.0871,-0.2058,36.8652,-57.9834,15.1367,91.5381,2.3566,-23.9227,0.6979,0.1625,-0.1301,0.6853
independent_20260430_165242,trial_001,subject_001,1777539164.8344173,1777539164.8344173,261956.4435924,12,L_Foot,137,1,-1.8806,-2.7323,7.1395,104.4312,-65.2466,-27.4658,-11.9641,5.4602,-115.0378,-0.0959,-0.0624,-0.8407,0.5293
independent_20260430_165242,trial_001,subject_001,1777539164.8344173,1777539164.8344173,261956.4437313,13,R_Femur,137,1,1.0001,8.8095,-3.7755,47.4243,-29.8462,-5.0049,118.4875,-2.9938,-31.1023,0.8312,0.2174,-0.1587,0.4865
independent_20260430_165242,trial_001,subject_001,1777539164.8344173,1777539164.8344173,261956.4438689,9,Trunk,131,1,0.7226,9.8526,-0.3828,-3.0518,-32.1655,-8.728,99.6515,-2.7026,-16.3422,0.7583,0.0935,-0.1095,0.6358
independent_20260430_165242,trial_001,subject_001,1777539164.8344173,1777539164.8344173,261956.4439927,10,L_Femur,132,1,-0.2584,9.6038,0.3972,46.2646,-24.9634,-4.8218,79.7992,2.4774,-24.1864,0.6236,0.1506,-0.1471,0.7529
independent_20260430_165242,trial_001,subject_001,1777539164.8344173,1777539164.8344173,261956.4441206,11,L_Tibia,136,1,0.7226,12.317,2.6318,22.2778,-36.9263,2.5024,91.8951,2.2906,-24.5599,0.6992,0.1664,-0.1338,0.6823
independent_20260430_165242,trial_001,subject_001,1777539164.8344173,1777539164.8344173,261956.4442556,12,L_Foot,138,1,4.0913,-3.7037,10.0153,132.6294,-19.043,-12.9395,-9.4153,4.5538,-115.2026,-0.0774,-0.048,-0.8426,0.5308
independent_20260430_165242,trial_001,subject_001,1777539164.8354154,1777539164.8354154,261956.4444101,13,R_Femur,138,1,1.2154,8.7425,-3.9621,49.7437,-29.3579,-7.0801,119.2346,-2.7136,-31.4484,0.8334,0.2222,-0.1567,0.4812
independent_20260430_165242,trial_001,subject_001,1777539164.8354154,1777539164.8354154,261956.4445918,14,R_Tibia,69,1,1.4403,9.3215,-2.9237,39.2456,-17.8833,-3.8452,111.7914,-6.6577,-164.4269,0.1443,0.8146,-0.5611,0.0282
independent_20260430_165242,trial_001,subject_001,1777539164.8354154,1777539164.8354154,261956.4447442,15,R_Foot,67,1,0.7656,1.6748,9.7856,6.958,0.0,0.6714,10.415,-4.9438,-97.2125,0.0922,0.0396,-0.749,0.655
independent_20260430_165242,trial_001,subject_001,1777539164.8354154,1777539164.8354154,261956.4448828,9,Trunk,132,1,0.9905,10.0919,-0.7417,2.8076,-32.2876,-6.2256,99.6735,-2.5323,-16.8036,0.7579,0.0975,-0.1109,0.6354
independent_20260430_165242,trial_001,subject_001,1777539164.8354154,1777539164.8354154,261956.4450034,10,L_Femur,133,1,0.8996,11.3743,0.3397,42.8467,-37.7808,0.4883,80.4474,2.395,-24.6918,0.6273,0.1536,-0.15,0.7486
independent_20260430_165242,trial_001,subject_001,1777539164.8354154,1777539164.8354154,261956.4451417,11,L_Tibia,137,1,1.8901,13.6473,5.2206,9.0332,-17.7002,-0.8545,91.8896,2.3346,-24.9225,0.6985,0.1689,-0.1357,0.682
independent_20260430_165242,trial_001,subject_001,1777539164.836416,1777539164.836416,261956.4452725,12,L_Foot,139,1,4.3688,-1.3159,11.6997,142.9443,-15.1367,4.3945,-7.2729,4.2792,-115.1422,-0.0654,-0.0335,-0.843,0.5328
independent_20260430_165242,trial_001,subject_001,1777539164.836416,1777539164.836416,261956.4454069,13,R_Femur,139,1,1.2106,8.6516,-4.1057,48.7061,-25.6958,-5.3711,120.2069,-2.3566,-31.8439,0.8363,0.2279,-0.1538,0.4743
independent_20260430_165242,trial_001,subject_001,1777539164.836416,1777539164.836416,261956.4455494,9,Trunk,133,1,1.3733,10.3455,-1.3733,9.0332,-27.1606,-3.479,99.7998,-2.406,-17.2156,0.7582,0.1011,-0.1123,0.6343
independent_20260430_165242,trial_001,subject_001,1777539164.836416,1777539164.836416,261956.4456781,10,L_Femur,134,1,1.0049,13.81,3.5075,2.9907,-83.9844,1.9531,80.6946,2.1368,-26.0541,0.6274,0.1598,-0.16,0.7451
independent_20260430_165242,trial_001,subject_001,1777539164.836416,1777539164.836416,261956.445818,11,L_Tibia,138,1,2.718,11.6423,2.2395,34.4849,-32.0435,8.2397,92.3181,2.2522,-25.3564,0.7006,0.1715,-0.1382,0.6788
independent_20260430_165242,trial_001,subject_001,1777539164.836416,1777539164.836416,261956.4459577,12,L_Foot,140,1,4.1774,0.8422,12.7046,133.8501,18.9819,16.1743,-5.213,4.5154,-114.9719,-0.0576,-0.0172,-0.8427,0.535
independent_20260430_165242,trial_001,subject_001,1777539164.836416,1777539164.836416,261956.4460898,13,R_Femur,140,1,1.603,9.8431,-4.2779,44.9219,-19.165,-10.5591,120.9485,-2.0819,-32.0361,0.8387,0.2315,-0.1512,0.4692
independent_20260430_165242,trial_001,subject_001,1777539164.836416,1777539164.836416,261956.4462198,14,R_Tibia,70,1,1.1293,9.8239,-2.8663,45.7764,-18.0054,-7.7515,113.3514,-6.2128,-164.8499,0.1395,0.8231,-0.5498,0.0274
independent_20260430_165242,trial_001,subject_001,1777539164.8444173,1777539164.8444173,261956.453809,15,R_Foot,68,1,1.0623,1.6365,9.9627,10.5591,-0.1221,0.4272,10.6732,-4.9603,-97.1906,0.0938,0.0412,-0.7488,0.6549
independent_20260430_165242,trial_001,subject_001,1777539164.8444173,1777539164.8444173,261956.4540864,9,Trunk,134,1,1.804,10.6374,-2.1677,12.4512,-14.6484,-0.1221,100.025,-2.3346,-17.5726,0.759,0.1041,-0.1136,0.6326
independent_20260430_165242,trial_001,subject_001,1777539164.8444173,1777539164.8444173,261956.4543142,10,L_Femur,135,1,0.0287,14.3411,6.5557,-23.4985,-110.9619,0.2441,80.354,1.8622,-27.6196,0.6235,0.166,-0.1722,0.7444
independent_20260430_165242,trial_001,subject_001,1777539164.8444173,1777539164.8444173,261956.4545083,11,L_Tibia,139,1,1.9284,10.6853,-0.7656,46.7529,-23.9868,6.2866,93.2574,2.1259,-25.9552,0.7054,0.1756,-0.1411,0.6721
independent_20260430_165242,trial_001,subject_001,1777539164.8444173,1777539164.8444173,261956.4546753,12,L_Foot,141,1,-1.4834,1.3159,12.518,127.1973,23.0103,14.6484,-2.5708,5.0153,-114.6808,-0.0489,0.0047,-0.8414,0.5382
independent_20260430_165242,trial_001,subject_001,1777539164.845987,1777539164.845987,261956.4548464,13,R_Femur,141,1,2.0911,10.0728,-4.8474,24.4141,-20.813,-10.3149,121.5253,-1.7084,-32.2614,0.8402,0.2354,-0.1482,0.4655
independent_20260430_165242,trial_001,subject_001,1777539164.845987,1777539164.845987,261956.4550097,9,Trunk,135,1,1.9428,10.8479,-2.517,10.7422,-3.0518,2.5635,100.1843,-2.3621,-17.6605,0.7599,0.1047,-0.1141,0.6314
independent_20260430_165242,trial_001,subject_001,1777539164.845987,1777539164.845987,261956.4551613,10,L_Femur,136,1,-0.0622,13.1592,7.5558,-29.9072,-100.8301,-3.0518,79.8651,1.6315,-29.1687,0.6184,0.1722,-0.1842,0.7443
independent_20260430_165242,trial_001,subject_001,1777539164.845987,1777539164.845987,261956.4552985,11,L_Tibia,140,1,0.0,10.5321,-0.9714,54.7485,-18.3105,-5.3101,94.0814,2.1368,-26.2683,0.7097,0.1786,-0.1415,0.6666
independent_20260430_165242,trial_001,subject_001,1777539164.845987,1777539164.845987,261956.455445,12,L_Foot,142,1,-4.01,1.8566,13.4128,113.6475,0.061,5.188,-0.8075,5.1196,-114.5819,-0.0414,0.0182,-0.8407,0.5396
independent_20260430_165242,trial_001,subject_001,1777539164.8942714,1777539164.8942714,261956.5032208,13,R_Femur,142,1,2.5696,9.9675,-4.9287,16.1133,-20.5078,-7.9956,121.7834,-1.4502,-32.4536,0.8405,0.2382,-0.1465,0.464
independent_20260430_165242,trial_001,subject_001,1777539164.8942714,1777539164.8942714,261956.503378,14,R_Tibia,71,1,1.1437,9.8813,-2.7132,52.9175,-11.7188,-12.207,115.1477,-5.6525,-165.1685,0.135,0.8326,-0.5365,0.0279
independent_20260430_165242,trial_001,subject_001,1777539164.8942714,1777539164.8942714,261956.5035261,15,R_Foot,69,1,1.0623,1.4499,9.934,16.8457,-0.4272,0.5493,11.1566,-4.9713,-97.1741,0.0966,0.0443,-0.7485,0.6546
independent_20260430_165242,trial_001,subject_001,1777539164.8942714,1777539164.8942714,261956.5036301,9,Trunk,136,1,1.8088,11.0633,-2.4644,1.77,6.2866,5.9814,100.2228,-2.4609,-17.6056,0.7602,0.1038,-0.1144,0.6311
independent_20260430_165242,trial_001,subject_001,1777539164.8942714,1777539164.8942714,261956.5037281,11,L_Tibia,141,1,-3.0099,10.1685,-1.4978,58.4106,-54.9927,16.6016,94.9768,1.9666,-26.8945,0.7141,0.1827,-0.1448,0.6601
independent_20260430_165242,trial_001,subject_001,1777539164.8942714,1777539164.8942714,261956.5038235,12,L_Foot,143,1,-1.1484,3.0194,17.0782,69.8853,-7.2632,0.6714,0.368,4.9713,-114.5709,-0.0348,0.0261,-0.8405,0.5401
independent_20260430_165242,trial_001,subject_001,1777539164.8942714,1777539164.8942714,261956.5039184,13,R_Femur,143,1,2.2299,10.1445,-4.6225,2.5635,-14.8315,-8.3618,121.8713,-1.2305,-32.6019,0.8404,0.2403,-0.1454,0.4636
independent_20260430_165242,trial_001,subject_001,1777539164.8942714,1777539164.8942714,261956.5040125,10,L_Femur,137,1,3.2396,8.0965,0.9666,16.4185,-13.3667,-28.3203,79.6783,1.9281,-30.8826,0.614,0.183,-0.194,0.7429
independent_20260430_165242,trial_001,subject_001,1777539164.8942714,1777539164.8942714,261956.5041052,11,L_Tibia,142,1,-3.0386,8.709,-3.4262,68.1152,-106.5674,21.6064,96.2183,1.7633,-28.7842,0.7184,0.195,-0.1548,0.6495
independent_20260430_165242,trial_001,subject_001,1777539164.8952715,1777539164.8952715,261956.5041968,12,L_Foot,144,1,-0.9379,3.0481,15.9298,19.8364,5.6763,-0.8545,1.0492,5.1141,-114.5929,-0.0326,0.0318,-0.8404,0.5401
independent_20260430_165242,trial_001,subject_001,1777539164.8952715,1777539164.8952715,261956.5043067,13,R_Femur,144,1,0.9762,9.7856,-3.8377,-4.5166,-1.8311,-10.1929,121.778,-1.0272,-32.5854,0.8398,0.2409,-0.144,0.4647
independent_20260430_165242,trial_001,subject_001,1777539164.8952715,1777539164.8952715,261956.5044152,14,R_Tibia,72,1,0.6125,9.9771,-2.8663,63.4766,-18.6768,-12.3291,117.2241,-5.0098,-165.4486,0.1306,0.8431,-0.5209,0.0289
independent_20260430_165242,trial_001,subject_001,1777539164.8952715,1777539164.8952715,261956.504508,15,R_Foot,70,1,1.0192,1.6365,9.9436,21.1792,-1.709,-0.6104,11.8433,-5.0153,-97.1741,0.1008,0.0485,-0.7482,0.6539
independent_20260430_165242,trial_001,subject_001,1777539164.8952715,1777539164.8952715,261956.5045996,9,Trunk,137,1,0.4737,10.3503,-1.7035,-2.1362,0.1221,6.8359,100.08,-2.774,-17.5012,0.7597,0.1012,-0.116,0.6318
independent_20260430_165242,trial_001,subject_001,1777539164.8952715,1777539164.8952715,261956.5047033,10,L_Femur,138,1,-0.4642,7.9386,-1.8519,24.9634,16.4795,-39.5508,80.1617,2.6917,-30.8002,0.6158,0.1883,-0.1886,0.7415
independent_20260430_165242,trial_001,subject_001,1777539164.8952715,1777539164.8952715,261956.5048425,11,L_Tibia,143,1,-2.0146,8.9291,-3.0481,69.3359,-102.7222,19.3481,97.218,1.6534,-30.3827,0.7214,0.2058,-0.1628,0.6409
independent_20260430_165242,trial_001,subject_001,1777539164.8952715,1777539164.8952715,261956.5049527,12,L_Foot,145,1,-1.9476,0.7321,11.0202,15.8081,4.0283,1.2817,1.2964,5.1801,-114.5764,-0.0319,0.0339,-0.8402,0.5403
independent_20260430_165242,trial_001,subject_001,1777539164.8952715,1777539164.8952715,261956.5051098,13,R_Femur,145,1,0.5742,10.0823,-3.5458,-11.1084,0.1221,-8.7891,121.6296,-0.9229,-32.5085,0.8392,0.2406,-0.1432,0.4662
independent_20260430_165242,trial_001,subject_001,1777539164.8962717,1777539164.8962717,261956.505267,9,Trunk,138,1,0.0335,9.9292,-1.5695,-1.5869,-11.4746,1.8921,100.0415,-2.8235,-17.677,0.7594,0.1021,-0.1173,0.6318
independent_20260430_165242,trial_001,subject_001,1777539164.8962717,1777539164.8962717,261956.5054403,10,L_Femur,139,1,-2.9524,8.4219,-1.737,17.0288,21.8506,-41.3818,80.4529,3.3563,-30.5804,0.6168,0.1918,-0.183,0.7411
independent_20260430_165242,trial_001,subject_001,1777539164.8962717,1777539164.8962717,261956.5055934,11,L_Tibia,144,1,-0.3206,9.0918,-2.6701,63.1714,-73.7915,12.085,98.1519,1.6205,-31.5967,0.7244,0.2146,-0.168,0.6332
independent_20260430_165242,trial_001,subject_001,1777539164.8962717,1777539164.8962717,261956.50575,12,L_Foot,146,1,-1.3877,0.2297,9.9914,15.3809,-0.8545,4.3945,1.6534,5.1801,-114.516,-0.0302,0.0366,-0.8398,0.5408
independent_20260430_165242,trial_001,subject_001,1777539164.8962717,1777539164.8962717,261956.5058892,13,R_Femur,146,1,0.3397,10.5943,-3.1486,-26.4282,-4.7607,-4.0894,121.2726,-0.835,-32.5195,0.8376,0.2406,-0.1434,0.4689
independent_20260430_165242,trial_001,subject_001,1777539164.8962717,1777539164.8962717,261956.5060315,14,R_Tibia,73,1,0.0622,9.7187,-2.6175,72.876,-25.4517,-11.1084,119.328,-4.3506,-165.8716,0.1251,0.8536,-0.5049,0.0296
independent_20260430_165242,trial_001,subject_001,1777539164.8972728,1777539164.8972728,261956.5061669,15,R_Foot,71,1,1.0192,1.5456,9.733,30.3345,-0.9155,-4.6997,12.7716,-5.0372,-97.2839,0.1062,0.0545,-0.7484,0.6524
independent_20260430_165242,trial_001,subject_001,1777539164.9539883,1777539164.9539883,261956.5632575,9,Trunk,139,1,-0.1436,9.8,-1.4786,-3.0518,-20.9961,-1.5259,99.9976,-2.7686,-17.9572,0.7588,0.1042,-0.1186,0.6319
independent_20260430_165242,trial_001,subject_001,1777539164.9539883,1777539164.9539883,261956.5634024,10,L_Femur,140,1,-2.4021,8.642,-0.4737,22.3999,9.8877,-40.1001,80.766,3.9825,-30.4761,0.6178,0.1957,-0.1784,0.7404
independent_20260430_165242,trial_001,subject_001,1777539164.9539883,1777539164.9539883,261956.5635295,11,L_Tibia,145,1,2.2873,8.776,-3.6654,55.6641,-16.2964,1.8311,99.2889,1.6315,-32.2614,0.7294,0.2206,-0.1695,0.625
independent_20260430_165242,trial_001,subject_001,1777539164.9742725,1777539164.9742725,261956.5832998,12,L_Foot,147,1,-1.2298,0.5838,10.1541,12.2681,-1.4038,4.9438,1.8622,5.1636,-114.4446,-0.0291,0.038,-0.8394,0.5414
independent_20260430_165242,trial_001,subject_001,1777539164.9742725,1777539164.9742725,261956.5834587,13,R_Femur,147,1,-0.914,9.8287,-2.5792,-33.1421,-13.6719,3.0518,120.6134,-0.7581,-32.7228,0.8344,0.2416,-0.1451,0.4737
independent_20260430_165242,trial_001,subject_001,1777539164.9742725,1777539164.9742725,261956.5836056,9,Trunk,140,1,-0.1292,9.599,-1.6317,-2.5635,-23.4985,-4.2114,99.9536,-2.6642,-18.2922,0.7582,0.1069,-0.1198,0.6319
independent_20260430_165242,trial_001,subject_001,1777539164.9748008,1777539164.9748008,261956.5837652,10,L_Femur,141,1,-0.6747,9.2832,0.1053,37.1094,2.0142,-32.8979,81.4417,4.6967,-30.5145,0.6207,0.2015,-0.1735,0.7376
independent_20260430_165242,trial_001,subject_001,1777539164.9748008,1777539164.9748008,261956.5839355,11,L_Tibia,146,1,3.3783,9.3885,-3.7372,57.1899,46.3257,-13.1226,100.1459,1.7194,-31.7285,0.7349,0.2189,-0.1644,0.6204
independent_20260430_165242,trial_001,subject_001,1777539164.9748008,1777539164.9748008,261956.5840795,12,L_Foot,148,1,-1.1389,0.6986,10.0058,5.9204,-0.9155,3.7231,1.994,5.1471,-114.3896,-0.0283,0.0389,-0.8391,0.5418
independent_20260430_165242,trial_001,subject_001,1777539164.9753332,1777539164.9753332,261956.5842329,13,R_Femur,148,1,-2.1533,9.2688,-2.1438,-26.3672,-17.7002,4.4556,120.1904,-0.6921,-32.9755,0.832,0.2431,-0.1465,0.4766
independent_20260430_165242,trial_001,subject_001,1777539164.9753332,1777539164.9753332,261956.5843722,14,R_Tibia,74,1,-0.6747,9.3502,-2.761,84.4116,-47.1191,-3.2349,122.2009,-3.4442,-166.9098,0.1142,0.8677,-0.4829,0.0289
independent_20260430_165242,trial_001,subject_001,1777539164.9753332,1777539164.9753332,261956.5845078,15,R_Foot,72,1,0.8374,0.6891,9.9723,62.0728,-0.8545,-11.5356,14.2767,-4.9933,-97.5476,0.1143,0.0649,-0.7491,0.6492
independent_20260430_165242,trial_001,subject_001,1777539164.9753332,1777539164.9753332,261956.5846466,9,Trunk,141,1,-0.134,9.3837,-2.1964,3.1738,-23.2544,-7.7515,99.9811,-2.4609,-18.7317,0.7578,0.111,-0.1208,0.6315
independent_20260430_165242,trial_001,subject_001,1777539164.9758615,1777539164.9758615,261956.5847844,10,L_Femur,142,1,-0.1914,10.0297,-0.3541,38.5742,-6.6528,-18.0054,82.0074,4.9988,-30.6189,0.6235,0.2048,-0.1715,0.7347
independent_20260430_165242,trial_001,subject_001,1777539164.9758615,1777539164.9758615,261956.5849447,11,L_Tibia,147,1,4.1727,10.2163,-2.5266,52.3682,59.021,-14.5264,101.25,1.8732,-30.3223,0.7433,0.2122,-0.1537,0.6155
independent_20260430_165242,trial_001,subject_001,1777539164.9758615,1777539164.9758615,261956.5850759,12,L_Foot,149,1,-0.4929,0.4546,10.3646,4.8218,1.5869,2.7466,2.1313,5.1746,-114.3292,-0.0278,0.0401,-0.8388,0.5423
independent_20260430_165242,trial_001,subject_001,1777539164.9758615,1777539164.9758615,261956.5852085,13,R_Femur,149,1,-2.2634,9.9292,-1.7227,-32.959,-29.7241,7.4463,119.5972,-0.5658,-33.4863,0.8283,0.2466,-0.149,0.4805
independent_20260430_165242,trial_001,subject_001,1777539165.023937,1777539165.023937,261956.6330949,9,Trunk,142,1,-0.3685,9.5368,-2.7275,6.5308,-24.1089,-9.0332,100.069,-2.2742,-19.0613,0.7578,0.1143,-0.1213,0.6308
independent_20260430_165242,trial_001,subject_001,1777539165.023937,1777539165.023937,261956.6332172,10,L_Femur,143,1,0.4115,10.3264,-0.4163,32.5317,-13.7329,-1.5869,82.6831,5.0757,-30.8661,0.6273,0.2077,-0.1714,0.7308
independent_20260430_165242,trial_001,subject_001,1777539165.023937,1777539165.023937,261956.633319,11,L_Tibia,148,1,0.7991,10.4173,-2.005,45.166,16.2964,-15.7471,101.9806,2.0325,-29.8938,0.7478,0.2112,-0.149,0.6116
independent_20260430_165242,trial_001,subject_001,1777539165.023937,1777539165.023937,261956.6334194,12,L_Foot,150,1,0.1579,0.0526,10.2689,8.4229,8.4839,0.6714,2.2577,5.2844,-114.3127,-0.028,0.0415,-0.8386,0.5424
independent_20260430_165242,trial_001,subject_001,1777539165.023937,1777539165.023937,261956.6335346,13,R_Femur,150,1,-1.4355,10.0967,-1.5265,-46.1426,-39.3677,11.0474,118.938,-0.434,-34.0521,0.8242,0.2504,-0.1519,0.4848
independent_20260430_165242,trial_001,subject_001,1777539165.023937,1777539165.023937,261956.6336388,14,R_Tibia,75,1,-0.957,8.7329,-2.7897,93.5669,-42.8467,4.2114,125.365,-2.5433,-168.2611,0.101,0.8826,-0.4584,0.0273
independent_20260430_165242,trial_001,subject_001,1777539165.023937,1777539165.023937,261956.6337332,15,R_Foot,73,1,1.3398,1.5839,10.0297,99.2432,0.2441,-21.0571,17.2375,-4.823,-98.1189,0.1295,0.0858,-0.7503,0.6425
independent_20260430_165242,trial_001,subject_001,1777539165.0249422,1777539165.0249422,261956.6338258,9,Trunk,143,1,-0.3828,9.6564,-3.0721,5.127,-20.2026,-8.3618,100.1459,-2.0984,-19.3524,0.7578,0.1173,-0.1217,0.6302
independent_20260430_165242,trial_001,subject_001,1777539165.0249422,1777539165.0249422,261956.6339168,11,L_Tibia,149,1,-3.0864,9.1731,-2.3495,37.3535,-35.3394,-5.4932,102.5629,2.3071,-30.2344,0.7498,0.2156,-0.1479,0.6078
independent_20260430_165242,trial_001,subject_001,1777539165.0249422,1777539165.0249422,261956.6340061,12,L_Foot,151,1,-0.6125,0.4402,10.1732,5.4321,6.958,-1.0376,2.3566,5.3998,-114.3237,-0.0284,0.0428,-0.8386,0.5424
independent_20260430_165242,trial_001,subject_001,1777539165.0249422,1777539165.0249422,261956.6340981,13,R_Femur,151,1,-0.9427,9.9101,-1.4738,-60.2417,-39.5508,12.8174,118.0756,-0.3186,-34.6674,0.819,0.2541,-0.1556,0.4904
independent_20260430_165242,trial_001,subject_001,1777539165.0249422,1777539165.0249422,261956.6341906,9,Trunk,144,1,-0.0574,9.5129,-3.1438,-3.2959,-12.5122,-5.7373,100.1184,-1.9336,-19.6216,0.7572,0.12,-0.1221,0.6303
independent_20260430_165242,trial_001,subject_001,1777539165.0249422,1777539165.0249422,261956.6342812,10,L_Femur,144,1,-0.3589,9.2641,-0.7513,35.3394,-4.6387,-4.7607,83.6444,5.1031,-31.1243,0.6328,0.2107,-0.1711,0.7252
independent_20260430_165242,trial_001,subject_001,1777539165.0249422,1777539165.0249422,261956.6343708,11,L_Tibia,150,1,-2.9237,9.3167,-4.2062,37.4756,-98.5718,9.2773,103.255,2.4774,-31.8384,0.7501,0.2279,-0.1539,0.6015
independent_20260430_165242,trial_001,subject_001,1777539165.0249422,1777539165.0249422,261956.6344602,12,L_Foot,152,1,-1.2202,0.5599,9.9579,4.5776,4.9438,-0.6714,2.4719,5.5206,-114.3402,-0.0288,0.0442,-0.8386,0.5423
independent_20260430_165242,trial_001,subject_001,1777539165.0249422,1777539165.0249422,261956.6345489,13,R_Femur,152,1,-0.5407,10.1015,-1.7227,-75.0732,-29.3579,10.437,116.6418,-0.2362,-35.3375,0.8112,0.2573,-0.1611,0.4999
independent_20260430_165242,trial_001,subject_001,1777539165.0249422,1777539165.0249422,261956.634652,14,R_Tibia,76,1,-0.2775,9.3263,-4.0339,105.2856,-32.5928,14.3433,128.985,-2.0984,-169.5026,0.0904,0.8979,-0.4303,0.0229
independent_20260430_165242,trial_001,subject_001,1777539165.0249422,1777539165.0249422,261956.6347421,15,R_Foot,74,1,1.1628,2.383,10.4604,132.8735,0.7935,-30.4565,21.5112,-4.5154,-98.9978,0.1505,0.1167,-0.7512,0.632
independent_20260430_165242,trial_001,subject_001,1777539165.0259478,1777539165.0259478,261956.6348313,9,Trunk,145,1,0.1818,9.3693,-3.1295,-6.2256,-8.5449,-5.7373,100.0195,-1.8347,-19.7424,0.7565,0.1212,-0.1222,0.631
independent_20260430_165242,trial_001,subject_001,1777539165.0259478,1777539165.0259478,261956.6349197,10,L_Femur,145,1,-0.7656,9.3406,-0.6604,39.2456,8.728,-12.0239,84.4135,5.3064,-31.0583,0.6374,0.2127,-0.1681,0.7212
independent_20260430_165242,trial_001,subject_001,1777539165.0259478,1777539165.0259478,261956.6350071,11,L_Tibia,151,1,1.1484,9.532,-3.6894,32.8979,-54.1992,6.4087,103.7219,2.6202,-32.7942,0.7503,0.2355,-0.157,0.5974
independent_20260430_165242,trial_001,subject_001,1777539165.0259478,1777539165.0259478,261956.6350954,12,L_Foot,153,1,-1.3877,0.6604,10.0345,4.3335,4.0894,0.4883,2.5488,5.5865,-114.3402,-0.0289,0.0451,-0.8385,0.5423
independent_20260430_165242,trial_001,subject_001,1777539165.0259478,1777539165.0259478,261956.6351849,13,R_Femur,153,1,0.3397,10.0871,-2.2155,-76.7212,-17.395,7.6294,115.4773,-0.2197,-35.6506,0.8053,0.2579,-0.1649,0.5077
independent_20260430_165242,trial_001,subject_001,1777539165.0259478,1777539165.0259478,261956.635274,9,Trunk,146,1,0.2488,9.3263,-3.1151,-5.9814,-7.9346,-8.728,99.8822,-1.6644,-19.8688,0.7554,0.1228,-0.122,0.6319
independent_20260430_165242,trial_001,subject_001,1777539165.0259478,1777539165.0259478,261956.6353615,10,L_Femur,146,1,-1.2394,9.7139,-0.2871,40.8325,29.48,-18.0664,85.0507,5.5865,-30.6958,0.6415,0.2133,-0.1631,0.7186
independent_20260430_165242,trial_001,subject_001,1777539165.0259478,1777539165.0259478,261956.6354512,11,L_Tibia,152,1,2.8376,9.4172,-2.8567,33.2642,19.5312,-13.0005,104.2218,2.7521,-32.6898,0.7529,0.2362,-0.1546,0.5945
independent_20260430_165242,trial_001,subject_001,1777539165.0259478,1777539165.0259478,261956.6355386,12,L_Foot,154,1,-1.3542,0.4929,10.1158,4.9438,1.8921,1.5869,2.6587,5.6415,-114.3182,-0.0288,0.0461,-0.8383,0.5425
independent_20260430_165242,trial_001,subject_001,1777539165.0259478,1777539165.0259478,261956.6356274,13,R_Femur,154,1,1.2298,10.1493,-3.0912,-86.1206,-3.54,3.9062,114.2139,-0.2527,-35.7605,0.7995,0.2567,-0.1685,0.5163
independent_20260430_165242,trial_001,subject_001,1777539165.0259478,1777539165.0259478,261956.6357163,14,R_Tibia,77,1,-0.1005,8.9147,-5.7996,109.6802,-14.2822,14.8315,132.2314,-2.0105,-170.2441,0.0848,0.9103,-0.4047,0.0184
independent_20260430_165242,trial_001,subject_001,1777539165.0269465,1777539165.0269465,261956.6358044,15,R_Foot,75,1,0.1771,3.2156,10.3599,191.1011,-13.916,-54.9316,27.5043,-4.0155,-100.4865,0.1781,0.1609,-0.7516,0.6144
independent_20260430_165242,trial_001,subject_001,1777539165.0269465,1777539165.0269465,261956.6358923,9,Trunk,147,1,0.1148,9.3454,-3.1247,-6.3477,-8.728,-10.7422,99.7723,-1.4996,-19.9677,0.7546,0.1243,-0.1216,0.6328
independent_20260430_165242,trial_001,subject_001,1777539165.0269465,1777539165.0269465,261956.6359765,10,L_Femur,147,1,-1.7083,10.0775,-0.2871,40.4053,41.748,-20.3247,85.7208,5.9326,-30.119,0.6461,0.2131,-0.1562,0.716
independent_20260430_165242,trial_001,subject_001,1777539165.0269465,1777539165.0269465,261956.6360631,11,L_Tibia,153,1,-0.7561,9.7378,-2.9381,28.4424,49.8047,-18.1274,104.8755,2.8729,-31.6901,0.7582,0.2311,-0.1473,0.5917
independent_20260430_165242,trial_001,subject_001,1777539165.1141636,1777539165.1141636,261956.7234234,12,L_Foot,155,1,-1.1149,0.5168,10.1206,4.7607,0.6104,1.709,2.7466,5.6525,-114.2963,-0.0284,0.0468,-0.8382,0.5426
independent_20260430_165242,trial_001,subject_001,1777539165.1141636,1777539165.1141636,261956.7235505,13,R_Femur,155,1,1.5695,9.9483,-4.2349,-86.853,13.3057,-1.709,112.4725,-0.3296,-35.5957,0.792,0.2526,-0.1722,0.5284
independent_20260430_165242,trial_001,subject_001,1777539165.1141636,1777539165.1141636,261956.7236736,9,Trunk,148,1,-0.0909,9.4124,-3.0434,-6.2866,-7.4463,-12.5732,99.6625,-1.3074,-20.0555,0.7537,0.1258,-0.1209,0.6336
independent_20260430_165242,trial_001,subject_001,1777539165.1141636,1777539165.1141636,261956.723777,10,L_Femur,148,1,-2.4117,9.9436,-0.1771,36.9263,40.6494,-18.8599,86.5613,6.3776,-29.2896,0.652,0.2122,-0.1469,0.7129
independent_20260430_165242,trial_001,subject_001,1777539165.1141636,1777539165.1141636,261956.7238732,11,L_Tibia,154,1,-1.9476,9.5607,-2.9333,26.3672,31.4941,-20.2637,105.3094,3.0212,-31.1078,0.7613,0.2285,-0.1424,0.5898
independent_20260430_165242,trial_001,subject_001,1777539165.1151688,1777539165.1151688,261956.7242173,12,L_Foot,156,1,-0.9092,0.4929,10.0153,4.4556,0.5493,1.2207,2.829,5.6635,-114.2798,-0.0281,0.0475,-0.8381,0.5428
independent_20260430_165242,trial_001,subject_001,1777539165.1151688,1777539165.1151688,261956.7243282,13,R_Femur,156,1,1.2059,10.3024,-4.9909,-90.7593,24.1699,-5.3101,111.1102,-0.401,-35.2551,0.7865,0.2478,-0.174,0.5382
independent_20260430_165242,trial_001,subject_001,1777539165.1151688,1777539165.1151688,261956.7244279,14,R_Tibia,78,1,0.2775,8.7903,-7.106,102.0508,-11.1694,14.3433,135.9833,-2.0819,-170.8649,0.0806,0.9235,-0.3748,0.013
independent_20260430_165242,trial_001,subject_001,1777539165.1156824,1777539165.1156824,261956.7245457,9,Trunk,149,1,-0.2249,9.7713,-2.7323,-8.1177,-1.5259,-15.3809,99.4977,-1.0217,-20.072,0.7525,0.1273,-0.1193,0.635
independent_20260430_165242,trial_001,subject_001,1777539165.1156824,1777539165.1156824,261956.7246792,10,L_Femur,149,1,-2.8759,9.5799,-0.4689,34.2407,30.5176,-13.0615,87.1326,6.6193,-28.8007,0.656,0.2116,-0.1414,0.7105
independent_20260430_165242,trial_001,subject_001,1777539165.1156824,1777539165.1156824,261956.7247818,11,L_Tibia,155,1,-3.0194,9.2832,-3.029,31.7383,-46.875,10.6812,105.8478,3.0817,-31.5582,0.7631,0.2325,-0.1432,0.5858
independent_20260430_165242,trial_001,subject_001,1777539165.1156824,1777539165.1156824,261956.7248761,12,L_Foot,157,1,-0.9666,0.6891,10.1924,3.6011,0.3052,0.6104,2.9279,5.6799,-114.2688,-0.0278,0.0483,-0.838,0.5429
independent_20260430_165242,trial_001,subject_001,1777539165.1156824,1777539165.1156824,261956.7249698,13,R_Femur,157,1,0.0957,10.7618,-5.1249,-107.9102,28.1982,-5.5542,109.0338,-0.4944,-34.6838,0.778,0.2403,-0.1764,0.553
independent_20260430_165242,trial_001,subject_001,1777539165.1156824,1777539165.1156824,261956.7250622,9,Trunk,150,1,-0.3158,9.8383,-2.5409,-9.2773,2.7466,-15.9302,99.3439,-0.802,-20.0061,0.7515,0.128,-0.1177,0.6364
independent_20260430_165242,trial_001,subject_001,1777539165.1156824,1777539165.1156824,261956.7251535,10,L_Femur,150,1,-2.9955,9.6899,-0.8613,29.541,8.667,-4.0894,87.7863,6.7566,-28.4875,0.6604,0.2115,-0.1374,0.7073
independent_20260430_165242,trial_001,subject_001,1777539165.1156824,1777539165.1156824,261956.7252613,12,L_Foot,158,1,-1.0288,0.7465,10.0775,4.2725,-0.1831,0.4883,2.9993,5.6799,-114.2633,-0.0274,0.0488,-0.8379,0.5429
independent_20260430_165242,trial_001,subject_001,1777539165.1156824,1777539165.1156824,261956.7253597,13,R_Femur,158,1,-0.5551,10.1637,-4.7182,-110.9619,23.3154,-2.3193,107.3584,-0.5713,-34.3158,0.7707,0.2349,-0.1786,0.5648
independent_20260430_165242,trial_001,subject_001,1777539165.1156824,1777539165.1156824,261956.7254508,14,R_Tibia,79,1,-0.6747,7.5988,-7.9721,81.9702,-37.8418,16.0522,139.1583,-1.8347,-171.8097,0.0725,0.9342,-0.349,0.0099
independent_20260430_165242,trial_001,subject_001,1777539165.1166878,1777539165.1166878,261956.7255425,15,R_Foot,76,1,1.8327,2.2251,14.1593,157.1045,-64.6362,-74.0967,42.0886,-3.0212,-105.9576,0.2358,0.2718,-0.7506,0.5542
independent_20260430_165242,trial_001,subject_001,1777539165.1166878,1777539165.1166878,261956.725635,11,L_Tibia,156,1,0.3493,9.3071,-3.3544,22.3389,-18.6157,1.8921,106.5344,3.2794,-32.6459,0.764,0.2416,-0.146,0.5802
independent_20260430_165242,trial_001,subject_001,1777539165.1166878,1777539165.1166878,261956.7257256,12,L_Foot,159,1,-1.0575,0.6843,9.8813,4.6387,-0.6714,0.9766,3.0762,5.6744,-114.2578,-0.027,0.0494,-0.8378,0.543
independent_20260430_165242,trial_001,subject_001,1777539165.1166878,1777539165.1166878,261956.7258146,13,R_Femur,159,1,-0.8996,9.7617,-4.5555,-101.5625,18.9209,0.4883,105.7874,-0.6592,-34.0247,0.7636,0.23,-0.1809,0.5755
independent_20260430_165242,trial_001,subject_001,1777539165.14425,1777539165.14425,261956.7532019,9,Trunk,151,1,-0.7561,9.6086,-2.2729,-10.3149,1.8921,-16.0522,98.9648,-0.3021,-19.8029,0.7492,0.129,-0.1137,0.6397
independent_20260430_165242,trial_001,subject_001,1777539165.14425,1777539165.14425,261956.7533452,10,L_Femur,151,1,-1.871,9.398,-1.1006,32.0435,-6.897,-1.6479,88.6981,6.8225,-28.6084,0.6656,0.2136,-0.1361,0.702
independent_20260430_165242,trial_001,subject_001,1777539165.14425,1777539165.14425,261956.7534936,12,L_Foot,160,1,-0.9379,0.8661,10.044,4.3945,-0.4272,1.2817,3.1805,5.6689,-114.2358,-0.0265,0.0501,-0.8377,0.5432
independent_20260430_165242,trial_001,subject_001,1777539165.14425,1777539165.14425,261956.7536386,13,R_Femur,160,1,-1.6413,10.2594,-4.7277,-94.3604,8.9111,2.0142,103.8538,-0.7581,-33.7885,0.7544,0.2249,-0.1842,0.5885
independent_20260430_165242,trial_001,subject_001,1777539165.14425,1777539165.14425,261956.753763,14,R_Tibia,80,1,0.3445,7.6228,-5.8331,25.3906,-48.7061,13.4277,140.8997,-0.8405,-173.2214,0.0582,0.9405,-0.3344,0.0129
independent_20260430_165242,trial_001,subject_001,1777539165.14425,1777539165.14425,261956.753877,15,R_Foot,77,1,3.5793,-1.8471,12.0347,-34.2407,41.748,-39.7339,42.0831,-2.1753,-107.1771,0.2273,0.2784,-0.755,0.5484
independent_20260430_165242,trial_001,subject_001,1777539165.14425,1777539165.14425,261956.7539891,9,Trunk,152,1,-0.8087,9.6421,-2.3591,-10.1929,-1.8921,-18.1885,98.7946,-0.0494,-19.7754,0.748,0.1301,-0.1121,0.6411
independent_20260430_165242,trial_001,subject_001,1777539165.1452506,1777539165.1452506,261956.7541,10,L_Femur,152,1,-1.3446,9.7713,-0.8757,33.1421,-1.9531,-1.1597,89.3353,6.839,-28.6688,0.6694,0.2148,-0.1351,0.6982
independent_20260430_165242,trial_001,subject_001,1777539165.1452506,1777539165.1452506,261956.754194,11,L_Tibia,157,1,-0.4737,9.4411,-3.5937,19.7144,15.1978,-3.9673,107.3035,3.3234,-32.2778,0.7686,0.2403,-0.1422,0.5756
independent_20260430_165242,trial_001,subject_001,1777539165.1452506,1777539165.1452506,261956.7542862,12,L_Foot,161,1,-0.9857,0.78,10.0536,3.9062,-0.6104,1.3428,3.2574,5.6635,-114.2249,-0.0261,0.0507,-0.8376,0.5433
independent_20260430_165242,trial_001,subject_001,1777539165.1452506,1777539165.1452506,261956.7543782,13,R_Femur,161,1,-1.9428,10.2546,-4.4358,-95.459,2.2583,6.0425,102.42,-0.8569,-33.75,0.7472,0.2218,-0.1874,0.5978
independent_20260430_165242,trial_001,subject_001,1777539165.1452506,1777539165.1452506,261956.7544692,9,Trunk,153,1,-0.9235,9.422,-2.5601,-8.8501,-6.1646,-17.5171,98.5913,0.3076,-19.8248,0.7465,0.1322,-0.1103,0.6428
independent_20260430_165242,trial_001,subject_001,1777539165.1452506,1777539165.1452506,261956.7545609,10,L_Femur,153,1,-1.2106,9.9818,-0.8518,34.9731,3.6621,-3.9673,89.8627,6.8884,-28.6249,0.6726,0.2155,-0.1336,0.6952
independent_20260430_165242,trial_001,subject_001,1777539165.1452506,1777539165.1452506,261956.7546607,11,L_Tibia,158,1,-1.3111,9.5416,-3.5267,16.9067,4.6387,-1.5259,107.5781,3.3234,-32.157,0.7702,0.2398,-0.1411,0.5739
independent_20260430_165242,trial_001,subject_001,1777539165.1452506,1777539165.1452506,261956.7547529,12,L_Foot,162,1,-1.0288,0.7226,9.9914,3.7842,-0.8545,1.1597,3.3893,5.7019,-114.1974,-0.0257,0.0518,-0.8374,0.5435
independent_20260430_165242,trial_001,subject_001,1777539165.2044654,1777539165.2044654,261956.8137727,13,R_Femur,162,1,-1.4499,9.5464,-4.0435,-88.3789,-2.6855,11.6577,101.0632,-1.0217,-33.7994,0.7403,0.219,-0.1914,0.6062
independent_20260430_165242,trial_001,subject_001,1777539165.2044654,1777539165.2044654,261956.8138933,14,R_Tibia,81,1,-0.3015,6.6705,-5.7278,-26.001,-39.7949,13.3667,140.614,-0.1208,-174.3365,0.0469,0.9403,-0.3366,0.0157
independent_20260430_165242,trial_001,subject_001,1777539165.2044654,1777539165.2044654,261956.8140164,15,R_Foot,78,1,-0.512,-0.981,10.9102,-85.5713,3.8452,-63.1104,39.9847,-0.3625,-108.0341,0.2033,0.2749,-0.7611,0.5513
independent_20260430_165242,trial_001,subject_001,1777539165.2044654,1777539165.2044654,261956.814125,9,Trunk,154,1,-0.9283,9.2449,-2.4452,-9.2163,-7.6904,-14.8926,98.4375,0.5438,-19.9017,0.7453,0.1339,-0.1093,0.644
independent_20260430_165242,trial_001,subject_001,1777539165.2044654,1777539165.2044654,261956.8142415,10,L_Femur,154,1,-0.8709,9.6038,-1.0336,40.8936,10.5591,-4.5166,90.4669,6.9543,-28.4821,0.6764,0.2157,-0.1312,0.6919
independent_20260430_165242,trial_001,subject_001,1777539165.2054706,1777539165.2054706,261956.814362,11,L_Tibia,159,1,-0.4833,9.1157,-3.9095,12.6343,-11.2305,0.3662,107.8473,3.3783,-32.2998,0.7712,0.2414,-0.1408,0.572
independent_20260430_165242,trial_001,subject_001,1777539165.2240202,1777539165.2240202,261956.8336823,12,L_Foot,163,1,-0.9857,0.7704,9.9914,2.6855,-0.5493,0.8545,3.4277,5.6964,-114.1864,-0.0255,0.0521,-0.8373,0.5436
independent_20260430_165242,trial_001,subject_001,1777539165.2240202,1777539165.2240202,261956.8338109,13,R_Femur,163,1,-0.4642,9.3933,-3.7563,-81.7261,-5.3101,12.5122,99.3988,-1.2689,-33.9313,0.7315,0.2157,-0.1968,0.6161
independent_20260430_165242,trial_001,subject_001,1777539165.2250204,1777539165.2250204,261956.8339562,9,Trunk,155,1,-0.8996,9.1588,-2.1677,-10.0708,-7.6904,-13.916,98.2727,0.7581,-19.9841,0.744,0.1355,-0.1086,0.6452
independent_20260430_165242,trial_001,subject_001,1777539165.2250204,1777539165.2250204,261956.8340943,10,L_Femur,155,1,-0.3876,9.3119,-1.225,43.396,22.3999,-2.2583,91.3733,7.0038,-28.0865,0.6825,0.2147,-0.1268,0.687
independent_20260430_165242,trial_001,subject_001,1777539165.2250204,1777539165.2250204,261956.8342127,11,L_Tibia,160,1,0.3541,9.0774,-3.8521,10.6201,-7.1411,-0.6714,108.0121,3.4277,-32.4152,0.7717,0.2426,-0.1407,0.5708
independent_20260430_165242,trial_001,subject_001,1777539165.2250204,1777539165.2250204,261956.8343296,12,L_Foot,164,1,-0.9475,0.7273,10.0345,1.77,-0.061,0.6104,3.4662,5.6964,-114.1809,-0.0253,0.0523,-0.8373,0.5437
independent_20260430_165242,trial_001,subject_001,1777539165.2250204,1777539165.2250204,261956.8344445,13,R_Femur,164,1,-0.3206,9.7187,-3.4884,-81.7871,-4.2114,9.7656,98.1683,-1.4227,-34.0082,0.725,0.2132,-0.2005,0.6235
independent_20260430_165242,trial_001,subject_001,1777539165.2250204,1777539165.2250204,261956.8345574,14,R_Tibia,82,1,-0.7608,6.838,-6.0102,-77.5757,-37.4146,17.6392,138.576,0.6152,-175.6659,0.0335,0.9348,-0.3532,0.0184
independent_20260430_165242,trial_001,subject_001,1777539165.2250204,1777539165.2250204,261956.83467,15,R_Foot,79,1,2.5983,-1.0145,9.1588,-124.0845,20.3857,-54.1992,36.5515,1.0382,-109.1711,0.1747,0.2605,-0.7722,0.5525
independent_20260430_165242,trial_001,subject_001,1777539165.2250204,1777539165.2250204,261956.8347821,9,Trunk,156,1,-0.6986,8.977,-1.9619,-6.8359,-6.4697,-13.916,98.0914,1.0437,-20.083,0.7426,0.1376,-0.1075,0.6466
independent_20260430_165242,trial_001,subject_001,1777539165.2260227,1777539165.2260227,261956.8348953,10,L_Femur,156,1,-0.7034,9.4124,-1.3016,44.3115,28.6255,-1.1597,92.0874,7.0093,-27.6581,0.6876,0.2129,-0.1229,0.6832
independent_20260430_165242,trial_001,subject_001,1777539165.2260227,1777539165.2260227,261956.8349911,11,L_Tibia,161,1,-0.0191,9.1731,-3.5793,9.0942,4.7607,-2.9297,108.2098,3.4662,-32.3602,0.7727,0.2427,-0.1398,0.5696
independent_20260430_165242,trial_001,subject_001,1777539165.2638965,1777539165.2638965,261956.8734233,13,R_Femur,165,1,-0.6795,9.5607,-3.2443,-76.355,-2.6245,7.7515,96.6028,-1.5875,-34.0796,0.7165,0.21,-0.2048,0.6329
independent_20260430_165242,trial_001,subject_001,1777539165.2638965,1777539165.2638965,261956.8735992,9,Trunk,157,1,-0.5168,8.8908,-1.9954,-4.0894,-6.7749,-13.1226,98.0035,1.2469,-20.1544,0.7418,0.1391,-0.1067,0.6473
independent_20260430_165242,trial_001,subject_001,1777539165.2638965,1777539165.2638965,261956.873706,11,L_Tibia,162,1,-0.2153,9.1731,-3.4118,7.8735,9.8267,-4.0894,108.3417,3.4882,-32.2064,0.7737,0.2419,-0.1386,0.569
independent_20260430_165242,trial_001,subject_001,1777539165.2648962,1777539165.2648962,261956.8738056,12,L_Foot,165,1,-1.0192,0.579,9.9388,-0.2441,-0.1221,0.9766,3.5046,5.7019,-114.1644,-0.0251,0.0527,-0.8372,0.5438
independent_20260430_165242,trial_001,subject_001,1777539165.2648962,1777539165.2648962,261956.8739004,13,R_Femur,166,1,-0.7369,9.2641,-3.1534,-74.585,0.061,8.2397,95.4712,-1.7194,-34.0906,0.7104,0.2073,-0.2077,0.6397
independent_20260430_165242,trial_001,subject_001,1777539165.2648962,1777539165.2648962,261956.873994,14,R_Tibia,83,1,-1.2824,6.9337,-6.2877,-121.46,-30.7617,14.9536,134.8242,0.9668,-176.77,0.0228,0.923,-0.3837,0.0186
independent_20260430_165242,trial_001,subject_001,1777539165.2648962,1777539165.2648962,261956.8740882,15,R_Foot,80,1,1.292,1.0575,9.0631,-146.5454,-31.0059,-35.1562,31.6516,1.6095,-110.5829,0.1442,0.2319,-0.7886,0.5509
independent_20260430_165242,trial_001,subject_001,1777539165.2648962,1777539165.2648962,261956.8741799,9,Trunk,158,1,-0.4354,8.8478,-1.9332,-2.6855,-5.5542,-12.9395,97.9431,1.4447,-20.2148,0.7412,0.1405,-0.1058,0.6479
independent_20260430_165242,trial_001,subject_001,1777539165.2648962,1777539165.2648962,261956.8742714,10,L_Femur,157,1,-1.6892,9.5847,-1.2633,46.3867,24.4751,0.7324,93.7903,6.9653,-26.6693,0.6995,0.2085,-0.1142,0.6739
independent_20260430_165242,trial_001,subject_001,1777539165.2648962,1777539165.2648962,261956.8743613,11,L_Tibia,163,1,-0.4498,9.2688,-3.0003,6.2866,8.3618,-3.7842,108.457,3.5046,-32.0581,0.7745,0.2411,-0.1375,0.5684
independent_20260430_165242,trial_001,subject_001,1777539165.2648962,1777539165.2648962,261956.8744504,13,R_Femur,167,1,-0.3397,9.1349,-3.0481,-73.1812,4.0283,7.4463,94.3561,-1.8457,-34.0466,0.7044,0.2042,-0.2103,0.6464
independent_20260430_165242,trial_001,subject_001,1777539165.2648962,1777539165.2648962,261956.8745392,9,Trunk,159,1,-0.4785,8.8334,-1.7466,-1.4038,-3.7231,-13.0615,97.8827,1.7029,-20.2588,0.7405,0.1422,-0.1045,0.6485
independent_20260430_165242,trial_001,subject_001,1777539165.2648962,1777539165.2648962,261956.8746496,10,L_Femur,158,1,-1.6987,9.6229,-1.3877,41.3208,19.165,2.5024,94.4659,6.9104,-26.3617,0.7041,0.2069,-0.1115,0.67
independent_20260430_165242,trial_001,subject_001,1777539165.2658968,1777539165.2658968,261956.874824,11,L_Tibia,164,1,-0.8183,9.2258,-2.852,6.1646,1.4038,-2.5635,108.5889,3.5541,-31.9867,0.7752,0.241,-0.1365,0.5677
independent_20260430_165242,trial_001,subject_001,1777539165.2658968,1777539165.2658968,261956.87499,12,L_Foot,166,1,-1.0049,0.6508,10.0297,-0.061,0.4272,1.0376,3.5431,5.7184,-114.137,-0.0251,0.053,-0.837,0.544
independent_20260430_165242,trial_001,subject_001,1777539165.2658968,1777539165.2658968,261956.8750913,13,R_Femur,168,1,0.2488,9.1396,-2.8472,-69.9463,10.3149,4.6997,92.9279,-1.972,-33.8654,0.6969,0.1998,-0.2125,0.6552
independent_20260430_165242,trial_001,subject_001,1777539165.2658968,1777539165.2658968,261956.8752002,14,R_Tibia,84,1,-0.6986,7.4218,-6.5222,-154.8462,-36.0718,14.7095,129.7815,1.4502,-178.0225,0.0103,0.9054,-0.4241,0.0188
independent_20260430_165242,trial_001,subject_001,1777539165.2658968,1777539165.2658968,261956.8753152,15,R_Foot,81,1,0.8183,1.7609,10.3359,-149.0479,-41.9922,-17.8223,26.4771,0.8624,-111.8793,0.1222,0.1938,-0.8054,0.5466
independent_20260430_165242,trial_001,subject_001,1777539165.3435566,1777539165.3435566,261956.9532354,9,Trunk,160,1,-0.5551,8.9961,-1.6892,1.1597,-3.3569,-12.7563,97.8772,1.8896,-20.2863,0.7402,0.1434,-0.1034,0.6487
independent_20260430_165242,trial_001,subject_001,1777539165.3435566,1777539165.3435566,261956.953371,10,L_Femur,159,1,-1.56,9.6708,-1.4547,35.4004,10.6812,3.6621,95.2185,6.817,-26.098,0.7092,0.2055,-0.1092,0.6655
independent_20260430_165242,trial_001,subject_001,1777539165.3445566,1777539165.3445566,261956.9535219,11,L_Tibia,165,1,-0.6412,9.1684,-2.962,6.8359,2.5024,-2.3193,108.6932,3.5815,-31.9373,0.7758,0.2409,-0.1359,0.5671
independent_20260430_165242,trial_001,subject_001,1777539165.3445566,1777539165.3445566,261956.9536695,12,L_Foot,167,1,-1.0001,0.6364,9.9531,-0.4272,0.6104,1.2207,3.5486,5.7294,-114.126,-0.0251,0.0531,-0.837,0.5441
independent_20260430_165242,trial_001,subject_001,1777539165.3445566,1777539165.3445566,261956.953803,13,R_Femur,169,1,0.3637,8.9482,-2.6127,-63.7207,13.7329,4.5166,91.9336,-2.0599,-33.6621,0.6916,0.1962,-0.2136,0.6615
independent_20260430_165242,trial_001,subject_001,1777539165.3445566,1777539165.3445566,261956.9539364,9,Trunk,161,1,-0.6412,9.3502,-1.5408,0.6714,-0.9766,-12.207,97.8717,2.1259,-20.2808,0.7399,0.1447,-0.1019,0.649
independent_20260430_165242,trial_001,subject_001,1777539165.3445566,1777539165.3445566,261956.9540408,10,L_Femur,160,1,-1.5408,9.4363,-1.5887,34.9121,7.6294,3.0518,95.7568,6.7566,-25.9717,0.7126,0.2049,-0.1079,0.6622
independent_20260430_165242,trial_001,subject_001,1777539165.3445566,1777539165.3445566,261956.9541403,11,L_Tibia,166,1,-0.4594,9.0057,-3.3257,5.7983,5.127,-2.4414,108.7921,3.598,-31.8604,0.7764,0.2406,-0.1352,0.5666
independent_20260430_165242,trial_001,subject_001,1777539165.3445566,1777539165.3445566,261956.954308,12,L_Foot,168,1,-1.0097,0.7321,10.044,-2.6245,0.4272,0.7324,3.5211,5.7404,-114.115,-0.0253,0.053,-0.8369,0.5441
independent_20260430_165242,trial_001,subject_001,1777539165.345557,1777539165.345557,261956.9544104,13,R_Femur,170,1,0.2345,8.7951,-2.3878,-56.3354,15.625,3.6621,91.0492,-2.1313,-33.4204,0.687,0.1927,-0.2141,0.6671
independent_20260430_165242,trial_001,subject_001,1777539165.345557,1777539165.345557,261956.9545099,14,R_Tibia,85,1,-0.7082,7.9864,-6.6131,-173.7061,-35.5835,14.9536,124.7223,1.7303,-179.0991,-0.0,0.8858,-0.4637,0.017
independent_20260430_165242,trial_001,subject_001,1777539165.345557,1777539165.345557,261956.9546081,15,R_Foot,82,1,-0.1053,2.7563,11.3169,-162.0483,-58.2275,-23.0713,20.874,-0.5273,-113.2526,0.1034,0.1488,-0.8217,0.5403
independent_20260430_165242,trial_001,subject_001,1777539165.345557,1777539165.345557,261956.9547227,9,Trunk,162,1,-0.6986,9.3167,-1.5217,0.6714,-0.6714,-11.6577,97.8662,2.2961,-20.2698,0.7397,0.1456,-0.1007,0.6492
independent_20260430_165242,trial_001,subject_001,1777539165.345557,1777539165.345557,261956.954822,10,L_Femur,161,1,-1.5743,9.2593,-1.8375,33.8745,4.5776,4.0894,96.2732,6.6852,-25.8948,0.7159,0.2045,-0.107,0.659
independent_20260430_165242,trial_001,subject_001,1777539165.345557,1777539165.345557,261956.954919,11,L_Tibia,167,1,-0.3972,9.0583,-3.1582,4.8218,12.6953,-3.6621,108.9075,3.598,-31.6351,0.7775,0.2392,-0.1338,0.566
independent_20260430_165242,trial_001,subject_001,1777539165.345557,1777539165.345557,261956.9550153,12,L_Foot,169,1,-0.9905,0.8039,10.0823,-5.127,0.7935,0.4272,3.4607,5.7568,-114.1095,-0.0257,0.0526,-0.8369,0.5442
independent_20260430_165242,trial_001,subject_001,1777539165.345557,1777539165.345557,261956.9551119,13,R_Femur,171,1,-0.067,8.9243,-1.9858,-53.2837,19.5312,1.9531,89.9561,-2.1918,-33.0414,0.6814,0.188,-0.2141,0.6742
independent_20260430_165242,trial_001,subject_001,1777539165.474046,1777539165.474046,261957.0832057,9,Trunk,163,1,-0.8183,9.2306,-1.5504,1.5869,-0.6714,-11.0474,97.8717,2.4554,-20.2588,0.7396,0.1464,-0.0996,0.6494
independent_20260430_165242,trial_001,subject_001,1777539165.474046,1777539165.474046,261957.0833226,10,L_Femur,162,1,-1.4212,9.2736,-1.8279,33.1421,-3.2349,5.9204,96.9324,6.5753,-25.9167,0.7198,0.2046,-0.1066,0.6547
independent_20260430_165242,trial_001,subject_001,1777539165.474046,1777539165.474046,261957.0834226,11,L_Tibia,168,1,-0.4594,8.9865,-3.2826,4.3335,14.0991,-3.6621,108.9954,3.587,-31.4099,0.7784,0.2378,-0.1326,0.5657
independent_20260430_165242,trial_001,subject_001,1777539165.474046,1777539165.474046,261957.0835188,12,L_Foot,170,1,-1.0145,0.8805,10.1637,-6.7749,0.5493,-0.061,3.3783,5.7733,-114.115,-0.0262,0.0521,-0.837,0.5441
independent_20260430_165242,trial_001,subject_001,1777539165.474046,1777539165.474046,261957.0836144,14,R_Tibia,86,1,-0.8996,8.8573,-6.5317,-192.0166,-41.0767,17.5171,118.1635,1.9611,179.4452,0.0129,-0.8577,0.5138,-0.0122
independent_20260430_165242,trial_001,subject_001,1777539165.474046,1777539165.474046,261957.0837073,15,R_Foot,83,1,1.2059,3.5697,11.3743,-160.4004,-70.4956,-20.5688,15.9961,-2.1863,-114.516,0.0911,0.1068,-0.8342,0.5333
independent_20260430_165242,trial_001,subject_001,1777539165.474046,1777539165.474046,261957.0837985,9,Trunk,164,1,-0.8996,9.2449,-1.3351,0.6104,0.8545,-9.6436,97.8772,2.6422,-20.2203,0.7394,0.1472,-0.0982,0.6495
independent_20260430_165242,trial_001,subject_001,1777539165.474046,1777539165.474046,261957.083888,10,L_Femur,163,1,-1.2346,9.3741,-1.6987,33.7524,-3.8452,5.7983,97.4268,6.4929,-25.9772,0.7226,0.205,-0.1066,0.6515
independent_20260430_165242,trial_001,subject_001,1777539165.474046,1777539165.474046,261957.0839778,12,L_Foot,171,1,-0.9666,0.7178,9.9005,-6.7139,0.5493,0.061,3.2465,5.7843,-114.1205,-0.0269,0.0512,-0.8371,0.544
independent_20260430_165242,trial_001,subject_001,1777539165.474046,1777539165.474046,261957.0840677,13,R_Femur,172,1,-0.1196,9.0679,-0.8565,-55.0537,29.2969,1.709,87.9895,-2.2577,-32.1075,0.6713,0.1784,-0.2121,0.6874
independent_20260430_165242,trial_001,subject_001,1777539165.4752622,1777539165.4752622,261957.0841582,10,L_Femur,164,1,-0.8661,9.7809,-1.2585,29.1748,-4.6997,6.5308,98.031,6.3776,-26.0706,0.7261,0.2055,-0.1068,0.6474
independent_20260430_165242,trial_001,subject_001,1777539165.4752622,1777539165.4752622,261957.0842491,11,L_Tibia,169,1,-0.445,9.4938,-2.6605,5.3711,6.4697,-1.77,109.2151,3.609,-31.1572,0.78,0.2364,-0.1307,0.5645
independent_20260430_165242,trial_001,subject_001,1777539165.4752622,1777539165.4752622,261957.0843378,12,L_Foot,172,1,-1.0049,0.5072,9.8096,-4.7607,0.4883,0.3052,3.1805,5.8008,-114.1205,-0.0274,0.0508,-0.8371,0.544
independent_20260430_165242,trial_001,subject_001,1777539165.4752622,1777539165.4752622,261957.0844268,13,R_Femur,173,1,-0.2345,9.154,-0.4354,-56.9458,30.8838,1.2207,87.1161,-2.2632,-31.6351,0.6668,0.174,-0.2106,0.6934
independent_20260430_165242,trial_001,subject_001,1777539165.4752622,1777539165.4752622,261957.0845155,14,R_Tibia,87,1,0.2584,9.2114,-5.412,-188.9038,-19.165,21.4844,111.4069,1.7963,178.1653,0.0221,-0.8258,0.5635,-0.0039
independent_20260430_165242,trial_001,subject_001,1777539165.4752622,1777539165.4752622,261957.0846045,15,R_Foot,84,1,3.8712,5.2732,13.0587,-148.3154,-81.665,15.2588,10.7007,-4.9493,-115.1862,0.0862,0.0556,-0.842,0.5297
independent_20260430_165242,trial_001,subject_001,1777539165.4752622,1777539165.4752622,261957.0846978,9,Trunk,165,1,-0.9666,9.0152,-1.4643,6.1646,-2.5024,-6.8359,97.9541,2.8619,-20.2258,0.7396,0.1486,-0.0967,0.6493
independent_20260430_165242,trial_001,subject_001,1777539165.4752622,1777539165.4752622,261957.0848009,11,L_Tibia,170,1,-0.3972,9.3358,-2.7371,6.7139,6.2256,-1.4038,109.325,3.598,-31.0529,0.7807,0.2358,-0.1301,0.5639
independent_20260430_165242,trial_001,subject_001,1777539165.4752622,1777539165.4752622,261957.08489,12,L_Foot,173,1,-1.0288,0.4833,9.8766,-2.5024,0.4272,0.3662,3.1476,5.8063,-114.115,-0.0276,0.0506,-0.8371,0.5441
independent_20260430_165242,trial_001,subject_001,1777539165.4752622,1777539165.4752622,261957.0849775,13,R_Femur,174,1,-0.2201,9.2976,0.0718,-57.9224,30.0293,0.8545,86.2207,-2.2577,-31.1737,0.662,0.1697,-0.2091,0.6994
independent_20260430_165242,trial_001,subject_001,1777539165.4752622,1777539165.4752622,261957.0850643,10,L_Femur,165,1,-0.7513,9.6086,-1.0097,31.189,4.5776,3.0518,98.9154,6.2457,-26.076,0.7312,0.2057,-0.1061,0.6417
independent_20260430_165242,trial_001,subject_001,1777539165.4762862,1777539165.4762862,261957.0851525,11,L_Tibia,171,1,-0.6412,9.1971,-3.2635,8.667,2.6245,-1.1597,109.4952,3.609,-30.9705,0.7817,0.2354,-0.1292,0.5628
independent_20260430_165242,trial_001,subject_001,1777539165.4762862,1777539165.4762862,261957.0852401,12,L_Foot,174,1,-1.0049,0.7321,10.044,-2.6245,0.3052,0.1221,3.1091,5.8228,-114.115,-0.0279,0.0503,-0.8371,0.5441
independent_20260430_165242,trial_001,subject_001,1777539165.4762862,1777539165.4762862,261957.0853283,13,R_Femur,175,1,0.1483,9.5177,0.7848,-59.8145,30.4565,1.4648,85.0012,-2.2467,-30.553,0.6554,0.164,-0.207,0.7076
independent_20260430_165242,trial_001,subject_001,1777539165.4762862,1777539165.4762862,261957.0854167,14,R_Tibia,88,1,0.3589,9.6086,-4.8378,-173.0347,28.1372,13.7939,105.1227,1.1096,178.385,0.0171,-0.7938,0.6079,0.0009
independent_20260430_165242,trial_001,subject_001,1777539165.5644276,1777539165.5644276,261957.1735514,15,R_Foot,85,1,3.2348,5.8235,13.1113,-143.6768,-74.585,62.3169,5.4547,-7.8278,-113.9722,0.083,0.0027,-0.8374,0.5402
independent_20260430_165242,trial_001,subject_001,1777539165.5644276,1777539165.5644276,261957.1737352,9,Trunk,166,1,-1.0049,9.4555,-1.2346,6.7139,-1.2817,-2.3804,98.1519,2.9828,-20.2698,0.7405,0.1497,-0.0959,0.6481
independent_20260430_165242,trial_001,subject_001,1777539165.5644276,1777539165.5644276,261957.1738693,10,L_Femur,166,1,-0.8422,9.489,-1.2681,34.3628,13.0615,2.3804,99.6021,6.1523,-25.8508,0.7356,0.2044,-0.1042,0.6374
independent_20260430_165242,trial_001,subject_001,1777539165.5644276,1777539165.5644276,261957.1739944,11,L_Tibia,172,1,-0.6986,9.1971,-3.23,8.1177,0.1831,-0.4883,109.6271,3.62,-30.9485,0.7824,0.2355,-0.1288,0.562
independent_20260430_165242,trial_001,subject_001,1777539165.5644276,1777539165.5644276,261957.1741221,12,L_Foot,175,1,-1.0384,0.6938,10.0297,-3.0518,0.1831,-0.061,3.0762,5.8282,-114.1205,-0.0281,0.0501,-0.8371,0.544
independent_20260430_165242,trial_001,subject_001,1777539165.5644276,1777539165.5644276,261957.1742514,13,R_Femur,176,1,0.4642,9.5703,1.0049,-60.1807,30.5176,3.0518,84.0729,-2.2467,-30.0861,0.6503,0.1597,-0.2054,0.7137
independent_20260430_165242,trial_001,subject_001,1777539165.565428,1777539165.565428,261957.1743736,10,L_Femur,167,1,-1.0049,9.4076,-1.5025,35.7056,16.7236,1.5869,100.1569,6.0809,-25.6091,0.7393,0.2029,-0.1024,0.6339
independent_20260430_165242,trial_001,subject_001,1777539165.565428,1777539165.565428,261957.1745083,11,L_Tibia,173,1,-0.6747,9.0918,-3.0529,9.0332,-1.4038,-0.1831,109.7589,3.631,-30.954,0.783,0.2357,-0.1285,0.5611
independent_20260430_165242,trial_001,subject_001,1777539165.565428,1777539165.565428,261957.1746352,12,L_Foot,176,1,-1.0288,0.5264,9.9579,-2.5024,0.1221,0.061,3.0377,5.8337,-114.126,-0.0283,0.0499,-0.8372,0.544
independent_20260430_165242,trial_001,subject_001,1777539165.565428,1777539165.565428,261957.1747583,13,R_Femur,177,1,0.6938,9.422,1.0671,-57.7393,30.3955,4.5776,83.1665,-2.2687,-29.6136,0.6453,0.1553,-0.2038,0.7197
independent_20260430_165242,trial_001,subject_001,1777539165.565428,1777539165.565428,261957.174897,14,R_Tibia,89,1,0.0526,9.2784,-4.2588,-156.6772,46.6919,5.5542,100.2777,0.6097,179.5331,0.0065,-0.7676,0.6409,-0.0015
independent_20260430_165242,trial_001,subject_001,1777539165.565428,1777539165.565428,261957.1750324,15,R_Foot,86,1,1.5839,5.0579,11.6806,-130.3101,-65.6738,86.6089,0.2856,-10.4041,-111.2915,0.0763,-0.0491,-0.8223,0.5618
independent_20260430_165242,trial_001,subject_001,1777539165.565428,1777539165.565428,261957.1751704,9,Trunk,167,1,-0.5694,9.556,-1.0145,7.9346,1.709,-1.9531,98.3661,3.0212,-20.2588,0.7417,0.15,-0.0953,0.6467
independent_20260430_165242,trial_001,subject_001,1777539165.566429,1777539165.566429,261957.1754253,10,L_Femur,168,1,-1.0527,9.4411,-1.5982,34.668,18.6768,0.6104,100.7062,6.0205,-25.329,0.7429,0.2013,-0.1002,0.6305
independent_20260430_165242,trial_001,subject_001,1777539165.566429,1777539165.566429,261957.1756667,11,L_Tibia,174,1,-0.445,9.0822,-2.9572,10.5591,2.0752,0.0,109.9677,3.6365,-30.932,0.7841,0.2358,-0.1279,0.5597
independent_20260430_165242,trial_001,subject_001,1777539165.566429,1777539165.566429,261957.1758798,12,L_Foot,177,1,-1.0097,0.5168,9.9531,-2.3193,0.2441,0.061,3.0157,5.8447,-114.1315,-0.0285,0.0498,-0.8372,0.5439
independent_20260430_165242,trial_001,subject_001,1777539165.566429,1777539165.566429,261957.1760937,13,R_Femur,178,1,0.5981,8.6994,1.1054,-41.748,28.5645,5.249,82.2052,-2.3126,-28.9984,0.6401,0.1498,-0.2015,0.7261
independent_20260430_165242,trial_001,subject_001,1777539165.567431,1777539165.567431,261957.1763182,9,Trunk,168,1,-0.3445,9.6852,-0.9666,6.8359,3.9673,-2.9907,98.4595,3.0487,-20.1984,0.7423,0.1499,-0.0946,0.6462
independent_20260430_165242,trial_001,subject_001,1777539165.567431,1777539165.567431,261957.1765349,10,L_Femur,169,1,-1.1963,9.6134,-1.6222,30.7617,20.813,-0.4272,101.3928,5.9436,-24.9225,0.7475,0.1988,-0.0973,0.6263
independent_20260430_165242,trial_001,subject_001,1777539165.567431,1777539165.567431,261957.1767751,11,L_Tibia,175,1,-0.8805,9.2784,-2.7563,11.9019,3.418,0.9155,110.1544,3.62,-30.8881,0.7851,0.2357,-0.1274,0.5584
independent_20260430_165242,trial_001,subject_001,1777539165.567431,1777539165.567431,261957.1770005,12,L_Foot,178,1,-1.1197,0.2775,9.8383,-0.3052,0.1831,0.5493,3.0103,5.8502,-114.126,-0.0286,0.0498,-0.8372,0.5439
independent_20260430_165242,trial_001,subject_001,1777539165.567431,1777539165.567431,261957.1772176,13,R_Femur,179,1,0.5503,8.5176,1.0192,-37.5977,22.9492,3.1128,81.6119,-2.3236,-28.6249,0.6369,0.1466,-0.1999,0.73
independent_20260430_165242,trial_001,subject_001,1777539165.5684278,1777539165.5684278,261957.1774382,14,R_Tibia,90,1,-0.3445,9.1684,-3.4979,-140.0757,47.2412,-1.5869,95.1471,0.3625,-178.7805,0.0057,0.7381,-0.6746,0.0095
independent_20260430_165242,trial_001,subject_001,1777539165.5684278,1777539165.5684278,261957.1776592,15,R_Foot,87,1,0.9953,4.0626,10.0871,-111.8164,-55.1147,93.811,-3.8947,-12.063,-108.4131,0.0654,-0.0888,-0.8041,0.5842
independent_20260430_165242,trial_001,subject_001,1777539165.5684278,1777539165.5684278,261957.1778324,10,L_Femur,170,1,-1.2441,9.6708,-2.0385,31.0059,20.4468,-2.5635,101.8817,5.9052,-24.6039,0.7507,0.1969,-0.095,0.6234
independent_20260430_165242,trial_001,subject_001,1777539165.5684278,1777539165.5684278,261957.1780517,12,L_Foot,179,1,-1.1149,0.5024,10.001,0.061,-0.3052,0.8545,3.0322,5.8502,-114.115,-0.0284,0.0499,-0.8371,0.544
independent_20260430_165242,trial_001,subject_001,1777539165.5694275,1777539165.5694275,261957.1783019,13,R_Femur,180,1,0.646,8.7664,1.1149,-31.311,17.6392,2.5635,80.9308,-2.3291,-28.2349,0.633,0.1433,-0.1983,0.7345
independent_20260430_165242,trial_001,subject_001,1777539165.5694275,1777539165.5694275,261957.1784999,9,Trunk,169,1,-0.6269,9.6756,-1.1724,7.6294,5.9814,-0.8545,98.7012,3.0652,-20.0061,0.7439,0.1489,-0.0931,0.6448
independent_20260430_165242,trial_001,subject_001,1777539165.5694275,1777539165.5694275,261957.1786793,12,L_Foot,180,1,-1.0145,0.5742,9.9962,-0.4272,0.0,0.6714,3.0432,5.8502,-114.1095,-0.0284,0.05,-0.8371,0.5441
independent_20260430_165242,trial_001,subject_001,1777539165.5694275,1777539165.5694275,261957.1788217,13,R_Femur,181,1,0.6843,9.1205,1.3686,-37.5977,18.6157,2.6855,80.376,-2.3291,-27.9492,0.6298,0.1407,-0.1972,0.738
independent_20260430_165242,trial_001,subject_001,1777539165.5694275,1777539165.5694275,261957.1789265,14,R_Tibia,91,1,0.201,8.9435,-2.3782,-119.6899,48.8281,-10.6812,90.6482,0.5493,-177.1381,0.0144,0.7109,-0.7028,0.021
independent_20260430_165242,trial_001,subject_001,1777539165.5694275,1777539165.5694275,261957.1790255,15,R_Foot,88,1,1.3016,4.5698,10.9676,-92.3462,-44.0674,95.1538,-8.0255,-13.4857,-104.859,0.0505,-0.1265,-0.7802,0.6105
independent_20260430_165242,trial_001,subject_001,1777539165.5694275,1777539165.5694275,261957.179123,9,Trunk,170,1,-0.914,9.7761,-1.0623,2.1973,8.1787,-1.2207,98.7396,3.0542,-19.8853,0.7443,0.1481,-0.0925,0.6447
independent_20260430_165242,trial_001,subject_001,1777539165.5694275,1777539165.5694275,261957.1792197,10,L_Femur,171,1,-0.4115,9.1062,-2.2921,35.7056,23.4985,-0.5493,103.1342,5.8282,-23.8623,0.7589,0.1927,-0.0894,0.6156
independent_20260430_165242,trial_001,subject_001,1777539165.5704277,1777539165.5704277,261957.1793153,11,L_Tibia,176,1,0.2823,9.1109,-3.4645,9.8267,5.9204,-0.6104,110.6873,3.576,-30.8057,0.7879,0.2355,-0.1262,0.5548
independent_20260430_165242,trial_001,subject_001,1777539165.5704277,1777539165.5704277,261957.1794113,12,L_Foot,181,1,-0.9331,0.5455,10.0153,-0.6714,0.4272,0.0,3.0432,5.8612,-114.1095,-0.0285,0.05,-0.8371,0.5441
independent_20260430_165242,trial_001,subject_001,1777539165.5704277,1777539165.5704277,261957.1795278,13,R_Femur,182,1,0.7991,9.3023,1.8566,-41.1987,20.813,4.7607,79.7443,-2.3511,-27.6251,0.6262,0.1377,-0.196,0.742
independent_20260430_165242,trial_001,subject_001,1777539165.5704277,1777539165.5704277,261957.1796564,9,Trunk,171,1,-1.0145,9.4842,-0.7273,1.2817,11.1694,-1.2817,98.7451,3.0377,-19.6765,0.7446,0.1466,-0.0914,0.6448
independent_20260430_165242,trial_001,subject_001,1777539165.5709066,1777539165.5709066,261957.1800912,10,L_Femur,172,1,-0.3493,9.398,-2.1772,36.377,29.2358,0.7935,103.7164,5.7184,-23.4448,0.7629,0.1898,-0.0869,0.6119
independent_20260430_165242,trial_001,subject_001,1777539165.5709066,1777539165.5709066,261957.1802066,12,L_Foot,182,1,-0.9475,0.5694,10.044,-1.0376,0.8545,-0.1831,3.0377,5.8832,-114.1205,-0.0287,0.0501,-0.8371,0.544
independent_20260430_165242,trial_001,subject_001,1777539165.5709066,1777539165.5709066,261957.1803144,13,R_Femur,183,1,0.579,8.8908,2.4404,-30.5786,22.9492,8.9722,79.0247,-2.428,-27.1417,0.6222,0.1334,-0.1941,0.7466
independent_20260430_165242,trial_001,subject_001,1777539165.5709066,1777539165.5709066,261957.1804375,14,R_Tibia,92,1,-0.2058,8.4745,-1.4547,-90.8813,50.5371,-13.3667,87.0996,1.0547,-175.3857,0.0211,0.6887,-0.7239,0.0355
independent_20260430_165242,trial_001,subject_001,1777539165.5709066,1777539165.5709066,261957.1805485,15,R_Foot,89,1,0.1531,4.0865,7.7137,-63.4766,-17.2119,79.9561,-11.4532,-13.7714,-101.618,0.0299,-0.1522,-0.7581,0.6335
independent_20260430_165242,trial_001,subject_001,1777539165.6440742,1777539165.6440742,261957.2534294,9,Trunk,172,1,-0.9188,9.3741,-0.7896,3.7231,12.6343,-0.1221,98.7891,3.0048,-19.4952,0.7451,0.1453,-0.0905,0.6446
independent_20260430_165242,trial_001,subject_001,1777539165.6440742,1777539165.6440742,261957.2536258,10,L_Femur,173,1,-0.5455,9.5129,-1.9523,36.5601,36.499,-0.9766,104.5184,5.5536,-22.7582,0.7685,0.1849,-0.0831,0.6069
independent_20260430_165242,trial_001,subject_001,1777539165.6440742,1777539165.6440742,261957.2538051,11,L_Tibia,177,1,-0.6316,9.1875,-3.3353,11.9019,5.9204,-0.2441,111.0883,3.5321,-30.575,0.7904,0.2341,-0.1246,0.5522
independent_20260430_165242,trial_001,subject_001,1777539165.6450748,1777539165.6450748,261957.2539583,12,L_Foot,183,1,-0.9857,0.6604,10.0153,-1.5259,1.1597,-0.4272,3.0212,5.9052,-114.126,-0.0289,0.0501,-0.8371,0.5439
independent_20260430_165242,trial_001,subject_001,1777539165.6450748,1777539165.6450748,261957.2540624,13,R_Femur,184,1,0.311,8.6324,2.6701,-27.0996,23.5596,10.376,78.5852,-2.5159,-26.7572,0.6199,0.13,-0.1926,0.7495
independent_20260430_165242,trial_001,subject_001,1777539165.6450748,1777539165.6450748,261957.2541592,9,Trunk,173,1,-0.6029,9.4507,-0.9714,1.5869,14.8926,2.1973,98.833,2.9224,-19.2206,0.7458,0.1431,-0.0895,0.6445
independent_20260430_165242,trial_001,subject_001,1777539165.6450748,1777539165.6450748,261957.254261,10,L_Femur,174,1,-0.7991,9.3933,-2.1198,34.5459,41.4429,-2.6855,105.0952,5.4272,-22.1484,0.7727,0.1806,-0.0798,0.6033
independent_20260430_165242,trial_001,subject_001,1777539165.6450748,1777539165.6450748,261957.2543543,11,L_Tibia,178,1,-0.8087,9.0487,-3.2826,12.5732,5.0659,0.9766,111.286,3.4991,-30.5035,0.7916,0.2337,-0.1241,0.5508
independent_20260430_165242,trial_001,subject_001,1777539165.6450748,1777539165.6450748,261957.2544469,12,L_Foot,184,1,-1.0862,0.6077,9.8957,-1.6479,1.2207,-0.1221,3.0048,5.9326,-114.137,-0.0292,0.0501,-0.8372,0.5439
independent_20260430_165242,trial_001,subject_001,1777539165.6450748,1777539165.6450748,261957.2545393,13,R_Femur,185,1,0.1531,8.776,2.8328,-30.0903,23.0103,9.4604,78.1238,-2.5983,-26.3727,0.6174,0.1266,-0.191,0.7525
independent_20260430_165242,trial_001,subject_001,1777539165.6450748,1777539165.6450748,261957.254631,14,R_Tibia,93,1,-0.6843,7.9577,-0.823,-61.2793,44.0063,-8.4839,84.9518,1.4886,-174.007,0.0257,0.6748,-0.736,0.0473
independent_20260430_165242,trial_001,subject_001,1777539165.6450748,1777539165.6450748,261957.2547325,15,R_Foot,90,1,0.6986,4.6033,7.7902,-36.499,-13.3057,58.4717,-13.5956,-13.7659,-99.1736,0.0144,-0.1666,-0.7414,0.6499
independent_20260430_165242,trial_001,subject_001,1777539165.6450748,1777539165.6450748,261957.2548272,9,Trunk,174,1,-0.4354,9.3741,-0.9857,-0.7324,16.2354,3.7842,98.822,2.8235,-18.9899,0.7461,0.141,-0.0888,0.6446
independent_20260430_165242,trial_001,subject_001,1777539165.6450748,1777539165.6450748,261957.2549173,10,L_Femur,175,1,-0.8613,9.2641,-2.3112,36.0107,43.5791,-3.3569,105.6885,5.3009,-21.5002,0.777,0.1759,-0.0763,0.5996
independent_20260430_165242,trial_001,subject_001,1777539165.6460748,1777539165.6460748,261957.2550062,11,L_Tibia,179,1,-0.067,8.9435,-3.2061,15.686,12.207,0.9766,111.5881,3.4222,-30.3333,0.7935,0.2325,-0.1232,0.5488
independent_20260430_165242,trial_001,subject_001,1777539165.6460748,1777539165.6460748,261957.2550953,12,L_Foot,185,1,-1.0192,0.6316,9.9483,-2.1362,1.709,-0.2441,2.9828,5.9601,-114.1425,-0.0295,0.0501,-0.8372,0.5438
independent_20260430_165242,trial_001,subject_001,1777539165.6460748,1777539165.6460748,261957.2551853,13,R_Femur,186,1,-0.0718,9.3119,2.895,-35.0342,20.874,7.8735,77.4207,-2.6807,-25.9058,0.6134,0.1224,-0.1891,0.757
independent_20260430_165242,trial_001,subject_001,1777539165.6460748,1777539165.6460748,261957.2552744,9,Trunk,175,1,-0.4307,9.2976,-0.8948,-1.0986,18.3105,4.3945,98.8,2.7136,-18.7372,0.7464,0.1388,-0.0882,0.6448
independent_20260430_165242,trial_001,subject_001,1777539165.6460748,1777539165.6460748,261957.2553634,10,L_Femur,176,1,-0.8661,9.4842,-1.9858,34.1187,42.1143,-2.9297,106.463,5.1196,-20.6543,0.7825,0.1698,-0.072,0.5947
independent_20260430_165242,trial_001,subject_001,1777539165.6460748,1777539165.6460748,261957.2554532,11,L_Tibia,180,1,0.0957,8.9482,-2.9812,18.5547,20.2026,0.3662,111.8738,3.3179,-30.0641,0.7955,0.2304,-0.122,0.5469
independent_20260430_165242,trial_001,subject_001,1777539165.6460748,1777539165.6460748,261957.2555423,12,L_Foot,186,1,-0.9666,0.6221,9.9771,-2.4414,2.0752,-0.3662,3.0157,5.9601,-114.137,-0.0293,0.0503,-0.8372,0.5439
independent_20260430_165242,trial_001,subject_001,1777539165.6460748,1777539165.6460748,261957.2556318,13,R_Femur,187,1,-0.3828,9.154,3.1773,-35.4614,21.3013,7.9346,76.8549,-2.7301,-25.5597,0.6101,0.1192,-0.1877,0.7605
independent_20260430_165242,trial_001,subject_001,1777539165.6460748,1777539165.6460748,261957.2557201,14,R_Tibia,94,1,-0.8518,7.8429,-0.579,-26.1841,27.0996,4.3335,83.6389,1.6479,-172.7875,0.0312,0.6661,-0.7431,0.0564
independent_20260430_165242,trial_001,subject_001,1777539165.6460748,1777539165.6460748,261957.2558084,15,R_Foot,91,1,0.1531,4.187,7.4122,-11.1084,-11.9019,33.5083,-14.5679,-13.7219,-97.8168,0.0066,-0.1728,-0.7323,0.6587
independent_20260430_165242,trial_001,subject_001,1777539165.6460748,1777539165.6460748,261957.2558978,9,Trunk,176,1,-0.5694,9.3167,-0.6986,-0.1831,21.1182,5.127,98.7891,2.5433,-18.3472,0.747,0.1353,-0.0871,0.645
independent_20260430_165242,trial_001,subject_001,1777539165.6470747,1777539165.6470747,261957.2559857,10,L_Femur,177,1,-1.0336,9.4938,-1.8614,30.8838,43.2129,-2.7466,106.9904,4.9713,-20.0116,0.7864,0.1649,-0.0689,0.5913
independent_20260430_165242,trial_001,subject_001,1777539165.6470747,1777539165.6470747,261957.2560745,11,L_Tibia,181,1,-0.5886,9.0057,-2.8137,22.644,21.6064,2.0142,112.3352,3.1366,-29.6576,0.7988,0.2272,-0.1205,0.5438
independent_20260430_165242,trial_001,subject_001,1777539165.6470747,1777539165.6470747,261957.2561874,12,L_Foot,187,1,-0.9618,0.5981,9.9675,-1.8311,2.3804,-0.4883,3.0212,5.9601,-114.1315,-0.0293,0.0504,-0.8371,0.5439
independent_20260430_165242,trial_001,subject_001,1777539165.6470747,1777539165.6470747,261957.2563427,13,R_Femur,188,1,-0.5168,8.3788,3.608,-27.1606,20.5078,9.8267,76.2506,-2.818,-25.0983,0.6067,0.1152,-0.1857,0.7643
independent_20260430_165242,trial_001,subject_001,1777539165.6744697,1777539165.6744697,261957.2834269,9,Trunk,177,1,-0.7608,9.355,-0.5024,0.5493,21.6064,5.4932,98.7946,2.4005,-18.0396,0.7476,0.1325,-0.0863,0.6451
independent_20260430_165242,trial_001,subject_001,1777539165.6744697,1777539165.6744697,261957.2835673,10,L_Femur,178,1,-0.9714,9.3215,-2.0528,28.0762,43.7622,-1.0986,107.6331,4.7351,-19.1547,0.7911,0.1582,-0.0653,0.5872
independent_20260430_165242,trial_001,subject_001,1777539165.6744697,1777539165.6744697,261957.2836946,11,L_Tibia,182,1,-0.8326,9.0392,-3.1056,23.3765,17.6392,3.9062,112.6978,2.9883,-29.4104,0.8012,0.2252,-0.1196,0.5413
independent_20260430_165242,trial_001,subject_001,1777539165.6744697,1777539165.6744697,261957.2837999,12,L_Foot,188,1,-0.981,0.6843,9.9866,-1.5869,2.5024,-0.6714,3.0212,5.9546,-114.126,-0.0293,0.0503,-0.8371,0.5439
independent_20260430_165242,trial_001,subject_001,1777539165.6944711,1777539165.6944711,261957.3033353,13,R_Femur,189,1,0.2058,8.3692,3.7563,-37.1704,25.0244,13.1836,75.7013,-2.9224,-24.6918,0.6035,0.1115,-0.1841,0.7678
independent_20260430_165242,trial_001,subject_001,1777539165.6944711,1777539165.6944711,261957.3035547,14,R_Tibia,95,1,0.2201,7.7615,-0.3972,8.3618,18.9209,9.5215,83.5126,1.4227,-172.1063,0.0366,0.665,-0.7436,0.0596
independent_20260430_165242,trial_001,subject_001,1777539165.6944711,1777539165.6944711,261957.3037564,15,R_Foot,92,1,2.0289,3.3448,6.7566,11.9019,-0.8545,23.8647,-14.7491,-13.8812,-96.8829,0.0051,-0.1748,-0.7264,0.6647
independent_20260430_165242,trial_001,subject_001,1777539165.6944711,1777539165.6944711,261957.3039185,10,L_Femur,179,1,-1.0432,9.2928,-2.3064,24.9634,42.3584,-0.6104,108.067,4.5428,-18.5284,0.7944,0.1532,-0.0628,0.5844
independent_20260430_165242,trial_001,subject_001,1777539165.6944711,1777539165.6944711,261957.3040717,11,L_Tibia,183,1,-0.89,8.9961,-2.7371,26.062,18.2495,5.127,113.0988,2.8235,-29.1907,0.8038,0.2233,-0.119,0.5384
independent_20260430_165242,trial_001,subject_001,1777539165.6944711,1777539165.6944711,261957.3042363,12,L_Foot,189,1,-1.0479,0.5312,9.9148,-0.4272,2.3193,-0.4883,3.0212,5.9546,-114.1205,-0.0293,0.0503,-0.8371,0.544
independent_20260430_165242,trial_001,subject_001,1777539165.6954699,1777539165.6954699,261957.3044614,13,R_Femur,190,1,1.1102,7.3883,3.1199,-16.2964,25.2075,14.4043,75.3278,-3.0377,-24.2578,0.6016,0.1078,-0.1821,0.7703
independent_20260430_165242,trial_001,subject_001,1777539165.6954699,1777539165.6954699,261957.3046521,9,Trunk,178,1,-0.6269,9.6564,-0.6125,-6.897,25.5127,8.667,98.6902,2.016,-17.2375,0.7482,0.125,-0.0844,0.646
independent_20260430_165242,trial_001,subject_001,1777539165.6954699,1777539165.6954699,261957.3048008,10,L_Femur,180,1,-1.1867,9.0392,-2.7036,27.4048,40.5884,-1.1597,108.5065,4.3616,-17.9297,0.7976,0.1483,-0.0605,0.5815
independent_20260430_165242,trial_001,subject_001,1777539165.6954699,1777539165.6954699,261957.3050121,11,L_Tibia,184,1,-0.9235,8.9291,-3.6511,25.9399,14.4043,6.0425,113.6206,2.5983,-28.9325,0.807,0.221,-0.1183,0.5347
independent_20260430_165242,trial_001,subject_001,1777539165.6954699,1777539165.6954699,261957.3051801,12,L_Foot,190,1,-1.158,0.445,9.8909,1.2207,1.77,0.3052,3.0212,5.9546,-114.115,-0.0293,0.0503,-0.837,0.544
independent_20260430_165242,trial_001,subject_001,1777539165.6964695,1777539165.6964695,261957.3054082,14,R_Tibia,96,1,1.2681,7.6993,-0.2153,30.8228,61.7676,-1.9531,84.342,1.5216,-170.5353,0.0456,0.6698,-0.7378,0.07
independent_20260430_165242,trial_001,subject_001,1777539165.6964695,1777539165.6964695,261957.3056496,15,R_Foot,93,1,2.3734,2.5792,6.9863,46.3257,24.0479,47.9126,-13.7933,-12.9968,-95.647,0.0032,-0.1639,-0.7219,0.6723
independent_20260430_165242,trial_001,subject_001,1777539165.6964695,1777539165.6964695,261957.3058655,9,Trunk,179,1,-0.5407,9.4938,-0.6986,-8.4229,28.2593,11.2915,98.5638,1.7853,-16.853,0.7482,0.1211,-0.0839,0.6469
independent_20260430_165242,trial_001,subject_001,1777539165.6964695,1777539165.6964695,261957.3060754,10,L_Femur,181,1,-1.024,8.9243,-3.1295,32.7148,38.5132,-1.0376,109.1931,4.1254,-17.1716,0.8023,0.1422,-0.0574,0.5768
independent_20260430_165242,trial_001,subject_001,1777539165.6964695,1777539165.6964695,261957.3062222,11,L_Tibia,185,1,-0.1388,9.0296,-3.8425,26.062,21.6675,6.3477,114.0271,2.395,-28.6908,0.8096,0.2188,-0.1179,0.5317
independent_20260430_165242,trial_001,subject_001,1777539165.6974697,1777539165.6974697,261957.3063717,12,L_Foot,191,1,-1.1054,0.4642,9.9436,1.8311,2.0142,0.4883,3.0212,5.9546,-114.115,-0.0293,0.0503,-0.837,0.544
independent_20260430_165242,trial_001,subject_001,1777539165.6974697,1777539165.6974697,261957.3065692,13,R_Femur,191,1,1.871,7.4409,2.0672,17.4561,41.8701,14.9536,75.6738,-3.2739,-23.0273,0.6053,0.1003,-0.1747,0.7701
independent_20260430_165242,trial_001,subject_001,1777539165.7640169,1777539165.7640169,261957.3734228,9,Trunk,180,1,-0.5264,9.2688,-0.2345,-7.5073,31.7383,12.5732,98.4045,1.4337,-16.2762,0.7482,0.1152,-0.0831,0.6481
independent_20260430_165242,trial_001,subject_001,1777539165.7640169,1777539165.7640169,261957.3735746,10,L_Femur,182,1,-0.6747,8.9722,-3.3257,34.2407,40.5884,-0.9766,109.7369,3.9386,-16.5948,0.8059,0.1375,-0.0552,0.5732
independent_20260430_165242,trial_001,subject_001,1777539165.7640169,1777539165.7640169,261957.3736796,11,L_Tibia,186,1,0.2105,9.0439,-3.9669,25.3296,25.5737,5.0659,114.4281,2.1753,-28.3777,0.8124,0.216,-0.1172,0.5288
independent_20260430_165242,trial_001,subject_001,1777539165.7640169,1777539165.7640169,261957.3737768,12,L_Foot,192,1,-1.0145,0.4833,9.9962,3.54,2.3804,0.4272,3.0707,5.9821,-114.1095,-0.0292,0.0508,-0.837,0.5441
independent_20260430_165242,trial_001,subject_001,1777539165.7650192,1777539165.7650192,261957.373879,13,R_Femur,192,1,1.6461,7.6993,2.1103,24.5972,52.4292,11.5967,75.965,-3.2739,-22.2363,0.608,0.0965,-0.1692,0.7697
independent_20260430_165242,trial_001,subject_001,1777539165.7650192,1777539165.7650192,261957.3739998,14,R_Tibia,97,1,0.2536,7.8189,-0.957,46.4478,82.2144,-4.4556,85.6439,1.8622,-168.2117,0.0579,0.6773,-0.7284,0.0863
independent_20260430_165242,trial_001,subject_001,1777539165.7650192,1777539165.7650192,261957.3741014,15,R_Foot,94,1,0.0239,2.2107,8.0965,54.6875,36.438,40.7715,-12.2827,-11.5192,-94.2847,0.0007,-0.1459,-0.7179,0.6807
independent_20260430_165242,trial_001,subject_001,1777539165.7650192,1777539165.7650192,261957.374195,9,Trunk,181,1,-0.5455,9.2306,0.201,-7.2021,33.9355,12.9395,98.2892,1.1646,-15.8093,0.7482,0.1106,-0.0823,0.649
independent_20260430_165242,trial_001,subject_001,1777539165.7650192,1777539165.7650192,261957.3742863,10,L_Femur,183,1,-0.2871,8.7855,-3.407,37.1094,44.0674,0.4272,110.3247,3.7134,-15.9741,0.8098,0.1323,-0.053,0.5691
independent_20260430_165242,trial_001,subject_001,1777539165.7650192,1777539165.7650192,261957.3743979,11,L_Tibia,187,1,-0.3063,8.9961,-4.1966,24.8413,21.4844,6.4087,114.9445,1.8842,-27.9987,0.8158,0.2125,-0.1166,0.525
independent_20260430_165242,trial_001,subject_001,1777539165.7650192,1777539165.7650192,261957.3745278,12,L_Foot,193,1,-0.9714,0.5838,9.9962,4.0894,2.5635,0.0,3.1366,6.026,-114.1095,-0.0292,0.0515,-0.8369,0.5441
independent_20260430_165242,trial_001,subject_001,1777539165.7650192,1777539165.7650192,261957.3747923,13,R_Femur,193,1,0.8757,8.197,2.0672,21.8506,58.2886,10.1318,76.355,-3.208,-21.0553,0.6115,0.0913,-0.1606,0.7694
independent_20260430_165242,trial_001,subject_001,1777539165.7660205,1777539165.7660205,261957.3750752,9,Trunk,182,1,-0.4642,9.2019,0.5455,-5.4321,38.208,13.0005,98.1958,0.8789,-15.2875,0.7484,0.1055,-0.0813,0.6497
independent_20260430_165242,trial_001,subject_001,1777539165.7660205,1777539165.7660205,261957.3753175,11,L_Tibia,188,1,-0.4067,8.7664,-4.2062,24.4751,16.7236,7.3242,115.3235,1.6809,-27.8009,0.8182,0.2106,-0.1165,0.5222
independent_20260430_165242,trial_001,subject_001,1777539165.7660205,1777539165.7660205,261957.3755223,12,L_Foot,194,1,-1.0336,0.5981,10.001,4.0283,2.6245,0.061,3.2135,6.0699,-114.1095,-0.0292,0.0523,-0.8369,0.5441
independent_20260430_165242,trial_001,subject_001,1777539165.7660205,1777539165.7660205,261957.375722,13,R_Femur,194,1,0.3493,9.0822,2.1007,9.2163,53.7109,8.9722,76.4813,-3.1531,-20.2094,0.6129,0.0873,-0.1545,0.77
independent_20260430_165242,trial_001,subject_001,1777539165.7670202,1777539165.7670202,261957.3759971,14,R_Tibia,98,1,-0.7034,9.0487,-0.7513,53.5889,57.9224,7.2021,87.616,1.9556,-165.7397,0.0737,0.6883,-0.7145,0.1013
independent_20260430_165242,trial_001,subject_001,1777539165.7670202,1777539165.7670202,261957.3762314,15,R_Foot,95,1,-0.6938,-5.1297,6.1298,106.8115,64.0869,-6.3477,-9.679,-9.9481,-94.2462,0.0061,-0.1204,-0.7225,0.6808
independent_20260430_165242,trial_001,subject_001,1777539165.7670202,1777539165.7670202,261957.376388,9,Trunk,183,1,-0.3637,9.2114,0.5455,-0.8545,42.8467,13.9771,98.1354,0.4779,-14.502,0.7491,0.0981,-0.0796,0.6503
independent_20260430_165242,trial_001,subject_001,1777539165.7670202,1777539165.7670202,261957.3765055,10,L_Femur,184,1,-0.6556,8.5367,-3.34,43.9453,47.4243,4.4556,111.8573,3.0267,-14.4965,0.8196,0.1192,-0.049,0.5583
independent_20260430_165242,trial_001,subject_001,1777539165.7840064,1777539165.7840064,261957.3932577,11,L_Tibia,189,1,-0.3302,8.8382,-4.1679,24.1089,19.9585,8.4229,115.8234,1.3788,-27.5208,0.8213,0.2077,-0.1164,0.5184
independent_20260430_165242,trial_001,subject_001,1777539165.7845364,1777539165.7845364,261957.3934237,13,R_Femur,195,1,-0.4737,8.508,0.8948,24.231,30.6396,12.207,76.7615,-3.208,-19.4238,0.6154,0.0831,-0.1493,0.7694
independent_20260430_165242,trial_001,subject_001,1777539165.824048,1777539165.824048,261957.4332697,9,Trunk,184,1,-0.2871,9.2401,0.2488,4.0283,43.6401,14.2212,98.1683,0.1648,-13.8812,0.75,0.0923,-0.0781,0.6503
independent_20260430_165242,trial_001,subject_001,1777539165.824048,1777539165.824048,261957.4334101,10,L_Femur,185,1,-0.9666,8.8525,-3.5984,43.7012,49.6216,5.127,112.7692,2.5598,-13.6121,0.8252,0.1109,-0.0471,0.5518
independent_20260430_165242,trial_001,subject_001,1777539165.824565,1777539165.824565,261957.4335197,11,L_Tibia,190,1,-0.4929,9.02,-4.2923,24.5361,23.7427,9.0942,116.1969,1.1151,-27.2626,0.8238,0.2051,-0.1165,0.5155
independent_20260430_165242,trial_001,subject_001,1777539165.824565,1777539165.824565,261957.4336205,12,L_Foot,195,1,-1.1532,0.5838,9.9148,5.0659,1.709,0.4272,3.4003,6.1523,-114.1095,-0.0289,0.054,-0.8367,0.5442
independent_20260430_165242,trial_001,subject_001,1777539165.824565,1777539165.824565,261957.4337196,13,R_Femur,196,1,-1.0001,8.5271,0.5503,38.4521,26.4893,11.9019,77.2778,-3.3014,-18.9844,0.6193,0.0807,-0.1465,0.7671
independent_20260430_165242,trial_001,subject_001,1777539165.824565,1777539165.824565,261957.4338173,14,R_Tibia,99,1,-2.0337,10.9915,1.871,24.1089,17.9443,17.395,88.9288,1.5601,-164.3994,0.0854,0.6952,-0.7057,0.1063
independent_20260430_165242,trial_001,subject_001,1777539165.824565,1777539165.824565,261957.433914,15,R_Foot,96,1,3.5267,-2.249,9.2401,130.5542,92.4683,-9.0942,-5.5811,-6.8939,-95.1031,0.0115,-0.0764,-0.7337,0.6751
independent_20260430_165242,trial_001,subject_001,1777539165.8250802,1777539165.8250802,261957.4340424,9,Trunk,185,1,-0.6556,9.6373,-0.2967,10.0098,39.6729,11.8408,98.3167,-0.2032,-13.1122,0.7517,0.0852,-0.076,0.6495
independent_20260430_165242,trial_001,subject_001,1777539165.8250802,1777539165.8250802,261957.4341495,10,L_Femur,186,1,-1.4738,9.0344,-3.9095,42.1753,48.5229,5.188,113.4338,2.1973,-12.9639,0.8293,0.1048,-0.046,0.547
independent_20260430_165242,trial_001,subject_001,1777539165.8250802,1777539165.8250802,261957.4342653,11,L_Tibia,191,1,-0.8853,9.1779,-4.053,25.2075,25.6958,10.8643,116.5814,0.8075,-26.9824,0.8264,0.2021,-0.1168,0.5125
independent_20260430_165242,trial_001,subject_001,1777539165.8250802,1777539165.8250802,261957.4343683,12,L_Foot,196,1,-1.0958,0.445,9.9053,6.4087,0.4272,1.2207,3.5046,6.1688,-114.0985,-0.0285,0.0549,-0.8366,0.5443
independent_20260430_165242,trial_001,subject_001,1777539165.8250802,1777539165.8250802,261957.4344831,13,R_Femur,197,1,-0.6412,10.8575,2.2012,15.625,50.293,13.2446,77.5525,-3.3508,-18.2867,0.6217,0.077,-0.1419,0.7665
independent_20260430_165242,trial_001,subject_001,1777539165.8250802,1777539165.8250802,261957.4346023,10,L_Femur,187,1,-1.9715,9.1684,-4.1774,43.2129,41.9312,5.4321,114.093,1.8567,-12.3871,0.8332,0.0993,-0.0452,0.5422
independent_20260430_165242,trial_001,subject_001,1777539165.8250802,1777539165.8250802,261957.4347212,11,L_Tibia,192,1,-1.1197,9.4268,-4.2109,25.8179,22.3389,14.8315,117.1033,0.3625,-26.6803,0.8297,0.1984,-0.1178,0.5083
independent_20260430_165242,trial_001,subject_001,1777539165.8250802,1777539165.8250802,261957.4348396,12,L_Foot,197,1,-1.2824,0.4929,10.0105,7.8735,-1.2207,0.9155,3.6694,6.1578,-114.0765,-0.0276,0.056,-0.8365,0.5445
independent_20260430_165242,trial_001,subject_001,1777539165.826086,1777539165.826086,261957.4349587,13,R_Femur,198,1,0.201,13.0108,5.7996,-22.2168,83.5571,26.4282,77.1899,-3.4497,-16.6827,0.6203,0.0672,-0.1319,0.7702
independent_20260430_165242,trial_001,subject_001,1777539165.826086,1777539165.826086,261957.4350762,14,R_Tibia,100,1,-2.8902,11.8433,1.8279,28.9307,-2.5635,8.8501,89.632,1.0162,-164.5532,0.0885,0.6993,-0.7021,0.1015
independent_20260430_165242,trial_001,subject_001,1777539165.826086,1777539165.826086,261957.4351941,15,R_Foot,97,1,-3.0386,1.8184,10.0871,140.5029,42.9688,1.5259,-0.2747,-5.0372,-95.0372,0.0308,-0.0314,-0.7367,0.6748
independent_20260430_165242,trial_001,subject_001,1777539165.826086,1777539165.826086,261957.4352947,9,Trunk,186,1,-1.0814,10.3024,-1.5504,19.4092,24.4751,8.3618,98.7616,-0.6482,-12.2443,0.7551,0.0773,-0.0737,0.6468
independent_20260430_165242,trial_001,subject_001,1777539165.826086,1777539165.826086,261957.4354076,10,L_Femur,188,1,-2.4069,9.1684,-3.9143,47.3633,29.4189,8.9722,115.0214,1.4337,-11.8488,0.8382,0.0937,-0.0449,0.5353
independent_20260430_165242,trial_001,subject_001,1777539165.826086,1777539165.826086,261957.4355074,11,L_Tibia,193,1,-1.2346,9.5416,-4.2349,26.9775,15.8081,17.6392,117.5043,0.022,-26.554,0.8321,0.1964,-0.119,0.5049
independent_20260430_165242,trial_001,subject_001,1777539165.826086,1777539165.826086,261957.4356193,12,L_Foot,198,1,-1.493,0.5264,10.0871,8.3618,-2.3804,0.6104,3.8068,6.1249,-114.0765,-0.0268,0.0569,-0.8364,0.5445
independent_20260430_165242,trial_001,subject_001,1777539165.826086,1777539165.826086,261957.4357349,13,R_Femur,199,1,0.5024,12.1352,7.0725,-12.0239,77.5146,26.3672,76.8604,-3.5925,-15.4193,0.6189,0.059,-0.1243,0.7733
independent_20260430_165242,trial_001,subject_001,1777539165.8741627,1777539165.8741627,261957.4831616,9,Trunk,187,1,-1.0432,10.7522,-2.2395,23.1323,11.3525,5.4321,99.1901,-0.824,-11.9751,0.7578,0.0748,-0.0731,0.6441
independent_20260430_165242,trial_001,subject_001,1777539165.8741627,1777539165.8741627,261957.4833343,10,L_Femur,189,1,-2.1438,10.1302,-3.9478,40.3442,21.8506,8.0566,115.675,1.17,-11.5796,0.8416,0.0908,-0.0451,0.5305
independent_20260430_165242,trial_001,subject_001,1777539165.8741627,1777539165.8741627,261957.4835442,11,L_Tibia,194,1,-0.9522,9.5416,-3.876,28.9307,13.916,18.9819,117.9272,-0.3131,-26.4935,0.8344,0.195,-0.1204,0.5013
independent_20260430_165242,trial_001,subject_001,1777539165.8741627,1777539165.8741627,261957.4837081,12,L_Foot,199,1,-1.5025,0.3972,10.0105,9.0332,-3.2959,1.0986,3.9935,6.0699,-114.0656,-0.0255,0.058,-0.8363,0.5446
independent_20260430_165242,trial_001,subject_001,1777539165.8741627,1777539165.8741627,261957.4839059,13,R_Femur,200,1,-1.5695,11.4461,6.2973,1.5869,63.4766,17.9443,76.7834,-3.653,-14.3756,0.619,0.0529,-0.1177,0.7748
independent_20260430_165242,trial_001,subject_001,1777539165.8751628,1777539165.8751628,261957.4840917,14,R_Tibia,101,1,-0.9283,10.4556,-0.1531,53.772,54.0161,1.77,91.0712,0.9723,-163.537,0.0963,0.7072,-0.6924,0.1063
independent_20260430_165242,trial_001,subject_001,1777539165.8751628,1777539165.8751628,261957.4842768,15,R_Foot,98,1,-0.9331,3.9669,15.7001,91.0034,2.1362,-13.5498,3.7463,-4.4385,-95.4877,0.0506,-0.0019,-0.74,0.6706
independent_20260430_165242,trial_001,subject_001,1777539165.8751628,1777539165.8751628,261957.4844716,9,Trunk,188,1,-0.9522,11.0441,-2.4739,18.6768,5.3711,3.6011,99.4702,-0.9064,-11.8927,0.7595,0.074,-0.073,0.6422
independent_20260430_165242,trial_001,subject_001,1777539165.8751628,1777539165.8751628,261957.4846621,10,L_Femur,190,1,-1.7705,10.0297,-3.5458,36.377,15.0757,8.1787,116.2244,0.9448,-11.4038,0.8444,0.0887,-0.0455,0.5263
independent_20260430_165242,trial_001,subject_001,1777539165.8751628,1777539165.8751628,261957.4848077,11,L_Tibia,195,1,-0.1627,9.4124,-3.297,33.3252,20.2026,19.7754,118.5645,-0.824,-26.3562,0.8379,0.1924,-0.1225,0.4959
independent_20260430_165242,trial_001,subject_001,1777539165.8751628,1777539165.8751628,261957.484961,12,L_Foot,200,1,-1.3351,0.3063,9.9579,10.1318,-2.9297,1.4648,4.1473,6.026,-114.0546,-0.0244,0.0589,-0.8362,0.5447
independent_20260430_165242,trial_001,subject_001,1777539165.8761623,1777539165.8761623,261957.485109,13,R_Femur,201,1,-4.0147,9.8048,2.6271,24.6582,21.5454,17.2729,77.0581,-3.8452,-13.6285,0.6213,0.0478,-0.1135,0.7738
independent_20260430_165242,trial_001,subject_001,1777539165.9636533,1777539165.9636533,261957.5733431,9,Trunk,189,1,-0.6029,11.1063,-2.2921,14.6484,4.8828,1.2817,99.6844,-0.9558,-11.8268,0.7607,0.0734,-0.0728,0.6408
independent_20260430_165242,trial_001,subject_001,1777539166.0041192,1777539166.0041192,261957.6130896,10,L_Femur,191,1,-1.1437,10.1254,-2.7993,27.6489,9.0942,7.1411,116.8341,0.7086,-11.272,0.8474,0.0869,-0.0462,0.5217
independent_20260430_165242,trial_001,subject_001,1777539166.0041192,1777539166.0041192,261957.6132367,11,L_Tibia,196,1,0.1053,9.465,-2.8376,38.5132,25.8179,21.1182,119.1302,-1.2689,-26.1694,0.841,0.1897,-0.124,0.4912
independent_20260430_165242,trial_001,subject_001,1777539166.0041192,1777539166.0041192,261957.6133608,12,L_Foot,201,1,-1.0097,0.2153,9.9436,11.7188,-2.5635,2.4414,4.3341,5.9875,-114.0271,-0.0232,0.0601,-0.836,0.545
independent_20260430_165242,trial_001,subject_001,1777539166.0041192,1777539166.0041192,261957.6134802,13,R_Femur,202,1,-2.3782,8.7808,-0.0431,36.377,4.1504,18.6768,77.569,-4.0979,-13.4637,0.6249,0.0457,-0.1136,0.771
independent_20260430_165242,trial_001,subject_001,1777539166.0041192,1777539166.0041192,261957.6136468,14,R_Tibia,102,1,-0.8613,10.1158,-2.5457,60.0586,78.7964,11.7188,93.2025,0.6207,-160.9717,0.1164,0.7172,-0.677,0.1174
independent_20260430_165242,trial_001,subject_001,1777539166.0041192,1777539166.0041192,261957.6137686,15,R_Foot,99,1,2.8137,3.5314,14.4177,53.4668,23.8647,0.6104,5.8063,-3.8232,-95.5646,0.0587,0.0151,-0.7404,0.6695
independent_20260430_165242,trial_001,subject_001,1777539166.0041192,1777539166.0041192,261957.6138622,9,Trunk,190,1,-0.0766,11.0298,-1.8519,7.5684,7.5684,-1.9531,99.8547,-0.9668,-11.6895,0.7618,0.0725,-0.072,0.6397
independent_20260430_165242,trial_001,subject_001,1777539166.0041192,1777539166.0041192,261957.6141027,10,L_Femur,192,1,-0.7273,10.2689,-2.3495,22.0947,7.4463,6.0425,117.1802,0.5713,-11.2061,0.8491,0.0859,-0.0466,0.5191
independent_20260430_165242,trial_001,subject_001,1777539166.0041192,1777539166.0041192,261957.6142085,11,L_Tibia,197,1,0.0479,9.4794,-2.6462,44.6777,28.6865,25.2686,119.9817,-1.9556,-25.9058,0.8457,0.1858,-0.1265,0.484
independent_20260430_165242,trial_001,subject_001,1777539166.0041192,1777539166.0041192,261957.6143039,12,L_Foot,202,1,-0.847,0.244,9.9818,16.5405,-0.6714,2.1973,4.6637,5.9601,-113.9886,-0.0214,0.0624,-0.8356,0.5453
independent_20260430_165242,trial_001,subject_001,1777539166.0041192,1777539166.0041192,261957.6143981,13,R_Femur,203,1,1.3829,9.4555,-0.512,21.5454,6.6528,17.7612,78.0524,-4.4385,-13.2715,0.6285,0.0428,-0.1139,0.7683
independent_20260430_165242,trial_001,subject_001,1777539166.0056279,1777539166.0056279,261957.6145127,9,Trunk,191,1,0.2823,10.8097,-1.5791,2.2583,12.146,-3.1738,99.8822,-0.9613,-11.5192,0.762,0.0714,-0.071,0.6397
independent_20260430_165242,trial_001,subject_001,1777539166.0056279,1777539166.0056279,261957.6146797,10,L_Femur,193,1,-0.1388,10.5561,-2.1198,13.7939,11.5356,4.3945,117.4933,0.3845,-11.0687,0.8507,0.0842,-0.0472,0.5167
independent_20260430_165242,trial_001,subject_001,1777539166.0056279,1777539166.0056279,261957.6147964,11,L_Tibia,198,1,0.3206,9.7234,-2.7754,52.124,28.8696,28.5645,120.7343,-2.5323,-25.741,0.8496,0.1829,-0.1288,0.4776
independent_20260430_165242,trial_001,subject_001,1777539166.0056279,1777539166.0056279,261957.6148957,12,L_Foot,203,1,-1.1102,0.5742,9.9771,18.6768,0.4883,1.9531,4.9548,5.9711,-113.9557,-0.0201,0.0646,-0.8353,0.5456
independent_20260430_165242,trial_001,subject_001,1777539166.0056279,1777539166.0056279,261957.6149889,13,R_Femur,204,1,2.5218,8.9674,-1.1197,29.3579,14.7095,22.2778,78.4259,-4.7131,-13.0078,0.6312,0.0399,-0.1135,0.7662
independent_20260430_165242,trial_001,subject_001,1777539166.0056279,1777539166.0056279,261957.615081,14,R_Tibia,103,1,-0.0574,8.8669,-4.321,59.5703,52.3071,14.7095,95.3448,-0.0165,-158.703,0.1367,0.7266,-0.6618,0.1243
independent_20260430_165242,trial_001,subject_001,1777539166.0056279,1777539166.0056279,261957.6151714,15,R_Foot,100,1,1.2585,2.1198,12.0251,23.6816,-7.6294,2.5024,6.861,-4.021,-95.5151,0.0661,0.0207,-0.7399,0.6691
independent_20260430_165242,trial_001,subject_001,1777539166.0056279,1777539166.0056279,261957.6152614,9,Trunk,192,1,0.4689,10.2977,-1.5695,-0.6714,20.9351,-2.3804,99.8547,-0.9833,-11.1456,0.7621,0.0688,-0.069,0.6401
independent_20260430_165242,trial_001,subject_001,1777539166.0056279,1777539166.0056279,261957.615375,10,L_Femur,194,1,0.268,10.781,-2.1629,5.8594,19.5923,2.5024,117.6086,0.2197,-10.8435,0.8515,0.0818,-0.0473,0.5158
independent_20260430_165242,trial_001,subject_001,1777539166.0066383,1777539166.0066383,261957.6154966,11,L_Tibia,199,1,0.4498,10.1493,-2.8137,57.4951,33.0811,29.2969,121.5747,-3.1476,-25.5487,0.8539,0.1798,-0.1313,0.4705
independent_20260430_165242,trial_001,subject_001,1777539166.0066383,1777539166.0066383,261957.6155957,12,L_Foot,204,1,-1.2489,-0.1388,9.7761,21.4844,0.9766,4.2114,5.2844,5.993,-113.9008,-0.0187,0.0671,-0.8348,0.5461
independent_20260430_165242,trial_001,subject_001,1777539166.0066383,1777539166.0066383,261957.6156866,13,R_Femur,205,1,1.0049,8.8478,-1.5982,39.1235,18.3105,23.8037,78.9532,-5.0208,-12.6672,0.635,0.0365,-0.1127,0.7634
independent_20260430_165242,trial_001,subject_001,1777539166.0443103,1777539166.0443103,261957.6534308,9,Trunk,193,1,0.1483,9.9148,-2.0289,3.1738,22.1558,0.4272,99.8657,-1.0492,-10.8215,0.7624,0.0663,-0.0677,0.6401
independent_20260430_165242,trial_001,subject_001,1777539166.0443103,1777539166.0443103,261957.6535687,10,L_Femur,195,1,0.6173,11.0011,-2.3256,-5.8594,29.6631,-0.1221,117.5537,0.0165,-10.47,0.8516,0.0781,-0.0472,0.5162
independent_20260430_165242,trial_001,subject_001,1777539166.0443103,1777539166.0443103,261957.6536793,11,L_Tibia,200,1,0.9092,9.8144,-2.8711,64.5142,39.0625,30.8228,122.7997,-4.054,-25.2246,0.86,0.1751,-0.1348,0.4601
independent_20260430_165242,trial_001,subject_001,1777539166.0443103,1777539166.0443103,261957.6537823,12,L_Foot,205,1,-0.9666,-0.0239,10.0297,32.8369,2.0142,4.6997,5.9106,6.037,-113.7964,-0.0159,0.0718,-0.8339,0.5469
independent_20260430_165242,trial_001,subject_001,1777539166.0443103,1777539166.0443103,261957.6538819,13,R_Femur,206,1,0.2393,9.3693,-1.0049,43.457,4.1504,21.6675,79.7552,-5.4327,-12.4036,0.6406,0.033,-0.113,0.7588
independent_20260430_165242,trial_001,subject_001,1777539166.0443103,1777539166.0443103,261957.6540049,14,R_Tibia,104,1,-0.7608,9.5847,-4.2588,48.3398,-1.0376,22.8882,97.1466,-0.78,-158.2086,0.1461,0.7354,-0.6507,0.1201
independent_20260430_165242,trial_001,subject_001,1777539166.0443103,1777539166.0443103,261957.6541052,15,R_Foot,101,1,0.6986,1.3733,10.1589,6.7139,-2.0142,0.0,7.218,-4.1144,-95.5151,0.0688,0.0225,-0.7399,0.6688
independent_20260430_165242,trial_001,subject_001,1777539166.0453148,1777539166.0453148,261957.6542189,9,Trunk,194,1,-0.1101,9.8526,-2.694,8.0566,19.165,2.8076,99.9481,-1.1426,-10.5359,0.7631,0.0639,-0.0666,0.6397
independent_20260430_165242,trial_001,subject_001,1777539166.0453148,1777539166.0453148,261957.6543239,10,L_Femur,196,1,0.6747,10.9341,-2.4979,-25.3296,40.5273,-4.6387,117.1472,-0.2747,-9.7559,0.8503,0.0713,-0.0464,0.5193
independent_20260430_165242,trial_001,subject_001,1777539166.0453148,1777539166.0453148,261957.6544204,11,L_Tibia,201,1,1.1149,9.8526,-2.8759,73.6084,48.4009,30.5786,123.8434,-4.8175,-24.884,0.8651,0.1706,-0.1375,0.4512
independent_20260430_165242,trial_001,subject_001,1777539166.0453148,1777539166.0453148,261957.6545161,12,L_Foot,206,1,-0.9379,0.0574,10.0201,42.4194,2.1362,4.9438,6.5424,6.059,-113.7195,-0.013,0.0766,-0.8332,0.5476
independent_20260430_165242,trial_001,subject_001,1777539166.0453148,1777539166.0453148,261957.654612,13,R_Femur,207,1,1.3351,10.1254,-0.4689,52.3682,2.9297,18.1274,80.4968,-5.7184,-12.3157,0.6457,0.0314,-0.1138,0.7544
independent_20260430_165242,trial_001,subject_001,1777539166.0453148,1777539166.0453148,261957.6547065,9,Trunk,195,1,0.1723,10.0823,-3.3257,8.8501,14.4043,5.3101,100.1019,-1.3019,-10.2448,0.7642,0.0612,-0.066,0.6387
independent_20260430_165242,trial_001,subject_001,1777539166.0453148,1777539166.0453148,261957.6548013,10,L_Femur,197,1,0.7369,10.9915,-2.5648,-41.748,46.814,-8.8501,116.5649,-0.4779,-9.0857,0.8481,0.0652,-0.0452,0.5238
independent_20260430_165242,trial_001,subject_001,1777539166.0453148,1777539166.0453148,261957.6548964,11,L_Tibia,202,1,1.0001,9.9244,-2.9764,79.4678,52.5513,31.1279,124.986,-5.636,-24.494,0.8705,0.1657,-0.1405,0.4416
independent_20260430_165242,trial_001,subject_001,1777539166.0453148,1777539166.0453148,261957.6550025,12,L_Foot,207,1,-1.1006,-0.0383,10.2402,65.3687,4.0283,8.5449,7.7728,6.1249,-113.5602,-0.0075,0.0858,-0.8315,0.5488
independent_20260430_165242,trial_001,subject_001,1777539166.0453148,1777539166.0453148,261957.655094,13,R_Femur,208,1,1.7227,10.8719,-0.2488,52.7344,16.6626,12.8784,81.2604,-5.8997,-12.074,0.6508,0.0296,-0.113,0.7502
independent_20260430_165242,trial_001,subject_001,1777539166.0463202,1777539166.0463202,261957.6551845,14,R_Tibia,105,1,-0.2058,10.2881,-2.8759,36.9263,-22.522,21.7896,98.3716,-1.3568,-158.8678,0.1464,0.7425,-0.6441,0.111
independent_20260430_165242,trial_001,subject_001,1777539166.0463202,1777539166.0463202,261957.6552932,15,R_Foot,102,1,0.6604,1.4164,10.2498,2.5024,-2.9297,0.9766,7.3499,-4.2078,-95.4987,0.0702,0.0228,-0.7398,0.6688
independent_20260430_165242,trial_001,subject_001,1777539166.0463202,1777539166.0463202,261957.6554084,9,Trunk,196,1,0.3685,10.135,-3.6367,7.5073,11.9019,6.4087,100.2008,-1.4337,-10.08,0.7648,0.0594,-0.0659,0.6381
independent_20260430_165242,trial_001,subject_001,1777539166.0463202,1777539166.0463202,261957.6555168,10,L_Femur,198,1,0.7226,10.7905,-2.4931,-59.5093,49.3164,-12.8784,115.719,-0.6482,-8.3386,0.8447,0.0586,-0.0435,0.5302
independent_20260430_165242,trial_001,subject_001,1777539166.0463202,1777539166.0463202,261957.6556138,11,L_Tibia,203,1,1.1819,9.599,-3.5602,88.9282,58.8989,31.189,126.6559,-6.8115,-23.9172,0.8782,0.1587,-0.1448,0.4274
independent_20260430_165242,trial_001,subject_001,1777539166.0463202,1777539166.0463202,261957.6557038,12,L_Foot,208,1,-1.4021,0.2584,10.202,79.834,3.8452,10.9863,8.9539,6.1578,-113.4009,-0.002,0.0945,-0.8298,0.5501
independent_20260430_165242,trial_001,subject_001,1777539166.0463202,1777539166.0463202,261957.6557927,13,R_Femur,209,1,1.0145,10.4221,-0.2105,51.6357,20.6299,10.6201,82.2217,-6.0699,-11.618,0.6573,0.0268,-0.1108,0.745
independent_20260430_165242,trial_001,subject_001,1777539166.0463202,1777539166.0463202,261957.6558834,9,Trunk,197,1,0.5838,9.9005,-3.7803,2.1362,12.085,7.5684,100.2283,-1.582,-9.9261,0.7651,0.0576,-0.066,0.6379
independent_20260430_165242,trial_001,subject_001,1777539166.0463202,1777539166.0463202,261957.6559735,10,L_Femur,199,1,0.6364,10.5656,-2.2347,-84.0454,44.8608,-14.4043,114.1479,-0.7855,-7.3773,0.8379,0.0503,-0.0407,0.542
independent_20260430_165242,trial_001,subject_001,1777539166.0463202,1777539166.0463202,261957.6560632,11,L_Tibia,204,1,1.2872,9.7617,-4.3401,94.4214,64.3921,30.4565,127.9962,-7.7509,-23.4283,0.8841,0.153,-0.1483,0.416
independent_20260430_165242,trial_001,subject_001,1777539166.0463202,1777539166.0463202,261957.6561516,12,L_Foot,209,1,-1.2059,-0.4067,10.2115,114.624,6.0425,18.1885,10.6018,6.2018,-113.1427,0.0059,0.1067,-0.827,0.5519
independent_20260430_165242,trial_001,subject_001,1777539166.0473208,1777539166.0473208,261957.6562419,13,R_Femur,210,1,0.6364,9.867,-0.2871,49.6826,19.7754,8.9111,82.9358,-6.1743,-11.2939,0.662,0.0249,-0.1091,0.7411
independent_20260430_165242,trial_001,subject_001,1777539166.0473208,1777539166.0473208,261957.6563311,14,R_Tibia,106,1,1.8854,9.9053,-2.2299,28.0151,50.9644,9.2773,99.4812,-1.9666,-158.269,0.1547,0.7472,-0.637,0.1089
independent_20260430_165242,trial_001,subject_001,1777539166.0473208,1777539166.0473208,261957.6564378,15,R_Foot,103,1,0.4785,1.3159,9.7139,7.7515,-4.9438,2.1973,7.5092,-4.3451,-95.4547,0.072,0.023,-0.7395,0.6689
independent_20260430_165242,trial_001,subject_001,1777539166.0473208,1777539166.0473208,261957.6565515,9,Trunk,198,1,0.7896,9.3693,-3.4836,-0.4272,13.916,10.5591,100.2063,-1.8347,-9.7009,0.7652,0.0546,-0.0665,0.638
independent_20260430_165242,trial_001,subject_001,1777539166.0473208,1777539166.0473208,261957.6566647,10,L_Femur,200,1,0.4594,10.2594,-2.4835,-92.8345,37.9639,-13.6719,112.7637,-0.835,-6.7456,0.8315,0.045,-0.0386,0.5523
independent_20260430_165242,trial_001,subject_001,1777539166.0473208,1777539166.0473208,261957.6567639,11,L_Tibia,205,1,0.89,10.0249,-3.4932,101.6846,71.4722,27.5269,129.8694,-9.0637,-22.6923,0.8919,0.1448,-0.1533,0.4
independent_20260430_165242,trial_001,subject_001,1777539166.0473208,1777539166.0473208,261957.6568903,12,L_Foot,210,1,-1.7849,-0.3445,10.4221,154.6021,3.7842,29.7241,13.5352,6.2128,-112.5989,0.0205,0.1278,-0.8214,0.5555
independent_20260430_165242,trial_001,subject_001,1777539166.0473208,1777539166.0473208,261957.6570012,13,R_Femur,211,1,0.4642,9.4698,-0.4737,49.4385,11.6577,6.0425,83.8751,-6.2842,-10.9863,0.6682,0.0233,-0.1076,0.7358
independent_20260430_165242,trial_001,subject_001,1777539166.0473208,1777539166.0473208,261957.6570925,9,Trunk,199,1,0.8518,9.1444,-3.2443,-0.5493,14.8926,11.1084,100.1733,-2.0435,-9.5142,0.7652,0.0522,-0.0668,0.6382
independent_20260430_165242,trial_001,subject_001,1777539166.048321,1777539166.048321,261957.6571827,10,L_Femur,201,1,0.2201,10.1924,-3.1056,-87.8296,21.7285,-12.5122,110.9564,-0.7965,-6.1469,0.8229,0.0402,-0.0361,0.5656
independent_20260430_165242,trial_001,subject_001,1777539166.063835,1777539166.063835,261957.6732793,12,L_Foot,211,1,-1.4786,1.2872,10.7666,166.8091,7.1411,44.7998,16.1279,6.1304,-111.9672,0.0345,0.1457,-0.8153,0.5593
independent_20260430_165242,trial_001,subject_001,1777539166.063835,1777539166.063835,261957.6733957,13,R_Femur,212,1,0.2201,9.7521,-0.9283,47.7295,-0.1831,5.9814,84.5837,-6.3776,-10.9369,0.6727,0.0231,-0.1076,0.7317
independent_20260430_165242,trial_001,subject_001,1777539166.063835,1777539166.063835,261957.6734964,14,R_Tibia,107,1,-0.3302,9.6038,-3.431,15.2588,55.603,10.3149,100.0635,-2.6147,-156.0168,0.1735,0.7464,-0.6318,0.1163
independent_20260430_165242,trial_001,subject_001,1777539166.063835,1777539166.063835,261957.6735933,15,R_Foot,104,1,1.0767,1.737,9.9531,5.4932,-3.7842,1.0376,7.7509,-4.5154,-95.4218,0.0745,0.0235,-0.7393,0.6688
independent_20260430_165242,trial_001,subject_001,1777539166.0648348,1777539166.0648348,261957.673688,9,Trunk,200,1,0.8565,9.2114,-3.1438,0.061,16.4795,13.0615,100.1404,-2.3566,-9.245,0.7652,0.0486,-0.0674,0.6384
independent_20260430_165242,trial_001,subject_001,1777539166.0648348,1777539166.0648348,261957.6737815,10,L_Femur,202,1,0.0813,10.5034,-3.3161,-90.7593,0.7935,-9.1553,109.6106,-0.6921,-6.015,0.8162,0.0394,-0.0352,0.5753
independent_20260430_165242,trial_001,subject_001,1777539166.0648348,1777539166.0648348,261957.673876,11,L_Tibia,206,1,0.914,9.087,-4.7038,103.7598,45.4712,22.3999,132.8082,-10.7007,-21.8079,0.903,0.1359,-0.1593,0.3752
independent_20260430_165242,trial_001,subject_001,1777539166.0648348,1777539166.0648348,261957.6739674,12,L_Foot,212,1,-1.4643,2.962,10.7905,169.9829,4.6997,55.8472,18.7537,5.9766,-111.1707,0.0495,0.1633,-0.808,0.5639
independent_20260430_165242,trial_001,subject_001,1777539166.0648348,1777539166.0648348,261957.6740579,13,R_Femur,213,1,-0.1531,9.9148,-1.024,46.5088,-15.0757,8.3008,85.2924,-6.5204,-11.1017,0.6772,0.0238,-0.1094,0.7272
independent_20260430_165242,trial_001,subject_001,1777539166.074029,1777539166.074029,261957.6832452,9,Trunk,201,1,0.8278,9.2593,-3.0194,-1.0986,16.5405,14.7705,100.1074,-2.6257,-9.0417,0.7652,0.0457,-0.0681,0.6385
independent_20260430_165242,trial_001,subject_001,1777539166.074029,1777539166.074029,261957.6833869,10,L_Femur,203,1,-0.3063,10.2785,-2.9524,-97.7173,-21.1792,-6.4087,108.1604,-0.5109,-6.2238,0.8088,0.0414,-0.0355,0.5856
independent_20260430_165242,trial_001,subject_001,1777539166.074029,1777539166.074029,261957.6835092,11,L_Tibia,207,1,2.895,8.3453,-6.8763,106.0791,38.6353,24.4141,134.8846,-11.5851,-21.5607,0.9098,0.1338,-0.1629,0.3575
independent_20260430_165242,trial_001,subject_001,1777539166.074029,1777539166.074029,261957.6836308,12,L_Foot,213,1,0.1723,1.2585,12.0347,198.7915,44.2505,89.5996,22.7307,5.9711,-109.4843,0.0719,0.1902,-0.7935,0.5736
independent_20260430_165242,trial_001,subject_001,1777539166.074029,1777539166.074029,261957.683753,13,R_Femur,214,1,-0.0144,10.0823,-1.0719,45.0439,-39.7339,9.8267,86.2701,-6.7676,-11.7499,0.6834,0.027,-0.1147,0.7205
independent_20260430_165242,trial_001,subject_001,1777539166.074029,1777539166.074029,261957.6838721,14,R_Tibia,108,1,-1.7992,9.4603,-3.7611,15.3198,-60.1807,23.2544,100.6293,-3.1146,-156.8683,0.1712,0.7502,-0.6296,0.1075
independent_20260430_165242,trial_001,subject_001,1777539166.075034,1777539166.075034,261957.68403,15,R_Foot,105,1,0.8422,1.5695,10.0775,2.4414,-2.9907,0.7935,7.8442,-4.6362,-95.4053,0.0758,0.0234,-0.7392,0.6688
independent_20260430_165242,trial_001,subject_001,1777539166.075034,1777539166.075034,261957.6841956,10,L_Femur,204,1,-0.7943,9.7378,-3.297,-95.2148,-34.2407,-3.6011,106.2378,-0.2417,-6.8005,0.7985,0.0462,-0.0373,0.599
independent_20260430_165242,trial_001,subject_001,1777539166.075034,1777539166.075034,261957.6843185,11,L_Tibia,208,1,3.474,8.3453,-6.9289,99.8535,46.936,19.043,136.3513,-12.2827,-21.297,0.9145,0.1315,-0.1659,0.3449
independent_20260430_165242,trial_001,subject_001,1777539166.0755548,1777539166.0755548,261957.6844415,13,R_Femur,215,1,0.5312,10.1015,-1.091,45.4712,-51.5137,11.2305,87.0282,-6.9818,-12.486,0.688,0.0308,-0.1204,0.715
independent_20260430_165242,trial_001,subject_001,1777539166.0755548,1777539166.0755548,261957.6845878,9,Trunk,202,1,0.2297,9.3502,-2.694,-3.54,3.9673,13.7939,99.9701,-3.2025,-8.7891,0.7647,0.0407,-0.0706,0.6392
independent_20260430_165242,trial_001,subject_001,1777539166.0755548,1777539166.0755548,261957.6847312,10,L_Femur,205,1,-0.0766,9.934,-4.1774,-95.459,-35.4004,1.0986,104.8096,-0.1044,-7.3059,0.7908,0.0499,-0.0396,0.6088
independent_20260430_165242,trial_001,subject_001,1777539166.1441524,1777539166.1441524,261957.7533469,11,L_Tibia,209,1,2.8424,7.9338,-6.9146,90.4541,58.6548,6.2256,138.0707,-13.222,-20.6543,0.9199,0.1258,-0.1695,0.3304
independent_20260430_165242,trial_001,subject_001,1777539166.1441524,1777539166.1441524,261957.7536082,12,L_Foot,214,1,-1.5647,3.8903,8.4267,230.2856,68.2373,129.1504,31.2012,6.2787,-104.491,0.1227,0.2446,-0.7514,0.6005
independent_20260430_165242,trial_001,subject_001,1777539166.1441524,1777539166.1441524,261957.7537745,13,R_Femur,216,1,1.5791,9.934,-1.0671,47.4243,-54.9927,12.207,87.8247,-7.207,-13.2935,0.6928,0.0351,-0.1265,0.7091
independent_20260430_165242,trial_001,subject_001,1777539166.1441524,1777539166.1441524,261957.7539207,14,R_Tibia,109,1,2.6127,10.1015,-2.4309,6.6528,-32.7148,18.4326,101.0248,-3.4497,-158.4943,0.1627,0.7543,-0.6288,0.0958
independent_20260430_165242,trial_001,subject_001,1777539166.1451638,1777539166.1451638,261957.7540786,15,R_Foot,106,1,0.9092,1.4068,9.9005,5.6763,-2.5024,0.3662,8.009,-4.7406,-95.3998,0.0775,0.0238,-0.7391,0.6687
independent_20260430_165242,trial_001,subject_001,1777539166.1451638,1777539166.1451638,261957.7541824,9,Trunk,203,1,0.0431,9.3741,-2.5457,-4.2725,-0.6714,13.4888,99.8987,-3.4113,-8.8275,0.7643,0.0398,-0.0722,0.6395
independent_20260430_165242,trial_001,subject_001,1777539166.1451638,1777539166.1451638,261957.7542769,11,L_Tibia,210,1,2.5409,7.2304,-7.0485,85.2051,63.5376,2.8687,139.2242,-13.9581,-20.05,0.9236,0.1203,-0.1724,0.3207
independent_20260430_165242,trial_001,subject_001,1777539166.1451638,1777539166.1451638,261957.7543705,12,L_Foot,215,1,-2.828,2.8902,11.2882,184.2041,58.1055,122.0093,34.3597,6.0425,-102.42,0.1455,0.2615,-0.7339,0.6098
independent_20260430_165242,trial_001,subject_001,1777539166.1451638,1777539166.1451638,261957.7544633,13,R_Femur,217,1,2.6223,9.7617,-1.0192,47.4854,-43.335,9.9487,88.8904,-7.4652,-14.2328,0.6991,0.0404,-0.1335,0.7013
independent_20260430_165242,trial_001,subject_001,1777539166.2640455,1777539166.2640455,261957.8732429,9,Trunk,204,1,0.1675,9.2545,-2.4021,-2.2583,-1.77,13.3057,99.8438,-3.6145,-8.8879,0.7641,0.039,-0.0739,0.6397
independent_20260430_165242,trial_001,subject_001,1777539166.2640455,1777539166.2640455,261957.8733643,10,L_Femur,206,1,1.7131,9.7809,-4.3354,-99.9756,-30.5176,5.4321,101.3379,0.0,-8.4375,0.7714,0.0569,-0.0466,0.6321
independent_20260430_165242,trial_001,subject_001,1777539166.2640455,1777539166.2640455,261957.8734622,11,L_Tibia,211,1,1.6365,7.0533,-7.7759,71.7773,63.4155,-5.188,140.1855,-14.6613,-19.3579,0.9266,0.114,-0.175,0.3127
independent_20260430_165242,trial_001,subject_001,1777539166.2640455,1777539166.2640455,261957.8735584,12,L_Foot,216,1,-5.0053,-0.067,19.8871,66.5894,56.2134,87.5854,35.9088,5.9052,-100.7501,0.1586,0.2684,-0.7216,0.6181
independent_20260430_165242,trial_001,subject_001,1777539166.2640455,1777539166.2640455,261957.873653,13,R_Femur,218,1,2.6797,9.5177,-1.2154,48.5229,-31.0059,6.958,89.6704,-7.597,-14.7327,0.7037,0.0436,-0.137,0.6958
independent_20260430_165242,trial_001,subject_001,1777539166.2640455,1777539166.2640455,261957.8737649,15,R_Foot,107,1,0.89,1.5982,9.9914,3.479,-0.9155,-0.1831,8.1299,-4.7791,-95.3943,0.0784,0.0244,-0.7391,0.6686
independent_20260430_165242,trial_001,subject_001,1777539166.2640455,1777539166.2640455,261957.8738665,9,Trunk,205,1,0.7082,8.977,-2.1198,3.479,-3.3569,13.2446,99.8602,-3.8782,-8.9978,0.7642,0.0383,-0.0763,0.6393
independent_20260430_165242,trial_001,subject_001,1777539166.2650456,1777539166.2650456,261957.8740009,10,L_Femur,207,1,1.4786,9.9914,-3.876,-96.9849,-22.7051,3.1738,99.8657,0.0,-8.8055,0.763,0.0587,-0.0494,0.6418
independent_20260430_165242,trial_001,subject_001,1777539166.2650456,1777539166.2650456,261957.8741612,11,L_Tibia,212,1,1.2824,7.3404,-6.0149,35.8276,56.5186,-11.1694,140.8722,-15.4248,-18.4406,0.9289,0.1053,-0.178,0.3073
independent_20260430_165242,trial_001,subject_001,1777539166.2650456,1777539166.2650456,261957.8742558,13,R_Femur,219,1,1.9093,9.4842,-1.1963,45.7764,-19.9585,2.9297,90.6592,-7.6904,-15.1721,0.7096,0.0469,-0.1399,0.689
independent_20260430_165242,trial_001,subject_001,1777539166.2650456,1777539166.2650456,261957.8743469,9,Trunk,206,1,1.2346,8.9435,-2.0911,9.3384,-3.1128,14.7095,99.9756,-4.0924,-9.0802,0.7648,0.0377,-0.0781,0.6384
independent_20260430_165242,trial_001,subject_001,1777539166.2650456,1777539166.2650456,261957.8744396,11,L_Tibia,213,1,1.7562,6.9863,-4.8426,11.4746,62.0117,-16.2964,140.9106,-15.9851,-17.6495,0.9293,0.0972,-0.1803,0.3073
independent_20260430_165242,trial_001,subject_001,1777539166.2650456,1777539166.2650456,261957.874531,12,L_Foot,217,1,-1.1867,-3.3975,7.8859,-31.9214,-29.7852,66.2231,35.2441,4.0814,-99.1406,0.1704,0.2523,-0.718,0.6259
independent_20260430_165242,trial_001,subject_001,1777539166.2650456,1777539166.2650456,261957.8746422,13,R_Femur,220,1,1.4786,9.6564,-0.9618,43.8843,-20.2026,1.2207,91.3513,-7.7179,-15.4688,0.7136,0.0495,-0.1415,0.6843
independent_20260430_165242,trial_001,subject_001,1777539166.2650456,1777539166.2650456,261957.8748063,14,R_Tibia,110,1,-0.2058,9.4603,-2.6414,-5.0659,-12.146,11.2915,100.838,-4.2572,-158.1866,0.169,0.7518,-0.6306,0.0924
independent_20260430_165242,trial_001,subject_001,1777539166.2660458,1777539166.2660458,261957.8749342,15,R_Foot,108,1,0.9475,1.5695,9.9005,1.6479,0.6714,-0.4883,8.1958,-4.7626,-95.4108,0.0787,0.0249,-0.7392,0.6684
independent_20260430_165242,trial_001,subject_001,1777539166.2938645,1777539166.2938645,261957.9032377,9,Trunk,207,1,1.7562,9.2401,-2.6127,5.5542,-1.709,14.7705,100.1019,-4.389,-9.1791,0.7656,0.0368,-0.0806,0.6372
independent_20260430_165242,trial_001,subject_001,1777539166.2938645,1777539166.2938645,261957.9033643,10,L_Femur,208,1,0.3445,9.4124,-3.5841,-81.1768,4.9438,-13.5498,96.861,0.2692,-8.8934,0.7458,0.0596,-0.0497,0.6617
independent_20260430_165242,trial_001,subject_001,1777539166.2938645,1777539166.2938645,261957.9035918,11,L_Tibia,214,1,2.3064,6.3021,-5.0196,-10.1929,69.0918,-18.7378,140.5701,-16.5948,-16.7596,0.9287,0.0876,-0.183,0.3104
independent_20260430_165242,trial_001,subject_001,1777539166.2938645,1777539166.2938645,261957.9036922,12,L_Foot,218,1,-1.56,-2.1485,10.0967,-67.4438,-25.2075,58.1055,34.3817,3.2684,-98.6298,0.1719,0.2418,-0.7186,0.6289
independent_20260430_165242,trial_001,subject_001,1777539166.2938645,1777539166.2938645,261957.9037883,13,R_Femur,221,1,1.3255,9.7091,-1.091,46.814,-24.9634,0.7324,92.0819,-7.7289,-15.8258,0.7178,0.0525,-0.1434,0.6793
independent_20260430_165242,trial_001,subject_001,1777539166.2938645,1777539166.2938645,261957.903883,9,Trunk,208,1,1.8231,9.1731,-2.8615,3.7231,-0.061,11.7188,100.1514,-4.5813,-9.223,0.7659,0.036,-0.0821,0.6367
independent_20260430_165242,trial_001,subject_001,1777539166.2938645,1777539166.2938645,261957.9039766,12,L_Foot,219,1,-3.3161,-1.7801,10.2737,-106.5063,-37.9639,37.9639,32.4756,2.2137,-98.2672,0.1689,0.2236,-0.7224,0.6322
independent_20260430_165242,trial_001,subject_001,1777539166.2938645,1777539166.2938645,261957.9040687,13,R_Femur,222,1,1.0671,9.5607,-1.0336,48.0957,-28.3203,1.8311,93.0927,-7.7454,-16.3751,0.7235,0.0572,-0.1463,0.6722
independent_20260430_165242,trial_001,subject_001,1777539166.2938645,1777539166.2938645,261957.9041612,14,R_Tibia,111,1,1.469,9.6612,-2.1677,-9.3994,6.7749,8.8501,100.5908,-4.5593,-158.3569,0.1693,0.7503,-0.6327,0.0898
independent_20260430_165242,trial_001,subject_001,1777539166.2938645,1777539166.2938645,261957.9042538,15,R_Foot,109,1,0.8135,1.536,9.8383,0.4272,1.2207,-0.8545,8.1958,-4.7241,-95.4218,0.0785,0.0252,-0.7392,0.6684
independent_20260430_165242,trial_001,subject_001,1777539166.2938645,1777539166.2938645,261957.9043455,9,Trunk,209,1,1.603,9.0487,-2.7802,-0.7935,1.5869,9.0942,100.1349,-4.7351,-9.234,0.7658,0.0352,-0.0832,0.6367
independent_20260430_165242,trial_001,subject_001,1777539166.2955723,1777539166.2955723,261957.9044348,11,L_Tibia,215,1,0.7082,6.2159,-5.2206,-62.9883,37.2314,-27.9541,138.4882,-17.5397,-14.7107,0.9235,0.0647,-0.1862,0.3291
independent_20260430_165242,trial_001,subject_001,1777539166.2955723,1777539166.2955723,261957.9045464,12,L_Foot,220,1,-3.1821,-1.6939,8.9243,-124.5117,-45.4102,24.0479,30.6683,1.4502,-98.2782,0.1638,0.208,-0.7271,0.6334
independent_20260430_165242,trial_001,subject_001,1777539166.2955723,1777539166.2955723,261957.9046454,13,R_Femur,223,1,0.9857,9.4076,-1.1054,50.1099,-32.4097,1.5259,93.8947,-7.7509,-16.8475,0.7279,0.0612,-0.1486,0.6665
independent_20260430_165242,trial_001,subject_001,1777539166.2955723,1777539166.2955723,261957.9047359,9,Trunk,210,1,1.3398,8.7233,-2.3974,-5.0049,4.0894,7.8125,100.025,-4.9219,-9.1956,0.7652,0.0339,-0.0843,0.6373
independent_20260430_165242,trial_001,subject_001,1777539166.2955723,1777539166.2955723,261957.9048264,13,R_Femur,224,1,1.2011,9.2306,-0.9331,49.0112,-32.2876,2.1973,94.6912,-7.7509,-17.3364,0.7323,0.0653,-0.151,0.6608
independent_20260430_165242,trial_001,subject_001,1777539166.2955723,1777539166.2955723,261957.9049473,14,R_Tibia,112,1,0.8278,9.1349,-1.9763,-12.146,16.8457,6.958,100.2008,-4.8505,-157.9504,0.1732,0.7471,-0.6353,0.0907
independent_20260430_165242,trial_001,subject_001,1777539166.2955723,1777539166.2955723,261957.9051093,15,R_Foot,110,1,0.8278,1.7083,9.8191,-0.7324,0.1221,-0.9766,8.1793,-4.7076,-95.4492,0.0782,0.0252,-0.7394,0.6682
independent_20260430_165242,trial_001,subject_001,1777539166.2955723,1777539166.2955723,261957.905258,9,Trunk,211,1,1.2298,8.3932,-2.1438,-1.3428,5.5542,8.2397,99.9701,-5.0592,-9.1406,0.765,0.0327,-0.0849,0.6376
independent_20260430_165242,trial_001,subject_001,1777539166.2955723,1777539166.2955723,261957.9053795,11,L_Tibia,216,1,2.0433,6.436,-5.235,-106.6895,5.8594,-35.0952,134.9231,-17.1442,-13.4583,0.9137,0.0503,-0.1811,0.3603
independent_20260430_165242,trial_001,subject_001,1777539166.2965791,1777539166.2965791,261957.9054983,13,R_Femur,225,1,1.2872,9.5799,-0.4402,41.626,-28.6865,-0.2441,95.647,-7.7289,-17.9297,0.7374,0.0705,-0.1537,0.6539
independent_20260430_165242,trial_001,subject_001,1777539166.2965791,1777539166.2965791,261957.9055903,9,Trunk,212,1,1.1006,8.4123,-2.1198,1.8311,5.7983,9.5215,99.9646,-5.224,-9.0802,0.765,0.0313,-0.0856,0.6376
independent_20260430_165242,trial_001,subject_001,1777539166.2965791,1777539166.2965791,261957.9056799,11,L_Tibia,217,1,2.3017,6.6418,-5.144,-119.9951,-2.0142,-39.4897,133.0389,-16.7212,-13.0353,0.9082,0.0454,-0.1772,0.3765
independent_20260430_165242,trial_001,subject_001,1777539166.2965791,1777539166.2965791,261957.9057707,12,L_Foot,221,1,-2.3447,0.5072,8.7473,-147.7051,5.3101,13.3667,23.6536,0.2966,-97.9541,0.1326,0.1563,-0.7381,0.6428
independent_20260430_165242,trial_001,subject_001,1777539166.2965791,1777539166.2965791,261957.9058604,14,R_Tibia,113,1,-0.1579,9.3406,-0.7656,-4.6997,3.0518,8.606,99.8602,-5.1636,-157.6044,0.1769,0.7443,-0.6375,0.0911
independent_20260430_165242,trial_001,subject_001,1777539166.2965791,1777539166.2965791,261957.9059501,15,R_Foot,111,1,0.7082,1.5982,9.8,-0.6714,-1.1597,-0.3052,8.2672,-4.7791,-95.4163,0.0792,0.0253,-0.7392,0.6684
independent_20260430_165242,trial_001,subject_001,1777539166.2965791,1777539166.2965791,261957.9060401,9,Trunk,213,1,0.8613,8.7903,-2.0911,2.4414,-0.061,10.1318,99.9976,-5.4382,-9.0802,0.7652,0.0302,-0.0871,0.6372
independent_20260430_165242,trial_001,subject_001,1777539166.2965791,1777539166.2965791,261957.9061315,10,L_Femur,209,1,-0.9475,8.9435,-2.8759,-57.6782,-52.3682,-10.376,90.3241,2.027,-10.2777,0.705,0.0759,-0.0507,0.7033
independent_20260430_165242,trial_001,subject_001,1777539166.2965791,1777539166.2965791,261957.906223,12,L_Foot,222,1,-3.5889,1.469,9.5225,-150.5127,11.5356,-4.1504,20.6763,0.4889,-97.8552,0.1147,0.138,-0.7411,0.6469
independent_20260430_165242,trial_001,subject_001,1777539166.2965791,1777539166.2965791,261957.9063121,13,R_Femur,226,1,1.1771,10.001,0.1818,27.771,-24.8413,-0.3662,96.8939,-7.597,-18.8031,0.7438,0.0786,-0.157,0.6449
independent_20260430_165242,trial_001,subject_001,1777539166.3241785,1777539166.3241785,261957.9335013,9,Trunk,214,1,0.7034,8.8813,-1.9284,3.1738,-4.0894,9.1553,100.0305,-5.5811,-9.1571,0.7654,0.0299,-0.0884,0.6368
independent_20260430_165242,trial_001,subject_001,1777539166.3241785,1777539166.3241785,261957.9336251,10,L_Femur,210,1,-0.1866,8.7903,-2.2825,-56.3965,-64.5142,-4.2114,89.1376,2.1313,-11.5082,0.6968,0.0835,-0.0584,0.71
independent_20260430_165242,trial_001,subject_001,1777539166.3241785,1777539166.3241785,261957.9337431,12,L_Foot,223,1,-3.4262,1.6987,9.4411,-148.0103,16.0522,-17.395,18.457,0.78,-97.9926,0.1001,0.1254,-0.7442,0.6484
independent_20260430_165242,trial_001,subject_001,1777539166.3241785,1777539166.3241785,261957.9338474,13,R_Femur,227,1,1.6604,10.044,0.0383,21.1792,-28.8086,0.0,97.2729,-7.5586,-19.2151,0.7457,0.082,-0.1588,0.6419
independent_20260430_165242,trial_001,subject_001,1777539166.3241785,1777539166.3241785,261957.9339434,14,R_Tibia,114,1,0.9953,9.7665,-0.3589,6.2256,-7.4463,8.4839,100.025,-5.4327,-157.8845,0.1767,0.7453,-0.6369,0.0875
independent_20260430_165242,trial_001,subject_001,1777539166.3251781,1777539166.3251781,261957.9340369,15,R_Foot,112,1,0.9618,1.0001,9.6708,3.7842,-1.6479,-0.6714,8.3002,-4.79,-95.3943,0.0795,0.0254,-0.739,0.6685
independent_20260430_165242,trial_001,subject_001,1777539166.3632734,1777539166.3632734,261957.9734868,9,Trunk,215,1,0.7513,9.1444,-1.804,7.3853,-4.3945,6.897,100.1514,-5.7239,-9.278,0.766,0.03,-0.09,0.6358
independent_20260430_165242,trial_001,subject_001,1777539166.3632734,1777539166.3632734,261957.9736262,10,L_Femur,211,1,0.1771,8.7473,-1.7466,-53.772,-69.458,-0.1221,88.2861,2.1204,-12.5354,0.6907,0.0892,-0.0655,0.7146
independent_20260430_165242,trial_001,subject_001,1777539166.3647792,1777539166.3647792,261957.9737328,11,L_Tibia,218,1,2.9429,7.8668,-5.9575,-149.4751,-7.1411,-57.1289,125.7385,-14.5734,-11.5961,0.8841,0.0316,-0.158,0.4386
independent_20260430_165242,trial_001,subject_001,1777539166.3647792,1777539166.3647792,261957.9738292,12,L_Foot,224,1,-2.4309,2.0815,9.599,-140.625,24.9634,-22.7051,16.3312,1.214,-98.2068,0.0851,0.1142,-0.7472,0.6492
independent_20260430_165242,trial_001,subject_001,1777539166.3647792,1777539166.3647792,261957.9739238,13,R_Femur,228,1,1.9476,9.9101,-0.3541,23.4375,-30.3345,0.0,97.6685,-7.5092,-19.6655,0.7475,0.0858,-0.1607,0.6388
independent_20260430_165242,trial_001,subject_001,1777539166.3647792,1777539166.3647792,261957.9740334,9,Trunk,216,1,0.957,9.5129,-1.9763,5.3101,-5.9204,6.0425,100.2338,-5.8118,-9.3768,0.7665,0.0302,-0.0911,0.6351
independent_20260430_165242,trial_001,subject_001,1777539166.3647792,1777539166.3647792,261957.9741482,10,L_Femur,212,1,0.4498,8.8765,-1.2537,-50.0488,-70.3735,3.2959,87.4841,2.0435,-13.5791,0.6849,0.0945,-0.0732,0.7187
independent_20260430_165242,trial_001,subject_001,1777539166.3647792,1777539166.3647792,261957.9742637,11,L_Tibia,219,1,2.4069,8.2113,-6.0532,-155.3345,-21.1182,-61.7676,122.558,-13.3759,-11.1731,0.8723,0.0291,-0.1481,0.4651
independent_20260430_165242,trial_001,subject_001,1777539166.3647792,1777539166.3647792,261957.9744087,12,L_Foot,225,1,-1.9332,3.0481,12.451,-139.8926,44.0063,-23.7427,13.5626,2.0874,-98.465,0.0634,0.1012,-0.7505,0.6499
independent_20260430_165242,trial_001,subject_001,1777539166.3647792,1777539166.3647792,261957.9745297,13,R_Femur,229,1,1.8806,9.4507,-1.0432,28.5034,-25.2686,2.6245,98.2727,-7.4817,-20.2039,0.7504,0.0903,-0.1631,0.6341
independent_20260430_165242,trial_001,subject_001,1777539166.3657856,1777539166.3657856,261957.9746421,14,R_Tibia,115,1,0.8948,9.4076,-1.6748,9.8267,-1.77,7.8735,100.3217,-5.6744,-158.0164,0.1774,0.7468,-0.6354,0.0847
independent_20260430_165242,trial_001,subject_001,1777539166.3657856,1777539166.3657856,261957.9747402,15,R_Foot,113,1,0.9666,1.3351,9.9148,2.3804,-1.3428,-0.7324,8.4045,-4.8395,-95.4218,0.0804,0.0258,-0.7392,0.6682
independent_20260430_165242,trial_001,subject_001,1777539166.3657856,1777539166.3657856,261957.9748311,9,Trunk,217,1,1.2106,9.4363,-2.0911,5.4932,-7.7515,6.7749,100.3107,-5.8942,-9.5087,0.7669,0.0307,-0.0924,0.6344
independent_20260430_165242,trial_001,subject_001,1777539166.3657856,1777539166.3657856,261957.9749313,10,L_Femur,213,1,0.8805,9.4746,-0.6316,-46.2646,-66.9556,5.7373,86.4899,1.8622,-14.9304,0.6777,0.1007,-0.0836,0.7236
independent_20260430_165242,trial_001,subject_001,1777539166.3657856,1777539166.3657856,261957.9750234,12,L_Foot,226,1,-2.6893,3.809,13.6186,-145.874,54.7485,-30.3955,11.3873,2.9608,-98.7177,0.0451,0.092,-0.7531,0.6498
independent_20260430_165242,trial_001,subject_001,1777539166.3657856,1777539166.3657856,261957.9751124,13,R_Femur,230,1,1.603,9.4698,-1.2872,24.4751,-19.2871,2.3193,98.6847,-7.4872,-20.5115,0.7525,0.0929,-0.1645,0.6309
independent_20260430_165242,trial_001,subject_001,1777539166.434331,1777539166.434331,261958.0432379,9,Trunk,218,1,1.4786,9.2545,-2.2538,8.1177,-6.1035,7.3853,100.459,-6.0315,-9.668,0.7677,0.0311,-0.0941,0.6331
independent_20260430_165242,trial_001,subject_001,1777539166.434331,1777539166.434331,261958.0433868,10,L_Femur,214,1,1.2824,9.8574,-0.2393,-45.8374,-61.5234,5.7983,85.7703,1.7084,-15.8588,0.6724,0.1047,-0.091,0.727
independent_20260430_165242,trial_001,subject_001,1777539166.434331,1777539166.434331,261958.0435166,11,L_Tibia,220,1,2.5074,9.0009,-5.6178,-149.6582,-37.7808,-68.0542,117.1967,-10.8105,-11.0138,0.8505,0.0327,-0.1298,0.5086
independent_20260430_165242,trial_001,subject_001,1777539166.434331,1777539166.434331,261958.0436423,12,L_Foot,227,1,-3.4357,4.0817,12.8099,-144.7754,53.772,-43.5791,8.4485,4.1803,-99.3219,0.0199,0.0797,-0.7579,0.6472
independent_20260430_165242,trial_001,subject_001,1777539166.434331,1777539166.434331,261958.0437671,13,R_Femur,231,1,1.3781,10.0153,-1.2011,13.4277,-16.7847,1.1597,99.0363,-7.4707,-20.8411,0.7541,0.0957,-0.1659,0.6282
independent_20260430_165242,trial_001,subject_001,1777539166.434331,1777539166.434331,261958.0438907,14,R_Tibia,116,1,0.8996,9.6804,-1.1532,10.9253,-3.2349,6.2256,100.6512,-5.8557,-158.1317,0.1778,0.7485,-0.6335,0.0823
independent_20260430_165242,trial_001,subject_001,1777539166.434331,1777539166.434331,261958.0440124,15,R_Foot,114,1,0.8948,1.3255,9.9627,2.3804,-1.0376,-0.7324,8.4595,-4.8779,-95.4492,0.081,0.026,-0.7393,0.6679
independent_20260430_165242,trial_001,subject_001,1777539166.434331,1777539166.434331,261958.044134,9,Trunk,219,1,1.6174,9.5081,-2.1055,3.8452,-5.249,6.1646,100.5304,-6.1194,-9.7668,0.768,0.0314,-0.0952,0.6325
independent_20260430_165242,trial_001,subject_001,1777539166.4353292,1777539166.4353292,261958.044262,10,L_Femur,215,1,1.6748,9.9292,0.1531,-46.3257,-52.9785,4.5776,85.0507,1.571,-16.6718,0.6672,0.108,-0.0977,0.7305
independent_20260430_165242,trial_001,subject_001,1777539166.4353292,1777539166.4353292,261958.0443996,11,L_Tibia,221,1,2.3352,9.1492,-5.5316,-147.3389,-44.4946,-69.519,115.0049,-9.5856,-11.1401,0.8409,0.0369,-0.1221,0.526
independent_20260430_165242,trial_001,subject_001,1777539166.4353292,1777539166.4353292,261958.0445853,12,L_Foot,228,1,-3.1678,3.809,12.1687,-137.8174,53.4668,-52.7344,6.3171,5.0757,-99.9811,0.0015,0.0706,-0.7625,0.6432
independent_20260430_165242,trial_001,subject_001,1777539166.4353292,1777539166.4353292,261958.0447922,13,R_Femur,232,1,1.3159,9.5799,-1.5647,16.8457,-20.2026,2.8687,99.3054,-7.4707,-21.1377,0.7553,0.098,-0.1673,0.626
independent_20260430_165242,trial_001,subject_001,1777539166.4353292,1777539166.4353292,261958.0449267,9,Trunk,220,1,1.67,9.5272,-1.7896,2.5635,-4.6997,4.5776,100.5579,-6.1853,-9.8547,0.7682,0.0316,-0.0962,0.6322
independent_20260430_165242,trial_001,subject_001,1777539166.4353292,1777539166.4353292,261958.0450703,10,L_Femur,216,1,1.8614,9.6517,0.6747,-45.6543,-37.8418,2.5024,84.1113,1.4227,-17.4957,0.6606,0.111,-0.1047,0.7351
independent_20260430_165242,trial_001,subject_001,1777539166.4353292,1777539166.4353292,261958.0451675,11,L_Tibia,222,1,2.1916,9.2114,-5.4599,-145.3857,-50.5981,-69.519,112.8625,-8.3276,-11.3928,0.8309,0.0425,-0.1149,0.5427
independent_20260430_165242,trial_001,subject_001,1777539166.4363315,1777539166.4363315,261958.0452584,13,R_Femur,233,1,1.359,9.3215,-1.8758,16.9678,-22.7661,3.2959,99.5966,-7.4762,-21.4728,0.7566,0.1006,-0.1689,0.6236
independent_20260430_165242,trial_001,subject_001,1777539166.453331,1777539166.453331,261958.0631627,14,R_Tibia,117,1,1.2202,9.6038,-2.1485,10.2539,0.2441,3.9062,101.0413,-6.0095,-158.1592,0.1787,0.7505,-0.6311,0.0806
independent_20260430_165242,trial_001,subject_001,1777539166.4543314,1777539166.4543314,261958.0633113,15,R_Foot,115,1,0.9618,1.56,9.7952,2.3804,-0.6104,-1.0376,8.5034,-4.8999,-95.4712,0.0814,0.0261,-0.7395,0.6677
independent_20260430_165242,trial_001,subject_001,1777539166.5135553,1777539166.5135553,261958.1230872,9,Trunk,221,1,1.5647,9.489,-1.6892,4.5776,-1.8921,3.2349,100.6293,-6.2567,-9.9261,0.7685,0.0318,-0.097,0.6316
independent_20260430_165242,trial_001,subject_001,1777539166.5135553,1777539166.5135553,261958.123262,11,L_Tibia,223,1,2.0863,9.3741,-5.3354,-144.165,-60.791,-67.0776,110.0555,-6.6412,-11.9751,0.8171,0.0523,-0.1069,0.5641
independent_20260430_165242,trial_001,subject_001,1777539166.5135553,1777539166.5135553,261958.1233924,12,L_Foot,229,1,-2.0768,3.0481,12.2979,-130.9204,59.6924,-67.3828,1.4667,7.3059,-102.03,-0.0415,0.05,-0.7752,0.6284
independent_20260430_165242,trial_001,subject_001,1777539166.5145638,1777539166.5145638,261958.1235291,13,R_Femur,234,1,1.1915,9.3406,-2.2921,23.3154,-20.0806,1.8311,100.08,-7.4652,-21.8903,0.7589,0.1042,-0.1707,0.6198
independent_20260430_165242,trial_001,subject_001,1777539166.5145638,1777539166.5145638,261958.1236449,9,Trunk,222,1,1.4643,9.6229,-1.7131,2.8687,-0.4883,2.6855,100.6952,-6.2787,-9.9591,0.7689,0.0319,-0.0973,0.6311
independent_20260430_165242,trial_001,subject_001,1777539166.5145638,1777539166.5145638,261958.1237458,10,L_Femur,217,1,1.1771,8.9674,0.9092,-32.7759,-8.606,-1.1597,82.738,1.3568,-18.1274,0.6512,0.1129,-0.1105,0.7423
independent_20260430_165242,trial_001,subject_001,1777539166.5145638,1777539166.5145638,261958.1238395,11,L_Tibia,224,1,2.048,9.5081,-5.0531,-143.3716,-65.6128,-64.6362,107.9681,-5.3943,-12.5684,0.8061,0.0609,-0.1021,0.5797
independent_20260430_165242,trial_001,subject_001,1777539166.5145638,1777539166.5145638,261958.1239321,12,L_Foot,230,1,-1.6078,2.6366,11.4365,-123.3521,54.4434,-71.106,-0.5328,8.1519,-103.0957,-0.0585,0.0406,-0.7813,0.62
independent_20260430_165242,trial_001,subject_001,1777539166.5145638,1777539166.5145638,261958.1240248,13,R_Femur,235,1,1.2537,9.422,-2.1629,21.7285,-17.395,0.6104,100.437,-7.4377,-22.1539,0.7606,0.1066,-0.1716,0.617
independent_20260430_165242,trial_001,subject_001,1777539166.5145638,1777539166.5145638,261958.1241159,14,R_Tibia,118,1,0.6795,9.4507,-2.5648,8.8501,-1.709,4.3945,101.3324,-6.1578,-158.1702,0.1797,0.7519,-0.6293,0.0791
independent_20260430_165242,trial_001,subject_001,1777539166.5145638,1777539166.5145638,261958.124205,15,R_Foot,116,1,0.7896,1.7944,9.8861,0.6104,-0.6104,-0.5493,8.5309,-4.9054,-95.4987,0.0816,0.0263,-0.7396,0.6675
independent_20260430_165242,trial_001,subject_001,1777539166.5145638,1777539166.5145638,261958.1242948,9,Trunk,223,1,1.3016,9.5081,-1.6557,2.8076,-1.2817,1.5259,100.7501,-6.3007,-9.9976,0.7692,0.0321,-0.0977,0.6307
independent_20260430_165242,trial_001,subject_001,1777539166.5145638,1777539166.5145638,261958.1243857,10,L_Femur,218,1,0.7417,8.8621,0.6986,-26.5503,-3.1738,-2.0142,82.3206,1.3733,-18.1879,0.6484,0.1129,-0.1112,0.7446
independent_20260430_165242,trial_001,subject_001,1777539166.5155637,1777539166.5155637,261958.1244754,11,L_Tibia,225,1,2.048,9.5655,-4.6655,-141.9678,-66.4062,-61.6455,105.8917,-4.2078,-13.2495,0.7948,0.07,-0.0986,0.5948
independent_20260430_165242,trial_001,subject_001,1777539166.5155637,1777539166.5155637,261958.1245745,12,L_Foot,231,1,-1.1006,2.3304,10.647,-113.7085,47.1191,-71.7773,-2.4225,8.855,-104.2053,-0.0738,0.0308,-0.7876,0.611
independent_20260430_165242,trial_001,subject_001,1777539166.5155637,1777539166.5155637,261958.1246657,13,R_Femur,236,1,1.5265,9.422,-1.8854,25.0854,-15.8691,0.061,100.8215,-7.4048,-22.3901,0.7624,0.1089,-0.1723,0.6142
independent_20260430_165242,trial_001,subject_001,1777539166.5155637,1777539166.5155637,261958.1247537,9,Trunk,224,1,1.2011,9.4938,-1.5982,2.0752,-1.1597,0.7324,100.7886,-6.3062,-10.025,0.7694,0.0323,-0.0978,0.6304
independent_20260430_165242,trial_001,subject_001,1777539166.5155637,1777539166.5155637,261958.1248601,10,L_Femur,219,1,0.3541,8.8286,0.5168,-21.2402,1.0376,-2.9907,81.98,1.4172,-18.1824,0.6462,0.1129,-0.1112,0.7466
independent_20260430_165242,trial_001,subject_001,1777539166.5155637,1777539166.5155637,261958.1249573,11,L_Tibia,226,1,1.7657,9.5225,-3.8999,-144.7754,-56.9458,-58.5327,103.0847,-2.7466,-14.1064,0.7787,0.0813,-0.095,0.6147
independent_20260430_165242,trial_001,subject_001,1777539166.5155637,1777539166.5155637,261958.1250465,13,R_Femur,237,1,1.2202,8.9626,-2.3591,33.7524,-15.7471,-1.0986,101.4862,-7.3444,-22.7032,0.7656,0.1124,-0.1729,0.6094
independent_20260430_165242,trial_001,subject_001,1777539166.5155637,1777539166.5155637,261958.1251348,14,R_Tibia,119,1,1.0814,9.3454,-2.6605,5.9204,1.5259,3.479,101.5741,-6.2677,-158.1976,0.1802,0.7531,-0.6279,0.0778
independent_20260430_165242,trial_001,subject_001,1777539166.5155637,1777539166.5155637,261958.1252372,15,R_Foot,117,1,0.9044,1.8231,9.8431,-0.6104,0.1221,-0.6104,8.5254,-4.9219,-95.4492,0.0816,0.0261,-0.7393,0.6679
independent_20260430_165242,trial_001,subject_001,1777539166.5155637,1777539166.5155637,261958.1253418,9,Trunk,225,1,1.2202,9.4459,-1.5695,-0.1221,-1.2817,1.0376,100.7941,-6.3116,-10.0525,0.7694,0.0324,-0.098,0.6303
independent_20260430_165242,trial_001,subject_001,1777539166.6441886,1777539166.6441886,261958.2531704,10,L_Femur,220,1,-0.0526,8.886,0.5264,-18.5547,3.2959,-3.479,81.601,1.4886,-18.1219,0.6437,0.1126,-0.1108,0.7488
independent_20260430_165242,trial_001,subject_001,1777539166.6441886,1777539166.6441886,261958.2532907,11,L_Tibia,227,1,1.8662,9.2928,-3.9956,-139.5264,-56.7627,-54.3823,101.0028,-1.7578,-14.7656,0.7664,0.0895,-0.0935,0.6292
independent_20260430_165242,trial_001,subject_001,1777539166.6441886,1777539166.6441886,261958.2533915,12,L_Foot,232,1,-0.6316,2.5313,13.1018,-107.0557,49.7437,-67.688,-6.5204,10.2887,-106.7761,-0.1056,0.0079,-0.8012,0.5889
independent_20260430_165242,trial_001,subject_001,1777539166.6441886,1777539166.6441886,261958.2534925,13,R_Femur,238,1,0.9092,9.1301,-2.3447,32.959,-10.6201,-3.6011,102.0026,-7.2729,-22.8625,0.7681,0.1146,-0.1728,0.6058
independent_20260430_165242,trial_001,subject_001,1777539166.6441886,1777539166.6441886,261958.2535906,9,Trunk,226,1,1.2011,9.2545,-1.3781,-0.1831,-4.3335,1.8311,100.7721,-6.3446,-10.1239,0.7693,0.0327,-0.0986,0.6304
independent_20260430_165242,trial_001,subject_001,1777539166.6441886,1777539166.6441886,261958.2536859,10,L_Femur,221,1,-0.3876,8.9243,0.6938,-18.1885,-1.0376,-2.5024,81.3263,1.5271,-18.1219,0.6418,0.1126,-0.1109,0.7504
independent_20260430_165242,trial_001,subject_001,1777539166.6441886,1777539166.6441886,261958.2537816,11,L_Tibia,228,1,1.6413,9.3837,-3.3688,-131.5308,-48.7061,-49.5605,98.3496,-0.5713,-15.6006,0.7501,0.0995,-0.0925,0.6472
independent_20260430_165242,trial_001,subject_001,1777539166.6441886,1777539166.6441886,261958.2538753,12,L_Foot,233,1,-0.3828,2.3495,11.6279,-100.8911,43.396,-64.8193,-8.8385,11.0138,-108.2373,-0.1225,-0.0061,-0.8084,0.5757
independent_20260430_165242,trial_001,subject_001,1777539166.6441886,1777539166.6441886,261958.2539692,13,R_Femur,239,1,0.7082,9.4938,-1.8184,29.3579,-8.8501,-5.3711,102.6123,-7.1521,-23.0164,0.7711,0.1172,-0.1722,0.6017
independent_20260430_165242,trial_001,subject_001,1777539166.645188,1777539166.645188,261958.2540613,14,R_Tibia,120,1,0.6556,9.4268,-1.8184,7.5684,1.709,3.6011,101.7664,-6.3721,-158.1427,0.1813,0.754,-0.6267,0.0771
independent_20260430_165242,trial_001,subject_001,1777539166.645188,1777539166.645188,261958.2541535,9,Trunk,227,1,1.0145,9.2354,-1.3781,1.5259,-8.0566,1.0376,100.7831,-6.3501,-10.2393,0.7693,0.0335,-0.0993,0.6302
independent_20260430_165242,trial_001,subject_001,1777539166.645188,1777539166.645188,261958.2542451,11,L_Tibia,229,1,1.3016,9.2258,-2.9859,-125.2441,-44.1284,-44.7998,96.4545,0.1978,-16.1774,0.7382,0.1061,-0.0925,0.6597
independent_20260430_165242,trial_001,subject_001,1777539166.645188,1777539166.645188,261958.2543365,12,L_Foot,234,1,-0.0526,2.6079,11.5514,-97.7173,40.4053,-61.3403,-10.5029,11.4697,-109.281,-0.1339,-0.0167,-0.8133,0.5659
independent_20260430_165242,trial_001,subject_001,1777539166.645188,1777539166.645188,261958.2544286,13,R_Femur,240,1,1.1149,9.7139,-1.3111,27.832,-9.4604,-4.2725,103.0353,-7.0642,-23.1317,0.7731,0.1191,-0.1718,0.5988
independent_20260430_165242,trial_001,subject_001,1777539166.645188,1777539166.645188,261958.2545204,9,Trunk,228,1,0.8853,9.355,-1.5025,2.0752,-9.8267,0.0,100.816,-6.3336,-10.3821,0.7695,0.0346,-0.1,0.6299
independent_20260430_165242,trial_001,subject_001,1777539166.645188,1777539166.645188,261958.2546427,10,L_Femur,222,1,-0.9283,9.2306,1.0192,-23.8647,-16.4185,1.0376,80.5518,1.4722,-18.4845,0.6364,0.1135,-0.1143,0.7543
independent_20260430_165242,trial_001,subject_001,1777539166.645188,1777539166.645188,261958.254762,12,L_Foot,235,1,-0.0096,2.7323,10.6996,-94.1162,31.6162,-57.0068,-12.1179,11.7938,-110.2588,-0.1438,-0.0277,-0.8177,0.5566
independent_20260430_165242,trial_001,subject_001,1777539166.645188,1777539166.645188,261958.2548567,13,R_Femur,241,1,1.4882,9.9483,-1.0814,22.644,-13.4888,-2.5635,103.4088,-6.9873,-23.302,0.7749,0.1212,-0.1718,0.5962
independent_20260430_165242,trial_001,subject_001,1777539166.645188,1777539166.645188,261958.2549486,14,R_Tibia,121,1,0.9379,9.4268,-1.4451,11.5967,-3.9673,3.418,102.1179,-6.4764,-158.1812,0.1818,0.7558,-0.6245,0.0756
independent_20260430_165242,trial_001,subject_001,1777539166.6461878,1777539166.6461878,261958.2550405,15,R_Foot,118,1,0.9427,1.2441,9.8622,1.77,-0.5493,-0.6104,8.5254,-4.9274,-95.3833,0.0817,0.0261,-0.739,0.6683
independent_20260430_165242,trial_001,subject_001,1777539166.6461878,1777539166.6461878,261958.2551327,9,Trunk,229,1,1.0049,9.6038,-1.5887,0.0,-9.6436,-1.709,100.827,-6.2897,-10.5743,0.7695,0.0361,-0.1007,0.6297
independent_20260430_165242,trial_001,subject_001,1777539166.6461878,1777539166.6461878,261958.2552241,10,L_Femur,223,1,-0.9762,9.4985,1.2585,-30.3955,-21.3623,0.9766,80.1068,1.4062,-18.7756,0.6333,0.1142,-0.1171,0.7564
independent_20260430_165242,trial_001,subject_001,1777539166.6461878,1777539166.6461878,261958.2553146,11,L_Tibia,230,1,0.823,8.9291,-2.1103,-104.3701,-38.147,-33.3252,92.4994,1.626,-17.4792,0.7124,0.1194,-0.0949,0.685
independent_20260430_165242,trial_001,subject_001,1777539166.6461878,1777539166.6461878,261958.2554056,12,L_Foot,236,1,0.2345,2.6845,8.9817,-79.5288,13.6719,-47.4243,-14.0076,11.9366,-111.3464,-0.1536,-0.042,-0.8224,0.5462
independent_20260430_165242,trial_001,subject_001,1777539166.6461878,1777539166.6461878,261958.2554955,13,R_Femur,242,1,1.469,9.3167,-1.9523,28.4424,-16.9678,-0.6104,103.9362,-6.9049,-23.6041,0.7772,0.1245,-0.1722,0.5923
independent_20260430_165242,trial_001,subject_001,1777539166.6461878,1777539166.6461878,261958.2555847,9,Trunk,230,1,1.2585,9.6277,-1.5982,-2.6245,-9.8267,-2.5024,100.7941,-6.2347,-10.7172,0.7692,0.0373,-0.1012,0.6298
independent_20260430_165242,trial_001,subject_001,1777539166.6461878,1777539166.6461878,261958.2556745,10,L_Femur,224,1,-0.5455,9.221,1.8662,-31.4941,-29.1138,0.0,79.4586,1.3074,-19.2975,0.6286,0.1158,-0.1217,0.7594
independent_20260430_165242,trial_001,subject_001,1777539166.6461878,1777539166.6461878,261958.2557645,11,L_Tibia,231,1,0.8565,8.8525,-1.627,-93.1396,-31.7383,-29.9072,91.0547,2.1039,-17.9681,0.7027,0.1241,-0.0964,0.6939
independent_20260430_165242,trial_001,subject_001,1777539166.6461878,1777539166.6461878,261958.2558545,12,L_Foot,237,1,0.3828,2.6462,9.3263,-65.0635,3.9062,-39.2456,-15.1447,11.8652,-111.9836,-0.1582,-0.0513,-0.8249,0.5402
independent_20260430_165242,trial_001,subject_001,1777539166.6461878,1777539166.6461878,261958.2559439,13,R_Femur,243,1,0.9857,8.9387,-2.3878,30.0903,-15.7471,-0.7324,104.4141,-6.8445,-23.8403,0.7794,0.1271,-0.1725,0.5888
independent_20260430_165242,trial_001,subject_001,1777539166.6461878,1777539166.6461878,261958.2560335,14,R_Tibia,122,1,0.7896,9.2401,-2.182,13.6108,-3.2349,3.54,102.5574,-6.5643,-158.302,0.1818,0.7583,-0.6218,0.0737
independent_20260430_165242,trial_001,subject_001,1777539166.7041833,1777539166.7041833,261958.313486,15,R_Foot,119,1,0.957,1.4834,9.8526,1.0986,-0.2441,-0.7935,8.5199,-4.9274,-95.3448,0.0817,0.026,-0.7387,0.6685
independent_20260430_165242,trial_001,subject_001,1777539166.7047148,1777539166.7047148,261958.3137456,9,Trunk,231,1,1.5025,9.5272,-1.4547,-5.9814,-9.4604,-2.5635,100.6897,-6.1633,-10.8984,0.7686,0.0389,-0.1017,0.6304
independent_20260430_165242,trial_001,subject_001,1777539166.7047148,1777539166.7047148,261958.3139296,10,L_Femur,225,1,-0.1101,8.6898,2.3974,-27.4658,-31.9824,2.0142,79.0192,1.192,-19.7534,0.6254,0.117,-0.1258,0.7612
independent_20260430_165242,trial_001,subject_001,1777539166.7052343,1777539166.7052343,261958.3141303,11,L_Tibia,232,1,1.0719,8.3836,-1.9523,-80.6885,-28.6255,-25.8179,89.7858,2.5159,-18.3966,0.6941,0.1281,-0.0979,0.7016
independent_20260430_165242,trial_001,subject_001,1777539166.7052343,1777539166.7052343,261958.314349,12,L_Foot,238,1,0.579,3.2204,11.1494,-67.5049,11.9629,-31.311,-16.2378,11.8762,-112.5165,-0.1632,-0.0599,-0.8269,0.5348
independent_20260430_165242,trial_001,subject_001,1777539166.7052343,1777539166.7052343,261958.3145296,9,Trunk,232,1,1.5265,9.4507,-1.3733,-6.1035,-8.9111,-3.3569,100.5963,-6.0974,-11.0248,0.768,0.04,-0.102,0.631
independent_20260430_165242,trial_001,subject_001,1777539166.7057555,1777539166.7057555,261958.3147212,10,L_Femur,226,1,0.1914,8.5654,2.962,-21.1182,-31.3721,3.479,78.6731,1.0547,-20.1984,0.6228,0.1182,-0.1299,0.7624
independent_20260430_165242,trial_001,subject_001,1777539166.7057555,1777539166.7057555,261958.3150469,11,L_Tibia,233,1,0.9714,8.3118,-1.7753,-62.0728,-20.3247,-20.3247,88.4344,2.9498,-18.869,0.6847,0.1325,-0.0997,0.7097
independent_20260430_165242,trial_001,subject_001,1777539166.7063072,1777539166.7063072,261958.3152445,12,L_Foot,239,1,0.4546,3.1534,9.3071,-62.8662,15.8081,-21.9727,-17.655,12.0355,-113.0933,-0.1706,-0.0702,-0.8288,0.5283
independent_20260430_165242,trial_001,subject_001,1777539166.7063072,1777539166.7063072,261958.3154353,13,R_Femur,244,1,1.0623,9.4698,-1.7944,32.4707,-14.7095,-5.127,105.5347,-6.6193,-24.2743,0.7844,0.133,-0.1719,0.5809
independent_20260430_165242,trial_001,subject_001,1777539166.7063072,1777539166.7063072,261958.3156268,14,R_Tibia,123,1,0.646,9.4507,-1.8088,15.8691,-6.2866,3.3569,103.0792,-6.6302,-158.4833,0.1813,0.7613,-0.6185,0.0714
independent_20260430_165242,trial_001,subject_001,1777539166.7068455,1777539166.7068455,261958.3158132,15,R_Foot,120,1,0.8278,1.3733,9.8096,2.5635,-0.7935,-0.6104,8.5144,-4.9329,-95.3064,0.0817,0.0259,-0.7385,0.6688
independent_20260430_165242,trial_001,subject_001,1777539166.7068455,1777539166.7068455,261958.3159877,9,Trunk,233,1,1.4116,9.422,-1.3973,-6.3477,-8.4839,-4.0283,100.4974,-6.026,-11.1456,0.7674,0.0411,-0.1022,0.6316
independent_20260430_165242,trial_001,subject_001,1777539166.7068455,1777539166.7068455,261958.316174,10,L_Femur,227,1,0.3828,8.9387,3.2587,-16.6016,-27.3438,3.2959,78.3105,0.8679,-20.7422,0.62,0.1194,-0.1349,0.7636
independent_20260430_165242,trial_001,subject_001,1777539166.707365,1777539166.707365,261958.3163791,11,L_Tibia,234,1,0.7561,8.24,-1.2154,-47.0581,-12.8784,-16.0522,87.6764,3.2025,-19.0887,0.6794,0.1347,-0.1005,0.7142
independent_20260430_165242,trial_001,subject_001,1777539166.707365,1777539166.707365,261958.3165466,12,L_Foot,240,1,0.4115,3.2108,7.8859,-48.584,15.7471,-15.686,-18.4845,12.1838,-113.4174,-0.1752,-0.076,-0.8297,0.5245
independent_20260430_165242,trial_001,subject_001,1777539166.707365,1777539166.707365,261958.3167354,13,R_Femur,245,1,1.1006,9.3406,-1.5887,36.5601,-18.1885,-5.9204,106.084,-6.4709,-24.4995,0.7868,0.1361,-0.1714,0.577
independent_20260430_165242,trial_001,subject_001,1777539166.7079322,1777539166.7079322,261958.3169329,9,Trunk,234,1,1.2824,9.3598,-1.4308,-6.2256,-8.606,-5.3711,100.3656,-5.9106,-11.2994,0.7666,0.0427,-0.1024,0.6325
independent_20260430_165242,trial_001,subject_001,1777539166.7079322,1777539166.7079322,261958.31712,10,L_Femur,228,1,0.6125,9.2784,3.2013,-16.5405,-18.4326,1.5259,78.0579,0.78,-21.0278,0.6182,0.1201,-0.1375,0.7645
independent_20260430_165242,trial_001,subject_001,1777539166.7079322,1777539166.7079322,261958.3172765,11,L_Tibia,235,1,0.5599,7.9481,-1.1102,-27.1606,-6.897,-10.0708,87.0227,3.4387,-19.259,0.6749,0.1366,-0.1009,0.7182
independent_20260430_165242,trial_001,subject_001,1777539166.7079322,1777539166.7079322,261958.3173997,12,L_Foot,241,1,0.0813,3.4262,7.7663,-34.1187,12.9395,-10.7422,-19.2975,12.3761,-113.7524,-0.1801,-0.0815,-0.8307,0.5205
independent_20260430_165242,trial_001,subject_001,1777539166.7079322,1777539166.7079322,261958.3175265,13,R_Femur,246,1,1.0623,9.3263,-1.6509,42.2363,-22.3389,-6.5308,106.9354,-6.2457,-24.8676,0.7905,0.1411,-0.1707,0.571
independent_20260430_165242,trial_001,subject_001,1777539166.7079322,1777539166.7079322,261958.3176605,15,R_Foot,121,1,0.9235,1.5504,9.8239,3.2959,-1.0376,-0.6714,8.5089,-4.9329,-95.2899,0.0816,0.0259,-0.7384,0.6689
independent_20260430_165242,trial_001,subject_001,1777539166.7089403,1777539166.7089403,261958.3177899,9,Trunk,235,1,1.2346,9.3885,-1.426,-6.4697,-9.2773,-6.4087,100.2667,-5.8008,-11.4148,0.766,0.044,-0.1023,0.6331
independent_20260430_165242,trial_001,subject_001,1777539166.7089403,1777539166.7089403,261958.3179149,10,L_Femur,229,1,0.8039,9.4603,3.0146,-18.3105,-6.958,-0.9766,77.7832,0.7526,-21.1597,0.6162,0.1203,-0.1389,0.7658
independent_20260430_165242,trial_001,subject_001,1777539166.7089403,1777539166.7089403,261958.3180385,11,L_Tibia,236,1,0.335,7.8429,-1.225,-12.6953,-4.6997,-5.3711,86.7865,3.5321,-19.3359,0.6732,0.1374,-0.1011,0.7196
independent_20260430_165242,trial_001,subject_001,1777539166.7089403,1777539166.7089403,261958.3181534,12,L_Foot,242,1,-0.1579,3.2348,7.1729,-20.6299,5.0659,-7.8125,-19.6765,12.4365,-113.9117,-0.1821,-0.0842,-0.8312,0.5186
independent_20260430_165242,trial_001,subject_001,1777539166.7089403,1777539166.7089403,261958.3182687,13,R_Femur,247,1,0.981,9.4028,-1.6748,43.2129,-22.7051,-5.9814,107.6001,-6.0699,-25.1642,0.7933,0.145,-0.1702,0.5663
independent_20260430_165242,trial_001,subject_001,1777539166.7089403,1777539166.7089403,261958.3183913,9,Trunk,236,1,1.2011,9.5033,-1.3781,-7.7515,-10.5591,-7.1411,100.1514,-5.6799,-11.5521,0.7653,0.0454,-0.1023,0.6339
independent_20260430_165242,trial_001,subject_001,1777539166.7089403,1777539166.7089403,261958.318506,10,L_Femur,230,1,0.9188,9.6229,2.7515,-25.2686,6.1646,-6.0425,77.3163,0.8569,-21.1102,0.613,0.1202,-0.1384,0.7685
independent_20260430_165242,trial_001,subject_001,1777539166.7089403,1777539166.7089403,261958.3186296,11,L_Tibia,237,1,0.0909,7.8237,-1.0001,1.2817,-2.2583,-0.7935,86.7645,3.5651,-19.3799,0.6729,0.1378,-0.1012,0.7197
independent_20260430_165242,trial_001,subject_001,1777539166.7089403,1777539166.7089403,261958.3187362,12,L_Foot,243,1,-0.2297,2.9955,6.8045,-4.8218,-2.3804,-4.6997,-19.7974,12.3981,-113.9941,-0.1823,-0.0854,-0.8314,0.5179
independent_20260430_165242,trial_001,subject_001,1777539166.7099385,1777539166.7099385,261958.3188324,13,R_Femur,248,1,1.292,9.934,-1.5217,31.1279,-23.0713,-4.9438,108.1384,-5.8997,-25.4663,0.7954,0.1488,-0.1698,0.5624
independent_20260430_165242,trial_001,subject_001,1777539166.7099385,1777539166.7099385,261958.3189245,14,R_Tibia,124,1,0.9666,9.2401,-1.8279,26.001,-3.6011,3.9673,104.4635,-6.8005,-158.681,0.1817,0.7688,-0.6095,0.067
independent_20260430_165242,trial_001,subject_001,1777539166.7099385,1777539166.7099385,261958.3190159,15,R_Foot,122,1,0.8709,1.5552,9.7952,3.7231,-1.1597,-1.0376,8.5089,-4.9384,-95.2625,0.0817,0.0258,-0.7383,0.6691
independent_20260430_165242,trial_001,subject_001,1777539166.7099385,1777539166.7099385,261958.3191039,9,Trunk,237,1,1.2106,9.6564,-1.3111,-10.6201,-9.0942,-8.1787,99.9536,-5.5042,-11.7224,0.7641,0.0474,-0.1022,0.6352
independent_20260430_165242,trial_001,subject_001,1777539166.7099385,1777539166.7099385,261958.3192115,10,L_Femur,231,1,0.9092,9.4555,2.9333,-23.4375,11.0474,-8.5449,76.9537,1.0107,-20.9839,0.6105,0.1201,-0.1372,0.7707
independent_20260430_165242,trial_001,subject_001,1777539166.7099385,1777539166.7099385,261958.3193319,11,L_Tibia,238,1,0.2823,7.6993,-1.1532,18.7378,-4.3945,4.9438,87.0502,3.4991,-19.4458,0.6747,0.1381,-0.1017,0.7179
independent_20260430_165242,trial_001,subject_001,1777539166.7099385,1777539166.7099385,261958.3194392,12,L_Foot,244,1,-0.378,2.6366,7.1729,11.0474,-8.0566,-1.4648,-19.6545,12.2552,-113.9996,-0.1806,-0.085,-0.8316,0.5183
independent_20260430_165242,trial_001,subject_001,1777539166.7099385,1777539166.7099385,261958.3195304,13,R_Femur,249,1,1.5456,9.1109,-2.6079,38.147,-28.1982,-3.9062,108.8635,-5.6689,-25.9497,0.7981,0.1544,-0.1696,0.5571
independent_20260430_165242,trial_001,subject_001,1777539166.7340398,1777539166.7340398,261958.3440052,9,Trunk,238,1,1.3398,9.5942,-1.2968,-12.8784,-7.2021,-8.2397,99.7614,-5.3723,-11.8158,0.7629,0.0486,-0.1019,0.6366
independent_20260430_165242,trial_001,subject_001,1777539166.7340398,1777539166.7340398,261958.3442326,10,L_Femur,232,1,0.6316,8.4027,3.1582,-13.1226,12.4512,-12.3901,76.6241,1.2854,-20.7861,0.6081,0.1205,-0.1347,0.773
independent_20260430_165242,trial_001,subject_001,1777539166.7340398,1777539166.7340398,261958.344414,11,L_Tibia,239,1,0.3589,7.8907,-1.1963,31.25,-1.8311,8.0566,87.4896,3.3948,-19.4733,0.6776,0.138,-0.1019,0.7152
independent_20260430_165242,trial_001,subject_001,1777539166.7340398,1777539166.7340398,261958.3445989,12,L_Foot,245,1,-0.4594,2.249,7.4983,22.1558,-11.1084,1.0986,-19.3304,12.1124,-113.9447,-0.1782,-0.0833,-0.8315,0.5195
independent_20260430_165242,trial_001,subject_001,1777539166.7358334,1777539166.7358334,261958.344778,13,R_Femur,250,1,1.2872,8.7951,-3.0338,40.2222,-20.1416,-4.1504,109.4843,-5.5096,-26.2408,0.8006,0.1581,-0.1691,0.5526
independent_20260430_165242,trial_001,subject_001,1777539166.7358334,1777539166.7358334,261958.3450195,15,R_Foot,123,1,0.9618,1.6078,9.7761,4.2114,-0.8545,-1.2207,8.5144,-4.9384,-95.2405,0.0817,0.0258,-0.7381,0.6692
independent_20260430_165242,trial_001,subject_001,1777539166.7358334,1777539166.7358334,261958.3451974,9,Trunk,239,1,1.359,9.3933,-1.0575,-17.0288,-5.5542,-7.2021,99.4318,-5.2185,-11.9092,0.761,0.0498,-0.1015,0.6388
independent_20260430_165242,trial_001,subject_001,1777539166.7358334,1777539166.7358334,261958.3453879,10,L_Femur,233,1,0.2105,7.7232,3.1486,-2.4414,11.5356,-13.3667,76.5582,1.5161,-20.6543,0.6075,0.1213,-0.1327,0.7737
independent_20260430_165242,trial_001,subject_001,1777539166.7358334,1777539166.7358334,261958.3455649,11,L_Tibia,240,1,0.3445,8.0582,-1.0192,42.2974,0.061,11.0474,88.0939,3.241,-19.4678,0.6815,0.1375,-0.1021,0.7115
independent_20260430_165242,trial_001,subject_001,1777539166.7368383,1777539166.7368383,261958.3457407,12,L_Foot,246,1,-0.8996,1.9523,7.4744,33.2642,-16.7236,1.6479,-18.8361,11.9037,-113.8458,-0.1745,-0.0805,-0.8314,0.5213
independent_20260430_165242,trial_001,subject_001,1777539166.7368383,1777539166.7368383,261958.3459152,13,R_Femur,251,1,1.0862,8.9913,-2.7993,38.3301,-9.0942,-5.0659,110.072,-5.3998,-26.3727,0.8032,0.1605,-0.1682,0.5485
independent_20260430_165242,trial_001,subject_001,1777539166.7368383,1777539166.7368383,261958.3460906,10,L_Femur,234,1,-0.4115,7.7137,2.9477,0.6104,4.0283,-12.3901,76.5637,1.7194,-20.6049,0.6074,0.1224,-0.1312,0.7739
independent_20260430_165242,trial_001,subject_001,1777539166.7368383,1777539166.7368383,261958.3462667,11,L_Tibia,241,1,0.0144,8.0821,-0.9666,52.4902,-8.4839,16.6626,89.0991,2.9498,-19.5557,0.688,0.1372,-0.1032,0.7051
independent_20260430_165242,trial_001,subject_001,1777539166.7368383,1777539166.7368383,261958.3464433,12,L_Foot,247,1,-1.8375,1.4355,7.106,50.354,-31.4331,-7.8735,-17.8912,11.3654,-113.7689,-0.1665,-0.0762,-0.8317,0.5241
independent_20260430_165242,trial_001,subject_001,1777539166.7368383,1777539166.7368383,261958.3466237,13,R_Femur,252,1,1.1484,8.7233,-2.7228,41.1377,-8.3618,-6.6528,110.874,-5.2405,-26.4716,0.8067,0.1631,-0.1664,0.543
independent_20260430_165242,trial_001,subject_001,1777539166.7378397,1777539166.7378397,261958.3468017,14,R_Tibia,125,1,1.4595,9.0057,-2.2777,32.2266,1.77,2.3193,106.5619,-6.9324,-158.9996,0.1814,0.7801,-0.5956,0.0611
independent_20260430_165242,trial_001,subject_001,1777539166.7378397,1777539166.7378397,261958.346977,15,R_Foot,124,1,0.8853,1.6892,9.8239,3.1128,-0.5493,-0.5493,8.5199,-4.9438,-95.2295,0.0818,0.0258,-0.7381,0.6693
independent_20260430_165242,trial_001,subject_001,1777539166.764372,1777539166.764372,261958.3733532,9,Trunk,240,1,1.0575,9.0631,-0.3637,-20.6299,-8.7891,-7.3853,98.8275,-4.9878,-12.085,0.7575,0.0517,-0.1013,0.6429
independent_20260430_165242,trial_001,subject_001,1777539166.764372,1777539166.764372,261958.3735666,10,L_Femur,235,1,-1.2824,7.8429,2.4596,1.8311,-4.8218,-9.0942,76.5692,1.9006,-20.7037,0.6071,0.1241,-0.1309,0.7739
independent_20260430_165242,trial_001,subject_001,1777539166.764372,1777539166.764372,261958.3737415,11,L_Tibia,242,1,-0.5024,8.2018,-1.1437,56.1523,-21.4844,22.644,89.9231,2.6367,-19.8303,0.6931,0.1377,-0.1058,0.6996
independent_20260430_165242,trial_001,subject_001,1777539166.764372,1777539166.764372,261958.3739044,12,L_Foot,248,1,-1.8136,1.0001,7.8142,59.3262,-38.3911,-17.334,-17.0288,10.7611,-113.8293,-0.1582,-0.0729,-0.8326,0.5259
independent_20260430_165242,trial_001,subject_001,1777539166.764372,1777539166.764372,261958.3740573,13,R_Femur,253,1,1.1676,8.776,-2.5936,41.3208,-11.5356,-7.9346,111.4948,-5.0867,-26.5759,0.8094,0.1655,-0.1649,0.5388
independent_20260430_165242,trial_001,subject_001,1777539166.8241851,1777539166.8241851,261958.4334778,9,Trunk,241,1,0.957,9.1109,0.0766,-19.7754,-12.146,-8.8501,98.421,-4.801,-12.2882,0.755,0.0538,-0.1014,0.6456
independent_20260430_165242,trial_001,subject_001,1777539166.8241851,1777539166.8241851,261958.4336645,10,L_Femur,236,1,-1.292,7.6993,1.5073,14.8315,-4.2114,-7.2632,76.745,1.994,-20.7916,0.608,0.1254,-0.1308,0.773
independent_20260430_165242,trial_001,subject_001,1777539166.8241851,1777539166.8241851,261958.4338137,11,L_Tibia,243,1,-0.6364,8.264,-1.3016,62.0728,-46.2036,32.8369,91.0657,2.0874,-20.6104,0.6997,0.1402,-0.1125,0.6914
independent_20260430_165242,trial_001,subject_001,1777539166.8241851,1777539166.8241851,261958.4339585,12,L_Foot,249,1,-1.5025,0.445,9.0057,62.0728,-39.6729,-29.1138,-15.8258,9.8602,-114.1205,-0.146,-0.0688,-0.8346,0.5267
independent_20260430_165242,trial_001,subject_001,1777539166.825191,1777539166.825191,261958.4341069,14,R_Tibia,126,1,0.8183,9.1779,-2.8663,34.8511,-4.6387,1.2817,107.5946,-6.9489,-159.0381,0.1817,0.7855,-0.5886,0.0592
independent_20260430_165242,trial_001,subject_001,1777539166.825191,1777539166.825191,261958.4342105,15,R_Foot,125,1,0.9714,1.627,9.7665,5.5542,-0.3662,-1.1597,8.6133,-4.9493,-95.235,0.0824,0.0264,-0.7381,0.6692
independent_20260430_165242,trial_001,subject_001,1777539166.825191,1777539166.825191,261958.4343246,9,Trunk,242,1,1.0145,9.3311,0.311,-19.165,-12.2681,-9.2773,98.1299,-4.6472,-12.453,0.7533,0.0555,-0.1015,0.6475
independent_20260430_165242,trial_001,subject_001,1777539166.825191,1777539166.825191,261958.434424,10,L_Femur,237,1,-1.3016,8.3979,0.7465,10.498,-14.0381,-7.6904,76.9208,2.0709,-20.9729,0.6089,0.1271,-0.1314,0.7719
independent_20260430_165242,trial_001,subject_001,1777539166.825191,1777539166.825191,261958.4345154,11,L_Tibia,244,1,-0.3445,8.4314,-1.3638,63.1104,-59.7534,37.4146,91.983,1.5765,-21.4783,0.7048,0.1434,-0.1197,0.6844
independent_20260430_165242,trial_001,subject_001,1777539166.825191,1777539166.825191,261958.4346052,12,L_Foot,250,1,-1.4403,-0.4259,8.1491,68.5425,-46.2036,-36.6211,-14.87,9.0802,-114.4611,-0.1358,-0.066,-0.8367,0.5264
independent_20260430_165242,trial_001,subject_001,1777539166.825191,1777539166.825191,261958.4346957,13,R_Femur,254,1,0.1962,8.4554,-4.2253,40.3442,-14.0991,-6.4697,112.8186,-4.6802,-26.9879,0.8146,0.1722,-0.1621,0.5296
independent_20260430_165242,trial_001,subject_001,1777539166.825191,1777539166.825191,261958.4348185,9,Trunk,243,1,1.1197,9.4698,0.3302,-20.3857,-13.4888,-9.0942,97.8278,-4.4934,-12.6343,0.7514,0.0573,-0.1016,0.6494
independent_20260430_165242,trial_001,subject_001,1777539166.825191,1777539166.825191,261958.4349349,10,L_Femur,238,1,-1.1484,8.1539,0.4546,19.043,-28.4424,-10.3149,77.1735,2.1368,-21.5112,0.6099,0.1307,-0.1344,0.77
independent_20260430_165242,trial_001,subject_001,1777539166.825191,1777539166.825191,261958.4350261,11,L_Tibia,245,1,0.2632,8.7281,-1.8231,56.4575,-69.7021,36.6821,92.8455,1.0492,-22.522,0.7092,0.1477,-0.1281,0.6773
independent_20260430_165242,trial_001,subject_001,1777539166.826196,1777539166.826196,261958.4351333,12,L_Foot,251,1,-1.3159,-1.292,8.5271,74.5239,-48.4009,-43.8232,-13.8208,8.2233,-114.906,-0.1246,-0.0629,-0.8393,0.5254
independent_20260430_165242,trial_001,subject_001,1777539166.826196,1777539166.826196,261958.4352297,13,R_Femur,255,1,-0.1388,8.4937,-4.0052,41.1377,-7.6294,-6.5308,113.4283,-4.5483,-27.0703,0.8172,0.1743,-0.1606,0.5254
independent_20260430_165242,trial_001,subject_001,1777539166.826196,1777539166.826196,261958.4353187,14,R_Tibia,127,1,0.4881,8.9865,-3.8712,35.2783,-10.376,3.1738,108.8416,-6.9598,-159.2633,0.1808,0.7922,-0.5802,0.056
independent_20260430_165242,trial_001,subject_001,1777539166.826196,1777539166.826196,261958.4354072,15,R_Foot,126,1,0.8135,1.804,9.8574,5.0659,-1.2207,-0.9766,8.7616,-4.9823,-95.2679,0.0834,0.0272,-0.7382,0.6688
independent_20260430_165242,trial_001,subject_001,1777539166.826196,1777539166.826196,261958.435495,9,Trunk,244,1,1.2441,9.4363,0.3445,-20.813,-17.0288,-9.5825,97.4103,-4.2737,-12.9309,0.7488,0.0601,-0.1021,0.6521
independent_20260430_165242,trial_001,subject_001,1777539166.826196,1777539166.826196,261958.4355829,10,L_Femur,239,1,-0.445,7.0868,-0.3302,39.1235,-29.48,-10.1929,77.6843,2.1918,-21.9672,0.6127,0.1341,-0.1366,0.7668
independent_20260430_165242,trial_001,subject_001,1777539166.826196,1777539166.826196,261958.4356715,11,L_Tibia,246,1,0.6843,8.4745,-2.139,50.8423,-72.0215,38.5132,93.8892,0.3461,-23.9832,0.7143,0.1538,-0.1397,0.6683
independent_20260430_165242,trial_001,subject_001,1777539166.827105,1777539166.827105,261958.4360968,12,L_Foot,252,1,0.4833,-12.5993,10.1685,72.937,-18.9209,9.3994,-12.4969,7.5092,-115.1477,-0.1132,-0.0568,-0.8411,0.5259
independent_20260430_165242,trial_001,subject_001,1777539166.827105,1777539166.827105,261958.4362021,13,R_Femur,256,1,0.4067,8.5128,-3.6032,48.9502,-15.8691,-7.0801,114.3567,-4.3396,-27.2406,0.821,0.1778,-0.1585,0.5189
independent_20260430_165242,trial_001,subject_001,1777539166.884043,1777539166.884043,261958.493542,9,Trunk,245,1,1.1963,9.3789,0.4115,-18.8599,-17.2119,-9.5215,97.1246,-4.1089,-13.1726,0.747,0.0624,-0.1026,0.6539
independent_20260430_165242,trial_001,subject_001,1777539166.884043,1777539166.884043,261958.4937598,10,L_Femur,240,1,0.4594,7.8955,-0.9427,48.8892,-32.959,-5.127,78.5797,2.1918,-22.6208,0.6179,0.1387,-0.1399,0.7612
independent_20260430_165242,trial_001,subject_001,1777539166.8850415,1777539166.8850415,261958.493947,11,L_Tibia,247,1,0.6747,9.8526,-1.1676,38.3301,-60.73,21.5454,94.5044,0.0275,-24.9719,0.7169,0.1589,-0.1466,0.6628
independent_20260430_165242,trial_001,subject_001,1777539166.8850415,1777539166.8850415,261958.4941229,12,L_Foot,253,1,1.7466,-9.9723,8.5128,78.9795,-47.9126,34.3018,-11.3159,6.9653,-114.5874,-0.104,-0.0501,-0.839,0.5317
independent_20260430_165242,trial_001,subject_001,1777539166.8850415,1777539166.8850415,261958.4943256,13,R_Femur,257,1,0.7465,8.7473,-3.4692,49.8657,-24.353,-7.3242,115.1093,-4.1089,-27.5043,0.8238,0.1818,-0.1568,0.5136
independent_20260430_165242,trial_001,subject_001,1777539166.8850415,1777539166.8850415,261958.4945083,14,R_Tibia,128,1,1.1102,9.2354,-3.2826,37.5366,-17.8833,2.0142,110.1874,-6.85,-159.8126,0.1771,0.8,-0.571,0.0519
independent_20260430_165242,trial_001,subject_001,1777539166.8850415,1777539166.8850415,261958.4946936,15,R_Foot,127,1,0.9044,1.6461,9.9101,5.0049,-0.7324,-0.1831,8.9209,-5.0262,-95.2844,0.0847,0.028,-0.7383,0.6686
independent_20260430_165242,trial_001,subject_001,1777539166.8850415,1777539166.8850415,261958.4948659,9,Trunk,246,1,0.9475,9.4698,0.1914,-16.0522,-16.5405,-8.3008,96.7896,-3.9111,-13.4857,0.7448,0.0652,-0.1033,0.656
independent_20260430_165242,trial_001,subject_001,1777539166.8860445,1777539166.8860445,261958.4950361,10,L_Femur,241,1,1.6461,8.9004,-1.1006,60.791,-26.6113,0.5493,79.4421,2.1204,-23.0273,0.6232,0.1415,-0.1419,0.7559
independent_20260430_165242,trial_001,subject_001,1777539166.8860445,1777539166.8860445,261958.4952145,11,L_Tibia,248,1,-0.1292,11.6279,1.3638,16.0522,-46.1426,1.4038,94.8285,-0.0055,-25.7025,0.7178,0.1637,-0.1505,0.6597
independent_20260430_165242,trial_001,subject_001,1777539166.8860445,1777539166.8860445,261958.4953935,12,L_Foot,254,1,-4.4311,-2.6175,7.5175,91.0645,-57.8003,24.1699,-9.8877,6.3171,-114.0161,-0.0929,-0.0423,-0.8369,0.5377
independent_20260430_165242,trial_001,subject_001,1777539166.8860445,1777539166.8860445,261958.4955763,13,R_Femur,258,1,1.0288,8.9482,-3.3448,50.415,-28.0762,-7.019,115.8838,-3.8452,-27.8284,0.8265,0.1864,-0.1552,0.5081
independent_20260430_165242,trial_001,subject_001,1777539166.9338255,1777539166.9338255,261958.5431933,9,Trunk,247,1,0.9905,9.465,-0.1723,-11.5967,-16.1133,-7.4463,96.5973,-3.7738,-13.7164,0.7435,0.0674,-0.1038,0.6572
independent_20260430_165242,trial_001,subject_001,1777539166.9338255,1777539166.9338255,261958.5433542,10,L_Femur,242,1,3.1917,10.5704,-0.3302,54.3213,-23.3765,6.2256,80.2716,1.983,-23.3624,0.6285,0.1434,-0.1438,0.7508
independent_20260430_165242,trial_001,subject_001,1777539166.9338255,1777539166.9338255,261958.5434859,11,L_Tibia,249,1,0.2967,13.1448,3.9956,-15.5029,1.2817,-32.7148,94.6802,0.5054,-25.9937,0.7159,0.1683,-0.1492,0.661
independent_20260430_165242,trial_001,subject_001,1777539166.9338255,1777539166.9338255,261958.543595,12,L_Foot,255,1,-4.3306,-1.9763,8.3022,139.8315,-47.4854,0.1221,-7.2949,4.834,-113.5382,-0.07,-0.0301,-0.8355,0.5442
independent_20260430_165242,trial_001,subject_001,1777539166.9348254,1777539166.9348254,261958.5437187,13,R_Femur,259,1,1.6748,9.1205,-3.1534,49.1943,-26.1841,-5.6763,116.8726,-3.5101,-28.2568,0.8298,0.1923,-0.153,0.501
independent_20260430_165242,trial_001,subject_001,1777539166.9348254,1777539166.9348254,261958.5438492,14,R_Tibia,129,1,1.5935,9.398,-2.584,43.0908,-16.0522,-1.8921,111.676,-6.6193,-160.3619,0.1728,0.8084,-0.5605,0.0485
independent_20260430_165242,trial_001,subject_001,1777539166.9348254,1777539166.9348254,261958.5439492,15,R_Foot,128,1,0.9905,1.4595,9.8191,8.4229,0.4272,-0.7935,9.1461,-5.0427,-95.2954,0.0861,0.0293,-0.7383,0.6683
independent_20260430_165242,trial_001,subject_001,1777539166.9348254,1777539166.9348254,261958.544046,9,Trunk,248,1,1.4403,9.5607,-0.7321,-5.3711,-15.564,-6.0425,96.4984,-3.6639,-13.9417,0.7427,0.0694,-0.1044,0.6577
independent_20260430_165242,trial_001,subject_001,1777539166.9348254,1777539166.9348254,261958.5441417,10,L_Femur,243,1,2.9859,13.4511,3.6463,16.1743,-24.1089,-0.4272,80.8319,1.8567,-23.8019,0.6318,0.1458,-0.1467,0.7471
independent_20260430_165242,trial_001,subject_001,1777539166.9348254,1777539166.9348254,261958.544238,11,L_Tibia,250,1,1.6796,12.3218,2.3352,16.4185,29.4189,-16.9067,94.8779,0.8075,-25.5652,0.7172,0.1676,-0.1446,0.6607
independent_20260430_165242,trial_001,subject_001,1777539166.9348254,1777539166.9348254,261958.5443328,12,L_Foot,256,1,-2.4739,1.0575,10.8192,122.1924,-55.6641,-0.3052,-5.3668,4.1254,-113.4998,-0.0557,-0.0194,-0.8358,0.5459
independent_20260430_165242,trial_001,subject_001,1777539166.9348254,1777539166.9348254,261958.5444281,13,R_Femur,260,1,1.9667,9.2832,-3.0338,57.0068,-24.7192,-8.1177,117.702,-3.2465,-28.5425,0.8327,0.1967,-0.151,0.4951
independent_20260430_165242,trial_001,subject_001,1777539166.9348254,1777539166.9348254,261958.5445225,9,Trunk,249,1,2.2107,9.8909,-1.6317,8.4839,-8.1787,-3.2349,96.5698,-3.5706,-14.1449,0.743,0.0713,-0.105,0.6572
independent_20260430_165242,trial_001,subject_001,1777539166.9348254,1777539166.9348254,261958.5446272,10,L_Femur,244,1,0.1053,15.1163,7.2447,-9.7046,-33.4473,-15.3198,80.7275,1.9611,-24.2853,0.6303,0.149,-0.1494,0.7471
independent_20260430_165242,trial_001,subject_001,1777539166.9358253,1777539166.9358253,261958.5447228,11,L_Tibia,251,1,3.0242,12.2069,-0.268,27.0996,67.2607,-14.0991,95.3229,1.0272,-24.2633,0.7214,0.1612,-0.1351,0.6598
independent_20260430_165242,trial_001,subject_001,1777539166.9358253,1777539166.9358253,261958.5448165,12,L_Foot,257,1,7.2256,0.2345,12.8529,132.6904,0.9155,19.5312,-2.7081,3.8507,-113.2581,-0.041,-0.0012,-0.8349,0.5489
independent_20260430_165242,trial_001,subject_001,1777539166.9358253,1777539166.9358253,261958.5449096,13,R_Femur,261,1,2.1677,9.5799,-3.2539,59.9976,-18.7988,-7.4463,118.8062,-2.9333,-28.8226,0.8367,0.2015,-0.148,0.4873
independent_20260430_165242,trial_001,subject_001,1777539166.9358253,1777539166.9358253,261958.5450021,14,R_Tibia,130,1,1.4643,9.9436,-2.5936,49.1943,-16.4795,-7.5073,113.1427,-6.2732,-160.7684,0.1689,0.8166,-0.55,0.0469
independent_20260430_165242,trial_001,subject_001,1777539166.9358253,1777539166.9358253,261958.5450947,15,R_Foot,129,1,1.0384,1.3494,10.0345,12.5732,1.8921,0.1831,9.5142,-4.9878,-95.2954,0.0879,0.032,-0.7382,0.6681
independent_20260430_165242,trial_001,subject_001,1777539166.9842932,1777539166.9842932,261958.5934208,9,Trunk,250,1,2.2012,10.446,-2.3064,18.4326,-0.4883,-1.709,96.806,-3.5486,-14.1724,0.7443,0.0718,-0.1048,0.6556
independent_20260430_165242,trial_001,subject_001,1777539166.9842932,1777539166.9842932,261958.593608,11,L_Tibia,252,1,1.2106,10.7905,-1.3207,41.0156,50.0488,-2.5024,95.9161,1.0272,-23.4503,0.7259,0.1568,-0.1296,0.657
independent_20260430_165242,trial_001,subject_001,1777539166.9842932,1777539166.9842932,261958.5937356,12,L_Foot,258,1,2.5744,2.9907,18.4611,105.1025,20.2026,21.4233,-1.0052,4.1034,-112.934,-0.0347,0.0125,-0.8332,0.5518
independent_20260430_165242,trial_001,subject_001,1777539166.9842932,1777539166.9842932,261958.5938687,13,R_Femur,262,1,2.2873,10.3551,-3.8042,41.748,-8.4229,-9.5215,119.4983,-2.7466,-28.8885,0.8393,0.2037,-0.1457,0.4826
independent_20260430_165242,trial_001,subject_001,1777539166.9842932,1777539166.9842932,261958.5940068,9,Trunk,251,1,1.6126,11.1063,-2.6223,14.8315,3.9062,-0.6714,97.0312,-3.5486,-14.1229,0.7456,0.0717,-0.1044,0.6542
independent_20260430_165242,trial_001,subject_001,1777539166.9938147,1777539166.9938147,261958.6032382,10,L_Femur,245,1,0.4498,11.8911,4.9526,-1.4038,-9.0332,-22.7661,80.5957,2.7301,-25.2795,0.6269,0.1592,-0.1518,0.7474
independent_20260430_165242,trial_001,subject_001,1777539166.9938147,1777539166.9938147,261958.6033642,11,L_Tibia,253,1,-0.5694,10.1828,-1.804,56.1523,10.7422,-3.7231,96.7126,1.0437,-23.1372,0.7309,0.1558,-0.1266,0.6523
independent_20260430_165242,trial_001,subject_001,1777539166.9938147,1777539166.9938147,261958.6034689,12,L_Foot,259,1,-5.5651,4.7852,19.5187,58.0444,13.7329,6.7139,0.0055,4.3781,-112.7966,-0.0318,0.0212,-0.8323,0.553
independent_20260430_165242,trial_001,subject_001,1777539166.9938147,1777539166.9938147,261958.6035672,13,R_Femur,263,1,1.8662,10.3359,-4.1344,27.0386,-3.9673,-8.606,119.9487,-2.6202,-28.8995,0.841,0.2049,-0.144,0.4795
independent_20260430_165242,trial_001,subject_001,1777539166.9938147,1777539166.9938147,261958.6036624,14,R_Tibia,131,1,0.8805,9.6995,-2.2873,60.9741,-16.7847,-8.9111,115.1202,-5.7733,-161.0815,0.1652,0.827,-0.5354,0.0461
independent_20260430_165242,trial_001,subject_001,1777539166.9948144,1777539166.9948144,261958.6037575,15,R_Foot,130,1,1.1054,1.3398,9.8718,18.7378,1.709,-1.4038,10.058,-4.9219,-95.2844,0.0906,0.0359,-0.738,0.6678
independent_20260430_165242,trial_001,subject_001,1777539166.9948144,1777539166.9948144,261958.6039028,9,Trunk,252,1,0.8661,11.1781,-2.249,10.8643,8.1177,2.6855,97.229,-3.609,-13.9911,0.7469,0.0707,-0.1039,0.653
independent_20260430_165242,trial_001,subject_001,1777539166.9948144,1777539166.9948144,261958.6040443,10,L_Femur,246,1,1.7992,9.8335,2.115,5.6152,6.0425,-20.874,80.6396,3.0487,-25.274,0.6267,0.1613,-0.1499,0.7475
independent_20260430_165242,trial_001,subject_001,1777539166.9948144,1777539166.9948144,261958.6041644,11,L_Tibia,254,1,-3.4788,9.934,-2.45,62.5,-49.5605,13.0005,97.9486,0.9943,-23.7085,0.7371,0.1605,-0.1284,0.6437
independent_20260430_165242,trial_001,subject_001,1777539166.9948144,1777539166.9948144,261958.6042823,12,L_Foot,260,1,-0.2297,0.8757,13.1113,26.4893,16.6016,2.0752,0.5933,4.6582,-112.7692,-0.031,0.0268,-0.832,0.5533
independent_20260430_165242,trial_001,subject_001,1777539166.9948144,1777539166.9948144,261958.6043994,13,R_Femur,264,1,1.1149,10.4364,-4.2923,9.9487,-2.2583,-6.5308,120.2124,-2.4719,-28.8721,0.8421,0.2057,-0.1423,0.4779
independent_20260430_165242,trial_001,subject_001,1777539167.094222,1777539167.094222,261958.7035722,9,Trunk,253,1,0.201,11.1494,-1.8136,6.958,6.5918,4.1504,97.3224,-3.6914,-13.8922,0.7475,0.0696,-0.1038,0.6524
independent_20260430_165242,trial_001,subject_001,1777539167.094222,1777539167.094222,261958.7036983,10,L_Femur,247,1,-0.8565,7.6084,-1.67,23.3154,14.2822,-25.0854,81.0461,3.5651,-25.0708,0.6288,0.164,-0.1452,0.7461
independent_20260430_165242,trial_001,subject_001,1777539167.094222,1777539167.094222,261958.7038073,12,L_Foot,261,1,-1.2346,0.0383,10.3216,26.001,10.376,2.5635,1.0162,4.845,-112.7307,-0.0303,0.0308,-0.8316,0.5537
independent_20260430_165242,trial_001,subject_001,1777539167.094222,1777539167.094222,261958.7039112,13,R_Femur,265,1,0.6221,10.9628,-4.1583,-8.1177,0.3662,-4.5776,120.13,-2.417,-28.8336,0.8417,0.2055,-0.1419,0.4786
independent_20260430_165242,trial_001,subject_001,1777539167.094222,1777539167.094222,261958.7040126,14,R_Tibia,132,1,0.0622,10.1924,-2.9859,72.2046,-20.4468,-9.2163,117.5812,-5.1526,-161.5594,0.1599,0.8396,-0.5171,0.045
independent_20260430_165242,trial_001,subject_001,1777539167.0952222,1777539167.0952222,261958.7041133,15,R_Foot,131,1,0.8326,1.2154,9.8861,28.1372,0.2441,-2.9297,10.7886,-4.8889,-95.3503,0.0946,0.0409,-0.7381,0.6668
independent_20260430_165242,trial_001,subject_001,1777539167.0952222,1777539167.0952222,261958.7042141,10,L_Femur,248,1,-3.0529,7.4792,-2.9142,23.0103,-0.9155,-21.2402,81.3922,3.9001,-25.0818,0.6305,0.1667,-0.1429,0.7445
independent_20260430_165242,trial_001,subject_001,1777539167.0952222,1777539167.0952222,261958.7043127,11,L_Tibia,255,1,-1.1245,8.7138,-3.0481,52.1851,-98.3276,15.8081,99.5911,0.9064,-26.4111,0.7424,0.1794,-0.1416,0.6298
independent_20260430_165242,trial_001,subject_001,1777539167.0952222,1777539167.0952222,261958.7044112,12,L_Foot,262,1,-1.3925,0.4307,9.9723,20.4468,3.9062,2.8076,1.4557,4.9274,-112.6868,-0.0287,0.0344,-0.8312,0.5541
independent_20260430_165242,trial_001,subject_001,1777539167.0952222,1777539167.0952222,261958.7045093,13,R_Femur,266,1,0.0239,10.6422,-3.6798,-20.4468,-2.7466,-1.2817,119.8499,-2.3895,-28.8391,0.8405,0.2053,-0.1422,0.4807
independent_20260430_165242,trial_001,subject_001,1777539167.0952222,1777539167.0952222,261958.7046071,9,Trunk,254,1,-0.6891,10.0488,-1.2872,-4.6997,-21.0571,-1.4038,97.2565,-3.7024,-14.2767,0.7469,0.072,-0.1061,0.6525
independent_20260430_165242,trial_001,subject_001,1777539167.0952222,1777539167.0952222,261958.7047046,11,L_Tibia,256,1,-1.1771,9.0392,-3.9334,43.1519,-91.98,14.2212,100.47,0.9558,-28.3118,0.744,0.1932,-0.1502,0.6218
independent_20260430_165242,trial_001,subject_001,1777539167.0952222,1777539167.0952222,261958.7048003,12,L_Foot,263,1,-1.0671,0.2728,9.9244,20.0195,3.2959,3.3569,1.7743,4.9933,-112.6428,-0.0277,0.037,-0.8309,0.5545
independent_20260430_165242,trial_001,subject_001,1777539167.0952222,1777539167.0952222,261958.7048976,13,R_Femur,267,1,-0.8518,10.2881,-3.0386,-34.2407,-17.0898,1.4038,119.2291,-2.2961,-29.0753,0.8374,0.2067,-0.1437,0.4852
independent_20260430_165242,trial_001,subject_001,1777539167.0952222,1777539167.0952222,261958.7050089,14,R_Tibia,133,1,-1.0719,9.7952,-3.7324,81.0547,-40.1611,-3.6011,120.3827,-4.4055,-162.4603,0.1511,0.854,-0.496,0.0428
independent_20260430_165242,trial_001,subject_001,1777539167.0962222,1777539167.0962222,261958.705108,15,R_Foot,132,1,1.158,1.8614,9.7809,41.1987,-2.5024,-7.5684,12.1014,-4.9054,-95.5536,0.1023,0.0494,-0.7388,0.6643
independent_20260430_165242,trial_001,subject_001,1777539167.0962222,1777539167.0962222,261958.7052049,9,Trunk,255,1,0.0526,9.4794,-1.4164,-1.4648,-27.0996,-4.5776,97.229,-3.6035,-14.6613,0.7464,0.0751,-0.1077,0.6524
independent_20260430_165242,trial_001,subject_001,1777539167.0962222,1777539167.0962222,261958.7053015,10,L_Femur,249,1,-1.8136,10.1015,-0.4929,45.2881,-47.8516,-15.5029,82.4908,4.2627,-26.3068,0.6352,0.1772,-0.1471,0.7372
independent_20260430_165242,trial_001,subject_001,1777539167.0962222,1777539167.0962222,261958.7053982,11,L_Tibia,257,1,2.0624,9.4172,-4.4837,39.7339,-46.4478,9.6436,101.0577,0.9723,-29.1577,0.7457,0.1995,-0.1537,0.6168
independent_20260430_165242,trial_001,subject_001,1777539167.0962222,1777539167.0962222,261958.7054943,12,L_Foot,264,1,-1.158,0.7943,10.2929,14.2822,0.6714,3.8452,2.027,5.0098,-112.5879,-0.0265,0.0389,-0.8305,0.555
independent_20260430_165242,trial_001,subject_001,1777539167.0962222,1777539167.0962222,261958.7055903,13,R_Femur,268,1,-1.3829,10.446,-2.7132,-44.0674,-25.9399,1.9531,118.6029,-2.1478,-29.4104,0.834,0.209,-0.1452,0.4896
independent_20260430_165242,trial_001,subject_001,1777539167.0962222,1777539167.0962222,261958.7056858,9,Trunk,256,1,0.9666,9.6564,-1.7227,4.2114,-31.9824,-8.4229,97.3004,-3.3893,-15.26,0.7463,0.0803,-0.1097,0.6516
independent_20260430_165242,trial_001,subject_001,1777539167.0962222,1777539167.0962222,261958.7057807,10,L_Femur,250,1,-0.6173,10.4795,-0.3302,49.4385,-35.2783,-14.7705,83.1775,4.4165,-26.9055,0.6384,0.1823,-0.149,0.7328
independent_20260430_165242,trial_001,subject_001,1777539167.0962222,1777539167.0962222,261958.7058753,11,L_Tibia,258,1,5.9049,10.0058,-3.5793,37.9639,47.5464,-15.625,101.8268,1.2195,-28.6359,0.7504,0.1984,-0.1479,0.6129
independent_20260430_165242,trial_001,subject_001,1777539167.0962222,1777539167.0962222,261958.70597,12,L_Foot,265,1,-0.9666,0.7034,10.4938,8.4229,0.6104,3.2349,2.2302,5.0208,-112.5275,-0.0256,0.0405,-0.8302,0.5554
independent_20260430_165242,trial_001,subject_001,1777539167.0962222,1777539167.0962222,261958.706064,13,R_Femur,269,1,-1.6365,10.4795,-2.0146,-57.1899,-31.0669,5.127,117.5317,-1.9446,-29.9707,0.8281,0.2126,-0.1481,0.4971
independent_20260430_165242,trial_001,subject_001,1777539167.0972252,1777539167.0972252,261958.7061579,14,R_Tibia,134,1,-0.957,9.9436,-3.6559,88.9282,-47.7295,2.5024,123.0414,-3.6859,-163.6633,0.14,0.8674,-0.4758,0.0397
independent_20260430_165242,trial_001,subject_001,1777539167.0972252,1777539167.0972252,261958.7063296,15,R_Foot,133,1,0.9427,1.3063,10.1015,62.1948,-0.1831,-13.0005,13.9526,-4.856,-95.9161,0.1125,0.062,-0.7399,0.6603
independent_20260430_165242,trial_001,subject_001,1777539167.0972252,1777539167.0972252,261958.7064287,9,Trunk,257,1,1.0767,9.8383,-2.0289,7.3242,-28.9917,-10.8643,97.4103,-3.1915,-15.683,0.7465,0.0843,-0.1107,0.6507
independent_20260430_165242,trial_001,subject_001,1777539167.0972252,1777539167.0972252,261958.7065237,10,L_Femur,251,1,0.7561,10.1685,-0.6364,49.4385,-21.6064,-9.8877,83.8861,4.5319,-27.2736,0.6421,0.186,-0.1495,0.7285
independent_20260430_165242,trial_001,subject_001,1777539167.0972252,1777539167.0972252,261958.7066213,11,L_Tibia,259,1,2.6031,10.2259,-2.5648,28.0151,52.5513,-19.7144,102.3157,1.3348,-27.8174,0.7542,0.1943,-0.1419,0.6109
independent_20260430_165242,trial_001,subject_001,1777539167.0972252,1777539167.0972252,261958.7067171,12,L_Foot,266,1,-0.6364,0.3876,10.0871,9.0942,2.8687,2.1362,2.373,5.0592,-112.4945,-0.0252,0.0417,-0.8299,0.5557
independent_20260430_165242,trial_001,subject_001,1777539167.0972252,1777539167.0972252,261958.706812,13,R_Femur,270,1,-1.3303,10.5943,-1.5695,-71.8994,-30.2734,5.0049,116.5045,-1.8127,-30.4156,0.8227,0.215,-0.151,0.5042
independent_20260430_165242,trial_001,subject_001,1777539167.0972252,1777539167.0972252,261958.7069062,9,Trunk,258,1,0.6508,9.7234,-2.4021,8.5449,-23.0713,-12.8784,97.5366,-2.9663,-16.0236,0.7468,0.0879,-0.1111,0.6497
independent_20260430_165242,trial_001,subject_001,1777539167.0972252,1777539167.0972252,261958.7070117,10,L_Femur,252,1,1.9236,9.8335,-0.3254,42.5415,-8.728,-7.9956,84.765,4.6747,-27.5317,0.647,0.1895,-0.1489,0.7234
independent_20260430_165242,trial_001,subject_001,1777539167.0972252,1777539167.0972252,261958.7071083,11,L_Tibia,260,1,-1.3733,9.6134,-2.1294,31.4331,7.9346,-22.7661,102.8101,1.5985,-27.5262,0.757,0.1944,-0.1378,0.6084
independent_20260430_165242,trial_001,subject_001,1777539167.0972252,1777539167.0972252,261958.7072019,12,L_Foot,267,1,-0.4881,0.4211,10.0105,10.3149,4.1504,0.7935,2.5433,5.1196,-112.478,-0.0248,0.0432,-0.8298,0.5559
independent_20260430_165242,trial_001,subject_001,1777539167.0972252,1777539167.0972252,261958.7072965,13,R_Femur,271,1,-1.3925,10.714,-1.469,-85.8154,-31.7383,4.7607,115.2631,-1.6864,-30.8606,0.8162,0.2171,-0.1544,0.5127
independent_20260430_165242,trial_001,subject_001,1777539167.0972252,1777539167.0972252,261958.7073896,14,R_Tibia,135,1,-1.2154,9.8622,-3.431,99.9146,-50.5371,10.9253,126.4417,-2.9279,-165.2124,0.1263,0.8836,-0.4496,0.0353
independent_20260430_165242,trial_001,subject_001,1777539167.2140582,1777539167.2140582,261958.8231636,15,R_Foot,134,1,1.1484,1.2633,10.2498,113.5254,-0.7324,-23.4985,17.1606,-4.6747,-96.5698,0.1293,0.0844,-0.7415,0.6529
independent_20260430_165242,trial_001,subject_001,1777539167.2140582,1777539167.2140582,261958.8232802,9,Trunk,259,1,0.4402,9.3071,-2.6893,7.3853,-16.2964,-14.4653,97.6959,-2.6477,-16.3477,0.7473,0.092,-0.1108,0.6487
independent_20260430_165242,trial_001,subject_001,1777539167.2140582,1777539167.2140582,261958.8233807,10,L_Femur,253,1,1.2489,9.5847,0.0957,39.917,10.0708,-10.437,85.3748,4.823,-27.4493,0.6507,0.1908,-0.1465,0.7202
independent_20260430_165242,trial_001,subject_001,1777539167.2140582,1777539167.2140582,261958.8234787,11,L_Tibia,261,1,-3.3879,9.1205,-2.651,28.6255,-80.2002,11.3525,103.3044,1.8512,-28.7622,0.7571,0.2045,-0.1418,0.6041
independent_20260430_165242,trial_001,subject_001,1777539167.2140582,1777539167.2140582,261958.8235728,12,L_Foot,268,1,-0.8135,0.5168,10.0584,10.0098,2.8076,0.4272,2.7631,5.202,-112.4725,-0.0243,0.0452,-0.8296,0.5559
independent_20260430_165242,trial_001,subject_001,1777539167.2140582,1777539167.2140582,261958.8236648,13,R_Femur,272,1,-1.6461,10.2785,-1.7274,-88.8672,-42.5415,4.8828,113.4998,-1.4667,-31.6296,0.8065,0.2211,-0.1597,0.5246
independent_20260430_165242,trial_001,subject_001,1777539167.2140582,1777539167.2140582,261958.8237562,9,Trunk,260,1,0.4737,8.9722,-2.6223,7.5073,-12.3291,-13.6108,97.7948,-2.4225,-16.5125,0.7476,0.0944,-0.1101,0.6482
independent_20260430_165242,trial_001,subject_001,1777539167.2140582,1777539167.2140582,261958.8238462,11,L_Tibia,262,1,-0.3397,9.5512,-3.3353,26.3672,-78.0029,12.6953,103.6835,1.9501,-29.9542,0.7568,0.2133,-0.1467,0.6002
independent_20260430_165242,trial_001,subject_001,1777539167.2150702,1777539167.2150702,261958.8239342,12,L_Foot,269,1,-1.1437,0.78,10.0823,8.8501,1.4038,0.8545,2.9114,5.224,-112.467,-0.0238,0.0464,-0.8295,0.556
independent_20260430_165242,trial_001,subject_001,1777539167.2150702,1777539167.2150702,261958.8240227,13,R_Femur,273,1,-0.9666,10.4699,-1.8088,-96.9849,-45.105,4.0283,112.0715,-1.2634,-32.2668,0.7984,0.2245,-0.164,0.5341
independent_20260430_165242,trial_001,subject_001,1777539167.2150702,1777539167.2150702,261958.8241111,14,R_Tibia,136,1,-0.3637,9.6134,-3.9143,105.2856,-43.0908,17.6392,130.1385,-2.3181,-166.7889,0.1128,0.8996,-0.4207,0.0303
independent_20260430_165242,trial_001,subject_001,1777539167.2150702,1777539167.2150702,261958.8242002,15,R_Foot,135,1,0.9283,2.6318,10.3503,140.686,0.2441,-29.4189,21.1981,-4.422,-97.3499,0.1498,0.113,-0.7423,0.6433
independent_20260430_165242,trial_001,subject_001,1777539167.2150702,1777539167.2150702,261958.8242884,11,L_Tibia,263,1,2.1055,9.7043,-2.852,23.4985,-47.1191,0.1221,104.0186,2.1313,-30.7288,0.7568,0.2198,-0.1489,0.5973
independent_20260430_165242,trial_001,subject_001,1777539167.2150702,1777539167.2150702,261958.824376,12,L_Foot,270,1,-1.2968,0.7082,10.0775,6.7749,0.061,1.3428,3.0652,5.2405,-112.4506,-0.0231,0.0476,-0.8294,0.5562
independent_20260430_165242,trial_001,subject_001,1777539167.2150702,1777539167.2150702,261958.8244647,13,R_Femur,274,1,0.2632,10.6422,-2.0337,-107.5439,-41.2598,4.1504,110.4895,-1.1096,-32.8766,0.7895,0.2272,-0.1689,0.5445
independent_20260430_165242,trial_001,subject_001,1777539167.2150702,1777539167.2150702,261958.8245527,9,Trunk,261,1,-0.0479,9.2162,-2.6223,7.3242,-14.1602,-13.855,98.0475,-1.9171,-16.8805,0.7483,0.0999,-0.1087,0.6467
independent_20260430_165242,trial_001,subject_001,1777539167.2150702,1777539167.2150702,261958.8246412,10,L_Femur,254,1,-2.2825,9.7952,-0.6651,39.7949,28.2593,-19.6533,87.4896,5.7404,-26.1859,0.6644,0.1917,-0.1297,0.7106
independent_20260430_165242,trial_001,subject_001,1777539167.2150702,1777539167.2150702,261958.8247444,11,L_Tibia,264,1,0.6986,9.3454,-2.7275,23.9868,22.3389,-14.8315,104.5184,2.3346,-30.4541,0.7596,0.2197,-0.1452,0.5947
independent_20260430_165242,trial_001,subject_001,1777539167.2150702,1777539167.2150702,261958.8248327,12,L_Foot,271,1,-1.1915,0.7561,10.0105,5.3101,-0.6714,1.8921,3.1586,5.235,-112.4231,-0.0226,0.0483,-0.8292,0.5564
independent_20260430_165242,trial_001,subject_001,1777539167.2150702,1777539167.2150702,261958.8249218,13,R_Femur,275,1,1.7992,10.446,-2.6749,-109.1919,-29.3579,4.9438,108.3032,-0.9888,-33.5248,0.7776,0.2289,-0.1756,0.5587
independent_20260430_165242,trial_001,subject_001,1777539167.2160764,1777539167.2160764,261958.825009,14,R_Tibia,137,1,0.0526,9.3741,-6.2063,108.0322,-41.9922,14.7095,133.9508,-1.7523,-168.2117,0.1004,0.9148,-0.3905,0.0262
independent_20260430_165242,trial_001,subject_001,1777539167.2160764,1777539167.2160764,261958.8250967,15,R_Foot,136,1,0.4498,2.9716,10.379,198.1812,-12.6343,-51.3306,27.3889,-4.0045,-98.7891,0.1798,0.1575,-0.7426,0.6257
independent_20260430_165242,trial_001,subject_001,1777539167.27367,1777539167.27367,261958.8832943,9,Trunk,262,1,-0.4211,9.4603,-2.45,5.0659,-16.9067,-13.6719,98.1244,-1.6864,-17.1002,0.7484,0.1028,-0.1084,0.6462
independent_20260430_165242,trial_001,subject_001,1777539167.27367,1777539167.27367,261958.8834261,10,L_Femur,255,1,-2.3399,9.4124,-0.7943,38.0859,19.2871,-14.7705,88.3136,6.0864,-25.741,0.6697,0.1921,-0.1235,0.7067
independent_20260430_165242,trial_001,subject_001,1777539167.2746706,1777539167.2746706,261958.8835295,11,L_Tibia,265,1,-1.0192,9.1779,-2.9716,23.4985,17.4561,-15.625,104.8865,2.4994,-30.119,0.7619,0.2188,-0.1416,0.593
independent_20260430_165242,trial_001,subject_001,1777539167.2746706,1777539167.2746706,261958.8836285,12,L_Foot,272,1,-0.9427,0.7752,10.044,3.7231,-0.8545,1.709,3.2355,5.224,-112.4011,-0.0222,0.0488,-0.8291,0.5566
independent_20260430_165242,trial_001,subject_001,1777539167.2746706,1777539167.2746706,261958.8837253,13,R_Femur,276,1,2.1055,10.7331,-3.3257,-111.6333,-15.4419,4.3335,106.6333,-0.9778,-33.8049,0.7688,0.2283,-0.1802,0.5696
independent_20260430_165242,trial_001,subject_001,1777539167.2746706,1777539167.2746706,261958.8838398,9,Trunk,263,1,-0.7656,9.7043,-2.182,0.9155,-17.2119,-15.2588,98.1519,-1.3568,-17.4023,0.748,0.1066,-0.1079,0.6461
independent_20260430_165242,trial_001,subject_001,1777539167.2746706,1777539167.2746706,261958.8839713,11,L_Tibia,266,1,-1.2154,9.5751,-2.1868,19.7754,-18.2495,-5.8594,105.3259,2.6971,-30.2454,0.7636,0.2211,-0.1401,0.5902
independent_20260430_165242,trial_001,subject_001,1777539167.2746706,1777539167.2746706,261958.8840974,12,L_Foot,273,1,-0.6795,0.4737,9.9675,4.9438,0.3662,0.6104,3.3398,5.2295,-112.3901,-0.0217,0.0496,-0.829,0.5567
independent_20260430_165242,trial_001,subject_001,1777539167.2746706,1777539167.2746706,261958.8842209,13,R_Femur,277,1,1.2059,11.0585,-4.12,-117.3096,4.2725,4.3335,104.3097,-1.0657,-33.8379,0.7571,0.2243,-0.1856,0.5848
independent_20260430_165242,trial_001,subject_001,1777539167.2746706,1777539167.2746706,261958.8843481,14,R_Tibia,138,1,1.0097,8.4458,-7.082,92.1631,-37.0483,16.2964,137.4554,-1.1151,-169.5465,0.0884,0.9276,-0.3621,0.024
independent_20260430_165242,trial_001,subject_001,1777539167.2746706,1777539167.2746706,261958.884443,15,R_Foot,137,1,1.1389,3.4214,10.0153,272.1558,-20.1416,-75.0732,36.0571,-3.252,-101.0797,0.2174,0.2217,-0.7394,0.5973
independent_20260430_165242,trial_001,subject_001,1777539167.2756724,1777539167.2756724,261958.8845663,9,Trunk,264,1,-0.6269,9.7426,-1.9571,0.4883,-14.2212,-16.4185,98.1464,-1.0931,-17.5891,0.7476,0.1093,-0.1073,0.6463
independent_20260430_165242,trial_001,subject_001,1777539167.2756724,1777539167.2756724,261958.8847102,10,L_Femur,256,1,-2.0146,10.178,-0.0574,25.9399,-9.0942,-0.2441,89.4067,6.2567,-25.6586,0.6762,0.1938,-0.1202,0.7005
independent_20260430_165242,trial_001,subject_001,1777539167.2756724,1777539167.2756724,261958.8848519,11,L_Tibia,267,1,-1.2441,9.8526,-1.7562,23.5596,-30.7007,0.3662,105.65,2.851,-30.6409,0.7643,0.225,-0.1405,0.5878
independent_20260430_165242,trial_001,subject_001,1777539167.2756724,1777539167.2756724,261958.8849519,12,L_Foot,274,1,-0.8805,0.3302,9.9627,7.5684,0.3662,0.5493,3.4552,5.2405,-112.3846,-0.0212,0.0504,-0.8289,0.5567
independent_20260430_165242,trial_001,subject_001,1777539167.2756724,1777539167.2756724,261958.8850473,13,R_Femur,278,1,0.4211,10.9963,-4.2588,-123.7183,19.5923,3.9062,102.464,-1.1865,-33.6072,0.7482,0.2192,-0.1887,0.5971
independent_20260430_165242,trial_001,subject_001,1777539167.2756724,1777539167.2756724,261958.8851961,9,Trunk,265,1,-0.402,9.7569,-1.938,1.709,-11.3525,-16.3574,98.1519,-0.835,-17.7319,0.7473,0.1117,-0.1064,0.6464
independent_20260430_165242,trial_001,subject_001,1777539167.2756724,1777539167.2756724,261958.885289,10,L_Femur,257,1,-1.9236,10.1493,0.1053,23.0103,-15.1367,-0.5493,89.7308,6.2622,-25.8673,0.6779,0.1954,-0.1208,0.6984
independent_20260430_165242,trial_001,subject_001,1777539167.2756724,1777539167.2756724,261958.8853807,11,L_Tibia,268,1,-0.4881,9.532,-2.5313,23.0103,-24.292,-0.4883,105.9961,2.9553,-31.0254,0.7651,0.2285,-0.1411,0.5852
independent_20260430_165242,trial_001,subject_001,1777539167.2756724,1777539167.2756724,261958.8854741,12,L_Foot,275,1,-1.0671,0.6221,10.0728,7.4463,0.1221,0.5493,3.5815,5.246,-112.3792,-0.0206,0.0514,-0.8288,0.5568
independent_20260430_165242,trial_001,subject_001,1777539167.2766716,1777539167.2766716,261958.8855664,13,R_Femur,279,1,0.067,10.5656,-4.1009,-128.54,32.6538,5.188,100.5249,-1.3568,-33.1677,0.7391,0.2122,-0.1912,0.61
independent_20260430_165242,trial_001,subject_001,1777539167.2766716,1777539167.2766716,261958.8856571,14,R_Tibia,139,1,0.4977,7.3309,-7.3931,68.6646,-38.6353,16.7847,139.7845,-0.6042,-170.6836,0.0781,0.9358,-0.343,0.023
independent_20260430_165242,trial_001,subject_001,1777539167.2766716,1777539167.2766716,261958.8857478,15,R_Foot,138,1,-0.8135,5.4838,6.9193,263.0615,-61.4624,-109.375,45.8075,-1.9336,-104.3536,0.2509,0.2978,-0.7316,0.5596
independent_20260430_165242,trial_001,subject_001,1777539167.2766716,1777539167.2766716,261958.8858387,9,Trunk,266,1,-0.378,9.7234,-2.0576,-0.6714,-10.1318,-15.0146,98.1409,-0.5109,-17.8912,0.7468,0.1146,-0.1052,0.6466
independent_20260430_165242,trial_001,subject_001,1777539167.2766716,1777539167.2766716,261958.8859286,10,L_Femur,258,1,-1.7992,9.6182,-0.0526,25.1465,-12.146,-3.9673,90.0769,6.3062,-26.0596,0.6796,0.1972,-0.1212,0.6962
independent_20260430_165242,trial_001,subject_001,1777539167.2766716,1777539167.2766716,261958.8860187,12,L_Foot,276,1,-1.0862,0.8422,9.9818,5.7983,-0.7935,0.9766,3.7189,5.2405,-112.3737,-0.0199,0.0524,-0.8287,0.5568
independent_20260430_165242,trial_001,subject_001,1777539167.2766716,1777539167.2766716,261958.8861078,13,R_Femur,280,1,-0.0479,9.7569,-3.9908,-117.0044,34.729,5.8594,98.075,-1.5985,-32.4866,0.7275,0.2024,-0.1935,0.6264
independent_20260430_165242,trial_001,subject_001,1777539167.2766716,1777539167.2766716,261958.8861968,11,L_Tibia,269,1,-0.8374,9.0966,-2.9716,24.1699,1.8921,-2.9907,106.8475,3.0927,-31.1023,0.7691,0.2307,-0.1388,0.5797
independent_20260430_165242,trial_001,subject_001,1777539167.2766716,1777539167.2766716,261958.8862866,12,L_Foot,277,1,-1.0719,0.5981,9.9244,5.188,-1.2817,1.5869,3.8068,5.224,-112.3572,-0.0194,0.0529,-0.8286,0.557
independent_20260430_165242,trial_001,subject_001,1777539167.2766716,1777539167.2766716,261958.8863771,13,R_Femur,281,1,-0.2823,9.7378,-3.8999,-109.8633,27.6489,4.6997,96.394,-1.7468,-32.0471,0.7192,0.196,-0.1949,0.6375
independent_20260430_165242,trial_001,subject_001,1777539167.2766716,1777539167.2766716,261958.8864673,14,R_Tibia,140,1,0.7704,5.2828,-8.8382,32.0435,-21.4844,13.6719,141.4325,-0.0989,-171.7108,0.0685,0.9414,-0.3294,0.0231
independent_20260430_165242,trial_001,subject_001,1777539167.3643496,1777539167.3643496,261958.9734925,15,R_Foot,139,1,9.0487,5.0101,26.7155,-21.2402,-109.1309,-55.7251,48.8782,-2.2028,-108.5889,0.2556,0.3257,-0.7438,0.5248
independent_20260430_165242,trial_001,subject_001,1777539167.3643496,1777539167.3643496,261958.973663,9,Trunk,267,1,-0.4881,9.5177,-1.8136,-5.188,-12.146,-15.564,97.9596,0.0275,-18.2098,0.7449,0.1195,-0.1037,0.6481
independent_20260430_165242,trial_001,subject_001,1777539167.3643496,1777539167.3643496,261958.9737669,10,L_Femur,259,1,-0.9235,9.4794,-0.6508,27.5269,3.54,-5.8594,91.0272,6.5149,-26.1255,0.6848,0.1998,-0.1186,0.6907
independent_20260430_165242,trial_001,subject_001,1777539167.3643496,1777539167.3643496,261958.973882,11,L_Tibia,270,1,-0.6795,9.2976,-3.0481,23.4375,-1.5259,-1.77,107.2046,3.1311,-31.1023,0.7708,0.2313,-0.1378,0.5773
independent_20260430_165242,trial_001,subject_001,1777539167.3643496,1777539167.3643496,261958.9740009,12,L_Foot,278,1,-0.8422,0.6843,10.0584,4.0894,-0.6104,1.4038,3.9111,5.213,-112.3352,-0.0188,0.0536,-0.8285,0.5572
independent_20260430_165242,trial_001,subject_001,1777539167.3643496,1777539167.3643496,261958.9740992,13,R_Femur,282,1,-0.8948,9.8909,-3.6654,-104.4922,18.6768,2.1362,94.79,-1.8292,-31.7395,0.7108,0.1909,-0.1964,0.6478
independent_20260430_165242,trial_001,subject_001,1777539167.3643496,1777539167.3643496,261958.9741938,11,L_Tibia,271,1,-0.4546,9.7761,-2.962,22.522,0.061,-0.1831,107.677,3.1531,-31.1188,0.7731,0.2321,-0.1368,0.5742
independent_20260430_165242,trial_001,subject_001,1777539167.3653507,1777539167.3653507,261958.9742962,12,L_Foot,279,1,-1.0145,0.4546,9.9531,6.3477,-0.6714,1.709,4.01,5.202,-112.3132,-0.0182,0.0543,-0.8283,0.5573
independent_20260430_165242,trial_001,subject_001,1777539167.3653507,1777539167.3653507,261958.9743867,13,R_Femur,283,1,-1.7466,9.7569,-3.3065,-92.3462,5.127,4.2114,92.8564,-1.9061,-31.5582,0.7002,0.186,-0.199,0.6599
independent_20260430_165242,trial_001,subject_001,1777539167.3653507,1777539167.3653507,261958.9744762,14,R_Tibia,141,1,-0.2153,5.8618,-4.9574,-26.001,-21.3623,26.8555,141.2622,-0.033,-172.7161,0.06,0.9415,-0.331,0.0208
independent_20260430_165242,trial_001,subject_001,1777539167.3653507,1777539167.3653507,261958.9745767,15,R_Foot,140,1,4.1727,-2.5601,6.9241,-113.3423,79.0405,5.7983,45.379,-0.8459,-107.8857,0.2325,0.3078,-0.7475,0.5407
independent_20260430_165242,trial_001,subject_001,1777539167.3653507,1777539167.3653507,261958.9746944,9,Trunk,268,1,-0.9522,9.7474,-1.8566,-1.709,-14.3433,-14.9536,97.8333,0.5383,-18.5449,0.7434,0.1245,-0.1024,0.6491
independent_20260430_165242,trial_001,subject_001,1777539167.3653507,1777539167.3653507,261958.9747898,11,L_Tibia,272,1,-0.2393,9.532,-3.6989,18.3105,1.1597,-1.3428,107.9626,3.1696,-31.0913,0.7746,0.2324,-0.136,0.5723
independent_20260430_165242,trial_001,subject_001,1777539167.3653507,1777539167.3653507,261958.9749324,12,L_Foot,280,1,-1.0049,0.7752,10.044,6.1646,-0.6714,1.5869,4.1144,5.1965,-112.2968,-0.0176,0.055,-0.8282,0.5575
independent_20260430_165242,trial_001,subject_001,1777539167.3653507,1777539167.3653507,261958.9750287,13,R_Femur,284,1,-1.469,9.422,-3.0673,-80.8105,-3.2959,10.8643,91.5985,-2.0599,-31.5802,0.6931,0.183,-0.2021,0.6673
independent_20260430_165242,trial_001,subject_001,1777539167.3653507,1777539167.3653507,261958.9751189,9,Trunk,269,1,-1.1867,9.7856,-1.8231,-5.7373,-16.5405,-11.7798,97.7289,0.8185,-18.8251,0.7422,0.1278,-0.1023,0.6498
independent_20260430_165242,trial_001,subject_001,1777539167.3663507,1777539167.3663507,261958.9752369,10,L_Femur,260,1,-0.6077,9.3789,-1.3111,33.3862,34.1187,-8.5449,92.5214,6.85,-24.9664,0.6952,0.1962,-0.107,0.6832
independent_20260430_165242,trial_001,subject_001,1777539167.3663507,1777539167.3663507,261958.975331,11,L_Tibia,273,1,0.3924,9.0822,-4.0387,16.7847,5.8594,-1.709,108.3252,3.175,-30.9924,0.7766,0.2321,-0.1347,0.57
independent_20260430_165242,trial_001,subject_001,1777539167.3663507,1777539167.3663507,261958.9754455,12,L_Foot,281,1,-0.847,0.9235,9.9101,5.7373,0.061,1.1597,4.2407,5.1965,-112.2748,-0.017,0.0559,-0.828,0.5576
independent_20260430_165242,trial_001,subject_001,1777539167.3663507,1777539167.3663507,261958.9755595,13,R_Femur,285,1,-0.1148,8.9865,-2.8998,-68.5425,-4.8828,15.625,90.1538,-2.3621,-31.6791,0.685,0.1792,-0.2067,0.6752
independent_20260430_165242,trial_001,subject_001,1777539167.3663507,1777539167.3663507,261958.9757058,14,R_Tibia,142,1,-1.3255,5.5699,-6.1106,-83.9844,-31.4941,18.1274,139.0814,0.1263,-173.7762,0.0505,0.9356,-0.349,0.02
independent_20260430_165242,trial_001,subject_001,1777539167.3663507,1777539167.3663507,261958.9758208,15,R_Foot,141,1,-1.9858,-0.3397,7.0198,-134.2773,-15.1367,-23.3154,40.8746,-0.0659,-107.6001,0.2067,0.2815,-0.7563,0.5533
independent_20260430_165242,trial_001,subject_001,1777539167.3663507,1777539167.3663507,261958.9759909,9,Trunk,270,1,-1.0527,9.4507,-1.5839,-7.2632,-17.4561,-11.2915,97.597,1.0162,-19.0613,0.741,0.1303,-0.1025,0.6507
independent_20260430_165242,trial_001,subject_001,1777539167.3673513,1777539167.3673513,261958.9763244,10,L_Femur,261,1,-1.4451,9.221,-1.6317,37.7197,32.7759,-5.188,93.3398,6.9379,-24.2633,0.7011,0.1932,-0.1009,0.6789
independent_20260430_165242,trial_001,subject_001,1777539167.3673513,1777539167.3673513,261958.9764383,11,L_Tibia,274,1,-0.2297,9.0248,-3.5602,14.8315,8.4229,-2.5024,108.5614,3.1805,-30.8661,0.778,0.2316,-0.1336,0.5685
independent_20260430_165242,trial_001,subject_001,1777539167.3673513,1777539167.3673513,261958.9765359,12,L_Foot,282,1,-0.8996,0.8996,9.9483,5.188,0.061,0.9766,4.3341,5.202,-112.2638,-0.0166,0.0566,-0.8279,0.5577
independent_20260430_165242,trial_001,subject_001,1777539167.3673513,1777539167.3673513,261958.976657,13,R_Femur,286,1,0.1818,8.977,-2.828,-63.1104,0.4883,12.6343,89.187,-2.5708,-31.6791,0.6796,0.1762,-0.2095,0.6806
independent_20260430_165242,trial_001,subject_001,1777539167.3673513,1777539167.3673513,261958.9767534,9,Trunk,271,1,-0.7513,9.0296,-1.4643,-4.8218,-17.2119,-10.8032,97.4982,1.203,-19.2975,0.74,0.1328,-0.1027,0.6513
independent_20260430_165242,trial_001,subject_001,1777539167.3673513,1777539167.3673513,261958.9768623,10,L_Femur,262,1,-2.1198,9.4698,-1.8231,37.5977,23.6206,-2.3193,93.9551,6.9543,-23.8733,0.7054,0.1914,-0.0975,0.6755
independent_20260430_165242,trial_001,subject_001,1777539167.3673513,1777539167.3673513,261958.9769601,11,L_Tibia,275,1,-0.6221,9.1062,-3.5506,12.9395,3.9673,-1.5259,108.7646,3.186,-30.7947,0.7791,0.2314,-0.1328,0.5673
independent_20260430_165242,trial_001,subject_001,1777539167.3673513,1777539167.3673513,261958.9770978,12,L_Foot,283,1,-0.9331,0.9331,10.0584,4.2725,0.061,0.9766,4.411,5.2075,-112.2528,-0.0163,0.0572,-0.8278,0.5578
independent_20260430_165242,trial_001,subject_001,1777539167.3673513,1777539167.3673513,261958.9771922,13,R_Femur,287,1,-0.3063,8.9004,-2.7467,-59.6924,5.9204,7.019,88.2697,-2.7026,-31.5967,0.6745,0.1732,-0.2111,0.6859
independent_20260430_165242,trial_001,subject_001,1777539167.368351,1777539167.368351,261958.9773981,14,R_Tibia,143,1,-0.4881,5.5364,-6.5939,-126.5259,-10.0098,18.7988,135.6976,0.2417,-174.6002,0.0428,0.9252,-0.3765,0.0197
independent_20260430_165242,trial_001,subject_001,1777539167.368351,1777539167.368351,261958.977636,15,R_Foot,142,1,1.8901,1.8423,10.4986,-183.5327,-8.5449,-8.9111,35.1398,-0.0934,-108.3856,0.1772,0.2444,-0.7733,0.5576
independent_20260430_165242,trial_001,subject_001,1777539167.414012,1777539167.414012,261959.0233278,9,Trunk,272,1,-0.5359,8.9291,-1.469,-0.8545,-16.7847,-10.1318,97.4323,1.4392,-19.6051,0.739,0.1361,-0.103,0.6517
independent_20260430_165242,trial_001,subject_001,1777539167.4145875,1777539167.4145875,261959.0234805,9,Trunk,273,1,-0.4977,9.1444,-1.4547,0.7324,-14.6484,-10.5591,97.4213,1.615,-19.8138,0.7385,0.1384,-0.1031,0.6518
independent_20260430_165242,trial_001,subject_001,1777539167.4145875,1777539167.4145875,261959.0236054,10,L_Femur,263,1,-1.6844,9.398,-1.4547,32.1045,7.8125,2.6245,95.1801,6.8829,-23.4119,0.7135,0.1892,-0.0932,0.6682
independent_20260430_165242,trial_001,subject_001,1777539167.4145875,1777539167.4145875,261959.0237138,11,L_Tibia,276,1,-0.6316,8.977,-3.2491,12.6953,6.1646,-1.8311,109.2316,3.197,-30.575,0.7819,0.2305,-0.1307,0.5643
independent_20260430_165242,trial_001,subject_001,1777539167.4145875,1777539167.4145875,261959.0238192,12,L_Foot,284,1,-0.9762,1.0097,10.044,1.77,0.2441,0.6104,4.5428,5.2295,-112.2363,-0.0158,0.0583,-0.8277,0.558
independent_20260430_165242,trial_001,subject_001,1777539167.4145875,1777539167.4145875,261959.0239232,13,R_Femur,288,1,-0.8757,8.5654,-2.2107,-41.0156,-3.9062,2.8076,86.5668,-2.851,-31.5253,0.6645,0.1688,-0.2141,0.6957
independent_20260430_165242,trial_001,subject_001,1777539167.4145875,1777539167.4145875,261959.0240263,14,R_Tibia,144,1,-1.8471,6.5844,-6.6322,-165.6494,-3.0518,9.4604,130.3638,-0.2032,-174.809,0.0418,0.9067,-0.4194,0.0174
independent_20260430_165242,trial_001,subject_001,1777539167.4145875,1777539167.4145875,261959.0241283,15,R_Foot,143,1,-1.2824,1.8088,6.3834,-176.5137,-33.4473,-2.1362,29.5422,-0.6152,-108.7701,0.1527,0.2042,-0.7869,0.562
independent_20260430_165242,trial_001,subject_001,1777539167.4145875,1777539167.4145875,261959.0242285,9,Trunk,274,1,-0.5072,9.1205,-1.5073,3.1128,-14.1602,-10.8643,97.4377,1.8512,-20.0665,0.738,0.1414,-0.103,0.6517
independent_20260430_165242,trial_001,subject_001,1777539167.4145875,1777539167.4145875,261959.0243724,11,L_Tibia,277,1,-0.8853,8.886,-3.3927,12.146,0.4272,-0.6104,109.4183,3.208,-30.5365,0.7829,0.2305,-0.13,0.5631
independent_20260430_165242,trial_001,subject_001,1777539167.415593,1777539167.415593,261959.0244755,12,L_Foot,285,1,-0.9714,0.9092,9.9914,0.4883,0.2441,0.7324,4.5703,5.235,-112.2253,-0.0157,0.0585,-0.8276,0.558
independent_20260430_165242,trial_001,subject_001,1777539167.415593,1777539167.415593,261959.0245753,13,R_Femur,289,1,-0.311,8.4554,-1.8184,-32.959,-5.8594,2.7466,86.0449,-2.9059,-31.5967,0.6613,0.1679,-0.2156,0.6985
independent_20260430_165242,trial_001,subject_001,1777539167.415593,1777539167.415593,261959.0246707,9,Trunk,275,1,-0.5981,9.0918,-1.4547,3.54,-13.7329,-10.6201,97.4652,2.0325,-20.2533,0.7378,0.1437,-0.1028,0.6515
independent_20260430_165242,trial_001,subject_001,1777539167.415593,1777539167.415593,261959.0247751,10,L_Femur,264,1,-2.0768,9.3454,-1.804,32.2876,-4.5776,5.6152,96.1688,6.7346,-23.4009,0.7195,0.1891,-0.0924,0.6619
independent_20260430_165242,trial_001,subject_001,1777539167.415593,1777539167.415593,261959.0248659,11,L_Tibia,278,1,-0.5216,9.0392,-3.3305,11.2915,-1.5259,0.1831,109.649,3.2245,-30.553,0.7839,0.2309,-0.1295,0.5616
independent_20260430_165242,trial_001,subject_001,1777539167.415593,1777539167.415593,261959.0249558,12,L_Foot,286,1,-0.9427,0.7991,9.9148,0.1831,0.3662,0.7935,4.5868,5.246,-112.2198,-0.0157,0.0587,-0.8276,0.5581
independent_20260430_165242,trial_001,subject_001,1777539167.415593,1777539167.415593,261959.0250462,13,R_Femur,290,1,0.1818,8.2688,-1.4021,-23.1323,-3.1128,-0.1831,85.5231,-2.9333,-31.6626,0.6581,0.1671,-0.2169,0.7014
independent_20260430_165242,trial_001,subject_001,1777539167.415593,1777539167.415593,261959.0251358,14,R_Tibia,145,1,-1.4403,7.2639,-7.3356,-186.9507,-45.105,12.5122,124.0521,0.2087,-175.9241,0.0306,0.8826,-0.4687,0.0183
independent_20260430_165242,trial_001,subject_001,1777539167.4546037,1777539167.4546037,261959.0635279,15,R_Foot,144,1,0.8948,3.9095,11.0537,-171.875,-49.4995,5.3711,23.6646,-2.2247,-109.5667,0.1337,0.1565,-0.8018,0.5611
independent_20260430_165242,trial_001,subject_001,1777539167.4546037,1777539167.4546037,261959.063742,9,Trunk,276,1,-0.6747,9.1492,-1.3638,4.2725,-12.085,-10.1318,97.5092,2.1973,-20.4181,0.7376,0.1457,-0.1026,0.6513
independent_20260430_165242,trial_001,subject_001,1777539167.4546037,1777539167.4546037,261959.0639264,10,L_Femur,265,1,-1.5935,9.4507,-1.7227,29.0527,-11.1694,6.8359,96.7401,6.6248,-23.5986,0.7226,0.1902,-0.0933,0.658
independent_20260430_165242,trial_001,subject_001,1777539167.4546037,1777539167.4546037,261959.0641044,11,L_Tibia,279,1,-0.5551,9.1779,-3.1199,11.2915,0.7935,0.2441,109.8248,3.2245,-30.5475,0.7848,0.2311,-0.1292,0.5604
independent_20260430_165242,trial_001,subject_001,1777539167.4546037,1777539167.4546037,261959.0642838,12,L_Foot,287,1,-0.981,0.7704,9.9818,-0.1831,0.2441,0.6714,4.5923,5.2515,-112.2089,-0.0157,0.0587,-0.8275,0.5582
independent_20260430_165242,trial_001,subject_001,1777539167.4546037,1777539167.4546037,261959.0643969,13,R_Femur,291,1,0.0957,8.3884,-1.1915,-17.2729,-0.6104,-2.1362,85.2374,-2.9169,-31.6681,0.6563,0.1667,-0.2173,0.703
independent_20260430_165242,trial_001,subject_001,1777539167.4546037,1777539167.4546037,261959.0644954,9,Trunk,277,1,-0.7178,9.1923,-1.3877,5.8594,-9.7046,-9.0942,97.5861,2.4005,-20.5994,0.7376,0.1481,-0.1023,0.6508
independent_20260430_165242,trial_001,subject_001,1777539167.4546037,1777539167.4546037,261959.0645891,10,L_Femur,266,1,-1.2298,9.6612,-1.5695,27.71,-13.5498,6.5918,97.1356,6.5479,-23.7964,0.7246,0.1913,-0.0943,0.6553
independent_20260430_165242,trial_001,subject_001,1777539167.5142949,1777539167.5142949,261959.123547,11,L_Tibia,280,1,-0.512,9.2162,-3.2108,10.5591,-0.1831,0.4272,110.05,3.219,-30.5365,0.7859,0.2312,-0.1287,0.5588
independent_20260430_165242,trial_001,subject_001,1777539167.5343578,1777539167.5343578,261959.1432887,12,L_Foot,288,1,-1.0288,0.7513,9.934,0.3662,-0.1831,1.2817,4.6143,5.257,-112.1924,-0.0156,0.0589,-0.8274,0.5583
independent_20260430_165242,trial_001,subject_001,1777539167.5343578,1777539167.5343578,261959.1435268,13,R_Femur,292,1,-0.2584,8.5941,-0.8948,-14.7705,-0.3052,-1.0986,84.9243,-2.8949,-31.6626,0.6544,0.1662,-0.2176,0.7049
independent_20260430_165242,trial_001,subject_001,1777539167.5343578,1777539167.5343578,261959.143743,9,Trunk,278,1,-0.8613,9.2976,-1.4547,7.4463,-9.3994,-8.2397,97.6685,2.5378,-20.7202,0.7377,0.1497,-0.1019,0.6503
independent_20260430_165242,trial_001,subject_001,1777539167.5343578,1777539167.5343578,261959.1439571,10,L_Femur,267,1,-0.5934,9.556,-1.3925,28.3813,-7.6904,4.7607,97.6685,6.4655,-24.0051,0.7275,0.1926,-0.0951,0.6517
independent_20260430_165242,trial_001,subject_001,1777539167.5343578,1777539167.5343578,261959.1441613,11,L_Tibia,281,1,-0.1053,9.0535,-3.4597,10.8643,2.1973,0.1221,110.2094,3.2135,-30.509,0.7868,0.2312,-0.1283,0.5578
independent_20260430_165242,trial_001,subject_001,1777539167.535358,1777539167.535358,261959.1443701,12,L_Foot,289,1,-0.9427,0.8518,10.0105,0.1221,0.1831,0.6714,4.6252,5.2625,-112.1869,-0.0156,0.059,-0.8274,0.5583
independent_20260430_165242,trial_001,subject_001,1777539167.535358,1777539167.535358,261959.1445976,13,R_Femur,293,1,-0.4307,8.6516,-0.4211,-11.9629,0.5493,-0.1221,84.7266,-2.8949,-31.6461,0.6532,0.1657,-0.2178,0.706
independent_20260430_165242,trial_001,subject_001,1777539167.535358,1777539167.535358,261959.1448064,9,Trunk,279,1,-1.0336,9.4411,-1.469,6.0425,-9.0332,-7.1411,97.7454,2.6532,-20.8411,0.7379,0.1512,-0.1018,0.6499
independent_20260430_165242,trial_001,subject_001,1777539167.535358,1777539167.535358,261959.1450152,10,L_Femur,268,1,-0.5312,9.465,-1.4355,28.5034,2.3804,3.9062,98.0969,6.3995,-23.9941,0.73,0.1925,-0.0948,0.6489
independent_20260430_165242,trial_001,subject_001,1777539167.535358,1777539167.535358,261959.1451647,12,L_Foot,290,1,-0.9379,0.823,9.9962,0.1221,0.1221,0.6104,4.6417,5.2679,-112.1814,-0.0155,0.0592,-0.8273,0.5584
independent_20260430_165242,trial_001,subject_001,1777539167.5363572,1777539167.5363572,261959.1452656,13,R_Femur,294,1,-0.2919,8.9243,0.1723,-11.1084,3.1128,0.6714,84.5453,-2.9059,-31.5967,0.6522,0.165,-0.2178,0.7071
independent_20260430_165242,trial_001,subject_001,1777539167.5363572,1777539167.5363572,261959.1453618,14,R_Tibia,146,1,-0.1292,9.0439,-6.2781,-189.8804,5.8594,4.0283,111.5057,0.1593,-176.7975,0.0223,0.8263,-0.5625,0.0169
independent_20260430_165242,trial_001,subject_001,1777539167.5363572,1777539167.5363572,261959.1454564,15,R_Foot,145,1,1.8327,6.4121,12.6376,-146.2402,-54.5654,27.832,12.854,-6.3556,-109.7864,0.1093,0.0598,-0.8153,0.5655
independent_20260430_165242,trial_001,subject_001,1777539167.5943506,1777539167.5943506,261959.2032752,10,L_Femur,269,1,-0.7608,9.2928,-1.871,33.5083,8.1177,2.4414,98.5913,6.3391,-23.8843,0.7331,0.1919,-0.0937,0.6457
independent_20260430_165242,trial_001,subject_001,1777539167.5943506,1777539167.5943506,261959.2033999,11,L_Tibia,282,1,-0.4785,8.9674,-3.9717,7.5073,-4.9438,0.9766,110.528,3.23,-30.5695,0.7882,0.232,-0.1278,0.5555
independent_20260430_165242,trial_001,subject_001,1777539167.5943506,1777539167.5943506,261959.2035047,12,L_Foot,291,1,-0.9427,0.9427,10.0105,-1.2207,-0.061,0.4272,4.6417,5.2679,-112.1704,-0.0155,0.0592,-0.8273,0.5585
independent_20260430_165242,trial_001,subject_001,1777539167.5943506,1777539167.5943506,261959.2036044,13,R_Femur,295,1,0.3254,9.5081,0.89,-17.2119,9.5215,1.1597,84.2212,-2.9224,-31.4319,0.6504,0.1634,-0.2173,0.7093
independent_20260430_165242,trial_001,subject_001,1777539167.5943506,1777539167.5943506,261959.2037027,9,Trunk,280,1,-1.2298,9.4028,-1.3016,3.2959,-8.2397,-2.6855,97.8387,2.818,-21.1157,0.7378,0.154,-0.1021,0.6492
independent_20260430_165242,trial_001,subject_001,1777539167.5943506,1777539167.5943506,261959.2038194,10,L_Femur,270,1,-0.8709,9.1253,-2.2825,38.3301,12.146,3.7842,99.3549,6.2402,-23.6646,0.7379,0.1906,-0.0919,0.6409
independent_20260430_165242,trial_001,subject_001,1777539167.5943506,1777539167.5943506,261959.2039402,11,L_Tibia,283,1,0.0335,9.087,-3.9765,6.2866,-4.5776,0.0,110.6213,3.2574,-30.6244,0.7885,0.2327,-0.1277,0.5549
independent_20260430_165242,trial_001,subject_001,1777539167.5943506,1777539167.5943506,261959.2040735,12,L_Foot,292,1,-0.9427,0.9379,10.0584,-1.8921,0.3052,0.1831,4.6912,5.3558,-112.1594,-0.0159,0.06,-0.8271,0.5585
independent_20260430_165242,trial_001,subject_001,1777539167.5953507,1777539167.5953507,261959.2042006,13,R_Femur,296,1,0.6364,9.8096,1.1437,-22.522,10.9253,1.77,83.8806,-2.9388,-31.2561,0.6486,0.1616,-0.2168,0.7115
independent_20260430_165242,trial_001,subject_001,1777539167.5953507,1777539167.5953507,261959.2043185,14,R_Tibia,147,1,-0.5646,9.0535,-5.2972,-167.9077,-9.1553,1.4038,105.2985,0.1648,-176.9568,0.0202,0.7947,-0.6064,0.0173
independent_20260430_165242,trial_001,subject_001,1777539167.5953507,1777539167.5953507,261959.2044586,15,R_Foot,146,1,2.1007,7.3117,13.3171,-150.0244,-49.1943,46.0815,8.3002,-8.1628,-108.9075,0.0997,0.0175,-0.8124,0.5742
independent_20260430_165242,trial_001,subject_001,1777539167.5953507,1777539167.5953507,261959.2045603,9,Trunk,281,1,-1.1532,9.3598,-1.2154,4.2114,-8.728,-1.8311,97.8882,2.8729,-21.2805,0.7378,0.1554,-0.1027,0.6488
independent_20260430_165242,trial_001,subject_001,1777539167.5953507,1777539167.5953507,261959.2046541,10,L_Femur,271,1,-0.8853,9.5129,-2.2538,37.7197,10.2539,6.4697,99.9426,6.1249,-23.5107,0.7416,0.1894,-0.0908,0.6371
independent_20260430_165242,trial_001,subject_001,1777539167.5953507,1777539167.5953507,261959.2047605,11,L_Tibia,284,1,-0.0335,9.2593,-3.5362,6.4697,2.0752,-0.7935,110.7257,3.2684,-30.6079,0.789,0.2327,-0.1273,0.5542
independent_20260430_165242,trial_001,subject_001,1777539167.5953507,1777539167.5953507,261959.2048529,12,L_Foot,293,1,-0.9618,0.8565,9.9436,-1.4038,0.1221,0.3052,4.6912,5.3613,-112.1539,-0.016,0.06,-0.8271,0.5586
independent_20260430_165242,trial_001,subject_001,1777539167.5953507,1777539167.5953507,261959.2049446,13,R_Femur,297,1,0.6556,9.8,1.3063,-25.0244,7.6294,1.77,83.4961,-2.9553,-31.1133,0.6464,0.16,-0.2166,0.7139
independent_20260430_165242,trial_001,subject_001,1777539167.5953507,1777539167.5953507,261959.2050355,9,Trunk,282,1,-0.8326,9.3502,-1.2537,6.2256,-7.6294,-1.4648,97.9486,2.9004,-21.4014,0.738,0.1564,-0.1031,0.6483
independent_20260430_165242,trial_001,subject_001,1777539167.5953507,1777539167.5953507,261959.2051267,10,L_Femur,272,1,-1.359,9.7282,-1.8566,37.2314,4.5776,6.5308,100.5029,6.004,-23.4338,0.745,0.1887,-0.0902,0.6334
independent_20260430_165242,trial_001,subject_001,1777539167.5963526,1777539167.5963526,261959.2052177,11,L_Tibia,285,1,-0.6843,9.0439,-3.2826,6.3477,2.8687,-0.3662,110.863,3.2629,-30.531,0.7898,0.2323,-0.1267,0.5533
independent_20260430_165242,trial_001,subject_001,1777539167.5963526,1777539167.5963526,261959.2053078,12,L_Foot,294,1,-0.9475,0.89,9.9771,-1.2817,-0.1221,0.3662,4.6912,5.3613,-112.1484,-0.016,0.06,-0.8271,0.5586
independent_20260430_165242,trial_001,subject_001,1777539167.5963526,1777539167.5963526,261959.2053992,13,R_Femur,298,1,0.3254,9.1396,1.4834,-16.1743,-0.1221,1.4038,83.1006,-2.9938,-31.0583,0.6441,0.1587,-0.217,0.7162
independent_20260430_165242,trial_001,subject_001,1777539167.5963526,1777539167.5963526,261959.2054907,14,R_Tibia,148,1,0.6986,9.2066,-3.7468,-145.2026,19.5923,0.061,99.9261,0.1154,-176.7096,0.0213,0.7653,-0.643,0.0192
independent_20260430_165242,trial_001,subject_001,1777539167.5963526,1777539167.5963526,261959.2056009,15,R_Foot,147,1,0.3972,6.1298,10.5608,-136.5356,-35.0952,42.1753,3.0377,-9.5801,-107.4188,0.0829,-0.0281,-0.8042,0.5878
independent_20260430_165242,trial_001,subject_001,1777539167.5963526,1777539167.5963526,261959.2057103,9,Trunk,283,1,-0.512,9.422,-1.4068,7.8125,-6.0425,-1.3428,98.042,2.9279,-21.4893,0.7383,0.1572,-0.1033,0.6477
independent_20260430_165242,trial_001,subject_001,1777539167.5963526,1777539167.5963526,261959.2058209,10,L_Femur,273,1,-1.871,9.3502,-1.8519,37.9639,7.9346,4.0894,101.2665,5.8887,-23.3075,0.7496,0.1879,-0.0891,0.6284
independent_20260430_165242,trial_001,subject_001,1777539167.6034489,1777539167.6034489,261959.2130284,11,L_Tibia,286,1,-0.9379,8.9865,-3.474,6.7139,-2.0142,1.2817,110.9619,3.2574,-30.542,0.7903,0.2325,-0.1266,0.5526
independent_20260430_165242,trial_001,subject_001,1777539167.6034489,1777539167.6034489,261959.21317,12,L_Foot,295,1,-0.9283,1.0288,10.0345,-2.3193,-0.061,0.1221,4.6912,5.3613,-112.1429,-0.016,0.06,-0.8271,0.5587
independent_20260430_165242,trial_001,subject_001,1777539167.6034489,1777539167.6034489,261959.2132939,13,R_Femur,299,1,0.1866,8.7186,1.6557,-6.4087,-1.8921,1.1597,82.9688,-3.0212,-31.0693,0.6433,0.1583,-0.2174,0.7168
independent_20260430_165242,trial_001,subject_001,1777539167.7043612,1777539167.7043612,261959.3133143,9,Trunk,284,1,-0.5359,9.4363,-1.56,8.0566,-3.7231,-0.7324,98.1793,2.9498,-21.5771,0.739,0.158,-0.1034,0.6467
independent_20260430_165242,trial_001,subject_001,1777539167.7043612,1777539167.7043612,261959.313539,10,L_Femur,274,1,-1.8519,9.288,-2.1629,35.8887,3.418,5.249,101.8213,5.7953,-23.2471,0.7529,0.1874,-0.0884,0.6247
independent_20260430_165242,trial_001,subject_001,1777539167.7043612,1777539167.7043612,261959.3136943,11,L_Tibia,287,1,-0.8374,9.0583,-3.2874,7.2632,-3.9062,3.0518,111.1102,3.2465,-30.6244,0.7908,0.2331,-0.1268,0.5515
independent_20260430_165242,trial_001,subject_001,1777539167.7043612,1777539167.7043612,261959.3138552,12,L_Foot,296,1,-0.9953,0.9857,9.9531,-2.7466,-0.3662,0.1221,4.6912,5.3613,-112.1375,-0.016,0.06,-0.827,0.5587
independent_20260430_165242,trial_001,subject_001,1777539167.7043612,1777539167.7043612,261959.3140237,13,R_Femur,300,1,0.2775,9.2019,2.0863,-6.2866,3.0518,0.9155,82.8204,-2.785,-31.1462,0.6419,0.16,-0.2168,0.7179
independent_20260430_165242,trial_001,subject_001,1777539167.7043612,1777539167.7043612,261959.3141971,15,R_Foot,148,1,-0.4785,5.4407,5.5556,-61.8286,-32.0435,22.0337,-0.4669,-10.7336,-106.3367,0.0724,-0.0593,-0.7967,0.5971
independent_20260430_165242,trial_001,subject_001,1777539167.70536,1777539167.70536,261959.3143945,9,Trunk,285,1,-0.6508,9.2832,-1.4978,8.3618,-1.4038,-0.061,98.2837,2.9443,-21.6046,0.7395,0.1582,-0.1035,0.646
independent_20260430_165242,trial_001,subject_001,1777539167.70536,1777539167.70536,261959.3145538,10,L_Femur,275,1,-1.7179,9.2545,-2.3878,33.02,-8.1787,5.4932,102.4805,5.7074,-23.3569,0.7564,0.1882,-0.0886,0.6202
independent_20260430_165242,trial_001,subject_001,1777539167.70536,1777539167.70536,261959.3146726,11,L_Tibia,288,1,-0.579,8.8813,-3.1869,8.728,-2.1973,3.1738,111.2366,3.219,-30.6738,0.7914,0.2335,-0.1269,0.5505
independent_20260430_165242,trial_001,subject_001,1777539167.70536,1777539167.70536,261959.3147826,13,R_Femur,301,1,0.5264,10.0058,2.3687,-15.8691,7.6294,4.3335,82.6062,-2.8345,-31.0254,0.6408,0.1586,-0.2166,0.7193
independent_20260430_165242,trial_001,subject_001,1777539167.70536,1777539167.70536,261959.3148773,9,Trunk,286,1,-0.7417,9.288,-1.3781,7.6904,-0.5493,0.0,98.3881,2.9388,-21.6156,0.7401,0.1583,-0.1034,0.6453
independent_20260430_165242,trial_001,subject_001,1777539167.70536,1777539167.70536,261959.3149695,11,L_Tibia,289,1,-0.3589,8.8334,-3.6559,8.0566,-4.3945,3.1128,111.3574,3.2025,-30.7343,0.7919,0.234,-0.1271,0.5496
independent_20260430_165242,trial_001,subject_001,1777539167.70536,1777539167.70536,261959.3150621,12,L_Foot,297,1,-0.9905,0.8183,9.9962,-4.3335,-0.5493,0.0,4.6692,5.3558,-112.132,-0.016,0.0598,-0.827,0.5587
independent_20260430_165242,trial_001,subject_001,1777539167.70536,1777539167.70536,261959.3151535,13,R_Femur,302,1,0.5264,10.2498,2.7419,-30.0903,6.8359,8.8501,82.1777,-2.9443,-30.8936,0.6384,0.1563,-0.2169,0.7217
independent_20260430_165242,trial_001,subject_001,1777539167.7063596,1777539167.7063596,261959.3152662,14,R_Tibia,149,1,0.1675,8.1061,-2.3399,-81.1768,-14.1602,7.3242,92.7411,-0.0659,-176.4789,0.0226,0.7235,-0.6897,0.0208
independent_20260430_165242,trial_001,subject_001,1777539167.7063596,1777539167.7063596,261959.315367,15,R_Foot,149,1,0.8183,7.3931,11.5514,-53.5278,-29.7852,18.4326,-2.2357,-11.7389,-105.683,0.0698,-0.0772,-0.7914,0.6023
independent_20260430_165242,trial_001,subject_001,1777539167.7063596,1777539167.7063596,261959.3154586,9,Trunk,287,1,-0.9714,9.3741,-1.1771,5.3101,0.061,0.2441,98.4814,2.9224,-21.6156,0.7407,0.1583,-0.1034,0.6447
independent_20260430_165242,trial_001,subject_001,1777539167.7063596,1777539167.7063596,261959.3155681,11,L_Tibia,290,1,-0.0861,9.2832,-3.3592,7.7515,-2.0752,2.8076,111.5167,3.186,-30.8386,0.7924,0.2348,-0.1274,0.5483
independent_20260430_165242,trial_001,subject_001,1777539167.7063596,1777539167.7063596,261959.3156982,12,L_Foot,298,1,-0.9235,0.6125,9.9292,-3.6011,-0.061,0.0,4.5978,5.3613,-112.1375,-0.0164,0.0593,-0.8271,0.5587
independent_20260430_165242,trial_001,subject_001,1777539167.7063596,1777539167.7063596,261959.3158415,13,R_Femur,303,1,0.5072,9.7761,3.0386,-38.7573,2.5635,13.6108,81.4252,-3.1915,-30.7727,0.6342,0.1526,-0.2185,0.7257
independent_20260430_165242,trial_001,subject_001,1777539167.7063596,1777539167.7063596,261959.3159864,9,Trunk,288,1,-1.0192,9.3598,-1.024,6.2866,1.6479,1.0376,98.5583,2.9004,-21.5991,0.7411,0.1582,-0.1034,0.6442
independent_20260430_165242,trial_001,subject_001,1777539167.7063596,1777539167.7063596,261959.3161124,11,L_Tibia,291,1,-0.0096,9.154,-3.0864,8.5449,3.2959,1.8921,111.6431,3.1531,-30.8112,0.7932,0.2346,-0.1272,0.5474
independent_20260430_165242,trial_001,subject_001,1777539167.7073584,1777539167.7073584,261959.316252,12,L_Foot,299,1,-0.9283,0.646,9.9483,-2.8076,0.061,-0.1221,4.5703,5.3668,-112.1429,-0.0166,0.0592,-0.8271,0.5587
independent_20260430_165242,trial_001,subject_001,1777539167.7073584,1777539167.7073584,261959.3163888,13,R_Femur,304,1,0.7561,8.9435,2.8567,-30.5786,1.2817,15.2588,80.9198,-3.4167,-30.7013,0.6315,0.1498,-0.22,0.7283
independent_20260430_165242,trial_001,subject_001,1777539167.7073584,1777539167.7073584,261959.316528,14,R_Tibia,150,1,0.8518,8.2831,-1.5647,-41.9312,8.1787,5.4321,90.802,-0.2747,-176.4734,0.0236,0.7116,-0.7019,0.0199
independent_20260430_165242,trial_001,subject_001,1777539167.7073584,1777539167.7073584,261959.3166479,15,R_Foot,150,1,0.2823,5.5604,6.9289,-23.1323,-6.6528,9.3384,-3.3783,-12.0685,-105.3094,0.0658,-0.087,-0.7884,0.6055
independent_20260430_165242,trial_001,subject_001,1777539167.7073584,1777539167.7073584,261959.3167744,9,Trunk,289,1,-0.6938,9.4794,-0.9235,5.9204,5.3711,2.2583,98.6627,2.8345,-21.5222,0.7419,0.1574,-0.1032,0.6435
independent_20260430_165242,trial_001,subject_001,1777539167.7073584,1777539167.7073584,261959.31689,10,L_Femur,276,1,-0.402,9.4603,-1.9954,35.0952,8.7891,5.249,104.7327,5.2844,-23.5217,0.7687,0.1888,-0.0886,0.6046
independent_20260430_165242,trial_001,subject_001,1777539167.7073584,1777539167.7073584,261959.3170032,11,L_Tibia,292,1,-0.2536,9.0679,-3.3496,8.2397,3.1128,2.0142,111.7804,3.1146,-30.7617,0.794,0.2342,-0.127,0.5465
independent_20260430_165242,trial_001,subject_001,1777539167.7073584,1777539167.7073584,261959.3171653,12,L_Foot,300,1,-0.957,0.7704,9.9675,-2.5024,0.2441,-0.3052,4.5319,5.3778,-112.1539,-0.0169,0.0589,-0.8272,0.5586
independent_20260430_165242,trial_001,subject_001,1777539167.7073584,1777539167.7073584,261959.3173013,13,R_Femur,305,1,1.0575,8.2113,2.4404,-14.7705,4.3945,15.0757,80.6342,-3.6365,-30.6024,0.6302,0.1473,-0.2209,0.7297
independent_20260430_165242,trial_001,subject_001,1777539167.7073584,1777539167.7073584,261959.3174169,9,Trunk,290,1,-0.4833,9.4603,-0.9092,5.127,7.2632,2.6855,98.7341,2.774,-21.4233,0.7425,0.1565,-0.103,0.6431
independent_20260430_165242,trial_001,subject_001,1777539167.7073584,1777539167.7073584,261959.3175145,10,L_Femur,277,1,-0.2488,9.1492,-2.115,37.5977,19.5923,3.0518,105.3094,5.1636,-23.269,0.7724,0.1869,-0.0871,0.6008
independent_20260430_165242,trial_001,subject_001,1777539167.7073584,1777539167.7073584,261959.3176064,11,L_Tibia,293,1,-0.4929,8.9626,-3.6559,8.7891,-2.2583,2.9297,111.9562,3.0762,-30.7782,0.7948,0.2343,-0.127,0.5452
independent_20260430_165242,trial_001,subject_001,1777539167.7073584,1777539167.7073584,261959.3176966,12,L_Foot,301,1,-0.957,0.7991,9.9627,-2.8687,0.4883,-0.7935,4.4989,5.3888,-112.1649,-0.0171,0.0587,-0.8273,0.5585
independent_20260430_165242,trial_001,subject_001,1777539167.7942646,1777539167.7942646,261959.4034386,13,R_Femur,306,1,1.2681,8.2735,1.9523,-6.0425,12.4512,15.3809,80.4529,-3.9111,-30.3333,0.6298,0.1437,-0.2209,0.7307
independent_20260430_165242,trial_001,subject_001,1777539167.7942646,1777539167.7942646,261959.4035709,14,R_Tibia,151,1,0.6269,8.0582,-1.6174,-7.0801,30.7007,1.6479,90.1099,-0.39,-175.6934,0.029,0.7072,-0.706,0.0241
independent_20260430_165242,trial_001,subject_001,1777539167.7942646,1777539167.7942646,261959.4036733,15,R_Foot,151,1,2.0768,4.9526,8.2783,-15.8691,11.1084,24.7803,-4.1583,-11.9366,-104.6942,0.0602,-0.092,-0.7846,0.6102
independent_20260430_165242,trial_001,subject_001,1777539167.7942646,1777539167.7942646,261959.4038685,9,Trunk,291,1,-0.402,9.3215,-0.847,6.1035,9.7046,3.1738,98.811,2.6971,-21.297,0.7432,0.1553,-0.1026,0.6426
independent_20260430_165242,trial_001,subject_001,1777539167.7942646,1777539167.7942646,261959.403998,10,L_Femur,278,1,-0.2632,9.1301,-2.3926,38.9404,31.8604,2.0142,106.1389,4.9548,-22.7032,0.7779,0.1827,-0.0843,0.5953
independent_20260430_165242,trial_001,subject_001,1777539167.7952712,1777539167.7952712,261959.4041248,11,L_Tibia,294,1,-0.4833,8.9817,-3.4501,9.5825,-2.1973,3.54,112.099,3.0487,-30.8276,0.7955,0.2347,-0.1271,0.5441
independent_20260430_165242,trial_001,subject_001,1777539167.7952712,1777539167.7952712,261959.4042988,12,L_Foot,302,1,-0.9618,0.8326,9.9771,-2.9297,0.6104,-0.5493,4.4659,5.3998,-112.1814,-0.0174,0.0586,-0.8273,0.5584
independent_20260430_165242,trial_001,subject_001,1777539167.7952712,1777539167.7952712,261959.4044199,13,R_Femur,307,1,1.4212,8.6276,1.5743,-7.4463,17.8833,14.7095,80.3156,-4.0979,-30.0311,0.6296,0.1406,-0.2202,0.7317
independent_20260430_165242,trial_001,subject_001,1777539167.7952712,1777539167.7952712,261959.4045422,9,Trunk,292,1,-0.3828,9.3693,-0.8853,7.2021,11.6577,3.479,98.9429,2.5818,-21.0828,0.7444,0.1534,-0.102,0.6418
independent_20260430_165242,trial_001,subject_001,1777539167.7952712,1777539167.7952712,261959.4046505,10,L_Femur,279,1,-0.4881,9.2114,-2.5601,38.8184,35.0952,0.4272,106.7596,4.7955,-22.1979,0.7821,0.1789,-0.0818,0.5913
independent_20260430_165242,trial_001,subject_001,1777539167.7952712,1777539167.7952712,261959.4047451,11,L_Tibia,295,1,-0.1627,8.8382,-3.608,10.498,6.4087,2.6855,112.3077,2.9773,-30.7727,0.7967,0.2342,-0.1269,0.5425
independent_20260430_165242,trial_001,subject_001,1777539167.7952712,1777539167.7952712,261959.4048951,12,L_Foot,303,1,-0.9475,0.8996,10.0105,-3.6011,0.5493,-0.3662,4.411,5.4163,-112.1924,-0.0177,0.0582,-0.8274,0.5583
independent_20260430_165242,trial_001,subject_001,1777539167.7952712,1777539167.7952712,261959.4049981,13,R_Femur,308,1,1.4212,8.8621,0.9857,-12.7563,16.9678,14.7705,80.0519,-4.3341,-29.6191,0.6287,0.1363,-0.2191,0.7336
independent_20260430_165242,trial_001,subject_001,1777539167.7952712,1777539167.7952712,261959.4050904,14,R_Tibia,152,1,0.7082,8.063,-1.4068,10.5591,48.8892,-4.7607,90.2856,-0.2966,-174.1992,0.0377,0.7079,-0.7045,0.0339
independent_20260430_165242,trial_001,subject_001,1777539167.7962823,1777539167.7962823,261959.4051969,15,R_Foot,152,1,1.4643,3.4597,7.1107,12.207,18.1274,40.0391,-4.3286,-11.1951,-103.5132,0.0533,-0.0899,-0.7788,0.6185
independent_20260430_165242,trial_001,subject_001,1777539167.7962823,1777539167.7962823,261959.4053244,9,Trunk,293,1,-0.4498,9.556,-0.8183,4.6387,13.916,3.6011,99.0143,2.4939,-20.896,0.7451,0.1518,-0.1015,0.6414
independent_20260430_165242,trial_001,subject_001,1777539167.7962823,1777539167.7962823,261959.4054363,10,L_Femur,280,1,-0.5359,9.0152,-2.8472,40.5273,39.7339,-0.1831,107.6166,4.5703,-21.4453,0.7879,0.1732,-0.0782,0.5857
independent_20260430_165242,trial_001,subject_001,1777539167.7962823,1777539167.7962823,261959.4055626,11,L_Tibia,296,1,-0.2249,8.9865,-3.7611,9.8267,9.2163,2.0142,112.467,2.9059,-30.6628,0.7977,0.2333,-0.1266,0.5414
independent_20260430_165242,trial_001,subject_001,1777539167.8236108,1777539167.8236108,261959.4332783,12,L_Foot,304,1,-0.957,0.8039,9.8957,-3.1738,0.4883,-0.1831,4.3945,5.4272,-112.1979,-0.0179,0.0582,-0.8274,0.5582
independent_20260430_165242,trial_001,subject_001,1777539167.8246136,1777539167.8246136,261959.4334938,13,R_Femur,309,1,1.2011,8.4697,0.9857,-3.418,17.1509,15.9302,79.931,-4.5264,-29.317,0.6286,0.1331,-0.2183,0.7345
independent_20260430_165242,trial_001,subject_001,1777539167.8246136,1777539167.8246136,261959.4336811,9,Trunk,294,1,-0.5742,9.6277,-0.6364,2.6245,16.3574,4.4556,99.0472,2.384,-20.6708,0.7457,0.1497,-0.1009,0.6413
independent_20260430_165242,trial_001,subject_001,1777539167.8246136,1777539167.8246136,261959.4338483,10,L_Femur,281,1,-0.4307,8.9865,-3.3257,44.7998,44.0063,1.5869,108.3197,4.3506,-20.8301,0.7927,0.1683,-0.0755,0.581
independent_20260430_165242,trial_001,subject_001,1777539167.8246136,1777539167.8246136,261959.4339768,11,L_Tibia,297,1,-0.268,9.2401,-4.053,8.7891,8.9722,1.5259,112.6044,2.8345,-30.531,0.7988,0.2322,-0.1262,0.5405
independent_20260430_165242,trial_001,subject_001,1777539167.8246136,1777539167.8246136,261959.4340997,12,L_Foot,305,1,-0.9714,0.7273,9.8574,-1.8311,0.4272,0.1831,4.3781,5.4382,-112.1979,-0.0181,0.0581,-0.8275,0.5582
independent_20260430_165242,trial_001,subject_001,1777539167.8246136,1777539167.8246136,261959.4342267,13,R_Femur,310,1,1.0145,7.8859,1.2298,13.0615,24.4141,18.4326,80.0519,-4.7406,-28.9215,0.6301,0.1298,-0.2168,0.7342
independent_20260430_165242,trial_001,subject_001,1777539167.8246136,1777539167.8246136,261959.4343727,14,R_Tibia,153,1,0.2775,7.9386,-2.1007,21.6064,60.2417,-6.5308,90.7965,-0.1154,-172.4799,0.0474,0.7104,-0.7007,0.0453
independent_20260430_165242,trial_001,subject_001,1777539167.8256092,1777539167.8256092,261959.4345238,15,R_Foot,153,1,2.139,2.9237,8.3501,9.8267,12.9395,56.2744,-4.2957,-10.6183,-101.7389,0.0482,-0.0873,-0.7697,0.6306
independent_20260430_165242,trial_001,subject_001,1777539167.8256092,1777539167.8256092,261959.4346551,9,Trunk,295,1,-0.7513,9.6564,-0.5646,-0.9766,19.4702,6.3477,99.0472,2.1973,-20.3192,0.7464,0.1464,-0.1001,0.6414
independent_20260430_165242,trial_001,subject_001,1777539167.8256092,1777539167.8256092,261959.4347925,10,L_Femur,282,1,-0.4211,8.9435,-3.5745,48.0957,41.687,3.1738,109.0723,4.0979,-20.2258,0.7977,0.1633,-0.0731,0.5759
independent_20260430_165242,trial_001,subject_001,1777539167.8256092,1777539167.8256092,261959.4349731,11,L_Tibia,298,1,0.4594,9.1205,-4.1344,9.0332,15.9302,0.4272,112.8021,2.7301,-30.2838,0.8003,0.2302,-0.1254,0.5392
independent_20260430_165242,trial_001,subject_001,1777539167.8256092,1777539167.8256092,261959.4351618,12,L_Foot,306,1,-0.8948,0.8039,9.9627,-1.3428,1.4038,-0.1221,4.3671,5.4657,-112.2034,-0.0183,0.0582,-0.8275,0.5582
independent_20260430_165242,trial_001,subject_001,1777539167.8256092,1777539167.8256092,261959.4353372,13,R_Femur,311,1,0.9857,7.4888,1.3542,16.7847,34.4849,16.1743,80.2991,-4.9768,-28.2239,0.6328,0.1249,-0.2133,0.7338
independent_20260430_165242,trial_001,subject_001,1777539167.82661,1777539167.82661,261959.435468,9,Trunk,296,1,-0.9044,9.4315,-0.4211,-2.6245,21.1182,6.8359,99.0033,2.038,-20.0281,0.7467,0.1436,-0.0996,0.6418
independent_20260430_165242,trial_001,subject_001,1777539167.82661,1777539167.82661,261959.4355959,10,L_Femur,283,1,-0.5886,8.977,-3.1438,50.4761,41.8701,6.0425,110.127,3.7189,-19.4678,0.8044,0.1568,-0.0706,0.5686
independent_20260430_165242,trial_001,subject_001,1777539167.82661,1777539167.82661,261959.4357298,11,L_Tibia,299,1,0.0574,9.0679,-3.8042,10.0708,18.3105,0.9155,112.9614,2.6202,-30.0256,0.8018,0.2281,-0.1246,0.5382
independent_20260430_165242,trial_001,subject_001,1777539167.82661,1777539167.82661,261959.4358813,12,L_Foot,307,1,-0.8422,0.7465,9.9579,-0.4272,2.5635,-0.4883,4.3671,5.5042,-112.2089,-0.0186,0.0583,-0.8275,0.5582
independent_20260430_165242,trial_001,subject_001,1777539167.82661,1777539167.82661,261959.4360425,13,R_Femur,312,1,1.1676,8.0008,1.2633,14.2212,37.7197,13.4277,80.4584,-5.0977,-27.6196,0.6347,0.121,-0.21,0.7338
independent_20260430_165242,trial_001,subject_001,1777539167.82661,1777539167.82661,261959.4362174,14,R_Tibia,154,1,0.5742,8.3692,-1.737,28.8086,64.209,-5.0659,91.7139,0.0549,-170.2881,0.0604,0.7151,-0.6939,0.0593
independent_20260430_165242,trial_001,subject_001,1777539167.82661,1777539167.82661,261959.436349,15,R_Foot,154,1,1.6652,1.5552,6.9624,59.6313,64.3921,50.415,-2.9883,-8.7506,-100.3052,0.0419,-0.0688,-0.764,0.6402
independent_20260430_165242,trial_001,subject_001,1777539167.8276117,1777539167.8276117,261959.4364767,9,Trunk,297,1,-0.8757,9.2449,-0.1866,-1.1597,22.8271,7.3853,98.9703,1.8182,-19.6106,0.7473,0.1396,-0.0987,0.6421
independent_20260430_165242,trial_001,subject_001,1777539167.8276117,1777539167.8276117,261959.4365918,10,L_Femur,284,1,-0.89,9.2928,-2.8424,46.9971,42.4194,6.958,110.8795,3.3948,-18.8965,0.8092,0.1517,-0.069,0.5633
independent_20260430_165242,trial_001,subject_001,1777539167.8544693,1777539167.8544693,261959.4634137,11,L_Tibia,300,1,-0.3685,9.1205,-3.3975,12.0239,19.4092,2.8687,113.1482,2.4774,-29.7675,0.8034,0.2258,-0.124,0.5369
independent_20260430_165242,trial_001,subject_001,1777539167.8544693,1777539167.8544693,261959.4635484,12,L_Foot,308,1,-0.8853,0.6221,9.9771,1.2207,3.7231,-0.7935,4.4,5.5811,-112.2198,-0.019,0.059,-0.8275,0.5581
independent_20260430_165242,trial_001,subject_001,1777539167.8544693,1777539167.8544693,261959.4636524,13,R_Femur,313,1,1.4116,8.4889,1.0097,18.0664,33.9966,13.4888,80.6561,-5.213,-27.0538,0.6367,0.1175,-0.2067,0.7336
independent_20260430_165242,trial_001,subject_001,1777539167.8544693,1777539167.8544693,261959.4637514,9,Trunk,298,1,-0.5503,9.3885,-0.1292,-1.9531,24.9634,7.9346,98.9374,1.6315,-19.2645,0.7477,0.1363,-0.0981,0.6424
independent_20260430_165242,trial_001,subject_001,1777539167.8544693,1777539167.8544693,261959.4638475,10,L_Femur,285,1,-1.0432,9.4698,-2.6271,43.5181,41.9312,6.2866,111.5662,3.0707,-18.3307,0.8137,0.1465,-0.0677,0.5585
independent_20260430_165242,trial_001,subject_001,1777539167.8550262,1777539167.8550262,261959.4639523,11,L_Tibia,301,1,-0.7656,9.1253,-3.1008,16.4185,21.3013,5.5542,113.4723,2.2357,-29.4104,0.8059,0.2226,-0.1234,0.5346
independent_20260430_165242,trial_001,subject_001,1777539167.8550262,1777539167.8550262,261959.4640488,12,L_Foot,309,1,-0.8948,0.5886,9.9627,1.709,3.6621,-0.5493,4.433,5.6415,-112.2308,-0.0193,0.0595,-0.8275,0.558
independent_20260430_165242,trial_001,subject_001,1777539167.8550262,1777539167.8550262,261959.4641422,13,R_Femur,314,1,1.2011,9.2019,0.8661,24.6582,27.832,14.7095,81.0242,-5.4163,-26.4111,0.6399,0.1133,-0.2034,0.7323
independent_20260430_165242,trial_001,subject_001,1777539167.8550262,1777539167.8550262,261959.4642341,14,R_Tibia,155,1,-0.2105,9.867,-1.0145,23.6206,62.0728,6.2866,92.7576,-0.0549,-167.981,0.0761,0.7199,-0.6861,0.0719
independent_20260430_165242,trial_001,subject_001,1777539167.8550262,1777539167.8550262,261959.464326,15,R_Foot,155,1,-0.9714,-2.2921,9.1875,74.5239,82.7026,37.2314,-0.9778,-5.603,-98.9044,0.0316,-0.0382,-0.7587,0.6496
independent_20260430_165242,trial_001,subject_001,1777539167.9039927,1777539167.9039927,261959.5134065,9,Trunk,299,1,-0.2823,9.5033,-0.311,1.6479,25.6958,7.5684,98.9429,1.4502,-18.9075,0.7483,0.1329,-0.0972,0.6425
independent_20260430_165242,trial_001,subject_001,1777539167.9039927,1777539167.9039927,261959.5136178,10,L_Femur,286,1,-1.3829,9.5272,-2.4883,41.3818,39.6729,4.8828,112.4396,2.6642,-17.6111,0.8192,0.14,-0.066,0.5523
independent_20260430_165242,trial_001,subject_001,1777539167.9039927,1777539167.9039927,261959.5138061,11,L_Tibia,302,1,-1.0527,9.1827,-3.0338,18.3716,22.9492,8.3008,113.7579,1.9995,-29.1467,0.808,0.2199,-0.1233,0.5324
independent_20260430_165242,trial_001,subject_001,1777539167.9050019,1777539167.9050019,261959.5140108,12,L_Foot,310,1,-0.8135,0.5886,9.9579,2.2583,3.0518,-0.1831,4.4769,5.6909,-112.2363,-0.0194,0.06,-0.8275,0.558
independent_20260430_165242,trial_001,subject_001,1777539167.9050019,1777539167.9050019,261959.514185,13,R_Femur,315,1,0.1914,9.2258,0.4881,45.3491,30.0293,13.7939,81.5845,-5.5646,-25.9332,0.6442,0.1106,-0.2006,0.7298
independent_20260430_165242,trial_001,subject_001,1777539167.9050019,1777539167.9050019,261959.5143489,9,Trunk,300,1,-0.2823,9.8574,-0.9618,9.2773,25.7568,5.3101,99.0802,1.2415,-18.4186,0.7499,0.1287,-0.0957,0.6418
independent_20260430_165242,trial_001,subject_001,1777539167.9055278,1777539167.9055278,261959.5145373,10,L_Femur,287,1,-2.0146,9.7139,-2.694,37.4756,36.377,3.418,113.0383,2.395,-17.1112,0.8229,0.1355,-0.0648,0.548
independent_20260430_165242,trial_001,subject_001,1777539167.9055278,1777539167.9055278,261959.5147214,11,L_Tibia,303,1,-1.6509,9.2832,-2.6223,22.1558,20.5078,13.0005,114.1864,1.615,-28.8281,0.8111,0.2164,-0.1238,0.5291
independent_20260430_165242,trial_001,subject_001,1777539167.9055278,1777539167.9055278,261959.5149198,14,R_Tibia,156,1,-3.6415,12.3648,2.383,4.8828,31.5552,2.1973,93.0652,-0.3406,-166.4868,0.0874,0.7205,-0.6834,0.0788
independent_20260430_165242,trial_001,subject_001,1777539167.9055278,1777539167.9055278,261959.5151101,15,R_Foot,156,1,-6.1729,-0.0718,10.2546,91.2476,40.2832,-4.3335,1.8347,-3.9661,-98.3606,0.0366,-0.0105,-0.7566,0.6528
independent_20260430_165242,trial_001,subject_001,1777539167.9055278,1777539167.9055278,261959.5152741,9,Trunk,301,1,-0.4833,10.3407,-1.5647,12.146,24.1089,3.6011,99.245,1.1151,-18.067,0.7513,0.1258,-0.0944,0.6409
independent_20260430_165242,trial_001,subject_001,1777539167.9065356,1777539167.9065356,261959.5154142,11,L_Tibia,304,1,-1.9619,9.4938,-2.2634,26.3672,21.5454,3.418,114.5819,1.3898,-28.5754,0.8137,0.214,-0.1235,0.5261
independent_20260430_165242,trial_001,subject_001,1777539167.9065356,1777539167.9065356,261959.515554,12,L_Foot,311,1,-1.5456,0.5934,10.0105,4.2725,0.1221,0.4272,4.5593,5.7458,-112.2363,-0.0194,0.0609,-0.8274,0.558
independent_20260430_165242,trial_001,subject_001,1777539167.9065356,1777539167.9065356,261959.5156958,13,R_Femur,316,1,1.1149,13.097,3.8808,-7.6904,112.915,17.2119,82.002,-5.7404,-23.2031,0.6495,0.0948,-0.1838,0.7317
independent_20260430_165242,trial_001,subject_001,1777539167.9638042,1777539167.9638042,261959.5734011,9,Trunk,302,1,-0.6986,10.7666,-2.0815,11.4136,20.2026,3.0518,99.4098,1.0107,-17.7594,0.7527,0.1234,-0.0932,0.64
independent_20260430_165242,trial_001,subject_001,1777539167.9638042,1777539167.9638042,261959.5735916,10,L_Femur,288,1,-2.6558,9.6612,-3.5841,25.9399,23.9258,-1.6479,114.0326,1.983,-16.1389,0.8291,0.1271,-0.062,0.541
independent_20260430_165242,trial_001,subject_001,1777539167.964804,1777539167.964804,261959.5737486,11,L_Tibia,305,1,-2.3878,9.489,-3.4645,26.7944,11.4136,21.0571,115.0159,0.9833,-28.4161,0.8165,0.2115,-0.1248,0.5225
independent_20260430_165242,trial_001,subject_001,1777539167.964804,1777539167.964804,261959.5738984,12,L_Foot,312,1,-1.5025,0.6173,10.0345,4.3945,-1.0376,1.2207,4.6362,5.7349,-112.2198,-0.019,0.0614,-0.8273,0.5581
independent_20260430_165242,trial_001,subject_001,1777539167.964804,1777539167.964804,261959.5740454,13,R_Femur,317,1,1.8997,12.9534,5.9288,-16.0522,133.5449,11.1694,81.5515,-5.6525,-21.2146,0.648,0.0834,-0.1709,0.7375
independent_20260430_165242,trial_001,subject_001,1777539167.964804,1777539167.964804,261959.574191,14,R_Tibia,157,1,-3.0816,10.4508,-0.9331,28.3813,44.0063,-2.6245,93.6365,-0.3186,-165.3113,0.0951,0.723,-0.679,0.0855
independent_20260430_165242,trial_001,subject_001,1777539167.964804,1777539167.964804,261959.5743434,15,R_Foot,157,1,2.4356,2.7084,13.0443,74.707,18.4937,-4.5166,4.6747,-3.4167,-98.6957,0.0492,0.0115,-0.7585,0.6497
independent_20260430_165242,trial_001,subject_001,1777539167.964804,1777539167.964804,261959.5744952,9,Trunk,303,1,-1.0097,10.8001,-2.4883,7.1411,13.2446,2.2583,99.5636,0.8954,-17.4683,0.7539,0.1209,-0.0921,0.6391
independent_20260430_165242,trial_001,subject_001,1777539167.964804,1777539167.964804,261959.5746478,10,L_Femur,289,1,-2.0576,9.5895,-3.6702,25.5737,12.8784,0.2441,114.4336,1.8842,-15.9247,0.8313,0.1253,-0.0613,0.5381
independent_20260430_165242,trial_001,subject_001,1777539167.965804,1777539167.965804,261959.5748056,11,L_Tibia,306,1,-0.0383,9.4411,-3.4979,29.7852,15.1367,29.2969,115.6091,0.4504,-28.3997,0.8199,0.2096,-0.1275,0.5173
independent_20260430_165242,trial_001,subject_001,1777539167.965804,1777539167.965804,261959.5749474,12,L_Foot,313,1,-1.1724,0.4929,9.9818,6.1035,-1.2817,1.8921,4.7681,5.7129,-112.1924,-0.0182,0.0623,-0.8271,0.5583
independent_20260430_165242,trial_001,subject_001,1777539167.965804,1777539167.965804,261959.5750934,13,R_Femur,318,1,-1.8566,11.1063,5.3546,5.6763,92.1631,-6.7139,81.3538,-5.3119,-19.0778,0.6479,0.0732,-0.1553,0.7421
independent_20260430_165242,trial_001,subject_001,1777539167.965804,1777539167.965804,261959.5752191,10,L_Femur,290,1,-0.8135,9.6086,-3.474,22.583,9.4604,2.9297,114.895,1.7633,-15.7544,0.8337,0.1237,-0.0609,0.5347
independent_20260430_165242,trial_001,subject_001,1777539167.965804,1777539167.965804,261959.5753321,11,L_Tibia,307,1,0.7465,9.6947,-3.3544,34.2407,26.6724,19.3481,116.1145,0.022,-28.1909,0.823,0.2068,-0.1287,0.5132
independent_20260430_165242,trial_001,subject_001,1777539167.9839435,1777539167.9839435,261959.5933686,12,L_Foot,314,1,-0.8661,0.5455,10.0393,7.3853,-1.2207,1.1597,4.8889,5.6964,-112.1814,-0.0174,0.063,-0.827,0.5584
independent_20260430_165242,trial_001,subject_001,1777539167.9845212,1777539167.9845212,261959.5934917,13,R_Femur,319,1,-4.2444,9.9053,3.7516,21.4844,49.4385,-4.0894,81.535,-5.1086,-18.2373,0.6494,0.0701,-0.1486,0.7424
independent_20260430_165242,trial_001,subject_001,1777539167.9845212,1777539167.9845212,261959.5936106,14,R_Tibia,158,1,0.4259,9.2258,-1.9284,53.6499,81.2988,7.5684,95.0867,-0.6262,-163.1415,0.1118,0.7293,-0.6683,0.095
independent_20260430_165242,trial_001,subject_001,1777539167.9845212,1777539167.9845212,261959.5937354,15,R_Foot,158,1,-1.2346,3.1726,14.0444,28.4424,-16.3574,-1.2207,5.8832,-3.4552,-98.6957,0.0563,0.0193,-0.7583,0.6491
independent_20260430_165242,trial_001,subject_001,1777539168.043919,1777539168.043919,261959.6531328,9,Trunk,304,1,-1.1771,10.3934,-1.6844,-4.7607,7.0801,-3.0518,99.4922,0.8624,-17.1991,0.7539,0.1189,-0.0909,0.6398
independent_20260430_165242,trial_001,subject_001,1777539168.043919,1777539168.043919,261959.6532914,10,L_Femur,291,1,0.0622,9.6134,-3.3018,20.2026,13.1836,4.5166,115.2081,1.6205,-15.6061,0.8354,0.1221,-0.0609,0.5324
independent_20260430_165242,trial_001,subject_001,1777539168.043919,1777539168.043919,261959.653419,11,L_Tibia,308,1,0.4881,9.6182,-3.5937,36.1938,26.9775,21.4844,116.6418,-0.434,-27.9602,0.8263,0.2037,-0.13,0.5088
independent_20260430_165242,trial_001,subject_001,1777539168.043919,1777539168.043919,261959.6535374,12,L_Foot,315,1,-0.8757,0.4642,10.0105,9.6436,0.2441,1.1597,5.0812,5.6964,-112.1649,-0.0165,0.0644,-0.8268,0.5586
independent_20260430_165242,trial_001,subject_001,1777539168.043919,1777539168.043919,261959.6536532,13,R_Femur,320,1,-3.6415,8.6803,0.914,41.8091,22.0947,7.3853,82.0569,-5.1361,-17.8143,0.6531,0.0681,-0.1457,0.74
independent_20260430_165242,trial_001,subject_001,1777539168.043919,1777539168.043919,261959.6537585,9,Trunk,305,1,-0.7226,10.2115,-1.0432,-6.7749,10.9863,-3.9673,99.3878,0.8899,-17.0398,0.7534,0.1179,-0.09,0.6406
independent_20260430_165242,trial_001,subject_001,1777539168.0449243,1777539168.0449243,261959.6538501,10,L_Femur,292,1,0.5742,9.6421,-3.1678,16.5405,18.3105,4.5166,115.4718,1.4447,-15.3973,0.837,0.1199,-0.0609,0.5304
independent_20260430_165242,trial_001,subject_001,1777539168.0449243,1777539168.0449243,261959.6539422,11,L_Tibia,309,1,0.3685,9.3358,-3.2922,39.5508,24.1699,23.1323,117.3944,-1.0492,-27.7075,0.8307,0.2,-0.132,0.5026
independent_20260430_165242,trial_001,subject_001,1777539168.0449243,1777539168.0449243,261959.654034,12,L_Foot,316,1,-0.9092,0.5407,9.934,10.9863,1.5259,1.0376,5.246,5.7184,-112.1539,-0.0158,0.0657,-0.8266,0.5587
independent_20260430_165242,trial_001,subject_001,1777539168.0449243,1777539168.0449243,261959.6541269,13,R_Femur,321,1,-0.8518,8.9243,-1.4978,31.25,4.2725,10.0708,82.7545,-5.3174,-17.6111,0.6578,0.0667,-0.145,0.736
independent_20260430_165242,trial_001,subject_001,1777539168.0449243,1777539168.0449243,261959.6542176,14,R_Tibia,159,1,-1.4164,10.3455,-1.7657,50.6592,56.8848,16.9067,97.0312,-1.3348,-160.351,0.1354,0.7368,-0.6541,0.1044
independent_20260430_165242,trial_001,subject_001,1777539168.0449243,1777539168.0449243,261959.6543093,15,R_Foot,159,1,0.9857,0.9092,9.6517,25.3906,-4.2114,-1.5869,6.7291,-3.7683,-98.7506,0.0631,0.0231,-0.7585,0.6482
independent_20260430_165242,trial_001,subject_001,1777539168.0449243,1777539168.0449243,261959.6544014,9,Trunk,306,1,-0.3397,10.0105,-0.8039,-6.7749,14.0991,-3.8452,99.267,0.9009,-16.8311,0.7529,0.1165,-0.0889,0.6416
independent_20260430_165242,trial_001,subject_001,1777539168.0449243,1777539168.0449243,261959.6544925,10,L_Femur,293,1,0.9044,9.6708,-2.9477,14.8926,26.1841,4.0283,115.7849,1.1536,-14.9908,0.8391,0.1158,-0.0609,0.5281
independent_20260430_165242,trial_001,subject_001,1777539168.0449243,1777539168.0449243,261959.6545959,11,L_Tibia,310,1,0.4689,9.4698,-3.2396,40.5884,26.9775,24.8413,117.9987,-1.5491,-27.5208,0.8341,0.1971,-0.1338,0.4975
independent_20260430_165242,trial_001,subject_001,1777539168.0449243,1777539168.0449243,261959.6546864,12,L_Foot,317,1,-0.9905,0.6651,9.9101,12.5732,2.4414,0.6714,5.4492,5.7513,-112.1484,-0.0151,0.0674,-0.8264,0.5588
independent_20260430_165242,trial_001,subject_001,1777539168.0449243,1777539168.0449243,261959.6547769,13,R_Femur,322,1,0.9857,8.9817,-1.5743,28.8086,-5.6763,14.8315,83.1775,-5.5371,-17.6385,0.6607,0.066,-0.1462,0.7333
independent_20260430_165242,trial_001,subject_001,1777539168.045929,1777539168.045929,261959.6548676,9,Trunk,307,1,-0.0957,9.8287,-1.024,-5.3101,19.4092,-3.3569,99.1461,0.9064,-16.474,0.7526,0.1141,-0.0869,0.6426
independent_20260430_165242,trial_001,subject_001,1777539168.045929,1777539168.045929,261959.6549559,10,L_Femur,294,1,0.6699,9.7617,-2.8711,11.8408,31.0059,2.1973,115.9772,0.9174,-14.5898,0.8405,0.1119,-0.0606,0.5266
independent_20260430_165242,trial_001,subject_001,1777539168.045929,1777539168.045929,261959.6550436,12,L_Foot,318,1,-0.7991,0.6173,9.9914,16.5405,3.8452,1.5869,5.7733,5.8173,-112.1155,-0.014,0.07,-0.8261,0.5591
independent_20260430_165242,trial_001,subject_001,1777539168.045929,1777539168.045929,261959.6551312,13,R_Femur,323,1,1.1771,9.3311,-1.2585,20.752,-9.9487,24.9023,83.6334,-6.0095,-17.7484,0.6639,0.0641,-0.1493,0.73
independent_20260430_165242,trial_001,subject_001,1777539168.045929,1777539168.045929,261959.6552181,14,R_Tibia,160,1,-0.268,8.6037,-3.6941,43.7622,-33.2642,26.123,98.5638,-2.1039,-160.4059,0.1407,0.7447,-0.6451,0.0973
independent_20260430_165242,trial_001,subject_001,1777539168.045929,1777539168.045929,261959.6553056,15,R_Foot,160,1,1.3207,1.9906,10.1541,16.3574,-2.9907,-3.2349,7.4707,-3.9716,-98.855,0.0686,0.027,-0.759,0.6469
independent_20260430_165242,trial_001,subject_001,1777539168.045929,1777539168.045929,261959.6553926,9,Trunk,308,1,-0.4737,9.5847,-1.4403,-4.2725,20.9961,-2.2583,99.0637,0.8844,-16.1609,0.7525,0.1119,-0.0854,0.6434
independent_20260430_165242,trial_001,subject_001,1777539168.1243443,1777539168.1243443,261959.7335953,10,L_Femur,295,1,0.1531,9.666,-2.9285,2.6855,35.8887,0.4272,116.0925,0.5933,-13.9636,0.8418,0.1059,-0.06,0.5258
independent_20260430_165242,trial_001,subject_001,1777539168.1243443,1777539168.1243443,261959.7337173,11,L_Tibia,311,1,0.5407,9.1062,-3.3065,47.1191,38.6353,26.5503,119.5532,-2.9004,-26.889,0.8431,0.1884,-0.1383,0.4843
independent_20260430_165242,trial_001,subject_001,1777539168.1243443,1777539168.1243443,261959.733818,12,L_Foot,319,1,-0.8661,0.3876,9.9818,20.2637,3.479,2.9297,6.0754,5.8722,-112.0825,-0.0129,0.0725,-0.8257,0.5593
independent_20260430_165242,trial_001,subject_001,1777539168.1243443,1777539168.1243443,261959.7339144,13,R_Femur,324,1,0.5646,9.4459,-0.5981,35.6445,-20.6909,25.5737,84.1223,-6.4325,-17.9736,0.6672,0.0633,-0.1529,0.7263
independent_20260430_165242,trial_001,subject_001,1777539168.1243443,1777539168.1243443,261959.7340092,9,Trunk,309,1,-0.957,9.4363,-1.8854,-0.1221,16.7236,-1.6479,99.0363,0.8569,-15.8917,0.7526,0.1099,-0.0841,0.6437
independent_20260430_165242,trial_001,subject_001,1777539168.1243443,1777539168.1243443,261959.7341025,10,L_Femur,296,1,-0.1101,9.7569,-3.1582,-7.8735,39.2456,-0.1221,116.0101,0.3351,-13.4363,0.8421,0.1008,-0.0595,0.5265
independent_20260430_165242,trial_001,subject_001,1777539168.1243443,1777539168.1243443,261959.7341944,11,L_Tibia,312,1,0.5264,9.154,-3.364,52.3071,40.7715,27.1606,120.3113,-3.5486,-26.554,0.8473,0.1841,-0.1404,0.4779
independent_20260430_165242,trial_001,subject_001,1777539168.1243443,1777539168.1243443,261959.7342851,12,L_Foot,320,1,-1.0145,0.7991,9.9723,21.0571,3.479,2.6245,6.405,5.9161,-112.0331,-0.0115,0.0751,-0.8252,0.5597
independent_20260430_165242,trial_001,subject_001,1777539168.1243443,1777539168.1243443,261959.7343771,13,R_Femur,325,1,1.0145,9.9436,-0.5407,52.4292,-23.3154,21.3623,84.8969,-6.806,-18.2867,0.6721,0.0638,-0.1566,0.7209
independent_20260430_165242,trial_001,subject_001,1777539168.1243443,1777539168.1243443,261959.7344672,14,R_Tibia,161,1,1.1389,10.5752,-2.8041,25.0854,-13.6719,20.3857,99.5746,-2.6587,-161.3617,0.1384,0.7509,-0.6398,0.087
independent_20260430_165242,trial_001,subject_001,1777539168.133958,1777539168.133958,261959.7430698,15,R_Foot,161,1,0.6651,1.4643,10.0871,13.0005,-1.1597,-3.1128,7.9651,-3.9935,-98.9868,0.0715,0.0302,-0.7596,0.6457
independent_20260430_165242,trial_001,subject_001,1777539168.133958,1777539168.133958,261959.7431841,9,Trunk,310,1,-0.7656,9.7091,-2.206,2.4414,10.6812,-1.8311,99.0582,0.8405,-15.639,0.753,0.1082,-0.0828,0.6438
independent_20260430_165242,trial_001,subject_001,1777539168.133958,1777539168.133958,261959.7432827,10,L_Femur,297,1,-0.335,9.6995,-3.364,-17.4561,41.748,-1.77,115.7794,0.0824,-12.865,0.8417,0.0953,-0.0589,0.5283
independent_20260430_165242,trial_001,subject_001,1777539168.133958,1777539168.133958,261959.7433774,11,L_Tibia,313,1,0.7465,8.9865,-3.6319,57.6172,48.584,27.8931,121.4154,-4.4934,-26.0266,0.8534,0.1775,-0.1434,0.4686
independent_20260430_165242,trial_001,subject_001,1777539168.133958,1777539168.133958,261959.7434929,12,L_Foot,321,1,-1.3016,0.7369,9.9244,23.1934,2.0752,2.8687,6.8665,5.9601,-111.9727,-0.0096,0.0786,-0.8246,0.5602
independent_20260430_165242,trial_001,subject_001,1777539168.133958,1777539168.133958,261959.7435969,13,R_Femur,326,1,2.2442,10.3646,-0.2201,50.7812,-1.0376,14.9536,85.9351,-7.1686,-18.4076,0.6788,0.0636,-0.1589,0.7141
independent_20260430_165242,trial_001,subject_001,1777539168.133958,1777539168.133958,261959.7436906,9,Trunk,311,1,-0.6221,9.8335,-2.4021,2.8687,4.2725,-1.1597,99.0857,0.8405,-15.5566,0.7532,0.1077,-0.0823,0.6436
independent_20260430_165242,trial_001,subject_001,1777539168.133958,1777539168.133958,261959.743782,10,L_Femur,298,1,-0.5359,9.6277,-3.3927,-28.1982,42.1753,-3.2959,115.2686,-0.2307,-12.0685,0.8401,0.0877,-0.058,0.5322
independent_20260430_165242,trial_001,subject_001,1777539168.1349578,1777539168.1349578,261959.7438725,11,L_Tibia,314,1,0.6604,8.7855,-3.7659,62.561,49.1333,27.4048,122.2998,-5.2295,-25.6091,0.8581,0.1725,-0.1458,0.4612
independent_20260430_165242,trial_001,subject_001,1777539168.1349578,1777539168.1349578,261959.7439623,12,L_Foot,322,1,-1.2346,0.4977,9.9005,32.8369,2.4414,4.8218,7.3553,5.993,-111.9067,-0.0074,0.0823,-0.8239,0.5607
independent_20260430_165242,trial_001,subject_001,1777539168.1349578,1777539168.1349578,261959.7440526,13,R_Femur,327,1,2.1342,9.8479,-0.4737,53.5889,17.7002,6.3477,86.6876,-7.2839,-18.1824,0.6837,0.0626,-0.1577,0.7098
independent_20260430_165242,trial_001,subject_001,1777539168.1349578,1777539168.1349578,261959.744142,14,R_Tibia,162,1,0.6556,9.7378,-2.7467,21.9727,52.7954,12.085,100.3601,-3.3179,-160.5048,0.1483,0.7535,-0.6346,0.0865
independent_20260430_165242,trial_001,subject_001,1777539168.1349578,1777539168.1349578,261959.7442335,15,R_Foot,162,1,0.4259,1.5839,9.9244,10.3149,-2.9907,0.4883,8.2507,-4.0594,-99.0088,0.0736,0.0317,-0.7597,0.6454
independent_20260430_165242,trial_001,subject_001,1777539168.1349578,1777539168.1349578,261959.7443237,9,Trunk,312,1,-0.0526,9.7569,-2.4404,0.3662,4.4556,1.5869,99.1022,0.824,-15.4962,0.7534,0.1072,-0.082,0.6436
independent_20260430_165242,trial_001,subject_001,1777539168.1349578,1777539168.1349578,261959.7444128,10,L_Femur,299,1,-0.5886,9.8144,-3.3831,-37.7197,40.1001,-4.6997,114.7302,-0.434,-11.4807,0.8381,0.0822,-0.0571,0.5363
independent_20260430_165242,trial_001,subject_001,1777539168.1349578,1777539168.1349578,261959.7445011,11,L_Tibia,315,1,0.5359,9.1301,-3.943,65.918,52.002,27.4048,123.2336,-5.9875,-25.1697,0.8629,0.1672,-0.1483,0.4533
independent_20260430_165242,trial_001,subject_001,1777539168.2139063,1777539168.2139063,261959.8229807,12,L_Foot,323,1,-1.1389,0.981,9.934,40.2832,2.5635,7.2021,8.1573,6.0315,-111.7694,-0.0036,0.0882,-0.8226,0.5618
independent_20260430_165242,trial_001,subject_001,1777539168.2139063,1777539168.2139063,261959.8231005,13,R_Femur,328,1,0.5886,9.7091,-0.7273,48.2178,31.1279,0.1221,87.3743,-7.2894,-17.7429,0.6882,0.0609,-0.1547,0.7063
independent_20260430_165242,trial_001,subject_001,1777539168.2139063,1777539168.2139063,261959.8232017,9,Trunk,313,1,0.1818,9.5942,-2.3591,-0.5493,7.019,3.0518,99.0802,0.7581,-15.4028,0.7534,0.1062,-0.082,0.6437
independent_20260430_165242,trial_001,subject_001,1777539168.2139063,1777539168.2139063,261959.8232991,10,L_Femur,300,1,-0.7656,9.9771,-3.2348,-49.4385,29.7852,-6.897,114.0161,-0.5493,-10.9973,0.8351,0.0778,-0.0562,0.5416
independent_20260430_165242,trial_001,subject_001,1777539168.2139063,1777539168.2139063,261959.8233965,11,L_Tibia,316,1,0.8326,9.1205,-4.4311,69.7632,56.6406,30.9448,124.5575,-7.0862,-24.5819,0.8694,0.16,-0.1523,0.442
independent_20260430_165242,trial_001,subject_001,1777539168.2139063,1777539168.2139063,261959.8234923,12,L_Foot,324,1,-1.0288,0.579,9.9723,54.5044,2.0752,9.6436,8.9484,6.0425,-111.6376,0.0003,0.094,-0.8213,0.5627
independent_20260430_165242,trial_001,subject_001,1777539168.2139063,1777539168.2139063,261959.8235851,13,R_Femur,329,1,-0.2153,9.5129,-0.5312,42.8467,20.813,2.9297,88.1433,-7.3114,-17.2101,0.6932,0.0586,-0.1511,0.7023
independent_20260430_165242,trial_001,subject_001,1777539168.2139063,1777539168.2139063,261959.8236785,14,R_Tibia,163,1,-0.8518,9.1588,-2.9716,19.9585,24.4141,15.5029,100.9534,-4.0594,-158.9777,0.1628,0.7538,-0.6303,0.0892
independent_20260430_165242,trial_001,subject_001,1777539168.2149062,1777539168.2149062,261959.8237714,15,R_Foot,163,1,0.8135,1.8758,9.7856,8.1177,-3.7842,1.6479,8.5419,-4.2078,-98.9594,0.0762,0.0328,-0.7593,0.6454
independent_20260430_165242,trial_001,subject_001,1777539168.2149062,1777539168.2149062,261959.8238745,9,Trunk,314,1,-0.0287,9.465,-2.3112,-1.709,8.2397,3.7842,99.0417,0.6757,-15.2985,0.7534,0.105,-0.082,0.644
independent_20260430_165242,trial_001,subject_001,1777539168.2149062,1777539168.2149062,261959.8239674,10,L_Femur,301,1,-0.9331,9.6564,-2.6605,-63.4766,10.5591,-8.4229,112.8076,-0.5328,-10.6293,0.8296,0.0746,-0.0551,0.5506
independent_20260430_165242,trial_001,subject_001,1777539168.2149062,1777539168.2149062,261959.8240598,11,L_Tibia,317,1,0.914,9.2019,-4.1392,74.1577,59.3872,32.7148,125.6122,-7.9926,-24.1205,0.8744,0.1542,-0.1559,0.4329
independent_20260430_165242,trial_001,subject_001,1777539168.2149062,1777539168.2149062,261959.8241509,12,L_Foot,325,1,-1.1245,0.9427,10.0153,64.9414,0.7324,11.2915,9.9152,6.0315,-111.4783,0.0053,0.1008,-0.8197,0.5638
independent_20260430_165242,trial_001,subject_001,1777539168.2149062,1777539168.2149062,261959.824242,13,R_Femur,330,1,0.1005,9.1875,-1.0767,50.8423,-1.3428,9.3994,88.8684,-7.4377,-17.1552,0.6977,0.0584,-0.1512,0.6978
independent_20260430_165242,trial_001,subject_001,1777539168.2149062,1777539168.2149062,261959.824332,9,Trunk,315,1,-0.1627,9.1349,-2.316,-0.3662,12.4512,5.4321,99.0033,0.5328,-15.0952,0.7534,0.1029,-0.0818,0.6443
independent_20260430_165242,trial_001,subject_001,1777539168.2149062,1777539168.2149062,261959.8244219,10,L_Femur,302,1,-0.5886,9.422,-2.5553,-64.27,0.1831,-5.8594,111.8408,-0.4614,-10.5579,0.8249,0.074,-0.0549,0.5577
independent_20260430_165242,trial_001,subject_001,1777539168.2149062,1777539168.2149062,261959.8245228,11,L_Tibia,318,1,0.5838,9.2641,-3.9525,79.834,53.2227,32.959,127.1008,-9.1736,-23.5931,0.8809,0.1476,-0.1609,0.42
independent_20260430_165242,trial_001,subject_001,1777539168.2149062,1777539168.2149062,261959.8246123,12,L_Foot,326,1,-1.4786,0.5599,10.1302,92.5903,-2.8687,19.5923,11.6565,5.9436,-111.1542,0.0148,0.1128,-0.8165,0.566
independent_20260430_165242,trial_001,subject_001,1777539168.2149062,1777539168.2149062,261959.8247009,13,R_Femur,331,1,0.2584,9.4315,-1.158,50.4761,-26.7334,15.7471,89.9396,-7.7399,-17.5562,0.7042,0.0604,-0.1549,0.6903
independent_20260430_165242,trial_001,subject_001,1777539168.2159054,1777539168.2159054,261959.824789,14,R_Tibia,164,1,0.8709,9.3693,-2.8376,13.7329,-14.2212,20.3857,101.5137,-4.6692,-159.4061,0.1637,0.7568,-0.6275,0.0819
independent_20260430_165242,trial_001,subject_001,1777539168.2159054,1777539168.2159054,261959.8248776,15,R_Foot,164,1,0.7608,1.9332,9.867,5.188,-1.9531,0.8545,8.7506,-4.2902,-98.9484,0.0779,0.0337,-0.7592,0.6453
independent_20260430_165242,trial_001,subject_001,1777539168.2159054,1777539168.2159054,261959.8249667,9,Trunk,316,1,-0.2058,9.0583,-2.4835,1.9531,12.9395,7.4463,99.0143,0.39,-14.9194,0.7538,0.1009,-0.0817,0.6442
independent_20260430_165242,trial_001,subject_001,1777539168.2159054,1777539168.2159054,261959.8250559,10,L_Femur,303,1,0.0957,9.9148,-2.852,-62.9272,-12.207,-1.0986,110.5774,-0.3571,-10.7007,0.8186,0.0749,-0.0556,0.5667
independent_20260430_165242,trial_001,subject_001,1777539168.2159054,1777539168.2159054,261959.8251448,11,L_Tibia,319,1,0.8183,9.2832,-3.8281,84.2285,36.7432,29.7852,128.3148,-9.9097,-23.3789,0.8857,0.1448,-0.1641,0.4095
independent_20260430_165242,trial_001,subject_001,1777539168.2159054,1777539168.2159054,261959.8252338,12,L_Foot,327,1,-1.8136,0.2153,10.1254,117.5537,-6.4697,27.5269,13.3813,5.7898,-110.7861,0.0248,0.1243,-0.8131,0.5682
independent_20260430_165242,trial_001,subject_001,1777539168.2159054,1777539168.2159054,261959.8253226,13,R_Femur,332,1,0.5455,9.7856,-0.6364,50.354,-35.5835,15.3198,90.7526,-7.9816,-18.0725,0.7089,0.0632,-0.159,0.6843
independent_20260430_165242,trial_001,subject_001,1777539168.2159054,1777539168.2159054,261959.8254108,9,Trunk,317,1,-0.2728,9.4124,-2.651,3.479,9.0942,10.3149,99.0527,0.1538,-14.7491,0.7543,0.0985,-0.0823,0.6439
independent_20260430_165242,trial_001,subject_001,1777539168.2159054,1777539168.2159054,261959.8254995,10,L_Femur,304,1,0.445,10.4795,-2.9189,-67.5659,-18.7988,1.0986,109.5776,-0.2802,-10.9424,0.8134,0.0765,-0.057,0.5738
independent_20260430_165242,trial_001,subject_001,1777539168.2159054,1777539168.2159054,261959.8255881,11,L_Tibia,320,1,1.0814,9.6182,-4.1727,84.1675,26.6113,28.9307,129.5728,-10.5084,-23.313,0.8902,0.1438,-0.1668,0.3987
independent_20260430_165242,trial_001,subject_001,1777539168.2159054,1777539168.2159054,261959.825677,12,L_Foot,328,1,-1.2489,1.6604,10.3407,118.042,-6.5308,31.6772,15.2106,5.5756,-110.3632,0.0359,0.1361,-0.8091,0.5706
independent_20260430_165242,trial_001,subject_001,1777539168.216906,1777539168.216906,261959.8257678,13,R_Femur,333,1,0.847,9.9914,-0.4785,48.7061,-39.7339,13.0005,91.5656,-8.1793,-18.6548,0.7135,0.0668,-0.1632,0.6781
independent_20260430_165242,trial_001,subject_001,1777539168.216906,1777539168.216906,261959.8258574,14,R_Tibia,165,1,0.7273,9.4603,-2.2442,12.146,5.6152,16.7847,101.8597,-5.1746,-159.494,0.166,0.7581,-0.6258,0.0776
independent_20260430_165242,trial_001,subject_001,1777539168.216906,1777539168.216906,261959.8259469,15,R_Foot,165,1,0.7082,1.4499,9.8718,7.3242,-2.6245,1.2207,8.9484,-4.3616,-98.9154,0.0795,0.0346,-0.759,0.6453
independent_20260430_165242,trial_001,subject_001,1777539168.2639308,1777539168.2639308,261959.8732813,9,Trunk,318,1,-0.2345,9.7952,-2.7897,0.3662,6.5918,11.2915,99.0582,-0.033,-14.6722,0.7545,0.097,-0.0831,0.6437
independent_20260430_165242,trial_001,subject_001,1777539168.2639308,1777539168.2639308,261959.8734265,10,L_Femur,305,1,0.4259,10.6039,-2.4644,-78.125,-25.8789,1.4038,108.4406,-0.1868,-11.2939,0.8074,0.0789,-0.0588,0.5817
independent_20260430_165242,trial_001,subject_001,1777539168.2639308,1777539168.2639308,261959.87355,11,L_Tibia,321,1,2.1964,8.9865,-5.1393,88.7451,25.3296,31.5552,131.3196,-11.2939,-23.335,0.8962,0.1436,-0.1707,0.3835
independent_20260430_165242,trial_001,subject_001,1777539168.2639308,1777539168.2639308,261959.8736708,12,L_Foot,329,1,-1.2394,2.584,10.4412,122.4976,-9.1553,35.2173,17.6935,5.235,-109.7589,0.0515,0.1516,-0.8033,0.5736
independent_20260430_165242,trial_001,subject_001,1777539168.2649353,1777539168.2649353,261959.8737878,13,R_Femur,334,1,1.2346,9.8048,-0.8805,46.814,-41.3818,9.5825,92.6202,-8.3716,-19.4952,0.7193,0.0724,-0.1687,0.67
independent_20260430_165242,trial_001,subject_001,1777539168.274237,1777539168.274237,261959.8830959,9,Trunk,319,1,0.1101,9.7665,-2.895,-2.5635,5.3101,11.7798,99.0088,-0.2252,-14.6173,0.7544,0.0955,-0.0841,0.6439
independent_20260430_165242,trial_001,subject_001,1777539168.274237,1777539168.274237,261959.8832473,10,L_Femur,306,1,-0.0909,10.2689,-1.8519,-80.6885,-25.2686,-1.9531,106.8146,-0.0165,-11.7828,0.7987,0.0823,-0.0613,0.593
independent_20260430_165242,trial_001,subject_001,1777539168.274237,1777539168.274237,261959.8833868,11,L_Tibia,322,1,2.6988,9.1588,-5.7374,87.9517,30.1514,34.5459,132.6489,-11.9641,-23.3405,0.9005,0.1433,-0.1743,0.3718
independent_20260430_165242,trial_001,subject_001,1777539168.274237,1777539168.274237,261959.8835124,12,L_Foot,330,1,-0.5024,1.9571,10.4938,142.395,-0.8545,44.3115,19.8248,4.9878,-109.1766,0.0647,0.165,-0.7977,0.5764
independent_20260430_165242,trial_001,subject_001,1777539168.274237,1777539168.274237,261959.8836187,13,R_Femur,335,1,1.1197,9.8622,-1.0384,40.7104,-40.3442,6.1646,93.3344,-8.454,-20.1105,0.7231,0.0768,-0.1723,0.6645
independent_20260430_165242,trial_001,subject_001,1777539168.274237,1777539168.274237,261959.8837207,14,R_Tibia,166,1,0.1101,9.422,-2.6318,10.1318,-3.7231,17.8223,102.2058,-5.7678,-159.527,0.1692,0.7593,-0.6241,0.0729
independent_20260430_165242,trial_001,subject_001,1777539168.274237,1777539168.274237,261959.8838223,15,R_Foot,166,1,0.7896,1.627,9.934,6.1646,-3.3569,1.5869,9.1241,-4.455,-98.8824,0.0811,0.0352,-0.7588,0.6453
independent_20260430_165242,trial_001,subject_001,1777539168.274237,1777539168.274237,261959.8839206,11,L_Tibia,323,1,2.0289,8.6181,-5.9767,84.6558,27.0386,36.0107,134.3848,-12.8705,-23.4119,0.9058,0.1433,-0.1793,0.3562
independent_20260430_165242,trial_001,subject_001,1777539168.274237,1777539168.274237,261959.8840192,12,L_Foot,331,1,-2.7323,2.1342,10.5752,165.1611,-23.0103,47.1191,23.0823,4.4385,-108.3636,0.0862,0.1843,-0.7894,0.5792
independent_20260430_165242,trial_001,subject_001,1777539168.2752368,1777539168.2752368,261959.8841197,13,R_Femur,336,1,1.5552,9.556,-1.2202,39.5508,-42.3584,5.3711,94.01,-8.5034,-20.7422,0.7266,0.0816,-0.1758,0.6592
independent_20260430_165242,trial_001,subject_001,1777539168.2752368,1777539168.2752368,261959.8842338,9,Trunk,320,1,0.6077,9.4363,-2.4452,-2.3193,0.8545,14.2212,98.8989,-0.7251,-14.6228,0.7542,0.0926,-0.0875,0.6442
independent_20260430_165242,trial_001,subject_001,1777539168.2752368,1777539168.2752368,261959.8843321,10,L_Femur,307,1,0.1914,10.1493,-2.9524,-80.3833,-24.292,-4.7607,104.436,0.2856,-12.42,0.7855,0.087,-0.0643,0.6093
independent_20260430_165242,trial_001,subject_001,1777539168.2752368,1777539168.2752368,261959.8844301,11,L_Tibia,324,1,1.1724,8.173,-6.0628,80.5664,20.0195,32.7148,135.6317,-13.4473,-23.5327,0.9093,0.1442,-0.1826,0.345
independent_20260430_165242,trial_001,subject_001,1777539168.2752368,1777539168.2752368,261959.8845268,12,L_Foot,332,1,-1.8136,2.2395,10.4651,184.082,-29.7241,47.7905,25.8344,3.7189,-107.9242,0.1059,0.1993,-0.7835,0.579
independent_20260430_165242,trial_001,subject_001,1777539168.2752368,1777539168.2752368,261959.8846378,13,R_Femur,337,1,2.8615,9.422,-1.7992,43.457,-39.5508,6.7139,94.9768,-8.5803,-21.5662,0.7316,0.0879,-0.1802,0.6516
independent_20260430_165242,trial_001,subject_001,1777539168.2752368,1777539168.2752368,261959.8847353,14,R_Tibia,167,1,2.3304,9.5129,-2.5505,6.4087,-6.7139,14.4653,102.5464,-6.2347,-160.0049,0.1687,0.7612,-0.6226,0.0667
independent_20260430_165242,trial_001,subject_001,1777539168.2752368,1777539168.2752368,261959.8848324,15,R_Foot,167,1,1.0097,1.7514,9.8287,3.8452,-1.77,0.6714,9.267,-4.5538,-98.855,0.0826,0.0356,-0.7586,0.6453
independent_20260430_165242,trial_001,subject_001,1777539168.2752368,1777539168.2752368,261959.8849295,9,Trunk,321,1,0.7321,9.3263,-2.3352,-2.6855,4.0894,14.2822,98.844,-0.9558,-14.6118,0.754,0.0912,-0.089,0.6444
independent_20260430_165242,trial_001,subject_001,1777539168.2752368,1777539168.2752368,261959.885027,10,L_Femur,308,1,0.5646,10.1732,-3.4979,-86.3647,-29.1748,-5.6152,102.7332,0.5164,-12.9309,0.7759,0.0908,-0.0668,0.6208
independent_20260430_165242,trial_001,subject_001,1777539168.354298,1777539168.354298,261959.963577,11,L_Tibia,325,1,1.5121,7.8429,-6.1106,77.5757,17.334,30.0903,136.8402,-13.9581,-23.681,0.9125,0.1457,-0.1855,0.3341
independent_20260430_165242,trial_001,subject_001,1777539168.354298,1777539168.354298,261959.9636893,12,L_Foot,333,1,-1.2489,2.7036,10.1397,209.4116,-27.6489,59.6313,28.9545,2.9773,-107.3419,0.1278,0.2162,-0.7759,0.5786
independent_20260430_165242,trial_001,subject_001,1777539168.354298,1777539168.354298,261959.9637899,13,R_Femur,338,1,3.0721,9.5416,-1.9858,40.3442,-31.0669,6.1035,95.658,-8.6353,-22.0715,0.735,0.0919,-0.1829,0.6464
independent_20260430_165242,trial_001,subject_001,1777539168.354298,1777539168.354298,261959.9638856,9,Trunk,322,1,0.8087,9.2019,-2.3447,-0.7324,7.6294,15.0757,98.7946,-1.2799,-14.5184,0.754,0.0887,-0.0906,0.6445
independent_20260430_165242,trial_001,subject_001,1777539168.354298,1777539168.354298,261959.9639796,10,L_Femur,309,1,0.3828,10.2067,-3.5267,-90.0879,-31.5552,-6.1035,101.3873,0.6976,-13.3649,0.7681,0.0939,-0.069,0.6297
independent_20260430_165242,trial_001,subject_001,1777539168.354298,1777539168.354298,261959.9640708,11,L_Tibia,326,1,2.6797,7.3883,-7.1107,72.4487,25.9399,25.0854,138.3453,-14.6503,-23.7524,0.9165,0.1464,-0.1892,0.3206
independent_20260430_165242,trial_001,subject_001,1777539168.354298,1777539168.354298,261959.9641619,12,L_Foot,334,1,-0.9283,4.5124,8.5415,215.21,-33.5693,68.6035,33.3105,1.7578,-106.5234,0.1596,0.2384,-0.765,0.5765
independent_20260430_165242,trial_001,subject_001,1777539168.354298,1777539168.354298,261959.9642523,13,R_Femur,339,1,2.6223,9.6612,-1.7227,35.4004,-18.4937,3.54,96.449,-8.6847,-22.511,0.7392,0.0957,-0.185,0.6405
independent_20260430_165242,trial_001,subject_001,1777539168.354298,1777539168.354298,261959.9643418,14,R_Tibia,168,1,1.2872,9.5368,-2.3591,6.4087,-0.8545,10.1929,102.7661,-6.6138,-160.0983,0.1703,0.7621,-0.6215,0.0633
independent_20260430_165242,trial_001,subject_001,1777539168.354298,1777539168.354298,261959.9644326,15,R_Foot,168,1,0.9044,1.8519,9.8479,2.8687,-1.2817,0.4883,9.3549,-4.6088,-98.8385,0.0834,0.0358,-0.7585,0.6453
independent_20260430_165242,trial_001,subject_001,1777539168.354298,1777539168.354298,261959.9645214,9,Trunk,323,1,0.8039,9.2784,-2.2634,-0.6714,7.5073,15.1367,98.7671,-1.5326,-14.4415,0.7541,0.0868,-0.0919,0.6445
independent_20260430_165242,trial_001,subject_001,1777539168.354298,1777539168.354298,261959.9646115,10,L_Femur,310,1,0.2153,10.0728,-3.3448,-94.2993,-32.7148,-7.019,99.5087,0.9448,-13.9746,0.7569,0.0981,-0.0723,0.642
independent_20260430_165242,trial_001,subject_001,1777539168.354298,1777539168.354298,261959.9647005,11,L_Tibia,327,1,2.6988,6.9863,-7.216,66.8945,24.9634,21.5454,139.3671,-15.1611,-23.7415,0.9191,0.1464,-0.1919,0.3114
independent_20260430_165242,trial_001,subject_001,1777539168.354298,1777539168.354298,261959.96479,12,L_Foot,335,1,1.0814,4.3449,8.0917,207.6416,-9.1553,75.9888,36.4636,0.9229,-105.7489,0.1827,0.2541,-0.7557,0.5753
independent_20260430_165242,trial_001,subject_001,1777539168.3560035,1777539168.3560035,261959.9648787,13,R_Femur,340,1,2.2155,9.7234,-1.5456,34.668,-15.5029,3.2349,96.9928,-8.7122,-22.7472,0.742,0.0979,-0.1861,0.6366
independent_20260430_165242,trial_001,subject_001,1777539168.3560035,1777539168.3560035,261959.9649672,9,Trunk,324,1,1.024,9.1349,-2.206,1.4648,9.2163,15.1367,98.7561,-1.8677,-14.3207,0.7543,0.0841,-0.0934,0.6444
independent_20260430_165242,trial_001,subject_001,1777539168.3560035,1777539168.3560035,261959.9650541,10,L_Femur,311,1,0.402,9.9579,-3.2156,-92.6514,-30.3345,-7.8735,98.0969,1.1261,-14.4086,0.7485,0.1011,-0.0748,0.6511
independent_20260430_165242,trial_001,subject_001,1777539168.3560035,1777539168.3560035,261959.9651547,11,L_Tibia,328,1,2.3639,6.5126,-7.5366,58.5327,16.9067,16.4185,140.2789,-15.5402,-23.7524,0.9214,0.1468,-0.1937,0.3032
independent_20260430_165242,trial_001,subject_001,1777539168.3560035,1777539168.3560035,261959.9652436,12,L_Foot,336,1,0.0526,2.9429,14.3076,144.9585,50.9644,78.5522,38.9136,0.6592,-104.458,0.1997,0.2666,-0.7441,0.579
independent_20260430_165242,trial_001,subject_001,1777539168.3735187,1777539168.3735187,261959.983248,13,R_Femur,341,1,1.4643,9.6469,-1.469,31.4331,-16.4185,1.77,97.5092,-8.7231,-22.9889,0.7447,0.1003,-0.187,0.6328
independent_20260430_165242,trial_001,subject_001,1777539168.3745182,1777539168.3745182,261959.9833684,14,R_Tibia,169,1,0.6699,9.1875,-2.5601,6.5918,-3.7842,9.6436,102.9639,-6.861,-160.2301,0.1708,0.763,-0.6205,0.0606
independent_20260430_165242,trial_001,subject_001,1777539168.3745182,1777539168.3745182,261959.9834693,15,R_Foot,169,1,0.7034,1.9571,9.7904,3.0518,-1.0376,0.4272,9.4373,-4.6417,-98.833,0.0841,0.0362,-0.7584,0.6453
independent_20260430_165242,trial_001,subject_001,1777539168.3745182,1777539168.3745182,261959.9835652,9,Trunk,325,1,1.0862,9.1492,-2.072,2.8076,8.1177,15.9302,98.7726,-2.1313,-14.2273,0.7546,0.082,-0.0946,0.6441
independent_20260430_165242,trial_001,subject_001,1777539168.3745182,1777539168.3745182,261959.9836596,11,L_Tibia,329,1,3.3544,6.1776,-7.4026,32.2266,17.395,7.9346,141.0754,-15.9247,-23.6975,0.9234,0.1466,-0.1956,0.2961
independent_20260430_165242,trial_001,subject_001,1777539168.3745182,1777539168.3745182,261959.9837816,12,L_Foot,337,1,-7.5605,2.4548,24.8302,-43.2739,76.4771,26.3062,39.0344,1.4722,-102.8485,0.1988,0.2687,-0.7341,0.591
independent_20260430_165242,trial_001,subject_001,1777539168.3745182,1777539168.3745182,261959.9839422,13,R_Femur,342,1,0.713,9.6469,-1.359,24.9634,-24.0479,-2.0142,98.0859,-8.6572,-23.4119,0.7474,0.1043,-0.1884,0.6285
independent_20260430_165242,trial_001,subject_001,1777539168.444089,1777539168.444089,261960.0533639,9,Trunk,326,1,0.89,9.3837,-1.8806,3.8452,4.4556,15.625,98.811,-2.384,-14.1888,0.755,0.0803,-0.096,0.6436
independent_20260430_165242,trial_001,subject_001,1777539168.444089,1777539168.444089,261960.0535805,10,L_Femur,312,1,1.0479,9.8622,-3.4022,-84.4727,-20.752,-3.479,95.0043,1.4008,-15.2051,0.7297,0.1057,-0.0804,0.6708
independent_20260430_165242,trial_001,subject_001,1777539168.444089,1777539168.444089,261960.0537722,11,L_Tibia,330,1,3.3831,6.1202,-5.5173,11.4136,36.0107,-5.3101,141.2128,-16.2817,-23.3459,0.924,0.1429,-0.1973,0.2949
independent_20260430_165242,trial_001,subject_001,1777539168.445089,1777539168.445089,261960.0539592,12,L_Foot,338,1,-8.1539,-2.4213,11.1973,-67.5049,-35.8276,10.9253,38.0237,1.192,-102.832,0.1955,0.2608,-0.7369,0.5923
independent_20260430_165242,trial_001,subject_001,1777539168.445089,1777539168.445089,261960.054143,13,R_Femur,343,1,1.2537,9.6612,-1.4834,24.231,-32.8369,-0.5493,98.5089,-8.5858,-23.8678,0.7493,0.1084,-0.1901,0.6251
independent_20260430_165242,trial_001,subject_001,1777539168.445089,1777539168.445089,261960.0543245,14,R_Tibia,170,1,1.6844,9.5225,-2.5074,8.3008,-9.1553,8.1787,103.299,-7.0862,-160.6146,0.1696,0.7651,-0.6186,0.0565
independent_20260430_165242,trial_001,subject_001,1777539168.445089,1777539168.445089,261960.0545148,15,R_Foot,170,1,0.9044,1.9093,9.8574,3.1738,-1.4038,0.6104,9.5142,-4.6912,-98.811,0.0849,0.0364,-0.7583,0.6453
independent_20260430_165242,trial_001,subject_001,1777539168.445089,1777539168.445089,261960.0547176,9,Trunk,327,1,0.6843,9.7521,-1.8471,3.1738,4.7607,13.2446,98.866,-2.6807,-14.1504,0.7555,0.0784,-0.0977,0.643
independent_20260430_165242,trial_001,subject_001,1777539168.445089,1777539168.445089,261960.0548988,10,L_Femur,313,1,1.3638,9.5416,-3.2922,-80.5664,-17.7612,-3.6011,93.7738,1.4722,-15.4742,0.7221,0.107,-0.0827,0.6784
independent_20260430_165242,trial_001,subject_001,1777539168.4460874,1777539168.4460874,261960.0550788,11,L_Tibia,331,1,2.2155,6.1298,-4.0004,-20.9351,36.8042,-19.4092,140.7404,-16.6937,-22.5494,0.9235,0.1344,-0.1991,0.2992
independent_20260430_165242,trial_001,subject_001,1777539168.4460874,1777539168.4460874,261960.0552586,12,L_Foot,339,1,-1.1197,-1.9811,8.2448,-85.144,-21.2402,-9.0942,36.5186,0.802,-103.2275,0.1893,0.2497,-0.743,0.5914
independent_20260430_165242,trial_001,subject_001,1777539168.4460874,1777539168.4460874,261960.0554409,13,R_Femur,344,1,1.8279,9.2976,-2.1868,33.7524,-38.6963,1.8921,99.0582,-8.5309,-24.4336,0.7517,0.1134,-0.1923,0.6206
independent_20260430_165242,trial_001,subject_001,1777539168.4460874,1777539168.4460874,261960.0556239,9,Trunk,328,1,0.7513,9.6899,-1.9332,0.9155,6.5308,12.3901,98.866,-2.8894,-14.09,0.7557,0.0769,-0.0987,0.6429
independent_20260430_165242,trial_001,subject_001,1777539168.4460874,1777539168.4460874,261960.0558043,10,L_Femur,314,1,1.1245,9.1779,-2.9716,-74.646,-12.6343,-5.4321,92.6257,1.5546,-15.672,0.715,0.1079,-0.0844,0.6855
independent_20260430_165242,trial_001,subject_001,1777539168.447087,1777539168.447087,261960.0559834,11,L_Tibia,332,1,2.4261,5.68,-5.1058,-42.0532,27.4658,-23.9258,140.0153,-16.8036,-21.9781,0.9221,0.1282,-0.1993,0.3058
independent_20260430_165242,trial_001,subject_001,1777539168.447087,1777539168.447087,261960.0561645,12,L_Foot,340,1,-0.5503,-1.9667,9.8718,-115.2954,-22.7051,-7.7515,34.8871,0.6042,-103.5297,0.1816,0.2386,-0.7484,0.5917
independent_20260430_165242,trial_001,subject_001,1777539168.447087,1777539168.447087,261960.0563449,13,R_Femur,345,1,1.6796,9.1062,-2.4931,35.4614,-34.3628,1.77,99.8547,-8.465,-25.1422,0.7552,0.1197,-0.1949,0.6143
independent_20260430_165242,trial_001,subject_001,1777539168.447087,1777539168.447087,261960.0565655,14,R_Tibia,171,1,0.847,9.2114,-3.0721,4.0894,-7.6904,7.1411,103.5297,-7.2784,-160.8618,0.169,0.7665,-0.6173,0.0535
independent_20260430_165242,trial_001,subject_001,1777539168.447087,1777539168.447087,261960.0567676,15,R_Foot,171,1,0.8805,1.8136,9.7139,0.9155,-0.7935,0.2441,9.5471,-4.7241,-98.8,0.0853,0.0364,-0.7582,0.6454
independent_20260430_165242,trial_001,subject_001,1777539168.44809,1777539168.44809,261960.0569493,9,Trunk,329,1,0.7561,9.3693,-1.8901,0.5493,7.2021,12.2681,98.855,-3.0981,-14.0131,0.7558,0.0752,-0.0997,0.6428
independent_20260430_165242,trial_001,subject_001,1777539168.44809,1777539168.44809,261960.0571282,10,L_Femur,315,1,0.0239,8.9147,-2.5361,-63.9648,-11.3525,-6.2866,91.2799,1.6864,-15.8807,0.7066,0.1089,-0.0862,0.6938
independent_20260430_165242,trial_001,subject_001,1777539168.44809,1777539168.44809,261960.0573043,11,L_Tibia,333,1,2.6127,5.857,-5.0579,-62.1338,30.0293,-30.6396,138.9496,-16.8475,-21.3245,0.9199,0.1209,-0.199,0.3155
independent_20260430_165242,trial_001,subject_001,1777539168.44809,1777539168.44809,261960.0574565,12,L_Foot,341,1,0.1196,-2.0241,10.0488,-136.3525,-11.1084,-3.418,32.9041,0.4834,-103.6945,0.1718,0.2252,-0.7534,0.5934
independent_20260430_165242,trial_001,subject_001,1777539168.44809,1777539168.44809,261960.0576283,13,R_Femur,346,1,1.56,9.2354,-2.4213,36.8042,-28.9917,1.2207,100.459,-8.4155,-25.5927,0.7579,0.124,-0.1963,0.6097
independent_20260430_165242,trial_001,subject_001,1777539168.44809,1777539168.44809,261960.0577938,9,Trunk,330,1,0.8422,9.0822,-1.6844,1.0376,9.5215,11.7798,98.8385,-3.3783,-13.8812,0.7559,0.0727,-0.1008,0.6428
independent_20260430_165242,trial_001,subject_001,1777539168.4490902,1777539168.4490902,261960.0579681,10,L_Femur,316,1,-0.4929,8.9722,-2.3782,-55.2368,-15.686,-5.4321,90.4175,1.7743,-16.095,0.7011,0.1101,-0.0877,0.699
independent_20260430_165242,trial_001,subject_001,1777539168.4490902,1777539168.4490902,261960.058142,11,L_Tibia,334,1,2.5505,5.9814,-5.144,-91.0645,19.5312,-40.0391,137.0215,-16.7047,-20.3961,0.9155,0.1106,-0.1972,0.3328
independent_20260430_165242,trial_001,subject_001,1777539168.4490902,1777539168.4490902,261960.0583377,12,L_Foot,342,1,-0.3828,-0.8135,10.4747,-174.6216,-10.8032,1.0986,29.6521,0.3241,-103.8098,0.1557,0.2031,-0.7603,0.597
independent_20260430_165242,trial_001,subject_001,1777539168.4490902,1777539168.4490902,261960.0585064,13,R_Femur,347,1,1.4308,9.4507,-2.2012,37.3535,-27.8931,-1.5869,101.2775,-8.3112,-26.1255,0.7616,0.1295,-0.1975,0.6035
independent_20260430_165242,trial_001,subject_001,1777539168.4490902,1777539168.4490902,261960.0586791,14,R_Tibia,172,1,1.3733,9.3358,-2.5744,1.5869,-6.6528,6.2866,103.656,-7.4213,-161.2299,0.1674,0.7675,-0.6168,0.0504
independent_20260430_165242,trial_001,subject_001,1777539168.4490902,1777539168.4490902,261960.0588514,9,Trunk,331,1,0.9762,8.9722,-1.6461,3.54,9.4604,11.6577,98.8605,-3.5815,-13.7659,0.7562,0.0708,-0.1015,0.6425
independent_20260430_165242,trial_001,subject_001,1777539168.4500928,1777539168.4500928,261960.0592486,10,L_Femur,317,1,-0.4402,9.1492,-2.2825,-48.2178,-21.4844,-4.3335,89.4067,1.8622,-16.4905,0.6944,0.1123,-0.0906,0.705
independent_20260430_165242,trial_001,subject_001,1777539168.4500928,1777539168.4500928,261960.0594484,11,L_Tibia,335,1,2.1772,6.2973,-5.1249,-109.8022,1.9531,-46.7529,135.2692,-16.2872,-19.8193,0.9111,0.1044,-0.1939,0.3485
independent_20260430_165242,trial_001,subject_001,1777539168.5339763,1777539168.5339763,261960.143372,12,L_Foot,343,1,0.0861,-0.7656,8.3405,-183.4717,-10.7422,7.9956,26.9275,0.1373,-103.8043,0.1427,0.1839,-0.7652,0.6003
independent_20260430_165242,trial_001,subject_001,1777539168.5339763,1777539168.5339763,261960.1435556,13,R_Femur,348,1,1.2154,9.3885,-2.0241,36.8042,-30.0903,-2.8687,101.8762,-8.1903,-26.554,0.7641,0.1341,-0.1983,0.599
independent_20260430_165242,trial_001,subject_001,1777539168.5339763,1777539168.5339763,261960.1437115,9,Trunk,332,1,0.9427,9.1349,-1.6604,6.1035,6.3477,11.9629,98.9429,-3.8507,-13.656,0.7569,0.0686,-0.1026,0.6418
independent_20260430_165242,trial_001,subject_001,1777539168.53498,1777539168.53498,261960.1438576,10,L_Femur,318,1,-0.0622,9.1205,-2.182,-44.7998,-21.5454,-3.7842,88.7091,1.9116,-16.8146,0.6897,0.114,-0.093,0.709
independent_20260430_165242,trial_001,subject_001,1777539168.53498,1777539168.53498,261960.144004,12,L_Foot,344,1,0.5599,-0.268,6.3547,-171.5088,-1.2817,16.1743,24.3182,0.0,-103.634,0.1302,0.1656,-0.7684,0.6043
independent_20260430_165242,trial_001,subject_001,1777539168.53498,1777539168.53498,261960.1441667,13,R_Femur,349,1,1.0671,9.4985,-1.9236,33.8745,-31.7993,-4.7607,102.453,-8.0365,-27.0044,0.7665,0.1389,-0.199,0.5947
independent_20260430_165242,trial_001,subject_001,1777539168.53498,1777539168.53498,261960.1442875,14,R_Tibia,173,1,0.9283,9.422,-2.1485,2.8687,-5.0049,6.0425,103.7274,-7.5531,-161.4001,0.167,0.7679,-0.6165,0.0485
independent_20260430_165242,trial_001,subject_001,1777539168.53498,1777539168.53498,261960.1443937,15,R_Foot,172,1,0.8613,1.7322,9.8239,0.3052,-1.0376,0.2441,9.5306,-4.7791,-98.7891,0.0856,0.036,-0.7582,0.6454
independent_20260430_165242,trial_001,subject_001,1777539168.53498,1777539168.53498,261960.1444978,9,Trunk,333,1,0.78,9.2688,-1.7514,6.4697,4.2725,11.2915,99.0198,-4.0375,-13.6176,0.7574,0.0674,-0.1035,0.6412
independent_20260430_165242,trial_001,subject_001,1777539168.53498,1777539168.53498,261960.1446161,10,L_Femur,319,1,0.3637,8.7951,-2.0002,-41.3818,-18.7988,-3.479,88.0664,1.9556,-17.1002,0.6854,0.1155,-0.0951,0.7126
independent_20260430_165242,trial_001,subject_001,1777539168.53498,1777539168.53498,261960.1447175,11,L_Tibia,336,1,3.7611,7.1777,-5.1105,-143.1885,-2.1362,-53.1616,130.3363,-14.8206,-18.7152,0.8968,0.0929,-0.1832,0.3919
independent_20260430_165242,trial_001,subject_001,1777539168.53498,1777539168.53498,261960.1448183,12,L_Foot,345,1,-0.6747,0.8374,8.2065,-156.1279,22.0337,16.5405,21.1487,0.1648,-103.1891,0.1129,0.1447,-0.7702,0.6109
independent_20260430_165242,trial_001,subject_001,1777539168.5359755,1777539168.5359755,261960.1449175,13,R_Femur,350,1,1.5839,9.7282,-1.8184,26.4893,-26.6724,-3.1128,103.0737,-7.8497,-27.5372,0.7689,0.1446,-0.1997,0.59
independent_20260430_165242,trial_001,subject_001,1777539168.5359755,1777539168.5359755,261960.1450175,9,Trunk,334,1,0.713,9.2162,-1.8184,6.3477,2.4414,10.376,99.0967,-4.2133,-13.6011,0.7579,0.0664,-0.1046,0.6405
independent_20260430_165242,trial_001,subject_001,1777539168.5359755,1777539168.5359755,261960.1451384,10,L_Femur,320,1,0.4929,8.4745,-1.5265,-36.7432,-17.395,0.3052,87.2974,1.9611,-17.4408,0.6803,0.1169,-0.098,0.7169
independent_20260430_165242,trial_001,subject_001,1777539168.5359755,1777539168.5359755,261960.1452681,11,L_Tibia,337,1,4.1487,7.5031,-5.7087,-150.5737,15.9912,-60.791,127.9193,-14.2438,-17.9846,0.8891,0.0856,-0.1781,0.4129
independent_20260430_165242,trial_001,subject_001,1777539168.5359755,1777539168.5359755,261960.1454083,12,L_Foot,346,1,-2.0337,1.2968,10.2402,-157.4707,33.8135,7.2632,18.8086,0.5713,-102.8979,0.098,0.1309,-0.771,0.6155
independent_20260430_165242,trial_001,subject_001,1777539168.5359755,1777539168.5359755,261960.1455483,13,R_Femur,351,1,1.7944,9.3502,-1.938,26.062,-21.5454,-1.1597,103.5077,-7.7563,-27.8613,0.7706,0.148,-0.2002,0.5867
independent_20260430_165242,trial_001,subject_001,1777539168.5359755,1777539168.5359755,261960.1456609,14,R_Tibia,174,1,1.2633,9.0152,-1.9858,6.6528,-9.4604,6.0425,103.9362,-7.6685,-161.7352,0.1654,0.7694,-0.6153,0.0456
independent_20260430_165242,trial_001,subject_001,1777539168.5359755,1777539168.5359755,261960.1457605,15,R_Foot,173,1,0.8757,1.7992,9.8191,-0.7935,-1.3428,-0.061,9.7888,-4.8779,-98.7946,0.0877,0.0371,-0.7581,0.6451
independent_20260430_165242,trial_001,subject_001,1777539168.5369768,1777539168.5369768,261960.1458644,9,Trunk,335,1,0.6843,9.0918,-1.8279,6.4087,0.0,9.7656,99.201,-4.422,-13.623,0.7586,0.0654,-0.106,0.6396
independent_20260430_165242,trial_001,subject_001,1777539168.5369768,1777539168.5369768,261960.1460519,10,L_Femur,321,1,0.3493,8.6133,-1.1149,-33.8135,-20.0195,4.3945,86.77,1.8896,-17.7264,0.6768,0.1177,-0.1008,0.7197
independent_20260430_165242,trial_001,subject_001,1777539168.5369768,1777539168.5369768,261960.1462604,11,L_Tibia,338,1,3.0769,8.1013,-5.8379,-158.8135,22.0337,-69.458,124.4861,-13.4253,-16.7706,0.8774,0.0743,-0.1698,0.4425
independent_20260430_165242,trial_001,subject_001,1777539168.5369768,1777539168.5369768,261960.1464663,12,L_Foot,347,1,-2.5409,2.3017,10.824,-153.9307,43.9453,-4.7607,15.705,1.3788,-102.6947,0.076,0.1141,-0.7725,0.62
independent_20260430_165242,trial_001,subject_001,1777539168.5369768,1777539168.5369768,261960.1466843,13,R_Femur,352,1,1.9093,9.2545,-1.9093,22.583,-16.3574,-1.3428,103.8757,-7.6904,-28.1085,0.7721,0.1507,-0.2006,0.5839
independent_20260430_165242,trial_001,subject_001,1777539168.537975,1777539168.537975,261960.1468847,9,Trunk,336,1,0.713,9.2593,-1.8327,5.6152,-1.3428,8.9111,99.278,-4.5648,-13.6615,0.759,0.0649,-0.1071,0.6389
independent_20260430_165242,trial_001,subject_001,1777539168.537975,1777539168.537975,261960.1470841,10,L_Femur,322,1,0.3589,8.8717,-0.6795,-31.0669,-21.3623,6.7749,86.2811,1.7743,-18.0286,0.6735,0.1183,-0.1039,0.7222
independent_20260430_165242,trial_001,subject_001,1777539168.537975,1777539168.537975,261960.1472616,12,L_Foot,348,1,-2.249,3.0577,10.8719,-141.4795,55.1147,-9.0332,13.5571,2.1753,-102.6178,0.0591,0.1039,-0.7735,0.6224
independent_20260430_165242,trial_001,subject_001,1777539168.537975,1777539168.537975,261960.1474449,13,R_Femur,353,1,2.048,9.8909,-1.8088,11.7188,-11.6577,-2.0142,104.2053,-7.597,-28.3392,0.7734,0.1533,-0.2007,0.5815
independent_20260430_165242,trial_001,subject_001,1777539168.537975,1777539168.537975,261960.1476245,14,R_Tibia,175,1,1.2681,9.398,-2.1581,9.2773,-8.0566,4.3335,104.2657,-7.7563,-162.0483,0.1639,0.7715,-0.6133,0.0428
independent_20260430_165242,trial_001,subject_001,1777539168.5388768,1777539168.5388768,261960.1477954,15,R_Foot,174,1,0.8948,1.8471,9.7043,1.77,-1.2207,-0.6714,9.7998,-4.8834,-98.7561,0.0878,0.0371,-0.7579,0.6453
independent_20260430_165242,trial_001,subject_001,1777539168.5388768,1777539168.5388768,261960.1479566,9,Trunk,337,1,0.9379,9.4411,-1.7609,4.7607,-0.6714,7.5073,99.3384,-4.6857,-13.6945,0.7594,0.0645,-0.108,0.6383
independent_20260430_165242,trial_001,subject_001,1777539168.5388768,1777539168.5388768,261960.1481058,10,L_Femur,323,1,0.6029,9.2401,-0.0957,-30.3955,-20.5078,7.8125,85.6604,1.5875,-18.4241,0.6694,0.1189,-0.1081,0.7254
independent_20260430_165242,trial_001,subject_001,1777539168.5393846,1777539168.5393846,261960.1482538,11,L_Tibia,339,1,1.6652,8.575,-5.6656,-158.0811,-10.6201,-71.4722,119.4379,-11.629,-15.5786,0.8581,0.0658,-0.1547,0.4852
independent_20260430_165242,trial_001,subject_001,1777539168.5393846,1777539168.5393846,261960.1484001,12,L_Foot,349,1,-2.4596,3.8425,12.3026,-134.7656,63.9648,-13.1836,11.5302,3.1366,-102.6013,0.0415,0.0954,-0.7745,0.624
independent_20260430_165242,trial_001,subject_001,1777539168.5393846,1777539168.5393846,261960.1485589,13,R_Femur,354,1,1.4355,9.3598,-2.316,16.5405,-12.0239,-1.5869,104.4415,-7.5421,-28.4985,0.7743,0.1551,-0.2008,0.5797
independent_20260430_165242,trial_001,subject_001,1777539168.6046796,1777539168.6046796,261960.2139646,9,Trunk,338,1,1.2824,9.422,-1.6844,4.0894,0.3052,6.4087,99.4098,-4.8285,-13.7164,0.7598,0.064,-0.1091,0.6377
independent_20260430_165242,trial_001,subject_001,1777539168.6046796,1777539168.6046796,261960.2143073,10,L_Femur,324,1,0.6412,9.489,0.378,-33.02,-21.4233,7.8125,85.166,1.4447,-18.7262,0.6661,0.1192,-0.1114,0.7278
independent_20260430_165242,trial_001,subject_001,1777539168.6046796,1777539168.6046796,261960.2145245,11,L_Tibia,340,1,1.7801,8.8956,-5.6752,-150.8179,-25.8179,-71.228,116.3287,-10.1569,-15.2875,0.8449,0.0663,-0.1444,0.5107
independent_20260430_165242,trial_001,subject_001,1777539168.6056864,1777539168.6056864,261960.2147185,12,L_Foot,350,1,-2.9668,4.4406,12.8338,-133.1177,59.6924,-24.7192,8.855,4.433,-102.8046,0.018,0.0843,-0.7768,0.6239
independent_20260430_165242,trial_001,subject_001,1777539168.6056864,1777539168.6056864,261960.2148924,13,R_Femur,355,1,0.6412,9.0057,-2.4165,19.4702,-13.5498,-3.2959,104.8425,-7.4377,-28.7347,0.7759,0.1579,-0.2008,0.5768
independent_20260430_165242,trial_001,subject_001,1777539168.6056864,1777539168.6056864,261960.215029,14,R_Tibia,176,1,0.8661,9.2449,-2.4979,10.376,-8.4839,4.8218,104.6503,-7.8387,-162.3395,0.1625,0.7739,-0.6108,0.0401
independent_20260430_165242,trial_001,subject_001,1777539168.6056864,1777539168.6056864,261960.2151581,15,R_Foot,175,1,0.8087,1.7944,9.7856,1.4038,-1.0376,-0.4883,9.7998,-4.8834,-98.7286,0.0878,0.0371,-0.7578,0.6455
independent_20260430_165242,trial_001,subject_001,1777539168.6056864,1777539168.6056864,261960.2152982,9,Trunk,339,1,1.4164,9.2976,-1.6222,4.2114,0.4883,5.188,99.4537,-4.9219,-13.7274,0.7601,0.0635,-0.1097,0.6373
independent_20260430_165242,trial_001,subject_001,1777539168.6056864,1777539168.6056864,261960.2154401,10,L_Femur,325,1,0.445,9.6373,0.9905,-35.9497,-22.583,6.4087,84.4464,1.2634,-19.1547,0.6613,0.1199,-0.1159,0.7314
independent_20260430_165242,trial_001,subject_001,1777539168.6066988,1777539168.6066988,261960.2156033,11,L_Tibia,341,1,1.9763,9.2019,-5.5364,-145.9351,-32.2876,-68.6646,114.126,-9.0143,-15.2655,0.8349,0.0688,-0.1374,0.5285
independent_20260430_165242,trial_001,subject_001,1777539168.6066988,1777539168.6066988,261960.2157604,13,R_Femur,356,1,0.9475,9.4124,-2.1055,18.0664,-13.916,-3.6011,105.1392,-7.3389,-28.9215,0.7771,0.1602,-0.2007,0.5746
independent_20260430_165242,trial_001,subject_001,1777539168.6066988,1777539168.6066988,261960.2159072,9,Trunk,340,1,1.4116,9.3071,-1.5217,5.249,1.8311,3.2959,99.5306,-5.0153,-13.7109,0.7606,0.063,-0.1102,0.6367
independent_20260430_165242,trial_001,subject_001,1777539168.6066988,1777539168.6066988,261960.2160505,11,L_Tibia,342,1,2.0672,9.3454,-5.2302,-141.1133,-32.8979,-65.4297,112.0056,-7.9047,-15.3314,0.8248,0.0721,-0.131,0.5452
independent_20260430_165242,trial_001,subject_001,1777539168.6066988,1777539168.6066988,261960.2161967,12,L_Foot,351,1,-1.7801,3.6224,10.6518,-112.3657,44.5557,-42.0532,5.1526,6.0645,-103.7439,-0.0139,0.0679,-0.7833,0.6178
independent_20260430_165242,trial_001,subject_001,1777539168.6066988,1777539168.6066988,261960.2163496,13,R_Femur,357,1,1.469,9.5895,-2.0911,16.1743,-15.8691,-2.5024,105.3973,-7.251,-29.1248,0.778,0.1625,-0.2008,0.5727
independent_20260430_165242,trial_001,subject_001,1777539168.6066988,1777539168.6066988,261960.2165019,14,R_Tibia,177,1,1.3494,9.3933,-2.2634,11.9629,-8.667,4.0894,105.0348,-7.8827,-162.6581,0.1607,0.7763,-0.6084,0.0376
independent_20260430_165242,trial_001,subject_001,1777539168.6077042,1777539168.6077042,261960.2166552,15,R_Foot,176,1,0.9714,1.6748,9.8526,1.9531,-0.4883,-0.6714,9.8053,-4.8834,-98.7067,0.0878,0.0371,-0.7577,0.6457
independent_20260430_165242,trial_001,subject_001,1777539168.6077042,1777539168.6077042,261960.2168189,9,Trunk,341,1,1.3159,9.4411,-1.5312,5.9204,2.4414,2.7466,99.6021,-5.0702,-13.6835,0.761,0.0626,-0.1104,0.6362
independent_20260430_165242,trial_001,subject_001,1777539168.6077042,1777539168.6077042,261960.216972,10,L_Femur,326,1,0.1483,9.4411,1.2633,-31.6772,-13.4888,2.2583,83.4192,1.0986,-19.6381,0.6544,0.1205,-0.121,0.7366
independent_20260430_165242,trial_001,subject_001,1777539168.6077042,1777539168.6077042,261960.217117,11,L_Tibia,343,1,1.8997,9.4411,-4.6847,-137.2681,-28.6255,-63.7817,109.2645,-6.4874,-15.4358,0.8112,0.0769,-0.1233,0.5665
independent_20260430_165242,trial_001,subject_001,1777539168.69381,1777539168.69381,261960.3033053,12,L_Foot,352,1,-1.1054,3.1869,10.5082,-94.7266,23.9868,-40.9546,3.0927,6.7346,-104.5459,-0.03,0.0572,-0.7883,0.6119
independent_20260430_165242,trial_001,subject_001,1777539168.69381,1777539168.69381,261960.3034687,13,R_Femur,358,1,1.4595,9.0822,-2.3543,23.1323,-18.0664,-3.6011,105.8643,-7.1082,-29.4489,0.7797,0.1663,-0.2007,0.5693
independent_20260430_165242,trial_001,subject_001,1777539168.69381,1777539168.69381,261960.3036098,9,Trunk,342,1,1.0719,9.6277,-1.5839,5.188,1.1597,2.9297,99.6625,-5.1251,-13.6725,0.7614,0.0622,-0.1106,0.6357
independent_20260430_165242,trial_001,subject_001,1777539168.6948097,1777539168.6948097,261960.3037657,10,L_Femur,327,1,-0.0096,9.288,0.9714,-27.4048,-6.1035,-2.0142,82.8424,1.0876,-19.7974,0.6505,0.1207,-0.1227,0.7397
independent_20260430_165242,trial_001,subject_001,1777539168.6948097,1777539168.6948097,261960.303902,11,L_Tibia,344,1,1.3255,9.3119,-4.6799,-136.2915,-34.6069,-62.1338,107.243,-5.4382,-15.6006,0.8006,0.0813,-0.1182,0.5818
independent_20260430_165242,trial_001,subject_001,1777539168.6948097,1777539168.6948097,261960.3040367,12,L_Foot,353,1,-0.7465,3.2635,12.7333,-94.4824,17.2119,-38.5742,1.626,7.0312,-105.1282,-0.0401,0.0485,-0.7919,0.6074
independent_20260430_165242,trial_001,subject_001,1777539168.6948097,1777539168.6948097,261960.3041696,13,R_Femur,359,1,1.3686,9.1014,-2.4309,24.1699,-14.2212,-4.4556,106.2323,-6.9928,-29.6466,0.7812,0.1689,-0.2004,0.5667
independent_20260430_165242,trial_001,subject_001,1777539168.6948097,1777539168.6948097,261960.3043018,14,R_Tibia,178,1,1.2585,9.154,-2.5409,12.6343,-3.479,3.1128,105.4797,-7.9431,-162.8394,0.1599,0.7788,-0.6054,0.0356
independent_20260430_165242,trial_001,subject_001,1777539168.6948097,1777539168.6948097,261960.3044338,15,R_Foot,177,1,0.9379,1.7322,9.8335,0.7935,-0.1831,-0.7324,9.8108,-4.8889,-98.7012,0.0879,0.0371,-0.7576,0.6457
independent_20260430_165242,trial_001,subject_001,1777539168.6948097,1777539168.6948097,261960.3045655,9,Trunk,343,1,0.7991,9.7952,-1.4595,0.6104,-0.4883,2.1362,99.7064,-5.1691,-13.689,0.7616,0.0621,-0.111,0.6354
independent_20260430_165242,trial_001,subject_001,1777539168.6958094,1777539168.6958094,261960.3047106,10,L_Femur,328,1,-0.0526,9.0918,0.8374,-24.0479,0.2441,-4.0283,82.4689,1.1371,-19.8138,0.648,0.1207,-0.1229,0.7419
independent_20260430_165242,trial_001,subject_001,1777539168.6958094,1777539168.6958094,261960.3048502,11,L_Tibia,345,1,1.1724,9.1731,-4.4215,-129.7607,-44.0063,-56.7627,104.6503,-4.0759,-16.095,0.7862,0.0892,-0.1134,0.6008
independent_20260430_165242,trial_001,subject_001,1777539168.6958094,1777539168.6958094,261960.3049835,13,R_Femur,360,1,1.4595,9.3358,-2.5792,22.2168,-12.3291,-4.7607,106.7047,-6.8445,-29.8553,0.783,0.1719,-0.1998,0.5634
independent_20260430_165242,trial_001,subject_001,1777539168.7539132,1777539168.7539132,261960.3634292,9,Trunk,344,1,0.823,9.7187,-1.2681,-1.1597,-1.5869,0.9155,99.6954,-5.1746,-13.7219,0.7616,0.0623,-0.1112,0.6354
independent_20260430_165242,trial_001,subject_001,1777539168.7539132,1777539168.7539132,261960.3636136,10,L_Femur,329,1,-0.0813,9.0487,0.8087,-21.2402,5.9814,-3.54,82.1448,1.203,-19.7424,0.6459,0.1204,-0.1224,0.7439
independent_20260430_165242,trial_001,subject_001,1777539168.7549222,1777539168.7549222,261960.3637791,11,L_Tibia,346,1,1.2968,9.1971,-3.7037,-125.6104,-41.748,-53.0396,102.7826,-3.1366,-16.5179,0.7755,0.0953,-0.1108,0.6142
independent_20260430_165242,trial_001,subject_001,1777539168.7549222,1777539168.7549222,261960.3639763,12,L_Foot,354,1,-0.512,3.1486,12.7859,-98.5718,27.771,-34.2407,-1.9501,7.8058,-106.3971,-0.0647,0.0272,-0.7994,0.5966
independent_20260430_165242,trial_001,subject_001,1777539168.7549222,1777539168.7549222,261960.3641571,13,R_Femur,361,1,1.4212,9.0104,-2.9812,28.1982,-12.5732,-5.249,107.1167,-6.7236,-30.0092,0.7847,0.1743,-0.1991,0.5606
independent_20260430_165242,trial_001,subject_001,1777539168.7549222,1777539168.7549222,261960.3643344,14,R_Tibia,179,1,1.3398,9.3598,-2.7658,12.085,-4.5166,1.9531,105.9357,-7.9651,-163.0206,0.1589,0.7815,-0.6024,0.0339
independent_20260430_165242,trial_001,subject_001,1777539168.7549222,1777539168.7549222,261960.3645066,15,R_Foot,178,1,0.9188,1.7705,9.8335,0.1221,0.2441,-0.8545,9.8108,-4.8889,-98.6847,0.0879,0.0371,-0.7575,0.6458
independent_20260430_165242,trial_001,subject_001,1777539168.7549222,1777539168.7549222,261960.3647013,9,Trunk,345,1,0.9235,9.5655,-1.1915,-2.1973,-2.5024,-0.4272,99.668,-5.1691,-13.7604,0.7614,0.0626,-0.1114,0.6356
independent_20260430_165242,trial_001,subject_001,1777539168.7559211,1777539168.7559211,261960.3648646,10,L_Femur,330,1,-0.3685,9.1014,0.9618,-24.6582,6.0425,-3.2349,81.6833,1.2854,-19.6106,0.6429,0.1197,-0.1216,0.7467
independent_20260430_165242,trial_001,subject_001,1777539168.7559211,1777539168.7559211,261960.3650282,11,L_Tibia,347,1,1.4355,9.0439,-3.5602,-118.8965,-40.0391,-48.9502,101.0028,-2.2797,-16.9519,0.7649,0.1012,-0.1089,0.6267
independent_20260430_165242,trial_001,subject_001,1777539168.7559211,1777539168.7559211,261960.3652047,12,L_Foot,355,1,-1.0862,3.3592,12.4988,-103.0884,31.4331,-37.1094,-3.5541,8.2507,-106.9739,-0.0762,0.0179,-0.8026,0.5914
independent_20260430_165242,trial_001,subject_001,1777539168.7559211,1777539168.7559211,261960.3653829,13,R_Femur,362,1,1.2202,9.1301,-3.1726,30.4565,-8.5449,-7.1411,107.5781,-6.5918,-30.1135,0.7867,0.1765,-0.198,0.5575
independent_20260430_165242,trial_001,subject_001,1777539168.7559211,1777539168.7559211,261960.3655558,9,Trunk,346,1,1.0384,9.4603,-1.1054,-2.8687,-3.8452,-1.709,99.5966,-5.1416,-13.8263,0.7609,0.0631,-0.1116,0.636
independent_20260430_165242,trial_001,subject_001,1777539168.7559211,1777539168.7559211,261960.3657325,10,L_Femur,331,1,-0.5646,9.2306,1.3111,-28.8696,2.0142,-2.8687,81.2604,1.3348,-19.5667,0.6402,0.1194,-0.1215,0.7491
independent_20260430_165242,trial_001,subject_001,1777539168.75692,1777539168.75692,261960.3659121,11,L_Tibia,348,1,1.1149,9.1492,-3.1151,-110.9619,-34.0576,-44.4336,98.7671,-1.2469,-17.5012,0.7513,0.1085,-0.1072,0.6421
independent_20260430_165242,trial_001,subject_001,1777539168.75692,1777539168.75692,261960.3660811,12,L_Foot,356,1,-1.2968,3.1008,10.2977,-95.8862,26.4282,-44.2505,-5.6525,8.7506,-107.8802,-0.0905,0.0051,-0.8073,0.5832
independent_20260430_165242,trial_001,subject_001,1777539168.75692,1777539168.75692,261960.366222,13,R_Femur,363,1,0.7943,9.0392,-3.1438,35.5835,-3.1738,-8.8501,108.2428,-6.416,-30.141,0.7897,0.1787,-0.1959,0.5532
independent_20260430_165242,trial_001,subject_001,1777539168.75692,1777539168.75692,261960.3663789,14,R_Tibia,180,1,0.7561,9.1444,-3.2539,10.2539,-3.1128,2.1362,106.3037,-7.9926,-163.0865,0.1587,0.7835,-0.5999,0.0328
independent_20260430_165242,trial_001,subject_001,1777539168.75692,1777539168.75692,261960.3665609,15,R_Foot,179,1,0.8374,1.8423,9.8239,0.0,-0.2441,-0.4883,9.8108,-4.8944,-98.6792,0.0879,0.0371,-0.7575,0.6458
independent_20260430_165242,trial_001,subject_001,1777539168.75792,1777539168.75792,261960.366771,9,Trunk,347,1,1.0814,9.3598,-1.0575,-2.3804,-4.9438,-2.2583,99.5526,-5.1031,-13.8922,0.7607,0.0637,-0.1118,0.6363
independent_20260430_165242,trial_001,subject_001,1777539168.75792,1777539168.75792,261960.3668964,10,L_Femur,332,1,-0.6221,9.1492,1.6939,-30.5786,-1.6479,-2.9907,80.6506,1.3843,-19.5886,0.6361,0.1192,-0.122,0.7525
independent_20260430_165242,trial_001,subject_001,1777539168.75792,1777539168.75792,261960.3669979,12,L_Foot,357,1,-1.0001,2.9333,9.1731,-83.8013,20.3857,-46.936,-7.0532,8.9978,-108.6218,-0.0994,-0.0041,-0.811,0.5766
independent_20260430_165242,trial_001,subject_001,1777539168.75792,1777539168.75792,261960.3670943,13,R_Femur,364,1,0.445,8.8095,-3.0577,38.8794,-4.8218,-9.5825,108.8031,-6.2732,-30.152,0.7922,0.1804,-0.1941,0.5497
independent_20260430_165242,trial_001,subject_001,1777539168.75792,1777539168.75792,261960.3671886,9,Trunk,348,1,1.0288,9.2114,-1.1245,-0.4272,-7.1411,-3.1128,99.5197,-5.0372,-14.0131,0.7604,0.0648,-0.112,0.6365
independent_20260430_165242,trial_001,subject_001,1777539168.75792,1777539168.75792,261960.3672817,10,L_Femur,333,1,-0.5216,8.9674,1.9571,-26.4893,-1.5869,-3.9673,80.2332,1.4392,-19.6161,0.6332,0.1192,-0.1223,0.7549
independent_20260430_165242,trial_001,subject_001,1777539168.75792,1777539168.75792,261960.3673752,11,L_Tibia,349,1,0.4689,9.0487,-2.3926,-98.6328,-32.1045,-35.4004,95.6909,0.033,-18.2812,0.7319,0.118,-0.1064,0.6626
independent_20260430_165242,trial_001,subject_001,1777539168.75792,1777539168.75792,261960.3674682,12,L_Foot,358,1,-0.4929,2.8472,8.8717,-71.8994,17.395,-46.3867,-8.2727,9.1736,-109.3634,-0.1066,-0.0126,-0.8146,0.5701
independent_20260430_165242,trial_001,subject_001,1777539168.75792,1777539168.75792,261960.3675597,13,R_Femur,365,1,0.5646,9.1875,-2.7132,39.1235,-7.0801,-9.3994,109.3964,-6.1139,-30.1959,0.7949,0.1825,-0.1923,0.5458
independent_20260430_165242,trial_001,subject_001,1777539168.75792,1777539168.75792,261960.3676502,14,R_Tibia,181,1,1.0527,9.2162,-2.3782,12.085,-2.5024,2.0142,106.6388,-8.02,-163.1799,0.1583,0.7853,-0.5977,0.0317
independent_20260430_165242,trial_001,subject_001,1777539168.75792,1777539168.75792,261960.3677393,15,R_Foot,180,1,0.8183,1.804,9.7665,1.0376,-0.4272,-0.2441,9.8218,-4.8944,-98.6792,0.088,0.0372,-0.7575,0.6458
independent_20260430_165242,trial_001,subject_001,1777539168.7589195,1777539168.7589195,261960.3678267,10,L_Femur,334,1,-0.4689,8.8478,2.0959,-22.0947,-5.249,-5.249,79.8871,1.4996,-19.6875,0.6308,0.1196,-0.1228,0.7568
independent_20260430_165242,trial_001,subject_001,1777539168.7589195,1777539168.7589195,261960.3679166,11,L_Tibia,350,1,0.3302,8.776,-1.9141,-88.0737,-29.9072,-29.2969,93.8672,0.7031,-18.847,0.72,0.1237,-0.1074,0.6744
independent_20260430_165242,trial_001,subject_001,1777539168.7589195,1777539168.7589195,261960.3680071,12,L_Foot,359,1,-0.0287,2.8998,9.6373,-60.4858,16.8457,-40.7715,-9.6625,9.3713,-110.2753,-0.1148,-0.0223,-0.8188,0.562
independent_20260430_165242,trial_001,subject_001,1777539168.7589195,1777539168.7589195,261960.368099,13,R_Femur,366,1,1.024,9.7761,-2.072,29.48,-9.6436,-6.897,110.0391,-5.9271,-30.3003,0.7976,0.1852,-0.1905,0.5416
independent_20260430_165242,trial_001,subject_001,1777539168.8040445,1777539168.8040445,261960.413461,9,Trunk,349,1,0.7561,9.4268,-1.2968,1.0986,-10.1318,-4.3945,99.5416,-4.8944,-14.2657,0.7603,0.0674,-0.1125,0.6362
independent_20260430_165242,trial_001,subject_001,1777539168.8040445,1777539168.8040445,261960.4136003,10,L_Femur,335,1,-0.6604,9.0104,2.1055,-20.3247,-9.6436,-7.9956,79.4641,1.6095,-19.8688,0.6277,0.1209,-0.1238,0.759
independent_20260430_165242,trial_001,subject_001,1777539168.8040445,1777539168.8040445,261960.4137299,11,L_Tibia,351,1,0.2919,8.441,-2.0193,-77.0874,-30.3955,-25.1465,92.6752,1.1261,-19.27,0.712,0.1278,-0.1085,0.6818
independent_20260430_165242,trial_001,subject_001,1777539168.8040445,1777539168.8040445,261960.4138544,12,L_Foot,360,1,0.0144,3.0051,10.1876,-58.4717,18.6157,-34.79,-10.6293,9.5471,-110.8685,-0.1206,-0.029,-0.8215,0.5566
independent_20260430_165242,trial_001,subject_001,1777539168.8240867,1777539168.8240867,261960.4332369,14,R_Tibia,182,1,1.1149,9.1444,-2.1772,18.0054,-7.2021,2.8687,107.2211,-8.031,-163.3997,0.157,0.7886,-0.5938,0.0297
independent_20260430_165242,trial_001,subject_001,1777539168.8240867,1777539168.8240867,261960.4334016,15,R_Foot,181,1,0.914,1.7753,9.7282,2.3193,-0.4272,-0.6104,9.8218,-4.8944,-98.6737,0.088,0.0372,-0.7575,0.6459
independent_20260430_165242,trial_001,subject_001,1777539168.8240867,1777539168.8240867,261960.4335306,9,Trunk,350,1,0.6699,9.4698,-1.3351,-1.0376,-13.5498,-4.9438,99.5306,-4.7736,-14.502,0.76,0.0696,-0.113,0.6362
independent_20260430_165242,trial_001,subject_001,1777539168.8240867,1777539168.8240867,261960.4336548,10,L_Femur,336,1,-0.6364,9.2258,2.0385,-19.8364,-14.7095,-8.606,79.1565,1.6974,-20.0885,0.6253,0.1224,-0.1251,0.7605
independent_20260430_165242,trial_001,subject_001,1777539168.8240867,1777539168.8240867,261960.4337758,11,L_Tibia,352,1,0.4977,8.4602,-2.0385,-62.439,-29.9072,-20.9351,91.3348,1.593,-19.8633,0.7028,0.1329,-0.1107,0.69
independent_20260430_165242,trial_001,subject_001,1777539168.8240867,1777539168.8240867,261960.4339006,12,L_Foot,361,1,-0.1723,2.8854,8.8525,-51.3306,19.9585,-27.4048,-11.8103,9.8273,-111.5387,-0.1281,-0.0368,-0.8243,0.5502
independent_20260430_165242,trial_001,subject_001,1777539168.825092,1777539168.825092,261960.4340224,13,R_Femur,367,1,1.1006,9.0631,-2.45,34.4849,-14.3433,-4.8218,111.1542,-5.6195,-30.6793,0.8019,0.1912,-0.1884,0.5338
independent_20260430_165242,trial_001,subject_001,1777539168.825092,1777539168.825092,261960.4341393,9,Trunk,351,1,0.7608,9.4698,-1.2872,-0.3662,-14.9536,-5.3711,99.5251,-4.6637,-14.7107,0.7598,0.0716,-0.1134,0.6361
independent_20260430_165242,trial_001,subject_001,1777539168.825092,1777539168.825092,261960.4342582,10,L_Femur,337,1,-0.311,9.0152,2.2251,-18.7378,-19.165,-7.9346,78.8599,1.7633,-20.3741,0.6229,0.124,-0.127,0.7619
independent_20260430_165242,trial_001,subject_001,1777539168.825092,1777539168.825092,261960.4343761,11,L_Tibia,353,1,0.5742,8.5128,-1.6365,-52.2461,-22.8882,-19.2871,90.5164,1.9006,-20.2203,0.6971,0.1362,-0.112,0.695
independent_20260430_165242,trial_001,subject_001,1777539168.825092,1777539168.825092,261960.4344934,12,L_Foot,362,1,-0.2919,2.7897,8.0247,-39.1846,19.165,-22.3999,-12.4969,10.0415,-111.9562,-0.1328,-0.0412,-0.8261,0.5462
independent_20260430_165242,trial_001,subject_001,1777539168.825092,1777539168.825092,261960.4346097,13,R_Femur,368,1,1.2059,9.2641,-2.718,33.9355,-12.2681,-4.6997,111.6705,-5.4932,-30.8276,0.8039,0.1937,-0.1873,0.5302
independent_20260430_165242,trial_001,subject_001,1777539168.825092,1777539168.825092,261960.4347339,14,R_Tibia,183,1,1.091,9.1588,-2.6223,23.0103,-6.3477,2.3804,107.9956,-8.0365,-163.6414,0.1556,0.7929,-0.5885,0.0273
independent_20260430_165242,trial_001,subject_001,1777539168.825092,1777539168.825092,261960.4348841,15,R_Foot,182,1,0.8374,1.8231,9.7761,3.7842,-0.5493,-0.7324,9.8273,-4.8944,-98.6737,0.088,0.0372,-0.7575,0.6458
independent_20260430_165242,trial_001,subject_001,1777539168.8261,1777539168.8261,261960.4350345,9,Trunk,352,1,0.9666,9.556,-1.2298,-1.2207,-15.0757,-5.7373,99.5087,-4.5538,-14.9194,0.7596,0.0736,-0.1139,0.6362
independent_20260430_165242,trial_001,subject_001,1777539168.8261,1777539168.8261,261960.4351735,10,L_Femur,338,1,0.0574,8.5846,2.6893,-14.0381,-16.6626,-6.7139,78.5303,1.8292,-20.7422,0.6203,0.1261,-0.1294,0.7633
independent_20260430_165242,trial_001,subject_001,1777539168.8261,1777539168.8261,261960.4353142,11,L_Tibia,354,1,0.4163,8.2735,-1.3398,-39.4897,-15.3809,-17.7002,89.8792,2.1753,-20.4675,0.6926,0.1387,-0.1125,0.6988
independent_20260430_165242,trial_001,subject_001,1777539168.8261,1777539168.8261,261960.4354537,12,L_Foot,363,1,-0.4881,3.0816,8.9195,-33.5083,21.3623,-18.9819,-13.0627,10.2832,-112.3187,-0.137,-0.0445,-0.8276,0.5426
independent_20260430_165242,trial_001,subject_001,1777539168.8261,1777539168.8261,261960.4355946,13,R_Femur,369,1,1.1149,9.2019,-2.9429,34.2407,-11.6577,-4.7607,112.1814,-5.3778,-30.9595,0.8059,0.196,-0.1863,0.5267
independent_20260430_165242,trial_001,subject_001,1777539168.8261,1777539168.8261,261960.4357327,9,Trunk,353,1,1.1819,9.5512,-1.0527,-1.8311,-15.1978,-6.5308,99.4757,-4.389,-15.2051,0.7591,0.0764,-0.1144,0.6363
independent_20260430_165242,trial_001,subject_001,1777539168.8261,1777539168.8261,261960.4358708,10,L_Femur,339,1,0.1244,8.6085,2.7897,-8.667,-11.5967,-7.3242,78.382,1.8951,-20.9454,0.619,0.1274,-0.1306,0.7639
independent_20260430_165242,trial_001,subject_001,1777539168.8639693,1777539168.8639693,261960.4735276,11,L_Tibia,355,1,0.1196,8.1108,-1.7849,-23.0713,-17.2119,-13.3667,89.3298,2.4719,-20.7971,0.6885,0.1419,-0.1134,0.7021
independent_20260430_165242,trial_001,subject_001,1777539168.8639693,1777539168.8639693,261960.4737895,12,L_Foot,364,1,-1.1293,2.9859,8.4937,-29.8462,17.8833,-19.104,-13.7659,10.5853,-112.7966,-0.1423,-0.0487,-0.8295,0.5379
independent_20260430_165242,trial_001,subject_001,1777539168.8649788,1777539168.8649788,261960.4740225,13,R_Femur,370,1,1.1341,9.4172,-3.0721,24.4141,-15.686,-4.6387,112.7692,-5.191,-31.1957,0.808,0.1995,-0.185,0.5225
independent_20260430_165242,trial_001,subject_001,1777539168.8649788,1777539168.8649788,261960.4742688,14,R_Tibia,184,1,1.0527,9.1875,-2.7323,27.0386,-9.7656,1.8921,108.9349,-8.009,-163.9105,0.1538,0.7981,-0.582,0.0249
independent_20260430_165242,trial_001,subject_001,1777539168.8649788,1777539168.8649788,261960.4745061,15,R_Foot,183,1,0.9188,1.8231,9.7713,5.4932,-0.4272,-0.9155,9.8987,-4.8999,-98.6792,0.0885,0.0376,-0.7575,0.6458
independent_20260430_165242,trial_001,subject_001,1777539168.8649788,1777539168.8649788,261960.4747167,9,Trunk,354,1,1.2441,9.6469,-0.8661,-3.7842,-14.3433,-6.6528,99.4263,-4.2682,-15.4028,0.7586,0.0783,-0.1147,0.6365
independent_20260430_165242,trial_001,subject_001,1777539168.865978,1777539168.865978,261960.4749045,11,L_Tibia,356,1,-0.1531,8.3022,-1.603,-13.7329,-17.7612,-10.437,89.0881,2.6422,-21.0608,0.6865,0.1443,-0.1143,0.7035
independent_20260430_165242,trial_001,subject_001,1777539168.865978,1777539168.865978,261960.4751149,12,L_Foot,365,1,-1.1245,2.6223,7.2208,-16.4795,11.9019,-18.9209,-14.1064,10.7062,-113.1317,-0.1446,-0.051,-0.8309,0.5349
independent_20260430_165242,trial_001,subject_001,1777539168.865978,1777539168.865978,261960.4752976,13,R_Femur,371,1,0.9714,8.9243,-3.4645,24.1089,-21.2402,-4.2725,113.1317,-5.0262,-31.4429,0.8091,0.2026,-0.1844,0.5199
independent_20260430_165242,trial_001,subject_001,1777539168.865978,1777539168.865978,261960.4755075,9,Trunk,355,1,1.1389,9.7474,-0.5264,-8.3008,-14.7705,-6.1035,99.278,-4.1089,-15.672,0.7575,0.0808,-0.1153,0.6374
independent_20260430_165242,trial_001,subject_001,1777539168.865978,1777539168.865978,261960.4756991,10,L_Femur,340,1,0.0383,8.7808,2.2777,2.4414,-0.7324,-12.5732,78.2941,2.2137,-21.1597,0.6177,0.1306,-0.1304,0.7644
independent_20260430_165242,trial_001,subject_001,1777539168.8669794,1777539168.8669794,261960.4759087,11,L_Tibia,357,1,-0.1914,8.24,-1.3255,-5.188,-18.9819,-7.5073,88.9728,2.7631,-21.3409,0.6852,0.1466,-0.1155,0.704
independent_20260430_165242,trial_001,subject_001,1777539168.8669794,1777539168.8669794,261960.4761151,12,L_Foot,366,1,-0.9666,2.5888,7.5079,-5.188,11.4746,-17.4561,-14.2657,10.8105,-113.4393,-0.146,-0.0521,-0.8323,0.5323
independent_20260430_165242,trial_001,subject_001,1777539168.8669794,1777539168.8669794,261960.476339,13,R_Femur,372,1,0.6508,8.4219,-3.6702,31.7383,-22.1558,-5.249,113.5986,-4.834,-31.7175,0.8105,0.2062,-0.1834,0.5166
independent_20260430_165242,trial_001,subject_001,1777539168.8669794,1777539168.8669794,261960.4765446,14,R_Tibia,185,1,1.2537,9.0727,-3.4692,28.9917,-12.2681,1.0376,109.8358,-7.9321,-164.2456,0.1513,0.8032,-0.5757,0.0225
independent_20260430_165242,trial_001,subject_001,1777539168.8669794,1777539168.8669794,261960.4767038,15,R_Foot,184,1,0.8805,1.9236,9.8144,5.6152,-0.4272,-0.8545,10.08,-4.9109,-98.7067,0.0896,0.0388,-0.7576,0.6454
independent_20260430_165242,trial_001,subject_001,1777539168.867982,1777539168.867982,261960.4769055,9,Trunk,356,1,1.0958,9.6182,-0.378,-9.0332,-15.0757,-6.1035,99.1406,-3.988,-15.8862,0.7566,0.0828,-0.1158,0.6382
independent_20260430_165242,trial_001,subject_001,1777539168.883977,1777539168.883977,261960.4936638,10,L_Femur,341,1,0.0383,8.508,2.1103,8.4229,1.4038,-15.0146,78.3984,2.428,-21.1816,0.6181,0.1323,-0.1292,0.764
independent_20260430_165242,trial_001,subject_001,1777539168.8849843,1777539168.8849843,261960.4938834,11,L_Tibia,358,1,-0.2201,8.0247,-1.5743,7.6294,-24.1699,-3.8452,89.0442,2.8619,-21.7804,0.685,0.1499,-0.1175,0.7032
independent_20260430_165242,trial_001,subject_001,1777539168.8849843,1777539168.8849843,261960.4940693,12,L_Foot,367,1,-3.1965,2.6318,6.7662,26.9775,-49.5605,-17.2119,-14.0076,10.3052,-113.703,-0.141,-0.0529,-0.8336,0.5314
independent_20260430_165242,trial_001,subject_001,1777539168.8849843,1777539168.8849843,261960.4942519,13,R_Femur,373,1,0.6316,8.6755,-3.6415,39.7339,-19.043,-5.3711,114.3677,-4.5868,-32.0416,0.8131,0.2109,-0.1818,0.5112
independent_20260430_165242,trial_001,subject_001,1777539168.9846494,1777539168.9846494,261960.5941177,9,Trunk,357,1,1.0527,9.4459,-0.3637,-9.3994,-15.3198,-6.5918,99.0033,-3.8672,-16.095,0.7556,0.0847,-0.1163,0.6391
independent_20260430_165242,trial_001,subject_001,1777539168.9846494,1777539168.9846494,261960.5943937,10,L_Femur,342,1,-0.2919,8.197,2.0528,20.752,-0.7324,-15.5029,78.7335,2.7356,-21.2311,0.6198,0.135,-0.1275,0.7624
independent_20260430_165242,trial_001,subject_001,1777539168.9856477,1777539168.9856477,261960.5945817,11,L_Tibia,359,1,-0.5264,8.2544,-1.7705,18.1274,-30.5786,0.1221,89.2639,2.8784,-22.2144,0.6857,0.1528,-0.1197,0.7015
independent_20260430_165242,trial_001,subject_001,1777539168.9856477,1777539168.9856477,261960.5947687,12,L_Foot,368,1,-2.4931,3.3257,5.723,45.105,-74.585,-24.1089,-13.4473,9.3109,-113.8239,-0.1312,-0.0538,-0.8345,0.5324
independent_20260430_165242,trial_001,subject_001,1777539168.9856477,1777539168.9856477,261960.5949524,13,R_Femur,374,1,0.7991,8.7186,-3.6798,43.9453,-21.0571,-5.0659,115.0269,-4.4055,-32.2833,0.8154,0.2145,-0.1804,0.5065
independent_20260430_165242,trial_001,subject_001,1777539168.9856477,1777539168.9856477,261960.5951067,14,R_Tibia,186,1,1.0432,9.0152,-3.407,30.3345,-16.6016,0.5493,110.9235,-7.7673,-164.751,0.1471,0.8095,-0.5681,0.0198
independent_20260430_165242,trial_001,subject_001,1777539168.9856477,1777539168.9856477,261960.595283,15,R_Foot,185,1,0.8374,1.938,9.7378,5.9204,-0.3052,-0.7324,10.2393,-4.9109,-98.7341,0.0904,0.0399,-0.7577,0.6451
independent_20260430_165242,trial_001,subject_001,1777539168.9866474,1777539168.9866474,261960.5955017,9,Trunk,358,1,1.0049,9.2784,-0.3015,-8.1177,-16.7847,-7.2632,98.8275,-3.6914,-16.3971,0.7543,0.0875,-0.1169,0.6401
independent_20260430_165242,trial_001,subject_001,1777539168.9866474,1777539168.9866474,261960.5957113,10,L_Femur,343,1,-0.7896,8.6276,2.0193,24.5361,-7.6294,-16.6016,79.0906,2.9553,-21.3574,0.6218,0.1375,-0.1267,0.7606
independent_20260430_165242,trial_001,subject_001,1777539168.9866474,1777539168.9866474,261960.5961301,11,L_Tibia,360,1,-0.6269,8.0008,-1.7896,35.9497,-39.0015,6.7749,89.8572,2.7795,-22.9504,0.6885,0.1573,-0.124,0.697
independent_20260430_165242,trial_001,subject_001,1777539168.9866474,1777539168.9866474,261960.5963675,12,L_Foot,369,1,-0.3876,3.3209,5.5747,76.8433,-72.5708,-32.2876,-12.1124,7.6904,-114.0601,-0.1132,-0.052,-0.8362,0.534
independent_20260430_165242,trial_001,subject_001,1777539168.9876482,1777539168.9876482,261960.5966134,13,R_Femur,375,1,1.0192,8.9195,-3.8042,39.2456,-27.0386,-6.2866,115.8673,-4.0924,-32.6788,0.818,0.2201,-0.1783,0.5006
independent_20260430_165242,trial_001,subject_001,1777539168.9876482,1777539168.9876482,261960.5968033,9,Trunk,359,1,1.0527,9.2784,-0.2536,-4.6997,-17.2729,-7.6904,98.7451,-3.5431,-16.6388,0.7535,0.0898,-0.1174,0.6406
independent_20260430_165242,trial_001,subject_001,1777539168.9876482,1777539168.9876482,261960.5969519,10,L_Femur,344,1,-1.2011,9.4985,2.2107,17.4561,-16.8457,-19.4092,79.3597,3.1915,-21.6266,0.6229,0.1408,-0.1269,0.759
independent_20260430_165242,trial_001,subject_001,1777539168.9876482,1777539168.9876482,261960.5970912,11,L_Tibia,361,1,-0.268,8.1443,-1.8806,50.415,-45.4712,11.5967,90.5383,2.6312,-23.6151,0.6919,0.1611,-0.128,0.692
independent_20260430_165242,trial_001,subject_001,1777539168.9876482,1777539168.9876482,261960.5972365,12,L_Foot,370,1,-1.5169,-2.0624,6.7088,83.0688,-86.6089,-30.2734,-10.9149,6.4215,-114.2963,-0.0983,-0.0495,-0.8378,0.5347
independent_20260430_165242,trial_001,subject_001,1777539168.9876482,1777539168.9876482,261960.5974943,13,R_Femur,376,1,0.9762,8.9578,-3.9573,37.4756,-27.6489,-6.958,116.4441,-3.8287,-33.0084,0.8196,0.2245,-0.1768,0.4966
independent_20260430_165242,trial_001,subject_001,1777539168.9886482,1777539168.9886482,261960.5976752,14,R_Tibia,187,1,0.9522,9.1588,-3.4979,32.0435,-16.8457,-1.1597,112.088,-7.5201,-165.2783,0.1424,0.8162,-0.5597,0.0175
independent_20260430_165242,trial_001,subject_001,1777539168.9886482,1777539168.9886482,261960.5978428,9,Trunk,360,1,0.9953,9.5942,-0.268,-3.7842,-18.3716,-6.958,98.6847,-3.4058,-16.8915,0.7529,0.0922,-0.118,0.6409
independent_20260430_165242,trial_001,subject_001,1777539168.9886482,1777539168.9886482,261960.5980123,10,L_Femur,345,1,-1.1867,9.3023,2.316,23.0103,-24.231,-19.4702,79.7168,3.4991,-22.1429,0.6242,0.146,-0.1281,0.7568
independent_20260430_165242,trial_001,subject_001,1777539168.9886482,1777539168.9886482,261960.5982012,11,L_Tibia,362,1,0.1627,9.6325,-1.3781,45.2881,-41.8091,9.7046,91.2415,2.4939,-24.2633,0.6954,0.1651,-0.1317,0.6869
independent_20260430_165242,trial_001,subject_001,1777539168.9886482,1777539168.9886482,261960.598367,12,L_Foot,371,1,-0.3302,-1.9954,9.3358,84.6558,-78.125,-31.7383,-9.657,5.1361,-114.5325,-0.083,-0.0466,-0.8394,0.5351
independent_20260430_165242,trial_001,subject_001,1777539168.9896462,1777539168.9896462,261960.5985379,10,L_Femur,346,1,-0.3924,9.0009,1.2633,40.4053,-20.752,-15.0146,80.2496,3.6749,-22.5,0.627,0.1497,-0.1288,0.7536
independent_20260430_165242,trial_001,subject_001,1777539168.9896462,1777539168.9896462,261960.5989588,11,L_Tibia,363,1,0.3876,12.1734,1.9763,23.0103,-34.9731,-13.7329,91.8292,2.6422,-24.9554,0.6977,0.1708,-0.1341,0.6827
independent_20260430_165242,trial_001,subject_001,1777539168.9896462,1777539168.9896462,261960.5991518,12,L_Foot,372,1,4.254,-2.4261,11.4748,96.1914,-27.4658,-17.2119,-7.7234,4.3396,-114.895,-0.0681,-0.0364,-0.8418,0.5343
independent_20260430_165242,trial_001,subject_001,1777539168.9896462,1777539168.9896462,261960.5993298,13,R_Femur,377,1,0.7226,8.9291,-3.6846,39.0625,-20.874,-10.0708,117.7954,-3.2135,-33.5522,0.8237,0.2332,-0.172,0.4875
independent_20260430_165242,trial_001,subject_001,1777539168.9906507,1777539168.9906507,261960.5995004,14,R_Tibia,188,1,0.8613,9.1109,-3.5314,36.1938,-24.7192,-3.1128,113.3844,-7.1521,-165.9265,0.1362,0.8236,-0.5503,0.0154
independent_20260430_165242,trial_001,subject_001,1777539169.0750515,1777539169.0750515,261960.6839145,15,R_Foot,186,1,0.6891,1.7849,9.8048,8.667,-1.0986,-0.1831,10.7007,-4.9438,-98.7726,0.0932,0.0428,-0.7577,0.6445
independent_20260430_165242,trial_001,subject_001,1777539169.0750515,1777539169.0750515,261960.6841362,10,L_Femur,347,1,0.3589,11.0824,0.2393,34.1797,-30.1514,-8.1787,80.9912,3.7903,-23.0219,0.631,0.1542,-0.1306,0.749
independent_20260430_165242,trial_001,subject_001,1777539169.0750515,1777539169.0750515,261960.6843356,11,L_Tibia,364,1,0.9379,12.6902,4.7517,16.4795,-11.3525,13.855,92.0215,2.5928,-25.1807,0.6986,0.1721,-0.1355,0.6812
independent_20260430_165242,trial_001,subject_001,1777539169.0750515,1777539169.0750515,261960.684524,12,L_Foot,373,1,5.034,-2.2921,10.4699,106.4453,-31.7383,1.9531,-6.1578,3.8123,-114.8621,-0.0569,-0.0274,-0.842,0.5357
independent_20260430_165242,trial_001,subject_001,1777539169.0750515,1777539169.0750515,261960.6847134,13,R_Femur,378,1,0.9857,9.0487,-3.6559,43.7012,-24.292,-11.2305,118.4271,-2.9114,-33.7885,0.8255,0.2371,-0.1696,0.4832
independent_20260430_165242,trial_001,subject_001,1777539169.0750515,1777539169.0750515,261960.6849014,9,Trunk,361,1,1.3111,10.3455,-1.1484,5.0049,-15.7471,-0.9155,98.7561,-3.0981,-17.8802,0.7523,0.1005,-0.1214,0.6397
independent_20260430_165242,trial_001,subject_001,1777539169.0760581,1777539169.0760581,261960.6850918,10,L_Femur,348,1,-0.201,12.1639,1.6174,15.9302,-60.1196,-3.418,81.2274,3.7299,-23.8184,0.6315,0.1584,-0.1358,0.7468
independent_20260430_165242,trial_001,subject_001,1777539169.1043527,1777539169.1043527,261960.7133887,11,L_Tibia,365,1,3.2061,11.6949,3.3688,26.4893,-19.8364,9.8267,92.4005,2.3346,-25.4553,0.7008,0.1727,-0.1381,0.6782
independent_20260430_165242,trial_001,subject_001,1777539169.1043527,1777539169.1043527,261960.7136141,12,L_Foot,374,1,3.8186,-1.0862,8.7903,119.4458,-6.3477,12.4512,-4.3726,3.6969,-114.6918,-0.0477,-0.0147,-0.8416,0.5379
independent_20260430_165242,trial_001,subject_001,1777539169.1043527,1777539169.1043527,261960.7137801,13,R_Femur,379,1,1.3925,9.8479,-3.919,34.9731,-25.0854,-9.8877,118.9984,-2.6093,-34.0466,0.827,0.2411,-0.1673,0.4794
independent_20260430_165242,trial_001,subject_001,1777539169.1043527,1777539169.1043527,261960.7139988,14,R_Tibia,189,1,1.5312,9.8096,-2.9381,41.2598,-19.8364,-7.019,114.6368,-6.7072,-166.4758,0.1303,0.8307,-0.5411,0.0146
independent_20260430_165242,trial_001,subject_001,1777539169.1043527,1777539169.1043527,261960.7141547,9,Trunk,362,1,1.3829,10.3838,-1.225,4.4556,-12.7563,-0.6714,98.822,-3.0652,-18.078,0.7524,0.1021,-0.1222,0.6391
independent_20260430_165242,trial_001,subject_001,1777539169.105354,1777539169.105354,261960.7143363,10,L_Femur,349,1,-0.6938,12.2787,3.6511,0.3052,-94.6655,2.8687,81.1945,3.5046,-25.1147,0.6298,0.1641,-0.1456,0.7451
independent_20260430_165242,trial_001,subject_001,1777539169.105354,1777539169.105354,261960.7145403,11,L_Tibia,366,1,2.7419,10.1397,0.3828,35.0952,-19.6533,4.8218,93.0212,2.2852,-25.8453,0.7039,0.1756,-0.1398,0.6739
independent_20260430_165242,trial_001,subject_001,1777539169.105354,1777539169.105354,261960.7147142,12,L_Foot,375,1,-0.6986,1.4212,13.341,114.2578,17.8833,9.2163,-1.9391,3.9166,-114.4885,-0.0379,0.0043,-0.8407,0.5402
independent_20260430_165242,trial_001,subject_001,1777539169.105354,1777539169.105354,261960.7149434,13,R_Femur,380,1,1.9284,9.934,-3.9813,20.813,-22.4609,-7.2021,119.4763,-2.2577,-34.3817,0.8279,0.2457,-0.1652,0.4763
independent_20260430_165242,trial_001,subject_001,1777539169.105354,1777539169.105354,261960.7151258,9,Trunk,363,1,1.2824,10.2642,-1.1149,4.5776,-9.0942,0.0,98.8824,-3.0487,-18.2263,0.7526,0.1032,-0.1229,0.6386
independent_20260430_165242,trial_001,subject_001,1777539169.1063526,1777539169.1063526,261960.715269,10,L_Femur,350,1,0.7369,11.5418,5.3163,-9.2773,-102.1118,7.2632,80.9088,3.0542,-27.1307,0.6258,0.1718,-0.1616,0.7435
independent_20260430_165242,trial_001,subject_001,1777539169.1063526,1777539169.1063526,261960.715436,11,L_Tibia,367,1,1.2202,9.7474,-0.5264,48.8281,-25.2075,6.2866,93.6969,2.2247,-26.2079,0.7074,0.1783,-0.1412,0.6692
independent_20260430_165242,trial_001,subject_001,1777539169.1063526,1777539169.1063526,261960.7156042,12,L_Foot,376,1,-1.5935,2.1294,14.4799,98.2056,10.3149,6.7139,-0.4285,4.1089,-114.3951,-0.0322,0.0163,-0.8401,0.5413
independent_20260430_165242,trial_001,subject_001,1777539169.1063526,1777539169.1063526,261960.7157598,13,R_Femur,381,1,1.6413,9.532,-3.6989,18.7988,-16.3574,-7.7515,119.762,-2.0435,-34.5575,0.8285,0.2483,-0.1637,0.4745
independent_20260430_165242,trial_001,subject_001,1777539169.1063526,1777539169.1063526,261960.7159621,14,R_Tibia,190,1,0.7513,9.5368,-3.2204,49.4385,-21.3013,-8.7891,116.2958,-6.1578,-166.9373,0.1246,0.8395,-0.5287,0.0146
independent_20260430_165242,trial_001,subject_001,1777539169.1063526,1777539169.1063526,261960.7161386,15,R_Foot,187,1,0.9714,1.7274,9.8431,16.9067,-0.7324,-1.2207,11.4862,-4.9768,-98.7946,0.0979,0.0478,-0.7575,0.6436
independent_20260430_165242,trial_001,subject_001,1777539169.1073527,1777539169.1073527,261960.7163186,9,Trunk,364,1,1.1484,10.202,-1.0049,5.8594,-4.6387,2.8687,98.9758,-3.0817,-18.3472,0.7531,0.1039,-0.1237,0.6378
independent_20260430_165242,trial_001,subject_001,1777539169.1073527,1777539169.1073527,261960.7165054,10,L_Femur,351,1,2.4787,10.7666,4.766,-4.1504,-74.707,5.3711,80.7715,2.774,-28.3063,0.6236,0.1763,-0.171,0.7422
independent_20260430_165242,trial_001,subject_001,1777539169.1073527,1777539169.1073527,261960.716711,11,L_Tibia,368,1,-1.0527,9.6612,-2.2873,71.3501,-39.7339,2.7466,95.1526,2.3126,-26.955,0.7145,0.1852,-0.1427,0.6594
independent_20260430_165242,trial_001,subject_001,1777539169.1073527,1777539169.1073527,261960.7168866,12,L_Foot,377,1,-0.1388,3.6176,18.9062,39.6118,27.832,1.4038,0.7745,4.5209,-114.3457,-0.0295,0.0271,-0.8395,0.5419
independent_20260430_165242,trial_001,subject_001,1777539169.1073527,1777539169.1073527,261960.7170577,13,R_Femur,382,1,1.1484,9.7569,-3.4645,8.3008,-9.4604,-9.9487,119.9872,-1.7853,-34.6509,0.8289,0.2504,-0.1618,0.4733
independent_20260430_165242,trial_001,subject_001,1777539169.1073527,1777539169.1073527,261960.7172546,10,L_Femur,352,1,3.0003,9.9483,3.0912,2.0142,-37.1094,-1.9531,80.7385,2.6752,-28.9545,0.6225,0.1791,-0.1758,0.7413
independent_20260430_165242,trial_001,subject_001,1777539169.1073527,1777539169.1073527,261960.7174498,11,L_Tibia,369,1,-2.1198,9.4124,-3.7516,63.9038,-85.8765,17.9443,96.0425,2.1863,-28.1854,0.7178,0.1934,-0.1491,0.6521
independent_20260430_165242,trial_001,subject_001,1777539169.1073527,1777539169.1073527,261960.7175928,12,L_Foot,378,1,-1.0862,1.4834,12.9534,33.6304,20.6299,0.4883,1.3129,4.845,-114.3292,-0.0293,0.0325,-0.8392,0.5421
independent_20260430_165242,trial_001,subject_001,1777539169.1088586,1777539169.1088586,261960.7177857,13,R_Femur,383,1,1.2633,9.8813,-3.3783,4.8828,-8.3008,-11.5967,120.0586,-1.5875,-34.6729,0.8289,0.2515,-0.1603,0.4732
independent_20260430_165242,trial_001,subject_001,1777539169.1640658,1777539169.1640658,261960.7738264,9,Trunk,365,1,1.1149,10.7427,-1.1628,2.1973,-4.5776,6.2866,99.0472,-3.2465,-18.4845,0.7535,0.104,-0.1255,0.637
independent_20260430_165242,trial_001,subject_001,1777539169.1640658,1777539169.1640658,261960.7739698,10,L_Femur,353,1,0.9953,8.307,-0.1866,30.0293,-3.1128,-19.7754,81.1835,2.9224,-29.2126,0.6245,0.1828,-0.1754,0.7388
independent_20260430_165242,trial_001,subject_001,1777539169.1640658,1777539169.1640658,261960.7740989,11,L_Tibia,370,1,-2.249,9.4028,-3.1104,65.7349,-91.3086,19.5312,96.9763,2.0599,-29.5642,0.7209,0.2025,-0.1561,0.6442
independent_20260430_165242,trial_001,subject_001,1777539169.1640658,1777539169.1640658,261960.7742239,12,L_Foot,379,1,-1.4595,0.5934,10.9676,23.1323,11.8408,1.8921,1.6974,5.0262,-114.3018,-0.0288,0.0362,-0.8388,0.5424
independent_20260430_165242,trial_001,subject_001,1777539169.1640658,1777539169.1640658,261960.7743478,13,R_Femur,384,1,1.4403,10.1685,-3.2491,2.8687,-6.897,-11.1084,120.1025,-1.3953,-34.6783,0.8288,0.2524,-0.1588,0.4734
independent_20260430_165242,trial_001,subject_001,1777539169.1655893,1777539169.1655893,261960.7744701,9,Trunk,366,1,0.9235,10.6278,-1.469,-0.6104,-8.4229,3.2959,99.0417,-3.3234,-18.6438,0.7533,0.1046,-0.1269,0.6368
independent_20260430_165242,trial_001,subject_001,1777539169.1655893,1777539169.1655893,261960.7746025,10,L_Femur,354,1,-0.9427,8.6611,-1.3494,30.5786,10.3149,-30.4565,81.6504,3.3618,-29.1467,0.6269,0.1859,-0.1718,0.7369
independent_20260430_165242,trial_001,subject_001,1777539169.1655893,1777539169.1655893,261960.7747226,11,L_Tibia,371,1,-1.5025,9.3502,-2.2969,60.9741,-66.1621,10.7422,98.1793,1.994,-31.1133,0.7249,0.2136,-0.1629,0.6343
independent_20260430_165242,trial_001,subject_001,1777539169.1655893,1777539169.1655893,261960.7748413,12,L_Foot,380,1,-1.6317,0.4402,10.1541,13.5498,3.9673,2.3193,2.0105,5.1251,-114.2688,-0.028,0.039,-0.8386,0.5427
independent_20260430_165242,trial_001,subject_001,1777539169.166107,1777539169.166107,261960.7749605,13,R_Femur,385,1,1.0958,10.5561,-2.5696,-5.188,-2.7466,-7.2021,120.0311,-1.2195,-34.6564,0.8284,0.2529,-0.1576,0.4743
independent_20260430_165242,trial_001,subject_001,1777539169.166107,1777539169.166107,261960.7750902,14,R_Tibia,191,1,-0.1818,9.8383,-2.7084,71.0449,-29.1138,-9.9487,120.6683,-4.6857,-168.0084,0.1108,0.8613,-0.4955,0.0163
independent_20260430_165242,trial_001,subject_001,1777539169.166107,1777539169.166107,261960.7752099,15,R_Foot,188,1,0.9092,1.1963,9.8383,31.9214,-0.7935,-4.6997,13.0243,-5.0208,-98.9594,0.1067,0.0579,-0.7578,0.6411
independent_20260430_165242,trial_001,subject_001,1777539169.166107,1777539169.166107,261960.775338,9,Trunk,367,1,0.6699,10.2402,-1.536,-3.2959,-11.4136,0.6104,98.9923,-3.3234,-18.8086,0.7529,0.1056,-0.1278,0.6369
independent_20260430_165242,trial_001,subject_001,1777539169.2143052,1777539169.2143052,261960.8232598,10,L_Femur,355,1,-2.3974,8.6516,-0.8853,32.2266,24.231,-38.5132,82.2821,4.1473,-28.8226,0.63,0.19,-0.1643,0.7348
independent_20260430_165242,trial_001,subject_001,1777539169.2143052,1777539169.2143052,261960.8234358,11,L_Tibia,372,1,0.6508,9.0344,-2.7467,54.5044,-26.123,2.3193,98.9978,2.016,-31.6241,0.7284,0.2182,-0.1641,0.6284
independent_20260430_165242,trial_001,subject_001,1777539169.2143052,1777539169.2143052,261960.8235906,12,L_Foot,381,1,-1.5265,0.3015,9.8766,12.2681,0.9155,4.1504,2.2137,5.1471,-114.2139,-0.0272,0.0406,-0.8382,0.5432
independent_20260430_165242,trial_001,subject_001,1777539169.2143052,1777539169.2143052,261960.8237503,13,R_Femur,386,1,0.4498,10.7905,-1.9667,-21.4844,-0.3662,-5.127,119.751,-1.1536,-34.6234,0.8272,0.2525,-0.1576,0.4765
independent_20260430_165242,trial_001,subject_001,1777539169.2143052,1777539169.2143052,261960.8238949,9,Trunk,368,1,0.378,9.5703,-1.5647,-2.9297,-15.9912,-4.3945,98.9209,-3.23,-19.0942,0.7522,0.1079,-0.1289,0.6372
independent_20260430_165242,trial_001,subject_001,1777539169.2143052,1777539169.2143052,261960.8240281,10,L_Femur,356,1,-1.8279,8.709,-0.5024,39.7339,18.1885,-34.0576,82.8754,4.7131,-28.5864,0.6332,0.1931,-0.1586,0.7326
independent_20260430_165242,trial_001,subject_001,1777539169.2143052,1777539169.2143052,261960.8241612,11,L_Tibia,373,1,1.7801,8.953,-2.7563,49.8047,23.3765,9.7656,99.7778,1.9336,-31.4429,0.7331,0.2177,-0.1621,0.6236
independent_20260430_165242,trial_001,subject_001,1777539169.215359,1777539169.215359,261960.8242887,12,L_Foot,382,1,-1.3733,0.3924,9.9436,10.8032,-0.9155,4.8218,2.395,5.1416,-114.1479,-0.0263,0.0419,-0.8378,0.5437
independent_20260430_165242,trial_001,subject_001,1777539169.215359,1777539169.215359,261960.8244176,13,R_Femur,387,1,-0.4067,10.6757,-1.3446,-36.499,-1.2207,-3.9673,119.2401,-1.1041,-34.6069,0.8251,0.2519,-0.1583,0.4803
independent_20260430_165242,trial_001,subject_001,1777539169.215359,1777539169.215359,261960.8245471,14,R_Tibia,192,1,-0.8135,9.7521,-2.1342,83.9233,-42.4194,-6.6528,123.1073,-3.8782,-168.8489,0.1014,0.873,-0.4767,0.0166
independent_20260430_165242,trial_001,subject_001,1777539169.215359,1777539169.215359,261960.8246955,15,R_Foot,189,1,0.89,1.0479,10.0775,70.5566,-2.1362,-10.437,14.9799,-5.0262,-99.256,0.1175,0.0711,-0.7583,0.6372
independent_20260430_165242,trial_001,subject_001,1777539169.215359,1777539169.215359,261960.8248252,9,Trunk,369,1,0.2105,9.2832,-1.7896,1.4648,-18.8599,-7.6294,98.9264,-3.0927,-19.3469,0.7519,0.1104,-0.1294,0.637
independent_20260430_165242,trial_001,subject_001,1777539169.215359,1777539169.215359,261960.8249534,10,L_Femur,357,1,-1.2776,9.5081,-0.3015,41.3818,1.9531,-23.0103,83.4906,5.0977,-28.5425,0.6365,0.1961,-0.155,0.7297
independent_20260430_165242,trial_001,subject_001,1777539169.215359,1777539169.215359,261960.825085,11,L_Tibia,374,1,2.8185,10.1685,-2.8185,48.3398,54.6875,-15.2588,100.8051,2.0435,-30.6903,0.7399,0.2148,-0.1554,0.6182
independent_20260430_165242,trial_001,subject_001,1777539169.2163568,1777539169.2163568,261960.8252173,12,L_Foot,383,1,-0.8613,0.3828,10.2259,8.4229,0.0,4.4556,2.6038,5.1361,-114.0546,-0.0252,0.0434,-0.8373,0.5444
independent_20260430_165242,trial_001,subject_001,1777539169.2163568,1777539169.2163568,261960.8253494,13,R_Femur,388,1,-1.158,10.446,-0.6316,-57.4951,-8.9722,-1.3428,118.1909,-1.0217,-34.6948,0.8203,0.2515,-0.1604,0.4879
independent_20260430_165242,trial_001,subject_001,1777539169.2163568,1777539169.2163568,261960.825479,9,Trunk,370,1,-0.0048,9.3789,-2.1964,4.3335,-20.9961,-8.8501,98.9813,-2.9224,-19.6326,0.7517,0.1133,-0.1298,0.6365
independent_20260430_165242,trial_001,subject_001,1777539169.2163568,1777539169.2163568,261960.8256041,10,L_Femur,358,1,-1.0719,9.7521,-1.0192,49.3774,-14.4043,-9.8267,84.4299,5.3448,-28.7677,0.6416,0.2002,-0.1534,0.7244
independent_20260430_165242,trial_001,subject_001,1777539169.2163568,1777539169.2163568,261960.8257326,11,L_Tibia,375,1,0.7082,10.1589,-2.6653,42.3584,18.3105,-11.1084,101.4807,2.1478,-30.2399,0.7443,0.2134,-0.151,0.6146
independent_20260430_165242,trial_001,subject_001,1777539169.2163568,1777539169.2163568,261960.8258551,12,L_Foot,384,1,-0.311,0.3015,10.3312,7.5684,3.0518,1.709,2.7301,5.1691,-114.0216,-0.0249,0.0445,-0.8371,0.5447
independent_20260430_165242,trial_001,subject_001,1777539169.2163568,1777539169.2163568,261960.8259827,13,R_Femur,389,1,-1.2585,10.379,-0.3302,-70.9229,-11.8408,0.4272,117.1637,-0.9503,-34.8431,0.8155,0.2514,-0.1628,0.4952
independent_20260430_165242,trial_001,subject_001,1777539169.2163568,1777539169.2163568,261960.8261144,14,R_Tibia,193,1,-0.201,9.5607,-2.828,100.8911,-31.5552,-2.8076,126.4801,-3.0103,-169.8267,0.0909,0.888,-0.4504,0.0165
independent_20260430_165242,trial_001,subject_001,1777539169.2173645,1777539169.2173645,261960.8262415,15,R_Foot,190,1,1.1915,1.871,10.2594,99.3652,-0.7935,-13.4888,17.666,-4.9658,-99.6295,0.1317,0.0896,-0.7585,0.6319
independent_20260430_165242,trial_001,subject_001,1777539169.2847831,1777539169.2847831,261960.893975,9,Trunk,371,1,-0.2058,9.489,-2.7419,3.7842,-20.2026,-9.0942,99.0637,-2.6917,-20.0171,0.7516,0.1172,-0.1304,0.6359
independent_20260430_165242,trial_001,subject_001,1777539169.2847831,1777539169.2847831,261960.8941041,10,L_Femur,359,1,-0.6173,9.9388,-0.6843,41.687,-22.9492,-1.0376,85.0507,5.3558,-29.0863,0.6449,0.2029,-0.1543,0.7205
independent_20260430_165242,trial_001,subject_001,1777539169.2847831,1777539169.2847831,261960.8942122,11,L_Tibia,376,1,-1.5695,9.4698,-1.8471,37.1094,-33.2642,-16.2354,102.2333,2.5269,-30.7178,0.7468,0.2195,-0.1497,0.6097
independent_20260430_165242,trial_001,subject_001,1777539169.2847831,1777539169.2847831,261960.8943172,12,L_Foot,385,1,-0.4833,0.3924,9.9914,8.3618,5.3711,-0.6714,2.9059,5.2734,-114.0271,-0.0248,0.0463,-0.837,0.5447
independent_20260430_165242,trial_001,subject_001,1777539169.2847831,1777539169.2847831,261960.8944573,13,R_Femur,390,1,-1.5265,9.9244,-0.5551,-81.9702,-23.6206,0.061,115.5707,-0.8075,-35.2002,0.8076,0.2522,-0.1669,0.5063
independent_20260430_165242,trial_001,subject_001,1777539169.2847831,1777539169.2847831,261960.8945597,9,Trunk,372,1,-0.2393,9.3741,-2.9429,0.1831,-18.4326,-8.9111,99.0747,-2.5214,-20.2753,0.7513,0.1198,-0.1307,0.6357
independent_20260430_165242,trial_001,subject_001,1777539169.2857902,1777539169.2857902,261960.8947144,10,L_Femur,360,1,-0.2967,9.6564,-0.335,37.4146,-27.3438,0.7935,85.578,5.3119,-29.4763,0.6476,0.2055,-0.1561,0.717
independent_20260430_165242,trial_001,subject_001,1777539169.2857902,1777539169.2857902,261960.8948302,11,L_Tibia,377,1,-2.8424,9.0152,-2.0385,44.5557,-93.3838,34.1797,102.7551,2.5983,-31.9208,0.7471,0.2284,-0.1546,0.6048
independent_20260430_165242,trial_001,subject_001,1777539169.2857902,1777539169.2857902,261960.8949507,12,L_Foot,386,1,-0.8087,0.5503,9.9627,8.0566,5.0049,-1.0376,3.0377,5.3613,-114.0436,-0.0248,0.0477,-0.837,0.5446
independent_20260430_165242,trial_001,subject_001,1777539169.2857902,1777539169.2857902,261960.8950782,13,R_Femur,391,1,-1.2154,10.1015,-1.3351,-79.895,-37.5366,2.7466,114.3842,-0.6372,-35.6891,0.801,0.2547,-0.1705,0.5143
independent_20260430_165242,trial_001,subject_001,1777539169.2857902,1777539169.2857902,261960.8951842,14,R_Tibia,194,1,0.1292,9.8048,-3.8999,112.3657,-18.6768,8.606,130.3198,-2.6093,-170.5353,0.0844,0.9034,-0.4203,0.0141
independent_20260430_165242,trial_001,subject_001,1777539169.2857902,1777539169.2857902,261960.8952822,15,R_Foot,191,1,1.3542,2.1007,10.2785,144.2871,2.5024,-26.7334,22.0825,-4.6527,-100.2887,0.1532,0.1214,-0.7578,0.6225
independent_20260430_165242,trial_001,subject_001,1777539169.2857902,1777539169.2857902,261960.8953781,9,Trunk,373,1,-0.1101,9.2019,-2.9524,-3.0518,-16.2964,-9.0332,99.0308,-2.3566,-20.5005,0.7507,0.1222,-0.1309,0.636
independent_20260430_165242,trial_001,subject_001,1777539169.2857902,1777539169.2857902,261960.8954735,10,L_Femur,361,1,-0.3828,9.4363,-0.3397,38.9404,-22.0947,-3.418,86.3086,5.3064,-29.9597,0.6513,0.2092,-0.1578,0.7122
independent_20260430_165242,trial_001,subject_001,1777539169.2857902,1777539169.2857902,261960.8956242,11,L_Tibia,378,1,0.0431,9.422,-3.2778,35.3394,-76.8433,4.3945,103.2715,2.7686,-33.1952,0.7469,0.2383,-0.1591,0.6
independent_20260430_165242,trial_001,subject_001,1777539169.2867997,1777539169.2867997,261960.8957594,12,L_Foot,387,1,-1.1532,0.8805,10.0967,5.8594,3.8452,-0.4883,3.1476,5.4272,-114.0491,-0.0248,0.0488,-0.8369,0.5446
independent_20260430_165242,trial_001,subject_001,1777539169.2867997,1777539169.2867997,261960.8958787,13,R_Femur,392,1,-0.6604,10.4891,-2.45,-81.604,-51.0254,5.9814,113.1482,-0.4285,-36.3812,0.7935,0.2586,-0.1749,0.5224
independent_20260430_165242,trial_001,subject_001,1777539169.2867997,1777539169.2867997,261960.8959853,10,L_Femur,362,1,-0.8853,9.599,-0.3637,38.8794,-6.6528,-11.1694,86.8744,5.4437,-30.1135,0.6542,0.2117,-0.1569,0.7089
independent_20260430_165242,trial_001,subject_001,1777539169.2867997,1777539169.2867997,261960.8960827,11,L_Tibia,379,1,2.0002,9.3406,-3.0242,37.2925,1.4648,-6.7139,104.0021,2.9388,-33.5632,0.7497,0.2426,-0.1583,0.5951
independent_20260430_165242,trial_001,subject_001,1777539169.2867997,1777539169.2867997,261960.8961786,12,L_Foot,388,1,-1.3733,0.7465,9.9771,3.6621,1.8921,0.7324,3.241,5.4767,-114.0491,-0.0247,0.0497,-0.8369,0.5446
independent_20260430_165242,trial_001,subject_001,1777539169.2867997,1777539169.2867997,261960.8962741,13,R_Femur,393,1,0.6221,10.7618,-3.3783,-90.4541,-48.2788,12.9395,111.3739,-0.2637,-37.3975,0.7828,0.2636,-0.1825,0.5333
independent_20260430_165242,trial_001,subject_001,1777539169.2867997,1777539169.2867997,261960.89637,14,R_Tibia,195,1,-0.2871,9.5703,-5.3067,115.3564,-26.7944,11.8408,134.3958,-2.4115,-171.2659,0.0783,0.9183,-0.3878,0.0102
independent_20260430_165242,trial_001,subject_001,1777539169.2867997,1777539169.2867997,261960.8964664,15,R_Foot,192,1,0.89,3.0434,10.1445,205.5054,-1.77,-49.1333,28.5205,-4.054,-101.5302,0.1823,0.169,-0.7557,0.6059
independent_20260430_165242,trial_001,subject_001,1777539169.2867997,1777539169.2867997,261960.8965886,9,Trunk,374,1,0.0096,9.3646,-2.6605,-2.4414,-11.4746,-11.3525,98.9044,-1.9556,-20.8795,0.7492,0.1268,-0.1305,0.6369
independent_20260430_165242,trial_001,subject_001,1777539169.2877994,1777539169.2877994,261960.8967811,10,L_Femur,363,1,-1.1915,9.7617,-0.6604,39.1846,16.2354,-17.8223,87.6819,5.7788,-29.9103,0.659,0.2136,-0.1522,0.705
independent_20260430_165242,trial_001,subject_001,1777539169.2877994,1777539169.2877994,261960.8969332,11,L_Tibia,380,1,0.4833,9.4938,-2.8328,33.9355,33.7524,-12.8174,104.5514,3.0103,-33.0908,0.7534,0.2406,-0.1543,0.5922
independent_20260430_165242,trial_001,subject_001,1777539169.2877994,1777539169.2877994,261960.8970315,12,L_Foot,389,1,-1.3016,0.6269,10.001,3.54,0.7324,1.77,3.3069,5.4932,-114.0271,-0.0245,0.0503,-0.8367,0.5447
independent_20260430_165242,trial_001,subject_001,1777539169.2877994,1777539169.2877994,261960.8971513,13,R_Femur,394,1,1.4451,10.9676,-3.7898,-100.3418,-30.8838,15.564,109.8907,-0.3076,-37.9578,0.7746,0.2648,-0.1889,0.5424
independent_20260430_165242,trial_001,subject_001,1777539169.2877994,1777539169.2877994,261960.8972518,9,Trunk,375,1,0.0,9.8574,-2.785,-3.7842,-13.2446,-14.7705,98.8275,-1.6589,-21.0938,0.7482,0.1297,-0.1299,0.6375
independent_20260430_165242,trial_001,subject_001,1777539169.2877994,1777539169.2877994,261960.8974736,10,L_Femur,364,1,-1.2633,9.8431,-0.5551,34.3628,29.9072,-18.0664,88.2532,6.0645,-29.4983,0.6627,0.2137,-0.1469,0.7026
independent_20260430_165242,trial_001,subject_001,1777539169.2877994,1777539169.2877994,261960.8975774,11,L_Tibia,381,1,-1.3973,9.4794,-3.0434,32.7759,27.1606,-10.8032,105.0732,3.0707,-32.6129,0.757,0.2384,-0.1503,0.5895
independent_20260430_165242,trial_001,subject_001,1777539169.2887995,1777539169.2887995,261960.8977381,12,L_Foot,390,1,-1.0336,0.6412,10.0728,3.2959,0.4272,1.709,3.3673,5.5042,-114.0051,-0.0243,0.0508,-0.8366,0.5449
independent_20260430_165242,trial_001,subject_001,1777539169.2887995,1777539169.2887995,261960.8978768,13,R_Femur,395,1,1.6892,11.1255,-4.1679,-106.3843,-8.606,15.2588,108.3087,-0.4724,-38.2104,0.7667,0.263,-0.1948,0.5522
independent_20260430_165242,trial_001,subject_001,1777539169.2887995,1777539169.2887995,261960.8980676,14,R_Tibia,196,1,0.9044,9.087,-7.1873,108.1543,-36.7432,15.1367,137.807,-1.9336,-172.2821,0.0688,0.9303,-0.3601,0.0085
independent_20260430_165242,trial_001,subject_001,1777539169.2887995,1777539169.2887995,261960.8982012,15,R_Foot,193,1,1.1197,3.4884,9.9388,285.1562,-5.4932,-77.0264,37.6392,-2.9004,-103.6066,0.2182,0.2386,-0.7487,0.5787
independent_20260430_165242,trial_001,subject_001,1777539169.2887995,1777539169.2887995,261960.8983311,9,Trunk,376,1,0.1244,10.0488,-2.694,-4.2725,-10.6812,-17.2729,98.7506,-1.3898,-21.2256,0.7474,0.132,-0.129,0.6382
independent_20260430_165242,trial_001,subject_001,1777539169.2887995,1777539169.2887995,261960.8984436,10,L_Femur,365,1,-1.8088,9.9148,-0.4211,31.6162,31.6772,-15.3198,88.7805,6.3116,-29.0204,0.6663,0.2131,-0.1415,0.7004
independent_20260430_165242,trial_001,subject_001,1777539169.2887995,1777539169.2887995,261960.8985778,11,L_Tibia,382,1,-2.2921,9.7043,-2.6845,29.6631,-11.5967,-1.8921,105.6555,3.2025,-32.547,0.7599,0.2394,-0.1479,0.586
independent_20260430_165242,trial_001,subject_001,1777539169.3342285,1777539169.3342285,261960.9433096,12,L_Foot,391,1,-0.9188,0.4785,10.044,4.6997,0.0,1.2817,3.4662,5.5096,-113.9832,-0.0238,0.0515,-0.8364,0.5451
independent_20260430_165242,trial_001,subject_001,1777539169.3342285,1777539169.3342285,261960.9434736,13,R_Femur,396,1,1.3829,11.4844,-4.589,-116.0889,16.2354,14.0381,106.0291,-0.8185,-38.0951,0.7564,0.2566,-0.2017,0.5668
independent_20260430_165242,trial_001,subject_001,1777539169.3342285,1777539169.3342285,261960.9436197,10,L_Femur,366,1,-1.9906,9.9914,-0.5886,27.8931,19.4702,-8.4839,89.4122,6.5259,-28.5425,0.6707,0.2123,-0.1361,0.6975
independent_20260430_165242,trial_001,subject_001,1777539169.3342285,1777539169.3342285,261960.9437594,11,L_Tibia,383,1,-0.9666,9.6564,-2.8663,29.1748,-22.8882,3.6621,106.084,3.2739,-32.8601,0.7613,0.2424,-0.1481,0.5829
independent_20260430_165242,trial_001,subject_001,1777539169.3342285,1777539169.3342285,261960.9438974,12,L_Foot,392,1,-0.8948,0.5742,10.1493,5.4932,0.2441,0.8545,3.5596,5.5151,-113.9667,-0.0234,0.0522,-0.8363,0.5452
independent_20260430_165242,trial_001,subject_001,1777539169.3342285,1777539169.3342285,261960.9440396,13,R_Femur,397,1,0.981,11.0824,-4.6416,-119.9341,28.6865,11.7188,104.2273,-1.0986,-37.7545,0.7487,0.2498,-0.2058,0.5786
independent_20260430_165242,trial_001,subject_001,1777539169.3352296,1777539169.3352296,261960.9441718,14,R_Tibia,197,1,-0.0335,7.7759,-7.9529,76.0498,-46.5698,11.3525,140.9161,-1.0986,-173.551,0.0562,0.9407,-0.3345,0.0098
independent_20260430_165242,trial_001,subject_001,1777539169.3352296,1777539169.3352296,261960.9443074,15,R_Foot,194,1,-0.5359,5.6704,6.6657,295.7764,-44.5557,-112.793,46.7029,-1.4392,-106.3367,0.2468,0.3103,-0.7378,0.5463
independent_20260430_165242,trial_001,subject_001,1777539169.3352296,1777539169.3352296,261960.9444246,9,Trunk,377,1,-0.1771,10.0058,-2.45,-8.3008,-1.4038,-19.5923,98.4814,-0.7251,-21.308,0.7452,0.136,-0.1254,0.6407
independent_20260430_165242,trial_001,subject_001,1777539169.3352296,1777539169.3352296,261960.9445488,10,L_Femur,367,1,-1.871,9.9101,-0.6651,25.5127,13.7939,-5.6152,89.8242,6.6138,-28.3118,0.6735,0.212,-0.1334,0.6955
independent_20260430_165242,trial_001,subject_001,1777539169.3352296,1777539169.3352296,261960.9447177,11,L_Tibia,384,1,0.5024,9.4555,-3.2013,29.2969,-4.5166,-1.0376,106.6663,3.3344,-33.0743,0.7637,0.2449,-0.1475,0.5789
independent_20260430_165242,trial_001,subject_001,1777539169.3352296,1777539169.3352296,261960.9448398,12,L_Foot,393,1,-0.9235,0.6938,10.0488,5.249,0.4883,0.3052,3.6914,5.5316,-113.9667,-0.0229,0.0533,-0.8363,0.5453
independent_20260430_165242,trial_001,subject_001,1777539169.3352296,1777539169.3352296,261960.944942,13,R_Femur,398,1,0.1053,10.3072,-4.4885,-117.3706,43.2129,7.3853,101.8158,-1.4557,-37.0129,0.7385,0.2387,-0.2095,0.5948
independent_20260430_165242,trial_001,subject_001,1777539169.3352296,1777539169.3352296,261960.9450564,9,Trunk,378,1,-0.3063,9.7952,-2.115,-9.9487,2.5024,-19.165,98.3221,-0.4504,-21.2366,0.7441,0.1369,-0.1234,0.6422
independent_20260430_165242,trial_001,subject_001,1777539169.3362281,1777539169.3362281,261960.9451881,10,L_Femur,368,1,-1.6844,9.4985,-1.2633,28.2593,14.2822,-6.958,90.2582,6.7126,-28.092,0.6763,0.2118,-0.1307,0.6933
independent_20260430_165242,trial_001,subject_001,1777539169.394267,1777539169.394267,261961.0032291,11,L_Tibia,385,1,0.0191,9.1349,-3.6511,26.6724,7.6904,-2.9907,107.0837,3.3508,-32.9755,0.766,0.2448,-0.146,0.5762
independent_20260430_165242,trial_001,subject_001,1777539169.394267,1777539169.394267,261961.0034071,12,L_Foot,394,1,-1.1006,0.7417,9.9579,4.7607,-0.061,0.9766,3.7793,5.5371,-113.9557,-0.0225,0.0539,-0.8362,0.5454
independent_20260430_165242,trial_001,subject_001,1777539169.394267,1777539169.394267,261961.0035519,13,R_Femur,399,1,-0.4977,10.111,-4.3928,-113.7085,47.5464,2.8076,100.08,-1.6589,-36.3208,0.7311,0.23,-0.2107,0.6067
independent_20260430_165242,trial_001,subject_001,1777539169.394267,1777539169.394267,261961.003691,14,R_Tibia,198,1,0.7369,5.8522,-8.5415,39.978,-25.8789,15.8691,142.8387,-0.4175,-174.6661,0.0453,0.9468,-0.3185,0.0114
independent_20260430_165242,trial_001,subject_001,1777539169.394267,1777539169.394267,261961.003831,15,R_Foot,195,1,12.6663,5.1249,28.4095,-68.6646,-34.79,-50.1099,49.6307,-1.3568,-110.7092,0.2474,0.3391,-0.7495,0.5119
independent_20260430_165242,trial_001,subject_001,1777539169.394267,1777539169.394267,261961.0039673,9,Trunk,379,1,-0.4259,9.5368,-1.8901,-9.7046,1.5259,-19.5923,98.1573,-0.1758,-21.1652,0.7429,0.1378,-0.1214,0.6437
independent_20260430_165242,trial_001,subject_001,1777539169.394267,1777539169.394267,261961.004102,10,L_Femur,369,1,-1.225,9.2976,-1.7514,30.5176,19.5923,-7.1411,90.9009,6.85,-27.724,0.6806,0.2111,-0.1264,0.6901
independent_20260430_165242,trial_001,subject_001,1777539169.3952663,1777539169.3952663,261961.0042351,11,L_Tibia,386,1,-0.335,9.0057,-4.0147,24.8413,11.5967,-4.1504,107.4738,3.3673,-32.7942,0.7683,0.2442,-0.1442,0.5739
independent_20260430_165242,trial_001,subject_001,1777539169.3952663,1777539169.3952663,261961.0043706,12,L_Foot,395,1,-1.0719,0.8565,10.1063,3.1128,0.0,0.9155,3.8452,5.5371,-113.9447,-0.0222,0.0544,-0.8361,0.5455
independent_20260430_165242,trial_001,subject_001,1777539169.3952663,1777539169.3952663,261961.0045055,13,R_Femur,400,1,-1.0192,10.2785,-3.9717,-110.4736,45.2881,0.1221,98.3826,-1.7908,-35.6342,0.7236,0.2218,-0.2112,0.6185
independent_20260430_165242,trial_001,subject_001,1777539169.3952663,1777539169.3952663,261961.0046567,9,Trunk,380,1,-0.6029,9.3933,-1.9715,-6.4697,-0.6104,-21.1792,97.9816,0.2197,-21.1157,0.7416,0.1395,-0.1188,0.6453
independent_20260430_165242,trial_001,subject_001,1777539169.3952663,1777539169.3952663,261961.0047984,11,L_Tibia,387,1,-0.7704,9.5847,-3.8377,20.5078,7.3242,-2.2583,107.9297,3.3728,-32.5909,0.771,0.2434,-0.1422,0.5711
independent_20260430_165242,trial_001,subject_001,1777539169.3952663,1777539169.3952663,261961.0049568,12,L_Foot,396,1,-1.0384,0.7226,10.044,2.6245,-0.061,0.9766,3.9166,5.5426,-113.9282,-0.0219,0.055,-0.836,0.5456
independent_20260430_165242,trial_001,subject_001,1777539169.3952663,1777539169.3952663,261961.0051019,13,R_Femur,401,1,-1.4499,9.9723,-3.2778,-100.2808,34.3018,5.127,96.2677,-1.9611,-34.8706,0.7138,0.2122,-0.2121,0.6328
independent_20260430_165242,trial_001,subject_001,1777539169.396268,1777539169.396268,261961.0053275,14,R_Tibia,199,1,0.4211,6.4839,-4.498,-26.9775,0.6714,23.5596,142.7838,-0.5164,-175.6219,0.0376,0.947,-0.319,0.0079
independent_20260430_165242,trial_001,subject_001,1777539169.396268,1777539169.396268,261961.0054892,15,R_Foot,196,1,1.1771,-2.1198,6.7423,-99.3042,57.0068,-4.9438,46.5601,0.4449,-109.4788,0.2252,0.3248,-0.7492,0.5315
independent_20260430_165242,trial_001,subject_001,1777539169.4738624,1777539169.4738624,261961.0834978,9,Trunk,381,1,-0.6699,9.1636,-2.072,-2.1362,-0.6714,-20.0195,97.9211,0.5164,-21.0828,0.741,0.1409,-0.1168,0.6461
independent_20260430_165242,trial_001,subject_001,1777539169.4748647,1777539169.4748647,261961.0837235,10,L_Femur,370,1,-1.1532,9.6373,-1.7801,36.8652,26.123,-9.4604,92.1753,7.1082,-26.8341,0.6894,0.2087,-0.1172,0.6837
independent_20260430_165242,trial_001,subject_001,1777539169.4748647,1777539169.4748647,261961.0839432,11,L_Tibia,388,1,-0.3732,9.1923,-3.9286,18.1885,3.1738,-2.0752,108.2153,3.3893,-32.5195,0.7725,0.2434,-0.1411,0.5693
independent_20260430_165242,trial_001,subject_001,1777539169.4748647,1777539169.4748647,261961.084141,12,L_Foot,397,1,-0.981,0.7848,9.9771,2.1973,-0.2441,1.1597,3.9661,5.5426,-113.9172,-0.0217,0.0553,-0.8359,0.5457
independent_20260430_165242,trial_001,subject_001,1777539169.4748647,1777539169.4748647,261961.0843359,13,R_Femur,402,1,-1.0814,9.2688,-3.0912,-88.1348,22.1558,12.3901,94.8889,-2.1698,-34.5135,0.7071,0.2063,-0.2139,0.6416
independent_20260430_165242,trial_001,subject_001,1777539169.4748647,1777539169.4748647,261961.0845244,9,Trunk,382,1,-0.8805,8.9195,-1.9284,-0.7324,-3.7842,-18.2495,97.8882,0.8789,-21.0828,0.7404,0.1429,-0.1145,0.6467
independent_20260430_165242,trial_001,subject_001,1777539169.4758615,1777539169.4758615,261961.0847187,10,L_Femur,371,1,-0.5407,9.2449,-1.7418,41.3818,34.5459,-7.4463,92.8455,7.207,-26.3287,0.6941,0.2068,-0.1123,0.6803
independent_20260430_165242,trial_001,subject_001,1777539169.494288,1777539169.494288,261961.1036293,11,L_Tibia,389,1,0.378,9.0727,-4.0674,15.0757,3.418,-3.3569,108.457,3.4222,-32.4536,0.7738,0.2434,-0.14,0.5678
independent_20260430_165242,trial_001,subject_001,1777539169.494288,1777539169.494288,261961.1038407,12,L_Foot,398,1,-0.89,0.8039,9.9866,1.5259,0.4883,0.3052,4.0155,5.5536,-113.9117,-0.0215,0.0557,-0.8358,0.5457
independent_20260430_165242,trial_001,subject_001,1777539169.494288,1777539169.494288,261961.104036,13,R_Femur,403,1,-0.4689,9.1253,-2.9812,-80.0171,15.564,15.9912,93.6475,-2.428,-34.2719,0.701,0.201,-0.2163,0.6492
independent_20260430_165242,trial_001,subject_001,1777539169.4952917,1777539169.4952917,261961.1042304,14,R_Tibia,200,1,-0.9379,6.0437,-6.326,-79.895,-10.498,17.395,140.9161,-0.7745,-176.1108,0.0342,0.9418,-0.3345,0.005
independent_20260430_165242,trial_001,subject_001,1777539169.4952917,1777539169.4952917,261961.1044229,15,R_Foot,197,1,0.5264,-0.4929,10.2929,-152.0996,-16.2354,-26.062,42.0337,0.9283,-110.0446,0.1994,0.2982,-0.7632,0.5375
independent_20260430_165242,trial_001,subject_001,1777539169.4952917,1777539169.4952917,261961.1046156,9,Trunk,383,1,-0.957,8.886,-1.6987,-2.3193,-3.6011,-17.5781,97.8387,1.1426,-21.1047,0.7398,0.1445,-0.1129,0.6474
independent_20260430_165242,trial_001,subject_001,1777539169.4958043,1777539169.4958043,261961.1048088,10,L_Femur,372,1,-0.3972,9.3789,-1.7131,41.1987,40.8936,-3.9062,93.5376,7.24,-25.719,0.6993,0.204,-0.1073,0.6767
independent_20260430_165242,trial_001,subject_001,1777539169.4958043,1777539169.4958043,261961.1050151,11,L_Tibia,390,1,0.1388,9.1875,-3.7276,11.2915,6.2256,-4.5166,108.7042,3.4772,-32.3163,0.7752,0.243,-0.1384,0.5664
independent_20260430_165242,trial_001,subject_001,1777539169.4958043,1777539169.4958043,261961.1052438,12,L_Foot,399,1,-0.9427,0.7417,10.0153,1.4038,0.9766,0.1831,4.0485,5.5701,-113.9117,-0.0215,0.0561,-0.8358,0.5457
independent_20260430_165242,trial_001,subject_001,1777539169.4958043,1777539169.4958043,261961.1054236,13,R_Femur,404,1,-0.3445,9.3933,-3.0912,-74.2798,15.2588,15.0757,92.1149,-2.7686,-33.9697,0.6933,0.1942,-0.2193,0.6584
independent_20260430_165242,trial_001,subject_001,1777539169.4958043,1777539169.4958043,261961.1056116,9,Trunk,384,1,-0.8613,8.8238,-1.5169,1.709,-1.5259,-16.2354,97.8333,1.3843,-21.0992,0.7395,0.1458,-0.1114,0.6477
independent_20260430_165242,trial_001,subject_001,1777539169.4968107,1777539169.4968107,261961.1057962,10,L_Femur,373,1,-0.914,9.489,-1.6461,39.6729,42.6636,-2.6855,94.4385,7.2345,-24.8511,0.7061,0.1995,-0.1006,0.6719
independent_20260430_165242,trial_001,subject_001,1777539169.4968107,1777539169.4968107,261961.1059845,11,L_Tibia,391,1,-0.1914,9.0439,-3.6032,10.7422,9.6436,-5.3101,108.8855,3.5101,-32.157,0.7764,0.2423,-0.137,0.5654
independent_20260430_165242,trial_001,subject_001,1777539169.4968107,1777539169.4968107,261961.1061703,12,L_Foot,400,1,-1.0145,0.7943,9.9866,0.8545,0.9766,0.2441,4.0704,5.5865,-113.9117,-0.0215,0.0563,-0.8358,0.5457
independent_20260430_165242,trial_001,subject_001,1777539169.4968107,1777539169.4968107,261961.1063622,13,R_Femur,405,1,-0.646,9.2736,-3.163,-72.2656,12.2681,12.9395,91.0052,-2.9828,-33.772,0.6876,0.1897,-0.2213,0.665
independent_20260430_165242,trial_001,subject_001,1777539169.4968107,1777539169.4968107,261961.106553,14,R_Tibia,201,1,-0.646,6.1059,-6.1011,-132.5684,-3.3569,18.1274,136.983,-0.9833,-176.748,0.0295,0.9299,-0.3667,0.0024
independent_20260430_165242,trial_001,subject_001,1777539169.4978104,1777539169.4978104,261961.1067379,15,R_Foot,198,1,0.6125,0.1771,8.9865,-188.7207,7.8735,-19.8364,36.579,1.4172,-110.4291,0.1694,0.2644,-0.7775,0.5448
independent_20260430_165242,trial_001,subject_001,1777539169.5244706,1777539169.5244706,261961.1341345,9,Trunk,385,1,-0.7369,8.9674,-1.5121,5.6763,-0.7324,-14.7095,97.9156,1.6699,-21.0773,0.7397,0.1473,-0.1093,0.6475
independent_20260430_165242,trial_001,subject_001,1777539169.5254776,1777539169.5254776,261961.134334,10,L_Femur,374,1,-1.2968,9.2066,-1.7083,43.5791,41.5649,-2.1973,95.1636,7.2125,-24.2084,0.7115,0.196,-0.0958,0.668
independent_20260430_165242,trial_001,subject_001,1777539169.5254776,1777539169.5254776,261961.1345167,11,L_Tibia,392,1,-0.3302,8.9387,-3.7516,10.1929,10.5591,-5.7983,109.1107,3.5596,-31.9153,0.778,0.2412,-0.135,0.5643
independent_20260430_165242,trial_001,subject_001,1777539169.5254776,1777539169.5254776,261961.1346956,12,L_Foot,401,1,-1.0097,0.8518,9.9627,-0.4883,1.0986,0.3052,4.0814,5.614,-113.9117,-0.0216,0.0565,-0.8358,0.5457
independent_20260430_165242,trial_001,subject_001,1777539169.5259979,1777539169.5259979,261961.1348724,13,R_Femur,406,1,-0.4929,8.819,-2.9955,-64.5142,2.4414,13.5498,89.6484,-3.2574,-33.6511,0.6803,0.1847,-0.2244,0.6728
independent_20260430_165242,trial_001,subject_001,1777539169.5259979,1777539169.5259979,261961.1350504,10,L_Femur,375,1,-1.7322,9.3502,-1.7322,42.6636,36.438,0.061,96.1194,7.1466,-23.4283,0.7185,0.1915,-0.09,0.6626
independent_20260430_165242,trial_001,subject_001,1777539169.5259979,1777539169.5259979,261961.1352267,11,L_Tibia,393,1,-0.5264,9.1492,-3.3257,9.7046,10.6201,-5.127,109.27,3.587,-31.7285,0.7791,0.2402,-0.1336,0.5634
independent_20260430_165242,trial_001,subject_001,1777539169.5259979,1777539169.5259979,261961.1353951,12,L_Foot,402,1,-1.0336,0.6747,9.934,-0.9766,1.2817,0.2441,4.0759,5.625,-113.9008,-0.0217,0.0565,-0.8357,0.5458
independent_20260430_165242,trial_001,subject_001,1777539169.5259979,1777539169.5259979,261961.1355894,13,R_Femur,407,1,0.0431,8.5271,-2.7563,-58.7769,-3.2349,14.7705,88.7421,-3.4827,-33.6676,0.6753,0.1816,-0.2273,0.6777
independent_20260430_165242,trial_001,subject_001,1777539169.5259979,1777539169.5259979,261961.1357665,14,R_Tibia,202,1,-1.9906,6.8428,-6.6753,-176.3306,-35.8887,10.1929,131.3141,-0.8734,-177.5171,0.0229,0.9108,-0.4122,0.002
independent_20260430_165242,trial_001,subject_001,1777539169.5270061,1777539169.5270061,261961.1359398,15,R_Foot,199,1,-0.311,1.5839,8.6133,-187.3779,-45.3491,-25.6348,29.8828,1.0217,-111.7419,0.1375,0.2183,-0.7985,0.544
independent_20260430_165242,trial_001,subject_001,1777539169.5270061,1777539169.5270061,261961.1361109,9,Trunk,386,1,-0.6986,8.9004,-1.5408,7.3242,0.9155,-13.6719,98.0695,2.0764,-21.0168,0.7402,0.1494,-0.1061,0.647
independent_20260430_165242,trial_001,subject_001,1777539169.5270061,1777539169.5270061,261961.1362857,10,L_Femur,376,1,-1.9571,9.666,-1.7179,37.5977,27.5879,2.1973,96.7566,7.0697,-22.9834,0.723,0.1888,-0.0869,0.6588
independent_20260430_165242,trial_001,subject_001,1777539169.5270061,1777539169.5270061,261961.1364541,11,L_Tibia,394,1,-0.5694,9.2258,-2.7802,9.9487,11.0474,-4.3335,109.4348,3.6035,-31.5472,0.7802,0.2393,-0.1322,0.5626
independent_20260430_165242,trial_001,subject_001,1777539169.5270061,1777539169.5270061,261961.1366276,12,L_Foot,403,1,-1.0001,0.6269,9.9436,-0.3662,1.2207,0.3662,4.0265,5.6635,-113.9062,-0.0223,0.0563,-0.8357,0.5458
independent_20260430_165242,trial_001,subject_001,1777539169.5270061,1777539169.5270061,261961.1368011,13,R_Femur,408,1,0.6316,8.2735,-2.4213,-51.5137,-2.3193,13.916,87.9401,-3.7079,-33.6951,0.6709,0.1788,-0.23,0.6819
independent_20260430_165242,trial_001,subject_001,1777539169.5280058,1777539169.5280058,261961.1369796,9,Trunk,387,1,-0.5503,9.0535,-1.5408,9.3994,3.9673,-12.2681,98.2343,2.3016,-20.918,0.741,0.1501,-0.1039,0.6463
independent_20260430_165242,trial_001,subject_001,1777539169.5280058,1777539169.5280058,261961.1371566,10,L_Femur,377,1,-1.9715,9.6756,-1.56,35.5835,17.2729,4.1504,97.3224,6.9763,-22.6923,0.7269,0.1868,-0.0849,0.6554
independent_20260430_165242,trial_001,subject_001,1777539169.5280058,1777539169.5280058,261961.1373328,11,L_Tibia,395,1,-0.6843,9.0822,-3.0194,10.7422,8.1787,-3.3569,109.66,3.6145,-31.3385,0.7818,0.2382,-0.1307,0.5613
independent_20260430_165242,trial_001,subject_001,1777539169.5280058,1777539169.5280058,261961.1375195,12,L_Foot,404,1,-1.0001,0.7704,9.9818,-0.7324,1.2817,0.0,4.021,5.6635,-113.8953,-0.0223,0.0563,-0.8357,0.5459
independent_20260430_165242,trial_001,subject_001,1777539169.5280058,1777539169.5280058,261961.1377005,13,R_Femur,409,1,0.89,8.1396,-1.8566,-40.4053,5.6763,10.376,87.0557,-3.9386,-33.6072,0.6661,0.1751,-0.2321,0.6868
independent_20260430_165242,trial_001,subject_001,1777539169.5440052,1777539169.5440052,261961.1534492,14,R_Tibia,203,1,0.5934,7.6897,-6.7519,-203.7354,-29.7241,12.6953,124.5026,-0.3461,-178.8245,0.0105,0.8849,-0.4656,0.0021
independent_20260430_165242,trial_001,subject_001,1777539169.5440052,1777539169.5440052,261961.1536253,15,R_Foot,200,1,1.4355,3.4645,11.1446,-195.6177,-45.3491,-10.0708,23.1482,-0.0989,-112.9065,0.1116,0.1667,-0.8166,0.5412
independent_20260430_165242,trial_001,subject_001,1777539169.5440052,1777539169.5440052,261961.1538204,9,Trunk,388,1,-0.4067,9.3837,-1.5312,8.8501,6.3477,-11.9629,98.3551,2.4609,-20.8081,0.7416,0.1504,-0.102,0.6458
independent_20260430_165242,trial_001,subject_001,1777539169.545006,1777539169.545006,261961.1540164,10,L_Femur,378,1,-1.6365,9.6708,-1.2346,32.8979,11.6577,5.4321,98.0255,6.8335,-22.4451,0.7315,0.185,-0.0833,0.651
independent_20260430_165242,trial_001,subject_001,1777539169.545006,1777539169.545006,261961.1542092,11,L_Tibia,396,1,-0.6699,9.2114,-3.0625,11.5967,7.2021,-2.3193,109.8413,3.62,-31.2177,0.7829,0.2376,-0.1297,0.5602
independent_20260430_165242,trial_001,subject_001,1777539169.545006,1777539169.545006,261961.1543771,12,L_Foot,405,1,-1.0336,0.6938,9.9962,-1.0376,1.2817,-0.1831,4.021,5.6635,-113.8843,-0.0223,0.0563,-0.8356,0.5459
independent_20260430_165242,trial_001,subject_001,1777539169.545006,1777539169.545006,261961.1545686,13,R_Femur,410,1,0.8039,8.1635,-1.5408,-31.4331,12.6953,9.5215,86.5338,-4.0814,-33.4204,0.6635,0.1721,-0.2326,0.69
independent_20260430_165242,trial_001,subject_001,1777539169.604403,1777539169.604403,261961.2134095,9,Trunk,389,1,-0.3302,9.4698,-1.4834,8.9722,9.8877,-10.6201,98.5199,2.6422,-20.5939,0.7426,0.1502,-0.0994,0.6451
independent_20260430_165242,trial_001,subject_001,1777539169.604403,1777539169.604403,261961.2136029,11,L_Tibia,397,1,-0.5072,9.2832,-2.8902,12.6343,10.5591,-2.4414,110.0391,3.609,-31.0583,0.7842,0.2366,-0.1286,0.559
independent_20260430_165242,trial_001,subject_001,1777539169.604403,1777539169.604403,261961.2137621,12,L_Foot,406,1,-1.0527,0.5886,9.9723,-0.9155,1.4038,0.0,4.0155,5.6635,-113.8788,-0.0223,0.0563,-0.8356,0.546
independent_20260430_165242,trial_001,subject_001,1777539169.604403,1777539169.604403,261961.213919,13,R_Femur,411,1,0.5551,8.3453,-1.3398,-27.832,18.6157,7.9346,86.0834,-4.1968,-33.1348,0.6614,0.1688,-0.2322,0.6929
independent_20260430_165242,trial_001,subject_001,1777539169.604403,1777539169.604403,261961.2140751,14,R_Tibia,204,1,0.445,8.5846,-6.3451,-217.6514,5.249,7.6294,118.092,-0.4779,-179.1156,0.0088,0.8575,-0.5144,0.0004
independent_20260430_165242,trial_001,subject_001,1777539169.604403,1777539169.604403,261961.2142256,15,R_Foot,201,1,2.4404,5.1058,11.7906,-168.1519,-71.8994,10.6201,16.9519,-2.1698,-113.6096,0.0964,0.1131,-0.829,0.5391
independent_20260430_165242,trial_001,subject_001,1777539169.6054027,1777539169.6054027,261961.2143769,9,Trunk,390,1,-0.5168,9.288,-1.493,8.728,11.4136,-8.5449,98.6462,2.7411,-20.4126,0.7434,0.1497,-0.0976,0.6445
independent_20260430_165242,trial_001,subject_001,1777539169.6054027,1777539169.6054027,261961.2145256,10,L_Femur,379,1,-1.1293,9.5655,-1.426,29.1138,9.8877,3.479,98.9429,6.6522,-22.132,0.7375,0.1826,-0.0812,0.6451
independent_20260430_165242,trial_001,subject_001,1777539169.6054027,1777539169.6054027,261961.2146767,11,L_Tibia,398,1,-0.311,9.0248,-2.9046,13.5498,15.9912,-3.54,110.3302,3.576,-30.7452,0.7863,0.2347,-0.1267,0.5573
independent_20260430_165242,trial_001,subject_001,1777539169.6054027,1777539169.6054027,261961.2148469,12,L_Foot,407,1,-1.0336,0.6795,9.9627,-0.9766,1.2207,0.0,4.0155,5.6635,-113.8678,-0.0223,0.0563,-0.8356,0.5461
independent_20260430_165242,trial_001,subject_001,1777539169.6054027,1777539169.6054027,261961.2149952,13,R_Femur,412,1,0.378,8.5415,-0.5886,-30.3955,31.25,4.6997,85.4352,-4.2792,-32.569,0.6584,0.1638,-0.2302,0.6976
independent_20260430_165242,trial_001,subject_001,1777539169.6054027,1777539169.6054027,261961.2151453,9,Trunk,391,1,-0.7178,9.154,-1.4021,5.4321,12.2681,-7.1411,98.7341,2.818,-20.2148,0.7441,0.1489,-0.0959,0.6442
independent_20260430_165242,trial_001,subject_001,1777539169.606405,1777539169.606405,261961.2152925,10,L_Femur,380,1,-0.5694,9.3885,-1.426,30.2734,13.1836,4.2114,99.5691,6.5314,-21.8958,0.7415,0.1809,-0.0797,0.6411
independent_20260430_165242,trial_001,subject_001,1777539169.606405,1777539169.606405,261961.2154397,11,L_Tibia,399,1,-0.4689,9.0966,-3.1821,14.4653,13.7329,-2.7466,110.5609,3.5486,-30.5255,0.7879,0.2333,-0.1253,0.5559
independent_20260430_165242,trial_001,subject_001,1777539169.606405,1777539169.606405,261961.2155875,12,L_Foot,408,1,-0.9953,0.6986,9.9292,-0.2441,1.5259,-0.2441,4.01,5.6635,-113.8568,-0.0223,0.0562,-0.8355,0.5461
independent_20260430_165242,trial_001,subject_001,1777539169.606405,1777539169.606405,261961.215733,13,R_Femur,413,1,0.512,8.7425,0.1675,-32.0435,44.1284,2.5635,84.9023,-4.2737,-31.9318,0.656,0.1591,-0.227,0.702
independent_20260430_165242,trial_001,subject_001,1777539169.606405,1777539169.606405,261961.215878,14,R_Tibia,205,1,0.0622,9.4363,-6.1346,-211.1816,23.2544,3.2959,110.5334,-0.8734,-178.5992,0.0144,0.8217,-0.5698,0.0007
independent_20260430_165242,trial_001,subject_001,1777539169.606405,1777539169.606405,261961.2160308,15,R_Foot,202,1,4.2827,6.2303,12.8242,-154.1748,-75.9888,55.1147,12.1124,-4.6472,-113.0548,0.0918,0.0657,-0.8312,0.5444
independent_20260430_165242,trial_001,subject_001,1777539169.606405,1777539169.606405,261961.2161794,9,Trunk,392,1,-0.847,9.0104,-1.1771,6.7139,15.7471,-5.6152,98.844,2.8784,-19.9072,0.745,0.1473,-0.0936,0.6438
independent_20260430_165242,trial_001,subject_001,1777539169.607406,1777539169.607406,261961.216326,11,L_Tibia,400,1,-0.646,9.3167,-2.8424,15.5029,13.6719,-1.709,110.885,3.4937,-30.2509,0.7901,0.2315,-0.1237,0.5539
independent_20260430_165242,trial_001,subject_001,1777539169.607406,1777539169.607406,261961.2164722,12,L_Foot,409,1,-1.0145,0.5694,9.9053,1.8311,1.709,-0.6104,4.01,5.6635,-113.8458,-0.0223,0.0562,-0.8355,0.5462
independent_20260430_165242,trial_001,subject_001,1777539169.607406,1777539169.607406,261961.2166174,13,R_Femur,414,1,0.7178,9.0392,0.9379,-32.7148,52.2461,-0.4272,84.1553,-4.1968,-30.899,0.6527,0.1522,-0.2212,0.7084
independent_20260430_165242,trial_001,subject_001,1777539169.6942563,1777539169.6942563,261961.303352,9,Trunk,393,1,-0.9235,9.1253,-1.1676,10.0098,17.7002,-3.1738,98.9813,2.8839,-19.6381,0.7461,0.1457,-0.0919,0.6431
independent_20260430_165242,trial_001,subject_001,1777539169.6942563,1777539169.6942563,261961.3035135,10,L_Femur,381,1,-0.6891,9.6708,-1.5743,29.7852,25.5737,-0.061,100.6622,6.3171,-21.1652,0.749,0.1757,-0.0754,0.6343
independent_20260430_165242,trial_001,subject_001,1777539169.6942563,1777539169.6942563,261961.3036649,11,L_Tibia,401,1,-0.8087,9.2497,-3.23,13.3667,11.2305,-1.5869,111.1102,3.4607,-30.0696,0.7916,0.2303,-0.1226,0.5525
independent_20260430_165242,trial_001,subject_001,1777539169.6942563,1777539169.6942563,261961.3038168,12,L_Foot,410,1,-1.0814,0.6556,9.9818,2.3804,1.1597,-0.3052,4.0045,5.6689,-113.8458,-0.0224,0.0562,-0.8355,0.5462
independent_20260430_165242,trial_001,subject_001,1777539169.6942563,1777539169.6942563,261961.3039823,13,R_Femur,415,1,0.7513,9.1062,1.426,-31.311,50.9033,-1.2207,83.6169,-4.1034,-30.1245,0.6503,0.1474,-0.2166,0.7131
independent_20260430_165242,trial_001,subject_001,1777539169.6952572,1777539169.6952572,261961.3041245,14,R_Tibia,206,1,1.1484,9.3263,-5.0101,-187.8052,48.2178,-4.3945,103.6395,-1.1865,-177.3578,0.0245,0.7857,-0.6181,0.0061
independent_20260430_165242,trial_001,subject_001,1777539169.6952572,1777539169.6952572,261961.304263,15,R_Foot,203,1,2.3112,7.2352,13.5181,-142.2729,-56.2134,90.5151,6.7841,-7.3224,-110.6104,0.086,0.0123,-0.8212,0.5639
independent_20260430_165242,trial_001,subject_001,1777539169.6952572,1777539169.6952572,261961.3044054,9,Trunk,394,1,-0.957,9.422,-1.2394,9.4604,18.0664,-1.2817,99.1241,2.8564,-19.3689,0.7473,0.1439,-0.0904,0.6424
independent_20260430_165242,trial_001,subject_001,1777539169.6952572,1777539169.6952572,261961.3045547,10,L_Femur,382,1,-0.5599,9.1779,-1.9715,34.668,34.3018,-1.6479,101.228,6.2457,-20.6708,0.753,0.1725,-0.0723,0.6309
independent_20260430_165242,trial_001,subject_001,1777539169.7043815,1777539169.7043815,261961.3135607,11,L_Tibia,402,1,-0.4689,8.9578,-3.9047,14.0991,10.437,-1.4648,111.33,3.4277,-29.9048,0.7931,0.2293,-0.1216,0.5511
independent_20260430_165242,trial_001,subject_001,1777539169.7043815,1777539169.7043815,261961.313755,12,L_Foot,411,1,-1.0527,0.7991,10.0249,1.2207,1.1597,-0.4883,4.0045,5.6689,-113.8403,-0.0224,0.0562,-0.8354,0.5463
independent_20260430_165242,trial_001,subject_001,1777539169.7049212,1777539169.7049212,261961.3139275,13,R_Femur,416,1,0.6986,9.0104,1.7179,-26.1841,46.0205,-1.0376,83.15,-4.0155,-29.4104,0.6481,0.143,-0.2123,0.7172
independent_20260430_165242,trial_001,subject_001,1777539169.7049212,1777539169.7049212,261961.3140899,9,Trunk,395,1,-0.7704,9.532,-1.1963,6.6528,19.3481,-0.4883,99.267,2.8015,-18.9954,0.7486,0.1413,-0.0885,0.6417
independent_20260430_165242,trial_001,subject_001,1777539169.7049212,1777539169.7049212,261961.3142475,10,L_Femur,383,1,-0.7513,9.1301,-2.1916,37.5366,39.3066,-1.2207,101.8378,6.1469,-20.0885,0.7574,0.1685,-0.0688,0.6271
independent_20260430_165242,trial_001,subject_001,1777539169.7054393,1777539169.7054393,261961.3144348,11,L_Tibia,403,1,-0.311,9.0439,-3.6941,13.1226,13.3667,-2.0752,111.6211,3.3783,-29.6466,0.7951,0.2275,-0.1201,0.5492
independent_20260430_165242,trial_001,subject_001,1777539169.705762,1777539169.705762,261961.3147156,12,L_Foot,412,1,-1.0958,0.7465,9.9723,0.9766,1.0986,0.0,4.0045,5.6689,-113.8293,-0.0224,0.0562,-0.8354,0.5463
independent_20260430_165242,trial_001,subject_001,1777539169.705762,1777539169.705762,261961.3149606,14,R_Tibia,207,1,0.4546,9.3358,-3.7898,-163.0249,74.3408,-15.8691,97.5531,-1.203,-174.8639,0.0406,0.751,-0.6587,0.0216
independent_20260430_165242,trial_001,subject_001,1777539169.8239453,1777539169.8239453,261961.4337953,15,R_Foot,204,1,0.268,6.2207,11.0872,-125.2441,-21.7896,86.4258,1.626,-8.6957,-107.5287,0.0695,-0.0334,-0.8048,0.5885
independent_20260430_165242,trial_001,subject_001,1777539169.824947,1777539169.824947,261961.4339798,9,Trunk,396,1,-0.5551,9.4603,-1.1628,7.3853,21.0571,0.1221,99.3713,2.7411,-18.6877,0.7497,0.139,-0.087,0.6412
independent_20260430_165242,trial_001,subject_001,1777539169.824947,1777539169.824947,261961.4341413,10,L_Femur,384,1,-1.0862,9.288,-2.4883,39.6729,38.5132,-0.2441,102.7057,5.9875,-19.3085,0.7634,0.163,-0.0644,0.6217
independent_20260430_165242,trial_001,subject_001,1777539169.824947,1777539169.824947,261961.4342939,12,L_Foot,413,1,-1.0479,0.7321,9.9723,0.7324,1.2817,0.061,4.0045,5.6689,-113.8239,-0.0224,0.0562,-0.8354,0.5464
independent_20260430_165242,trial_001,subject_001,1777539169.824947,1777539169.824947,261961.4344451,13,R_Femur,417,1,0.6221,9.02,1.3542,-17.395,40.2832,2.0752,82.2986,-3.8782,-27.9602,0.6443,0.1342,-0.2034,0.7249
independent_20260430_165242,trial_001,subject_001,1777539169.824947,1777539169.824947,261961.4345941,10,L_Femur,385,1,-1.225,9.4268,-2.5505,36.6821,36.1328,1.709,103.3264,5.8447,-18.7646,0.7677,0.1589,-0.0615,0.6177
independent_20260430_165242,trial_001,subject_001,1777539169.824947,1777539169.824947,261961.4347404,11,L_Tibia,404,1,-0.4163,9.1014,-3.5554,13.3667,15.3809,-1.9531,112.0496,3.2849,-29.1797,0.7982,0.2243,-0.1177,0.5466
independent_20260430_165242,trial_001,subject_001,1777539169.825948,1777539169.825948,261961.4348837,12,L_Foot,414,1,-1.0671,0.6269,9.9579,1.2817,1.0986,0.3052,4.0045,5.6689,-113.8184,-0.0224,0.0562,-0.8353,0.5464
independent_20260430_165242,trial_001,subject_001,1777539169.825948,1777539169.825948,261961.4350297,13,R_Femur,418,1,0.4259,8.91,1.4499,-16.7847,41.5039,2.6245,81.991,-3.8397,-27.334,0.643,0.1303,-0.1996,0.7278
independent_20260430_165242,trial_001,subject_001,1777539169.825948,1777539169.825948,261961.4351929,14,R_Tibia,208,1,-0.5934,8.9195,-3.2826,-144.5923,51.7578,-16.4795,92.9388,-0.8459,-173.0072,0.0493,0.7233,-0.6878,0.0367
independent_20260430_165242,trial_001,subject_001,1777539169.825948,1777539169.825948,261961.4353474,15,R_Foot,205,1,0.4642,6.1011,11.4748,-121.1548,-27.832,82.4585,-3.1146,-9.5142,-104.5789,0.049,-0.0721,-0.7867,0.6111
independent_20260430_165242,trial_001,subject_001,1777539169.825948,1777539169.825948,261961.4354975,10,L_Femur,386,1,-1.2346,9.3167,-2.6701,36.438,33.4473,2.1973,103.9142,5.6854,-18.2648,0.7718,0.155,-0.0591,0.6139
independent_20260430_165242,trial_001,subject_001,1777539169.825948,1777539169.825948,261961.4356445,11,L_Tibia,405,1,-0.5934,9.1109,-3.8473,11.5356,10.7422,-1.709,112.3077,3.23,-28.927,0.8,0.2226,-0.1164,0.5449
independent_20260430_165242,trial_001,subject_001,1777539169.825948,1777539169.825948,261961.4357929,12,L_Foot,415,1,-1.091,0.6508,10.001,1.2207,1.1597,0.4272,3.999,5.6744,-113.8184,-0.0224,0.0562,-0.8353,0.5464
independent_20260430_165242,trial_001,subject_001,1777539169.826947,1777539169.826947,261961.4359429,13,R_Femur,419,1,0.3063,8.7855,1.8662,-18.3716,37.6587,2.0142,81.5625,-3.7848,-26.5375,0.6411,0.1255,-0.1947,0.7316
independent_20260430_165242,trial_001,subject_001,1777539169.826947,1777539169.826947,261961.4361006,9,Trunk,397,1,-0.5359,9.6421,-1.1437,5.3101,27.5879,1.709,99.6954,2.4554,-17.4683,0.7532,0.1297,-0.0817,0.6397
independent_20260430_165242,trial_001,subject_001,1777539169.826947,1777539169.826947,261961.4362717,10,L_Femur,387,1,-0.9331,9.1396,-2.7945,41.4429,31.189,4.0283,104.7766,5.4602,-17.655,0.7774,0.1502,-0.0563,0.6082
independent_20260430_165242,trial_001,subject_001,1777539169.826947,1777539169.826947,261961.4364283,11,L_Tibia,406,1,-0.1483,9.0822,-3.9908,11.6577,11.1084,-1.709,112.5,3.197,-28.7622,0.8013,0.2214,-0.1155,0.5437
independent_20260430_165242,trial_001,subject_001,1777539169.826947,1777539169.826947,261961.4365996,12,L_Foot,416,1,-1.0527,0.6938,9.9914,0.9155,1.5869,0.2441,3.999,5.6744,-113.8184,-0.0224,0.0562,-0.8353,0.5464
independent_20260430_165242,trial_001,subject_001,1777539169.826947,1777539169.826947,261961.4367796,13,R_Femur,420,1,0.3876,8.9865,2.1581,-20.813,31.0059,2.8687,81.2164,-3.7518,-26.0376,0.6394,0.1223,-0.1917,0.7345
independent_20260430_165242,trial_001,subject_001,1777539169.8279521,1777539169.8279521,261961.4369717,14,R_Tibia,209,1,0.1675,8.6659,-1.8566,-114.0747,40.2832,-17.2119,88.5608,-0.2692,-171.5295,0.0532,0.6961,-0.7141,0.0512
independent_20260430_165242,trial_001,subject_001,1777539169.8279521,1777539169.8279521,261961.4371966,15,R_Foot,206,1,0.5599,5.1249,8.1061,-91.4307,-17.7002,82.4585,-6.6852,-9.9426,-102.0081,0.0307,-0.0996,-0.7698,0.6298
independent_20260430_165242,trial_001,subject_001,1777539169.8279521,1777539169.8279521,261961.4373941,9,Trunk,398,1,-0.6029,9.5272,-1.0288,2.7466,30.1514,2.1362,99.7668,2.3071,-16.897,0.7544,0.1252,-0.0794,0.6395
independent_20260430_165242,trial_001,subject_001,1777539169.8279521,1777539169.8279521,261961.4375717,10,L_Femur,388,1,-0.7896,9.1971,-2.7084,43.2739,29.541,5.4321,105.4578,5.2625,-17.2321,0.7818,0.1466,-0.0545,0.6036
independent_20260430_165242,trial_001,subject_001,1777539169.8279521,1777539169.8279521,261961.4377149,11,L_Tibia,407,1,-0.1531,9.0631,-3.6894,11.2915,16.0522,-2.5635,112.7417,3.1421,-28.4601,0.8031,0.2193,-0.114,0.5422
independent_20260430_165242,trial_001,subject_001,1777539169.8289478,1777539169.8289478,261961.4378513,12,L_Foot,417,1,-1.0527,0.7273,9.9914,0.4883,1.9531,0.1221,3.999,5.6744,-113.8129,-0.0224,0.0562,-0.8353,0.5465
independent_20260430_165242,trial_001,subject_001,1777539169.8289478,1777539169.8289478,261961.4379866,13,R_Femur,421,1,0.3924,9.1109,2.2634,-23.2544,23.6816,4.0283,80.7166,-3.7518,-25.5157,0.6367,0.1186,-0.1889,0.7381
independent_20260430_165242,trial_001,subject_001,1777539169.8289478,1777539169.8289478,261961.4381265,9,Trunk,399,1,-0.5838,9.3071,-0.9379,2.8076,32.1655,3.2349,99.8108,2.1698,-16.4355,0.7552,0.1214,-0.0777,0.6394
independent_20260430_165242,trial_001,subject_001,1777539169.8289478,1777539169.8289478,261961.4382941,10,L_Femur,389,1,-0.7369,9.2784,-2.5409,44.3726,29.1748,4.6997,106.3861,5.0043,-16.6882,0.7876,0.142,-0.0523,0.5973
independent_20260430_165242,trial_001,subject_001,1777539169.8289478,1777539169.8289478,261961.4384831,11,L_Tibia,408,1,-0.2297,8.9578,-3.5458,11.1694,19.104,-3.1738,112.9285,3.0817,-28.1799,0.8046,0.2173,-0.1127,0.5411
independent_20260430_165242,trial_001,subject_001,1777539169.864472,1777539169.864472,261961.4737782,12,L_Foot,418,1,-1.0862,0.7321,9.9771,0.9155,1.8311,0.6104,3.999,5.6799,-113.8129,-0.0225,0.0562,-0.8353,0.5465
independent_20260430_165242,trial_001,subject_001,1777539169.864472,1777539169.864472,261961.4739253,13,R_Femur,422,1,0.5359,8.953,2.3256,-22.3999,26.001,5.249,80.3375,-3.7683,-25.1147,0.6347,0.1156,-0.1867,0.7409
independent_20260430_165242,trial_001,subject_001,1777539169.864472,1777539169.864472,261961.474076,14,R_Tibia,210,1,0.1914,7.9816,-1.1532,-80.7495,51.3306,-15.3198,85.2484,0.412,-169.92,0.0569,0.6748,-0.7327,0.0671
independent_20260430_165242,trial_001,subject_001,1777539169.864472,1777539169.864472,261961.4742932,15,R_Foot,207,1,0.4402,5.412,8.1491,-70.0073,-10.1929,74.8901,-9.8877,-10.0745,-99.1516,0.0109,-0.1221,-0.7506,0.6493
independent_20260430_165242,trial_001,subject_001,1777539169.9743774,1777539169.9743774,261961.5836947,9,Trunk,400,1,-0.4881,9.2258,-0.9235,2.8076,34.9121,4.1504,99.8547,2.016,-15.9412,0.7561,0.1173,-0.0759,0.6393
independent_20260430_165242,trial_001,subject_001,1777539169.97491,1777539169.97491,261961.5838587,10,L_Femur,390,1,-0.6077,9.2593,-2.383,43.7622,33.3252,2.8687,107.0837,4.812,-16.2268,0.792,0.1381,-0.0504,0.5925
independent_20260430_165242,trial_001,subject_001,1777539169.97491,1777539169.97491,261961.5840186,11,L_Tibia,409,1,-0.4115,8.8717,-3.5362,12.5732,20.874,-2.7466,113.1262,3.0103,-27.8668,0.8062,0.2149,-0.1114,0.5399
independent_20260430_165242,trial_001,subject_001,1777539169.97491,1777539169.97491,261961.584189,12,L_Foot,419,1,-1.0432,0.8613,9.9531,0.6104,1.9531,0.4272,3.999,5.6799,-113.8129,-0.0225,0.0562,-0.8353,0.5465
independent_20260430_165242,trial_001,subject_001,1777539169.9754512,1777539169.9754512,261961.5843398,13,R_Femur,423,1,0.78,8.7951,2.4309,-18.9209,33.9966,5.8594,80.0024,-3.7793,-24.6149,0.6331,0.1123,-0.1839,0.7435
independent_20260430_165242,trial_001,subject_001,1777539169.9754512,1777539169.9754512,261961.5844688,9,Trunk,401,1,-0.3685,9.221,-0.8135,3.479,38.3301,4.5166,99.9207,1.7853,-15.2161,0.7574,0.1113,-0.0733,0.6392
independent_20260430_165242,trial_001,subject_001,1777539169.9754512,1777539169.9754512,261961.5846253,10,L_Femur,391,1,-0.5742,9.2114,-2.316,42.8467,39.2456,1.2207,107.7759,4.6143,-15.6775,0.7964,0.1336,-0.0481,0.5878
independent_20260430_165242,trial_001,subject_001,1777539169.9754512,1777539169.9754512,261961.5847581,11,L_Tibia,410,1,-0.579,8.8525,-3.3783,14.5874,20.3857,-1.4648,113.4338,2.8894,-27.4713,0.8085,0.2119,-0.1098,0.5379
independent_20260430_165242,trial_001,subject_001,1777539169.9759662,1777539169.9759662,261961.5852041,12,L_Foot,420,1,-1.0719,0.847,9.934,0.7324,2.0752,0.6714,3.999,5.6799,-113.8074,-0.0225,0.0562,-0.8353,0.5465
independent_20260430_165242,trial_001,subject_001,1777539169.9765022,1777539169.9765022,261961.5853784,13,R_Femur,424,1,0.7656,8.7903,2.5792,-13.0005,41.8091,5.3101,79.6454,-3.7573,-23.7909,0.6315,0.1073,-0.1788,0.7468
independent_20260430_165242,trial_001,subject_001,1777539169.9765022,1777539169.9765022,261961.5855098,14,R_Tibia,211,1,-0.3924,7.795,-0.5934,-43.5791,50.4761,-6.6528,83.2654,0.9778,-168.1238,0.0624,0.6614,-0.7428,0.083
independent_20260430_165242,trial_001,subject_001,1777539169.9765022,1777539169.9765022,261961.585646,15,R_Foot,208,1,-0.7561,5.1967,6.9815,-32.8979,-2.0142,53.1616,-11.8652,-9.6735,-96.9763,-0.0055,-0.1327,-0.7364,0.6634
independent_20260430_165242,trial_001,subject_001,1777539169.9765022,1777539169.9765022,261961.5857685,9,Trunk,402,1,-0.3063,9.2019,-0.7273,5.3101,39.7339,5.0659,99.9976,1.604,-14.6503,0.7586,0.1066,-0.0713,0.6389
independent_20260430_165242,trial_001,subject_001,1777539169.977033,1777539169.977033,261961.5858971,10,L_Femur,392,1,-0.7034,9.2114,-2.4404,39.3677,44.3726,-0.7935,108.6383,4.3451,-14.8425,0.802,0.1268,-0.0447,0.5819
independent_20260430_165242,trial_001,subject_001,1777539169.977033,1777539169.977033,261961.5860196,11,L_Tibia,411,1,-0.7417,8.886,-3.2396,16.1743,22.2168,-0.4883,113.692,2.774,-27.1582,0.8105,0.2094,-0.1087,0.5362
independent_20260430_165242,trial_001,subject_001,1777539169.977033,1777539169.977033,261961.5861382,12,L_Foot,421,1,-1.1341,0.823,9.8957,1.1597,1.709,0.9766,4.0045,5.6799,-113.8074,-0.0224,0.0563,-0.8353,0.5465
independent_20260430_165242,trial_001,subject_001,1777539169.977033,1777539169.977033,261961.5862556,13,R_Femur,425,1,0.5168,8.8286,2.718,-11.3525,45.0439,5.249,79.4147,-3.7244,-23.1097,0.6306,0.1034,-0.1744,0.7492
independent_20260430_165242,trial_001,subject_001,1777539169.977033,1777539169.977033,261961.5863716,9,Trunk,403,1,-0.3828,9.3406,-0.9235,4.5166,40.7715,6.2256,100.0964,1.3348,-13.8757,0.76,0.1,-0.0687,0.6385
independent_20260430_165242,trial_001,subject_001,1777539169.9775727,1777539169.9775727,261961.5865073,10,L_Femur,393,1,-0.7417,9.0727,-2.5792,41.3208,46.5088,-1.4038,109.2975,4.1364,-14.1724,0.8063,0.1213,-0.0421,0.5774
independent_20260430_165242,trial_001,subject_001,1777539169.9775727,1777539169.9775727,261961.5866357,11,L_Tibia,412,1,-0.6891,8.9722,-3.5745,16.8457,21.1182,0.3052,113.9612,2.6477,-26.8616,0.8124,0.2069,-0.1077,0.5344
independent_20260430_165242,trial_001,subject_001,1777539169.9775727,1777539169.9775727,261961.5867569,12,L_Foot,422,1,-1.1389,0.9044,9.934,1.6479,1.2817,1.3428,4.01,5.6854,-113.8074,-0.0224,0.0563,-0.8353,0.5465
independent_20260430_165242,trial_001,subject_001,1777539169.9775727,1777539169.9775727,261961.5868775,13,R_Femur,426,1,0.3445,8.8095,2.8137,-11.9629,46.936,6.3477,79.184,-3.6914,-22.3956,0.6297,0.0994,-0.1697,0.7516
independent_20260430_165242,trial_001,subject_001,1777539169.978103,1777539169.978103,261961.5870177,14,R_Tibia,212,1,-0.4402,7.5414,-0.512,-8.1177,34.0576,3.9062,82.6666,1.1316,-166.9098,0.0679,0.6569,-0.7452,0.0921
independent_20260430_165242,trial_001,subject_001,1777539169.978103,1777539169.978103,261961.58714,15,R_Foot,209,1,-0.3063,4.388,5.1153,11.2915,13.855,25.5737,-12.5739,-9.4482,-95.7129,-0.0125,-0.1358,-0.7285,0.6714
independent_20260430_165242,trial_001,subject_001,1777539169.978103,1777539169.978103,261961.5872647,9,Trunk,404,1,-0.6269,9.465,-1.0671,2.6245,40.9546,6.897,100.1404,1.1151,-13.288,0.7609,0.0949,-0.0668,0.6384
independent_20260430_165242,trial_001,subject_001,1777539169.978103,1777539169.978103,261961.5873805,10,L_Femur,394,1,-0.7656,8.9291,-2.8185,42.7856,48.7671,-1.4038,109.9841,3.9111,-13.4747,0.8106,0.1155,-0.0395,0.5727
independent_20260430_165242,trial_001,subject_001,1777539169.978638,1777539169.978638,261961.5874949,11,L_Tibia,413,1,-0.3828,8.91,-3.8808,18.5547,22.8882,1.2207,114.3512,2.45,-26.4441,0.8152,0.2034,-0.1065,0.5317
independent_20260430_165242,trial_001,subject_001,1777539169.978638,1777539169.978638,261961.5876112,12,L_Foot,423,1,-1.091,0.9092,9.9531,1.3428,1.1597,1.2817,4.01,5.6909,-113.8074,-0.0225,0.0564,-0.8353,0.5465
independent_20260430_165242,trial_001,subject_001,1777539169.978638,1777539169.978638,261961.587725,13,R_Femur,427,1,0.4307,8.977,2.584,-18.8599,39.3066,8.1787,78.783,-3.6914,-21.5222,0.6278,0.094,-0.1643,0.755
independent_20260430_165242,trial_001,subject_001,1777539169.978638,1777539169.978638,261961.5878383,9,Trunk,405,1,-0.7417,9.5512,-1.0145,-2.8076,39.1846,8.0566,100.1074,0.8899,-12.7277,0.7613,0.0899,-0.0652,0.6388
independent_20260430_165242,trial_001,subject_001,1777539169.978638,1777539169.978638,261961.5879627,10,L_Femur,395,1,-0.981,8.7903,-3.1199,45.7764,50.2319,-0.061,110.9399,3.5596,-12.5244,0.8166,0.1073,-0.0364,0.566
independent_20260430_165242,trial_001,subject_001,1777539169.978638,1777539169.978638,261961.5880769,11,L_Tibia,414,1,-0.4259,8.8908,-3.6606,19.7754,23.3765,1.709,114.6588,2.2906,-26.1255,0.8174,0.2007,-0.1056,0.5295
independent_20260430_165242,trial_001,subject_001,1777539169.978638,1777539169.978638,261961.5881982,12,L_Foot,424,1,-1.1054,0.8326,9.9148,1.709,0.9766,1.5259,4.0155,5.6909,-113.8074,-0.0225,0.0564,-0.8353,0.5465
independent_20260430_165242,trial_001,subject_001,1777539169.978638,1777539169.978638,261961.5883304,13,R_Femur,428,1,0.6938,8.91,2.3878,-17.0898,31.8604,10.9253,78.4753,-3.7518,-20.9949,0.6262,0.0903,-0.1614,0.7574
independent_20260430_165242,trial_001,subject_001,1777539169.978638,1777539169.978638,261961.5884444,14,R_Tibia,213,1,0.4354,7.2112,-0.7704,28.9917,30.0293,9.2163,83.15,0.9888,-165.8936,0.0751,0.6593,-0.7417,0.0975
independent_20260430_165242,trial_001,subject_001,1777539169.9796472,1777539169.9796472,261961.5885595,15,R_Foot,210,1,-0.512,6.1011,5.0771,78.4912,49.7437,16.6016,-10.86,-8.1848,-95.4108,-0.011,-0.1176,-0.73,0.6732
independent_20260430_165242,trial_001,subject_001,1777539169.9796472,1777539169.9796472,261961.5886865,9,Trunk,406,1,-0.7226,9.398,-0.7082,-6.2866,38.9404,9.2773,99.9811,0.5603,-11.9971,0.7614,0.0832,-0.0635,0.6398
independent_20260430_165242,trial_001,subject_001,1777539169.9796472,1777539169.9796472,261961.5888092,10,L_Femur,396,1,-1.0192,8.8525,-3.1582,45.6543,47.8516,1.4648,111.665,3.2794,-11.8433,0.821,0.1013,-0.0344,0.5608
independent_20260430_165242,trial_001,subject_001,1777539169.9936445,1777539169.9936445,261961.6034332,11,L_Tibia,415,1,-0.3924,8.9291,-3.5362,21.7285,25.9399,2.8076,115.0983,2.038,-25.675,0.8205,0.1968,-0.1046,0.5264
independent_20260430_165242,trial_001,subject_001,1777539169.9946468,1777539169.9946468,261961.6036478,12,L_Foot,425,1,-1.1102,0.7943,9.9244,2.6245,0.4883,1.4648,4.021,5.6964,-113.8074,-0.0225,0.0565,-0.8353,0.5465
independent_20260430_165242,trial_001,subject_001,1777539169.9946468,1777539169.9946468,261961.6037893,13,R_Femur,429,1,0.6604,8.3597,2.5936,-8.606,37.4146,16.4185,78.1842,-3.9111,-20.2313,0.6251,0.0846,-0.1574,0.7598
independent_20260430_165242,trial_001,subject_001,1777539169.9946468,1777539169.9946468,261961.6039229,9,Trunk,407,1,-0.6891,9.4028,-0.4881,-6.2256,40.1611,9.4604,99.8767,0.3131,-11.4313,0.7614,0.078,-0.062,0.6406
independent_20260430_165242,trial_001,subject_001,1777539169.9946468,1777539169.9946468,261961.604063,10,L_Femur,397,1,-0.957,8.9243,-2.9668,44.4336,44.3726,3.2349,112.6044,2.8784,-11.0138,0.8265,0.0937,-0.0324,0.5541
independent_20260430_165242,trial_001,subject_001,1777539169.9946468,1777539169.9946468,261961.604204,11,L_Tibia,416,1,-0.6029,8.9339,-3.6032,23.5596,24.0479,4.9438,115.4608,1.8292,-25.3619,0.8229,0.1939,-0.104,0.5238
independent_20260430_165242,trial_001,subject_001,1777539169.9946468,1777539169.9946468,261961.6043198,12,L_Foot,426,1,-1.0719,0.7417,9.8861,2.7466,0.5493,1.0376,4.021,5.6964,-113.8074,-0.0225,0.0565,-0.8353,0.5465
independent_20260430_165242,trial_001,subject_001,1777539169.9946468,1777539169.9946468,261961.6044667,13,R_Femur,430,1,0.5072,8.0534,2.4835,1.8311,39.4897,18.0054,78.1238,-4.054,-19.5886,0.6253,0.0801,-0.154,0.7609
independent_20260430_165242,trial_001,subject_001,1777539169.995648,1777539169.995648,261961.6045987,14,R_Tibia,214,1,0.1388,7.8237,-1.6557,68.9697,32.7759,10.6812,85.0671,0.7526,-164.762,0.0848,0.6707,-0.7298,0.1021
independent_20260430_165242,trial_001,subject_001,1777539169.995648,1777539169.995648,261961.6047268,9,Trunk,408,1,-0.579,9.5895,-0.3828,-5.9814,41.748,9.2773,99.7723,0.0549,-10.8435,0.7613,0.0726,-0.0605,0.6415
independent_20260430_165242,trial_001,subject_001,1777539169.995648,1777539169.995648,261961.6048725,10,L_Femur,398,1,-1.1437,9.0439,-2.9859,43.396,44.0674,4.3335,113.2855,2.5598,-10.4205,0.8305,0.0881,-0.0313,0.5491
independent_20260430_165242,trial_001,subject_001,1777539169.995648,1777539169.995648,261961.6050021,11,L_Tibia,417,1,-1.0145,9.0487,-3.5314,25.1465,21.1182,7.9346,115.8453,1.593,-25.1093,0.8254,0.1914,-0.1039,0.5209
independent_20260430_165242,trial_001,subject_001,1777539169.995648,1777539169.995648,261961.6051225,12,L_Foot,427,1,-1.091,0.6938,9.867,3.2959,0.061,0.9155,4.0265,5.7019,-113.8129,-0.0225,0.0565,-0.8353,0.5465
independent_20260430_165242,trial_001,subject_001,1777539169.995648,1777539169.995648,261961.6052428,13,R_Femur,431,1,0.4546,8.3118,1.603,13.1836,33.3252,16.1743,78.2391,-4.2023,-19.0173,0.6266,0.0761,-0.1509,0.7608
independent_20260430_165242,trial_001,subject_001,1777539169.995648,1777539169.995648,261961.6053637,9,Trunk,409,1,-0.3876,10.0488,-0.6125,-3.8452,42.4805,7.1411,99.657,-0.2472,-10.036,0.7613,0.0654,-0.0581,0.6425
independent_20260430_165242,trial_001,subject_001,1777539169.995648,1777539169.995648,261961.6054871,10,L_Femur,399,1,-1.603,8.9243,-3.0194,48.8892,44.0674,5.7373,113.9832,2.2192,-9.8383,0.8344,0.0824,-0.0305,0.544
independent_20260430_165242,trial_001,subject_001,1777539169.9966438,1777539169.9966438,261961.60564,12,L_Foot,428,1,-1.0767,0.6747,9.9866,4.2725,-0.6104,1.0986,4.032,5.7019,-113.8129,-0.0225,0.0566,-0.8353,0.5465
independent_20260430_165242,trial_001,subject_001,1777539169.9966438,1777539169.9966438,261961.6057649,13,R_Femur,432,1,-0.0622,9.7809,0.9857,26.4893,27.3438,11.4746,78.6511,-4.3451,-18.3966,0.6298,0.0723,-0.1473,0.7592
independent_20260430_165242,trial_001,subject_001,1777539169.9966438,1777539169.9966438,261961.6058886,14,R_Tibia,215,1,-2.2442,13.073,2.6749,36.499,30.5786,4.5166,87.0007,0.5548,-163.6469,0.0944,0.6819,-0.7175,0.1065
independent_20260430_165242,trial_001,subject_001,1777539169.9966438,1777539169.9966438,261961.6060512,15,R_Foot,211,1,0.4929,1.1867,16.4609,129.3945,45.8984,0.3052,-2.0654,-4.054,-95.3888,0.014,-0.0371,-0.7386,0.673
independent_20260430_165242,trial_001,subject_001,1777539170.0645335,1777539170.0645335,261961.6738943,9,Trunk,410,1,-0.2871,10.513,-1.1771,0.1221,39.917,4.2114,99.624,-0.4285,-9.4537,0.7615,0.0605,-0.056,0.6429
independent_20260430_165242,trial_001,subject_001,1777539170.0645335,1777539170.0645335,261961.6740836,10,L_Femur,400,1,-2.0241,10.1685,-3.5745,36.6211,38.6963,1.9531,114.8071,1.8347,-9.1132,0.839,0.0755,-0.0293,0.538
independent_20260430_165242,trial_001,subject_001,1777539170.0645335,1777539170.0645335,261961.674231,11,L_Tibia,418,1,-1.2106,9.6038,-3.4597,31.7993,23.4985,14.8926,116.9,0.8844,-24.6094,0.8317,0.1855,-0.1051,0.5126
independent_20260430_165242,trial_001,subject_001,1777539170.0655336,1777539170.0655336,261961.6744112,12,L_Foot,429,1,-1.3398,0.5407,10.0775,5.9204,-1.5259,1.4038,4.1089,5.6909,-113.8019,-0.022,0.0571,-0.8352,0.5466
independent_20260430_165242,trial_001,subject_001,1777539170.0655336,1777539170.0655336,261961.6746027,13,R_Femur,433,1,-0.2967,12.5563,2.2107,4.3335,39.7949,10.1318,78.75,-4.4,-17.8198,0.6309,0.0689,-0.1437,0.7593
independent_20260430_165242,trial_001,subject_001,1777539170.0655336,1777539170.0655336,261961.6747695,9,Trunk,411,1,-0.4785,11.1303,-2.2634,2.0752,31.0669,0.6714,99.6405,-0.5878,-8.7946,0.762,0.0553,-0.0534,0.643
independent_20260430_165242,trial_001,subject_001,1777539170.0655336,1777539170.0655336,261961.674947,10,L_Femur,401,1,-2.249,10.1876,-3.6176,33.9966,31.9214,0.2441,115.34,1.6095,-8.6627,0.8419,0.0713,-0.0286,0.5341
independent_20260430_165242,trial_001,subject_001,1777539170.0655336,1777539170.0655336,261961.6750824,11,L_Tibia,419,1,-1.1293,9.6756,-3.4166,36.0107,24.1089,16.6626,117.4274,0.5109,-24.3896,0.8348,0.1828,-0.106,0.5084
independent_20260430_165242,trial_001,subject_001,1777539170.1043377,1777539170.1043377,261961.7132174,12,L_Foot,430,1,-1.3686,0.5838,10.001,8.0566,-2.0142,2.2583,4.2792,5.6525,-113.7689,-0.0209,0.0582,-0.835,0.5468
independent_20260430_165242,trial_001,subject_001,1777539170.1043377,1777539170.1043377,261961.7135393,13,R_Femur,434,1,0.1914,14.1545,5.3211,-41.0156,65.0024,12.8174,78.1787,-4.4055,-16.8915,0.6276,0.063,-0.1379,0.7636
independent_20260430_165242,trial_001,subject_001,1777539170.1043377,1777539170.1043377,261961.7137103,14,R_Tibia,216,1,-3.5362,10.9771,1.0288,38.0249,24.6582,3.1738,87.9181,0.5493,-162.8668,0.1,0.6869,-0.7113,0.1105
independent_20260430_165242,trial_001,subject_001,1777539170.1043377,1777539170.1043377,261961.7138642,15,R_Foot,212,1,-2.0624,1.8566,9.1588,130.4932,2.8076,-7.8125,2.5323,-3.252,-95.592,0.0359,-0.0027,-0.7407,0.6709
independent_20260430_165242,trial_001,subject_001,1777539170.1043377,1777539170.1043377,261961.7140546,10,L_Femur,402,1,-2.1916,10.1732,-3.4692,28.5034,24.8413,-0.7324,115.7904,1.4447,-8.2947,0.8443,0.0679,-0.0278,0.5308
independent_20260430_165242,trial_001,subject_001,1777539170.1053383,1777539170.1053383,261961.7142771,11,L_Tibia,420,1,-0.9092,9.6804,-3.1869,40.2222,22.8882,20.6909,118.2184,-0.0385,-24.1534,0.8392,0.1794,-0.1077,0.502
independent_20260430_165242,trial_001,subject_001,1777539170.1053383,1777539170.1053383,261961.7144217,12,L_Foot,431,1,-1.3351,0.335,9.9483,10.1318,-2.3193,2.3804,4.4385,5.6195,-113.7415,-0.0199,0.0592,-0.8348,0.5471
independent_20260430_165242,trial_001,subject_001,1777539170.1053383,1777539170.1053383,261961.7145591,13,R_Femur,435,1,-0.8757,11.2164,6.4456,-16.1743,67.1997,5.5542,77.5195,-4.3011,-15.5127,0.6238,0.0554,-0.1284,0.7689
independent_20260430_165242,trial_001,subject_001,1777539170.1053383,1777539170.1053383,261961.7147072,9,Trunk,412,1,-0.7561,11.025,-2.651,-4.8828,19.5923,-3.2959,99.5526,-0.6647,-8.1134,0.7619,0.0503,-0.0501,0.6438
independent_20260430_165242,trial_001,subject_001,1777539170.1053383,1777539170.1053383,261961.7148545,10,L_Femur,403,1,-1.8327,10.0297,-3.1582,20.4468,18.1885,-0.5493,116.2518,1.2744,-7.9266,0.8467,0.0646,-0.0271,0.5274
independent_20260430_165242,trial_001,subject_001,1777539170.1338122,1777539170.1338122,261961.743258,11,L_Tibia,421,1,-0.6986,9.6134,-2.9429,42.6636,19.5312,23.2544,118.8501,-0.4779,-24.0381,0.8425,0.1772,-0.1094,0.4968
independent_20260430_165242,trial_001,subject_001,1777539170.1338122,1777539170.1338122,261961.7434493,12,L_Foot,432,1,-1.2441,0.3158,9.9101,14.2212,-2.1362,2.4414,4.6527,5.592,-113.7085,-0.0186,0.0606,-0.8345,0.5473
independent_20260430_165242,trial_001,subject_001,1777539170.1338122,1777539170.1338122,261961.7436051,13,R_Femur,436,1,-1.8566,10.3742,5.2972,-4.6387,55.1758,3.9673,77.3602,-4.1748,-14.6393,0.6231,0.0514,-0.122,0.7709
independent_20260430_165242,trial_001,subject_001,1777539170.13481,1777539170.13481,261961.743777,14,R_Tibia,217,1,-0.5694,10.202,-0.8661,67.627,42.9077,6.5308,90.0,0.401,-161.7188,0.1099,0.6985,-0.6977,0.1148
independent_20260430_165242,trial_001,subject_001,1777539170.13481,1777539170.13481,261961.7439321,15,R_Foot,213,1,1.3111,7.0533,20.9063,50.6592,4.5166,0.2441,5.3119,-3.1366,-95.6854,0.0514,0.016,-0.7411,0.6693
independent_20260430_165242,trial_001,subject_001,1777539170.13481,1777539170.13481,261961.744084,9,Trunk,413,1,-0.7991,10.6661,-1.9571,-9.3994,16.2964,-6.5308,99.3549,-0.6207,-7.7673,0.7609,0.0481,-0.0479,0.6453
independent_20260430_165242,trial_001,subject_001,1777539170.13481,1777539170.13481,261961.7442352,10,L_Femur,404,1,-1.2537,10.0297,-3.0194,15.625,15.1367,0.9155,116.499,1.1591,-7.7124,0.848,0.0625,-0.0268,0.5256
independent_20260430_165242,trial_001,subject_001,1777539170.13481,1777539170.13481,261961.7443893,11,L_Tibia,422,1,-0.1818,9.599,-3.3113,48.0347,15.9302,27.71,119.7839,-1.0986,-23.9941,0.8471,0.1751,-0.1124,0.4889
independent_20260430_165242,trial_001,subject_001,1777539170.13481,1777539170.13481,261961.7445402,12,L_Foot,433,1,-0.8805,0.3732,10.0297,18.0664,-0.4883,2.7466,5.0043,5.5756,-113.6646,-0.0168,0.0631,-0.8341,0.5477
independent_20260430_165242,trial_001,subject_001,1777539170.1358078,1777539170.1358078,261961.7446998,13,R_Femur,437,1,-1.3829,9.1205,1.2394,44.5557,37.0483,7.019,77.7777,-4.1144,-13.7494,0.6262,0.0474,-0.1155,0.7696
independent_20260430_165242,trial_001,subject_001,1777539170.1358078,1777539170.1358078,261961.744842,10,L_Femur,405,1,-0.5264,10.1206,-3.0816,8.1787,13.5498,2.0752,116.7023,0.9998,-7.4762,0.8491,0.0601,-0.0268,0.5241
independent_20260430_165242,trial_001,subject_001,1777539170.1358078,1777539170.1358078,261961.7449828,11,L_Tibia,423,1,0.3924,9.7713,-3.4979,53.2227,16.6626,30.0903,120.5695,-1.5985,-24.0051,0.8509,0.1738,-0.1149,0.4823
independent_20260430_165242,trial_001,subject_001,1777539170.1358078,1777539170.1358078,261961.7451238,12,L_Foot,434,1,-1.1149,0.8135,10.1015,19.8364,0.2441,2.2583,5.3119,5.5811,-113.6371,-0.0154,0.0654,-0.8338,0.5479
independent_20260430_165242,trial_001,subject_001,1777539170.1358078,1777539170.1358078,261961.7452659,13,R_Femur,438,1,-1.091,7.484,-3.8138,66.8945,25.1465,7.9346,78.728,-4.1583,-13.3319,0.6328,0.0457,-0.1125,0.7647
independent_20260430_165242,trial_001,subject_001,1777539170.1358078,1777539170.1358078,261961.7454063,15,R_Foot,214,1,0.3828,2.1581,11.4939,26.3062,-10.3149,0.7935,6.6248,-3.642,-95.6909,0.0623,0.0215,-0.741,0.6683
independent_20260430_165242,trial_001,subject_001,1777539170.1358078,1777539170.1358078,261961.7455695,9,Trunk,414,1,-0.2584,10.6661,-1.0336,-12.085,19.7754,-9.9487,98.9813,-0.4559,-7.1796,0.759,0.045,-0.0437,0.6481
independent_20260430_165242,trial_001,subject_001,1777539170.136809,1777539170.136809,261961.7457396,10,L_Femur,406,1,0.0,10.3694,-3.2443,3.54,16.7847,1.8311,116.7737,0.8624,-7.2729,0.8496,0.0579,-0.0268,0.5235
independent_20260430_165242,trial_001,subject_001,1777539170.136809,1777539170.136809,261961.7459134,11,L_Tibia,424,1,0.6412,9.8861,-3.7803,55.3589,20.813,30.2734,121.3989,-2.1368,-23.9777,0.8548,0.1722,-0.1175,0.4753
independent_20260430_165242,trial_001,subject_001,1777539170.136809,1777539170.136809,261961.7460757,13,R_Femur,439,1,0.7417,8.1252,-3.8951,46.3257,24.4141,8.9722,79.4421,-4.2242,-12.9254,0.6377,0.0437,-0.1099,0.7611
independent_20260430_165242,trial_001,subject_001,1777539170.136809,1777539170.136809,261961.7462204,9,Trunk,415,1,0.3637,10.1876,-1.0001,-10.3149,24.9634,-7.5073,98.7396,-0.3735,-6.7017,0.7578,0.0422,-0.0405,0.6499
independent_20260430_165242,trial_001,subject_001,1777539170.136809,1777539170.136809,261961.7463725,10,L_Femur,407,1,0.4259,10.379,-3.2396,-3.479,21.3623,-1.4648,116.7462,0.7306,-6.9873,0.8497,0.0552,-0.0265,0.5237
independent_20260430_165242,trial_001,subject_001,1777539170.136809,1777539170.136809,261961.7465368,11,L_Tibia,425,1,0.9475,9.733,-3.4645,59.9976,31.3721,29.6021,122.5745,-2.9333,-23.8019,0.8604,0.1688,-0.121,0.4653
independent_20260430_165242,trial_001,subject_001,1777539170.1378098,1777539170.1378098,261961.7467396,12,L_Foot,435,1,-1.1484,0.5646,9.867,26.4282,0.9766,3.0518,6.1798,5.6195,-113.5437,-0.0114,0.0719,-0.8328,0.5487
independent_20260430_165242,trial_001,subject_001,1777539170.1378098,1777539170.1378098,261961.7469197,13,R_Femur,440,1,1.9476,8.9722,-2.7802,33.1421,13.6719,12.6953,80.1453,-4.3945,-12.5793,0.6426,0.0413,-0.1083,0.7574
independent_20260430_165242,trial_001,subject_001,1777539170.1378098,1777539170.1378098,261961.7470962,14,R_Tibia,218,1,-0.6699,9.1588,-4.1104,55.3589,2.0752,21.0571,94.7351,-0.7086,-158.0054,0.1445,0.7214,-0.6657,0.1247
independent_20260430_165242,trial_001,subject_001,1777539170.1378098,1777539170.1378098,261961.7472722,15,R_Foot,215,1,0.7656,1.2441,9.8191,12.6953,-8.4839,0.1831,7.1027,-3.9276,-95.6854,0.0669,0.0229,-0.7409,0.6679
independent_20260430_165242,trial_001,subject_001,1777539170.1378098,1777539170.1378098,261961.7474422,9,Trunk,416,1,0.3876,9.6421,-1.3686,-5.7983,28.9307,-5.0659,98.6188,-0.368,-6.2677,0.7572,0.0394,-0.0381,0.6509
independent_20260430_165242,trial_001,subject_001,1777539170.2443442,1777539170.2443442,261961.8538298,10,L_Femur,408,1,0.8278,10.1924,-2.9333,-13.3667,30.2734,-5.3711,116.5375,0.5548,-6.449,0.849,0.0504,-0.0255,0.5253
independent_20260430_165242,trial_001,subject_001,1777539170.2443442,1777539170.2443442,261961.8540109,11,L_Tibia,426,1,1.0049,9.4985,-3.5075,65.979,38.8794,29.1748,123.5248,-3.609,-23.5547,0.8651,0.1651,-0.1237,0.4573
independent_20260430_165242,trial_001,subject_001,1777539170.2443442,1777539170.2443442,261961.854164,12,L_Foot,436,1,-0.9427,-0.0144,9.9531,39.0625,0.7324,4.3335,6.7456,5.6305,-113.4778,-0.0088,0.076,-0.8321,0.5493
independent_20260430_165242,trial_001,subject_001,1777539170.24535,1777539170.24535,261961.8543403,13,R_Femur,441,1,-0.0766,9.0344,-1.3207,46.2036,7.8735,17.7002,80.755,-4.6307,-12.3871,0.6468,0.0392,-0.1081,0.7539
independent_20260430_165242,trial_001,subject_001,1777539170.24535,1777539170.24535,261961.8545257,9,Trunk,417,1,-0.3302,9.0774,-2.3208,5.0049,24.292,-1.6479,98.6407,-0.4065,-5.7458,0.7575,0.0357,-0.0354,0.6509
independent_20260430_165242,trial_001,subject_001,1777539170.24535,1777539170.24535,261961.8546648,10,L_Femur,409,1,0.9762,10.2259,-2.7467,-23.0103,37.2314,-7.8735,116.2244,0.4065,-5.9106,0.8479,0.0456,-0.0242,0.5277
independent_20260430_165242,trial_001,subject_001,1777539170.24535,1777539170.24535,261961.8547999,11,L_Tibia,427,1,0.981,9.6038,-3.5123,70.4956,43.0908,28.6255,124.5465,-4.3176,-23.2635,0.8699,0.1612,-0.1264,0.4487
independent_20260430_165242,trial_001,subject_001,1777539170.24535,1777539170.24535,261961.8549354,12,L_Foot,437,1,-0.8661,0.4163,10.1302,55.481,3.6621,6.7749,7.8113,5.6854,-113.3459,-0.004,0.084,-0.8307,0.5503
independent_20260430_165242,trial_001,subject_001,1777539170.24535,1777539170.24535,261961.855065,13,R_Femur,442,1,-1.1532,9.8191,-0.6173,59.082,-6.4697,14.8926,81.6064,-4.8779,-12.3981,0.6525,0.0385,-0.1093,0.7488
independent_20260430_165242,trial_001,subject_001,1777539170.24535,1777539170.24535,261961.8551863,14,R_Tibia,219,1,-0.1148,10.0488,-3.0816,37.8418,-24.9023,23.3154,96.0535,-1.3074,-158.703,0.1449,0.7292,-0.6588,0.1152
independent_20260430_165242,trial_001,subject_001,1777539170.246357,1777539170.246357,261961.8553327,15,R_Foot,216,1,0.8135,1.67,10.1828,9.4604,-4.3945,-0.6714,7.4927,-4.0759,-95.7294,0.0701,0.0246,-0.7411,0.6673
independent_20260430_165242,trial_001,subject_001,1777539170.273877,1777539170.273877,261961.8835601,9,Trunk,418,1,-0.7848,9.1205,-2.7419,9.7656,17.1509,0.4883,98.7561,-0.4614,-5.4712,0.7583,0.0336,-0.0341,0.6502
independent_20260430_165242,trial_001,subject_001,1777539170.27488,1777539170.27488,261961.8837787,11,L_Tibia,428,1,1.4547,9.1396,-3.8186,77.3315,50.9644,30.0903,126.0297,-5.3723,-22.8076,0.8768,0.1552,-0.1306,0.4361
independent_20260430_165242,trial_001,subject_001,1777539170.27488,1777539170.27488,261961.8839762,12,L_Foot,438,1,-1.158,-0.0622,10.2115,76.9043,4.1504,9.6436,8.9154,5.7294,-113.2086,0.0011,0.0922,-0.8292,0.5513
independent_20260430_165242,trial_001,subject_001,1777539170.27488,1777539170.27488,261961.8841957,13,R_Femur,443,1,0.4737,10.781,-0.3876,59.6924,-17.6392,15.5029,82.804,-5.224,-12.6672,0.6604,0.0389,-0.1126,0.7414
independent_20260430_165242,trial_001,subject_001,1777539170.27488,1777539170.27488,261961.8843551,9,Trunk,419,1,-0.7608,9.3215,-2.852,11.5967,10.8643,2.5635,98.9099,-0.5328,-5.3009,0.7592,0.0321,-0.0336,0.6492
independent_20260430_165242,trial_001,subject_001,1777539170.27488,1777539170.27488,261961.8845208,10,L_Femur,410,1,0.4785,9.9627,-2.3878,-58.7158,47.6685,-13.0005,114.6973,0.0824,-4.3121,0.8414,0.0321,-0.0197,0.5392
independent_20260430_165242,trial_001,subject_001,1777539170.27488,1777539170.27488,261961.8847193,11,L_Tibia,429,1,1.3925,9.0439,-3.9047,81.1768,54.0771,28.2593,127.1997,-6.1853,-22.4066,0.882,0.1502,-0.1337,0.4261
independent_20260430_165242,trial_001,subject_001,1777539170.2758772,1777539170.2758772,261961.8849517,12,L_Foot,439,1,-1.2872,0.7417,10.0919,92.5293,5.8594,12.6953,10.2887,5.7843,-113.0164,0.0075,0.1024,-0.8271,0.5527
independent_20260430_165242,trial_001,subject_001,1777539170.2758772,1777539170.2758772,261961.8851227,13,R_Femur,444,1,1.5887,10.4891,-0.0383,58.2275,-15.4419,15.625,83.6938,-5.4932,-12.8705,0.6662,0.0392,-0.1152,0.7358
independent_20260430_165242,trial_001,subject_001,1777539170.2758772,1777539170.2758772,261961.8853232,14,R_Tibia,220,1,1.2633,10.2354,-1.8231,33.2031,3.6621,17.395,97.3004,-1.9281,-159.1864,0.1465,0.7362,-0.652,0.1069
independent_20260430_165242,trial_001,subject_001,1777539170.2758772,1777539170.2758772,261961.8855151,15,R_Foot,217,1,0.7082,1.5887,10.0345,6.0425,-3.2349,0.3052,7.6794,-4.1913,-95.7404,0.0719,0.0252,-0.7411,0.667
independent_20260430_165242,trial_001,subject_001,1777539170.2758772,1777539170.2758772,261961.8857077,9,Trunk,420,1,-0.0383,9.2593,-3.1247,9.3384,12.5732,5.127,99.0857,-0.6647,-5.0922,0.7603,0.03,-0.0332,0.648
independent_20260430_165242,trial_001,subject_001,1777539170.2768764,1777539170.2768764,261961.8858975,10,L_Femur,411,1,0.2249,9.7617,-2.3352,-73.3643,44.0063,-11.7798,113.6371,-0.0275,-3.62,0.8365,0.0263,-0.0175,0.547
independent_20260430_165242,trial_001,subject_001,1777539170.2768764,1777539170.2768764,261961.8860883,11,L_Tibia,430,1,1.1915,8.9913,-4.0865,92.4683,59.6924,26.4893,128.9136,-7.3224,-21.8079,0.8894,0.1433,-0.138,0.4116
independent_20260430_165242,trial_001,subject_001,1777539170.2768764,1777539170.2768764,261961.8862786,12,L_Foot,440,1,-1.0814,1.3111,10.4747,115.9058,9.7046,19.8364,12.5519,5.8832,-112.6373,0.0181,0.1191,-0.8229,0.5552
independent_20260430_165242,trial_001,subject_001,1777539170.2768764,1777539170.2768764,261961.8864691,13,R_Femur,445,1,1.6557,9.7234,-0.2584,52.3071,-4.2114,11.5967,84.787,-5.7733,-12.9968,0.6732,0.0393,-0.1172,0.729
independent_20260430_165242,trial_001,subject_001,1777539170.2768764,1777539170.2768764,261961.8866667,9,Trunk,421,1,0.3685,9.1109,-3.1917,8.4839,13.4277,6.2866,99.1956,-0.7965,-4.9109,0.761,0.0281,-0.0331,0.6473
independent_20260430_165242,trial_001,subject_001,1777539170.2778764,1777539170.2778764,261961.8868658,10,L_Femur,412,1,0.1101,9.7904,-2.5648,-79.7729,27.9541,-7.9346,112.0605,-0.1263,-2.9333,0.8291,0.0206,-0.0152,0.5585
independent_20260430_165242,trial_001,subject_001,1777539170.2778764,1777539170.2778764,261961.8870369,11,L_Tibia,431,1,1.5169,9.3023,-3.876,98.0835,61.7676,22.2168,130.3088,-8.1738,-21.308,0.8951,0.1379,-0.141,0.3999
independent_20260430_165242,trial_001,subject_001,1777539170.2778764,1777539170.2778764,261961.8871879,12,L_Foot,441,1,-1.8901,1.6509,10.3694,123.7183,3.2959,24.1699,14.436,5.8832,-112.2858,0.0276,0.1326,-0.8192,0.5573
independent_20260430_165242,trial_001,subject_001,1777539170.2778764,1777539170.2778764,261961.8873348,13,R_Femur,446,1,1.6509,9.2354,-0.4689,51.8799,6.5308,9.8267,85.545,-5.9271,-12.9089,0.6781,0.0385,-0.1173,0.7245
independent_20260430_165242,trial_001,subject_001,1777539170.2778764,1777539170.2778764,261961.8874827,14,R_Tibia,221,1,1.2585,9.4555,-2.2203,21.7896,56.9458,9.0332,98.1244,-2.5214,-157.7197,0.1601,0.7382,-0.6459,0.1103
independent_20260430_165242,trial_001,subject_001,1777539170.2778764,1777539170.2778764,261961.887631,15,R_Foot,218,1,0.8661,1.6939,9.8239,7.3853,-3.1738,0.1221,7.9431,-4.3121,-95.7404,0.0743,0.0262,-0.7411,0.6668
independent_20260430_165242,trial_001,subject_001,1777539170.2788763,1777539170.2788763,261961.8877787,9,Trunk,422,1,0.445,9.1779,-3.096,5.9204,12.6953,6.897,99.278,-0.9393,-4.7406,0.7615,0.0262,-0.033,0.6468
independent_20260430_165242,trial_001,subject_001,1777539170.2788763,1777539170.2788763,261961.8879261,10,L_Femur,413,1,0.0479,9.9962,-2.7036,-83.252,10.8643,-5.3711,110.8191,-0.1263,-2.6917,0.823,0.0187,-0.0142,0.5675
independent_20260430_165242,trial_001,subject_001,1777539170.2788763,1777539170.2788763,261961.8880725,11,L_Tibia,432,1,1.2106,9.1731,-4.1774,99.1821,58.7769,17.0898,131.7206,-8.9648,-20.7916,0.9006,0.1327,-0.1437,0.3882
independent_20260430_165242,trial_001,subject_001,1777539170.2788763,1777539170.2788763,261961.8882201,12,L_Foot,442,1,-1.6796,1.9667,10.1397,128.9673,2.2583,32.5317,16.4026,5.7953,-111.8353,0.0384,0.146,-0.8147,0.5599
independent_20260430_165242,trial_001,subject_001,1777539170.2788763,1777539170.2788763,261961.8883679,13,R_Femur,447,1,1.7992,9.1923,-0.6604,50.6592,14.7095,8.0566,86.2756,-6.048,-12.6947,0.6829,0.0372,-0.1164,0.7202
independent_20260430_165242,trial_001,subject_001,1777539170.2788763,1777539170.2788763,261961.8885139,10,L_Femur,414,1,-0.1436,9.9292,-2.6749,-88.1348,-3.8452,-2.2583,109.5117,-0.0879,-2.6862,0.8165,0.0187,-0.0142,0.5769
independent_20260430_165242,trial_001,subject_001,1777539170.2788763,1777539170.2788763,261961.8886657,11,L_Tibia,433,1,1.5887,8.819,-5.5125,103.5767,54.7485,15.7471,133.6652,-9.9481,-20.1709,0.9077,0.1268,-0.1471,0.3719
independent_20260430_165242,trial_001,subject_001,1777539170.2798765,1777539170.2798765,261961.888811,12,L_Foot,443,1,-1.1915,1.938,10.3359,155.0903,4.0283,45.3491,19.4348,5.6085,-111.0168,0.0557,0.1663,-0.8067,0.5643
independent_20260430_165242,trial_001,subject_001,1777539170.2798765,1777539170.2798765,261961.8889671,13,R_Femur,448,1,1.2346,9.6277,-0.7752,50.9033,14.7095,7.9956,87.2534,-6.2018,-12.3706,0.6892,0.0353,-0.115,0.7146
independent_20260430_165242,trial_001,subject_001,1777539170.2798765,1777539170.2798765,261961.8891164,14,R_Tibia,222,1,-0.6412,9.6134,-2.5505,16.6626,14.5264,12.5122,98.7177,-3.0432,-156.6705,0.1703,0.7394,-0.6417,0.1119
independent_20260430_165242,trial_001,subject_001,1777539170.2798765,1777539170.2798765,261961.8892645,15,R_Foot,219,1,0.8996,1.7179,9.9244,3.9673,-2.1973,-0.7935,8.1244,-4.4,-95.7623,0.0759,0.0268,-0.7412,0.6665
independent_20260430_165242,trial_001,subject_001,1777539170.2798765,1777539170.2798765,261961.8894107,9,Trunk,423,1,0.311,9.3215,-2.8185,-0.9155,12.6343,7.7515,99.278,-1.2854,-4.3286,0.7617,0.0215,-0.033,0.6468
independent_20260430_165242,trial_001,subject_001,1777539170.2798765,1777539170.2798765,261961.8895574,10,L_Femur,415,1,-0.9522,9.8813,-2.852,-86.9141,-13.6719,-0.9155,107.7594,0.0,-2.8894,0.8075,0.0204,-0.0149,0.5893
independent_20260430_165242,trial_001,subject_001,1777539170.2798765,1777539170.2798765,261961.8897034,11,L_Tibia,434,1,1.67,8.8286,-6.0389,102.417,53.1006,18.1274,135.1373,-10.6897,-19.7699,0.9128,0.123,-0.15,0.3595
independent_20260430_165242,trial_001,subject_001,1777539170.2808764,1777539170.2808764,261961.8898479,12,L_Foot,444,1,-0.7273,2.1103,10.5082,171.2646,17.7002,60.73,22.0605,5.5042,-110.1379,0.0708,0.1837,-0.7985,0.5689
independent_20260430_165242,trial_001,subject_001,1777539170.3036175,1777539170.3036175,261961.9133876,13,R_Femur,449,1,0.3254,9.9962,-0.6077,48.3398,7.4463,8.7891,87.962,-6.3336,-12.2223,0.6937,0.0343,-0.1146,0.7103
independent_20260430_165242,trial_001,subject_001,1777539170.3542473,1777539170.3542473,261961.9633636,9,Trunk,424,1,0.5312,9.1875,-2.6079,-1.5259,10.9863,10.0708,99.2175,-1.5216,-4.1364,0.7614,0.0189,-0.0335,0.6472
independent_20260430_165242,trial_001,subject_001,1777539170.3542473,1777539170.3542473,261961.9635341,10,L_Femur,416,1,-1.2585,10.044,-3.3735,-87.1582,-20.2637,-0.7935,106.4465,0.0879,-3.1531,0.8007,0.0225,-0.0159,0.5985
independent_20260430_165242,trial_001,subject_001,1777539170.3542473,1777539170.3542473,261961.9636859,11,L_Tibia,435,1,1.4834,8.441,-6.2111,99.1821,52.3682,18.6157,136.5765,-11.4532,-19.4073,0.9174,0.1194,-0.1534,0.3472
independent_20260430_165242,trial_001,subject_001,1777539170.3542473,1777539170.3542473,261961.9638087,12,L_Foot,445,1,-1.2824,1.8614,11.1016,218.5059,33.4473,83.374,26.3452,5.4492,-108.446,0.0955,0.2117,-0.7827,0.5774
independent_20260430_165242,trial_001,subject_001,1777539170.3542473,1777539170.3542473,261961.9639247,13,R_Femur,450,1,-0.1866,10.0919,-0.335,44.4336,-3.6621,9.3384,88.6322,-6.4819,-12.2333,0.6978,0.0341,-0.1154,0.7061
independent_20260430_165242,trial_001,subject_001,1777539170.3542473,1777539170.3542473,261961.9640556,14,R_Tibia,223,1,-0.0718,9.6899,-2.1055,14.0991,-2.3804,15.0757,99.1681,-3.4662,-156.7255,0.1727,0.7414,-0.6394,0.1082
independent_20260430_165242,trial_001,subject_001,1777539170.355247,1777539170.355247,261961.964237,15,R_Foot,220,1,0.7752,1.3255,9.7282,5.7373,-2.0752,-0.2441,8.2562,-4.4604,-95.7898,0.077,0.0273,-0.7413,0.6662
independent_20260430_165242,trial_001,subject_001,1777539170.355247,1777539170.355247,261961.9643995,9,Trunk,425,1,0.5551,9.2688,-2.5266,-0.2441,7.4463,11.0474,99.1901,-1.7139,-4.043,0.7613,0.0172,-0.0342,0.6473
independent_20260430_165242,trial_001,subject_001,1777539170.355247,1777539170.355247,261961.9645336,10,L_Femur,417,1,-0.8326,10.1876,-3.9238,-90.6982,-29.2358,0.3052,105.0952,0.1923,-3.5486,0.7934,0.0256,-0.0175,0.6079
independent_20260430_165242,trial_001,subject_001,1777539170.355247,1777539170.355247,261961.9646827,11,L_Tibia,436,1,1.2394,7.8812,-7.3021,91.6138,37.1094,14.4043,138.3838,-12.2662,-19.0613,0.9229,0.1165,-0.157,0.3318
independent_20260430_165242,trial_001,subject_001,1777539170.355247,1777539170.355247,261961.9648728,12,L_Foot,446,1,-1.359,3.0386,9.3502,235.4736,27.6489,88.2568,29.9762,5.2075,-107.0837,0.1182,0.2339,-0.7691,0.5829
independent_20260430_165242,trial_001,subject_001,1777539170.355247,1777539170.355247,261961.9650239,13,R_Femur,451,1,-0.0144,10.111,-0.4785,43.2739,-18.6768,7.9956,89.5276,-6.6687,-12.5244,0.7033,0.0356,-0.118,0.7001
independent_20260430_165242,trial_001,subject_001,1777539170.355247,1777539170.355247,261961.9651643,9,Trunk,426,1,0.4354,9.5368,-2.5457,0.0,2.9297,11.2915,99.1736,-1.9006,-4.0155,0.7612,0.0159,-0.0353,0.6474
independent_20260430_165242,trial_001,subject_001,1777539170.355247,1777539170.355247,261961.9652827,10,L_Femur,418,1,0.3397,10.0775,-4.2444,-95.459,-37.5977,1.3428,103.2001,0.3351,-4.2462,0.7831,0.0308,-0.0207,0.6208
independent_20260430_165242,trial_001,subject_001,1777539170.355247,1777539170.355247,261961.9653972,11,L_Tibia,437,1,2.1964,7.8907,-6.8906,84.2285,39.2456,13.5498,139.6198,-12.832,-18.8251,0.9264,0.1145,-0.1596,0.3212
independent_20260430_165242,trial_001,subject_001,1777539170.355247,1777539170.355247,261961.9655124,12,L_Foot,447,1,-1.426,4.4358,8.2544,237.915,26.2451,96.4355,33.6731,4.801,-105.672,0.1429,0.2548,-0.7548,0.5874
independent_20260430_165242,trial_001,subject_001,1777539170.3567517,1777539170.3567517,261961.9656448,13,R_Femur,452,1,0.3732,10.0105,-0.6508,40.5884,-26.3672,7.0801,90.1758,-6.7896,-12.8925,0.7072,0.0378,-0.1208,0.6956
independent_20260430_165242,trial_001,subject_001,1777539170.3567517,1777539170.3567517,261961.9658195,14,R_Tibia,224,1,0.6269,9.7569,-2.3352,9.0942,8.8501,14.3433,99.5142,-3.988,-156.5662,0.1769,0.7424,-0.6376,0.1051
independent_20260430_165242,trial_001,subject_001,1777539170.3567517,1777539170.3567517,261961.9659937,15,R_Foot,221,1,0.7656,1.5791,10.0775,4.1504,-3.0518,0.6104,8.3881,-4.5483,-95.7843,0.0784,0.0277,-0.7413,0.6661
independent_20260430_165242,trial_001,subject_001,1777539170.3567517,1777539170.3567517,261961.9661139,9,Trunk,427,1,0.3493,9.6469,-2.584,-1.3428,-3.7231,11.2305,99.1406,-2.1259,-4.0924,0.761,0.0152,-0.0373,0.6475
independent_20260430_165242,trial_001,subject_001,1777539170.3567517,1777539170.3567517,261961.9662315,10,L_Femur,419,1,0.7656,9.8191,-4.0482,-93.2007,-35.3394,-0.4883,101.7883,0.4504,-4.7681,0.7752,0.0348,-0.0232,0.6303
independent_20260430_165242,trial_001,subject_001,1777539170.3567517,1777539170.3567517,261961.9663874,11,L_Tibia,438,1,1.6652,6.6753,-6.8332,74.1577,43.2739,12.8174,141.0809,-13.6505,-18.4735,0.9304,0.1112,-0.1637,0.3085
independent_20260430_165242,trial_001,subject_001,1777539170.3567517,1777539170.3567517,261961.9665377,12,L_Foot,448,1,-0.1483,4.6655,7.9864,236.084,47.7905,113.3423,38.6005,4.1748,-103.4253,0.1777,0.2806,-0.7328,0.5938
independent_20260430_165242,trial_001,subject_001,1777539170.3577607,1777539170.3577607,261961.966683,13,R_Femur,453,1,1.0958,9.532,-1.1054,42.4805,-33.8745,8.0566,91.0822,-6.9489,-13.5352,0.7125,0.0418,-0.1253,0.6891
independent_20260430_165242,trial_001,subject_001,1777539170.3577607,1777539170.3577607,261961.9668142,9,Trunk,428,1,0.4211,9.3741,-2.5983,-2.1362,-6.6528,11.2915,99.0967,-2.2906,-4.2133,0.7608,0.015,-0.039,0.6477
independent_20260430_165242,trial_001,subject_001,1777539170.3577607,1777539170.3577607,261961.9669462,10,L_Femur,420,1,0.8183,9.7234,-3.3735,-91.0645,-25.8789,-4.8218,99.9481,0.6207,-5.3229,0.7648,0.039,-0.0257,0.6426
independent_20260430_165242,trial_001,subject_001,1777539170.3577607,1777539170.3577607,261961.9670814,11,L_Tibia,439,1,1.3255,6.1681,-7.618,62.7441,38.269,8.728,141.9928,-14.2108,-18.1934,0.9328,0.1086,-0.1666,0.3006
independent_20260430_165242,trial_001,subject_001,1777539170.3577607,1777539170.3577607,261961.9672327,13,R_Femur,454,1,1.4355,9.4411,-1.2681,39.7949,-38.5132,8.728,91.7468,-7.0697,-14.101,0.7163,0.0453,-0.1292,0.6842
independent_20260430_165242,trial_001,subject_001,1777539170.3577607,1777539170.3577607,261961.9674213,14,R_Tibia,225,1,0.8039,9.3646,-2.2634,6.5918,-0.5493,13.1226,99.7449,-4.455,-156.4948,0.1801,0.7429,-0.6366,0.1021
independent_20260430_165242,trial_001,subject_001,1777539170.3577607,1777539170.3577607,261961.9675506,15,R_Foot,222,1,0.9857,1.6461,9.8909,1.1597,-1.5259,0.2441,8.4485,-4.6252,-95.7733,0.0792,0.0276,-0.7412,0.666
independent_20260430_165242,trial_001,subject_001,1777539170.3587599,1777539170.3587599,261961.9676873,9,Trunk,429,1,0.5981,9.1157,-2.517,-2.3193,-6.897,11.9629,99.0527,-2.4554,-4.3506,0.7605,0.015,-0.0409,0.6479
independent_20260430_165242,trial_001,subject_001,1777539170.3587599,1777539170.3587599,261961.9678338,11,L_Tibia,440,1,1.3303,5.4503,-8.5846,52.9785,22.8271,8.7891,142.7838,-14.5953,-18.0505,0.9348,0.1074,-0.1685,0.2937
independent_20260430_165242,trial_001,subject_001,1777539170.3587599,1777539170.3587599,261961.96802,12,L_Foot,449,1,-3.6511,2.651,22.9448,58.5938,121.2158,94.7876,43.6597,4.01,-98.9978,0.2167,0.3037,-0.697,0.6124
independent_20260430_165242,trial_001,subject_001,1777539170.3587599,1777539170.3587599,261961.9681622,13,R_Femur,455,1,1.5265,9.4794,-1.4164,42.2974,-40.2832,8.9722,92.439,-7.1906,-14.7052,0.7202,0.0492,-0.1333,0.6791
independent_20260430_165242,trial_001,subject_001,1777539170.3587599,1777539170.3587599,261961.9682927,9,Trunk,430,1,0.8853,9.1588,-2.1725,-3.2349,-7.3242,13.1226,98.9758,-2.7026,-4.5319,0.7601,0.0147,-0.0436,0.6482
independent_20260430_165242,trial_001,subject_001,1777539170.3587599,1777539170.3587599,261961.9684095,10,L_Femur,421,1,0.6843,9.6038,-3.2204,-79.895,-8.3008,-9.5215,97.4158,0.9338,-5.6854,0.7501,0.0426,-0.0266,0.6594
independent_20260430_165242,trial_001,subject_001,1777539170.3587599,1777539170.3587599,261961.9685257,11,L_Tibia,441,1,2.1916,5.302,-7.996,26.5503,23.8647,-0.061,143.421,-14.9634,-17.8418,0.9363,0.1056,-0.1704,0.2882
independent_20260430_165242,trial_001,subject_001,1777539170.3841991,1777539170.3841991,261961.9933649,12,L_Foot,450,1,-10.9867,1.3351,20.8394,-106.7505,11.0474,43.5181,42.3413,4.1638,-97.3663,0.2128,0.2934,-0.6913,0.6251
independent_20260430_165242,trial_001,subject_001,1777539170.3841991,1777539170.3841991,261961.993525,13,R_Femur,456,1,1.2106,9.6756,-1.3781,37.9639,-41.4429,7.0801,93.3124,-7.3169,-15.5292,0.725,0.0547,-0.1385,0.6724
independent_20260430_165242,trial_001,subject_001,1777539170.3841991,1777539170.3841991,261961.9936773,14,R_Tibia,226,1,0.6843,9.5847,-2.2873,5.4932,-5.5542,11.7798,99.9426,-4.845,-156.7255,0.1809,0.7438,-0.6359,0.0979
independent_20260430_165242,trial_001,subject_001,1777539170.3841991,1777539170.3841991,261961.9938068,15,R_Foot,223,1,0.847,1.6078,9.7187,-0.2441,-1.5869,0.1221,8.421,-4.6747,-95.7733,0.0794,0.0271,-0.7412,0.666
independent_20260430_165242,trial_001,subject_001,1777539170.3841991,1777539170.3841991,261961.9939592,9,Trunk,431,1,0.9427,9.2497,-2.0576,-0.2441,-9.1553,13.9771,98.9539,-2.8949,-4.6967,0.7599,0.0147,-0.0458,0.6482
independent_20260430_165242,trial_001,subject_001,1777539170.3852048,1777539170.3852048,261961.9941005,10,L_Femur,422,1,0.7704,9.9627,-3.5602,-73.6084,-5.0659,-9.8877,95.9052,1.1371,-5.7678,0.7413,0.044,-0.0263,0.6692
independent_20260430_165242,trial_001,subject_001,1777539170.3852048,1777539170.3852048,261961.9942217,11,L_Tibia,442,1,2.4356,6.3068,-5.5125,1.0376,44.8608,-13.9771,143.3881,-15.3479,-17.3199,0.9365,0.1002,-0.1722,0.2886
independent_20260430_165242,trial_001,subject_001,1777539170.3852048,1777539170.3852048,261961.9943215,12,L_Foot,451,1,-5.0148,-2.6318,7.0629,-100.5249,-59.3872,37.1094,40.8032,3.1915,-97.4542,0.2102,0.2791,-0.6978,0.6253
independent_20260430_165242,trial_001,subject_001,1777539170.3852048,1777539170.3852048,261961.9944199,13,R_Femur,457,1,1.292,9.7569,-1.3159,36.6821,-44.1895,4.8218,93.9441,-7.3608,-16.1884,0.7284,0.0594,-0.1423,0.6676
independent_20260430_165242,trial_001,subject_001,1777539170.3852048,1777539170.3852048,261961.9945371,9,Trunk,432,1,1.0432,9.5847,-2.1438,0.6104,-9.7656,14.2212,98.9594,-3.1586,-4.9438,0.76,0.0149,-0.0489,0.648
independent_20260430_165242,trial_001,subject_001,1777539170.3852048,1777539170.3852048,261961.9946607,10,L_Femur,423,1,0.6316,9.8191,-3.5123,-68.3594,-5.3711,-13.1836,94.8615,1.3239,-5.8282,0.7351,0.0452,-0.0259,0.676
independent_20260430_165242,trial_001,subject_001,1777539170.4245539,1777539170.4245539,261962.0339795,11,L_Tibia,443,1,2.048,6.2398,-3.742,-26.001,54.6875,-24.353,142.8717,-15.7983,-16.5289,0.9355,0.0917,-0.1743,0.2933
independent_20260430_165242,trial_001,subject_001,1777539170.4245539,1777539170.4245539,261962.0341397,12,L_Foot,452,1,-1.2441,-1.0479,7.618,-117.6147,-31.0669,17.7612,38.5895,2.3511,-97.6135,0.203,0.2613,-0.7056,0.6266
independent_20260430_165242,trial_001,subject_001,1777539170.4245539,1777539170.4245539,261962.0342814,13,R_Femur,458,1,1.5025,9.8766,-1.2681,36.499,-44.9219,2.6245,94.5648,-7.3663,-16.8585,0.7317,0.0644,-0.1459,0.6628
independent_20260430_165242,trial_001,subject_001,1777539170.4245539,1777539170.4245539,261962.0344198,14,R_Tibia,227,1,1.0767,9.7043,-2.2251,4.0894,0.3052,9.7656,100.058,-5.1361,-156.7969,0.1822,0.7442,-0.6355,0.0954
independent_20260430_165242,trial_001,subject_001,1777539170.4245539,1777539170.4245539,261962.034555,15,R_Foot,224,1,0.8613,1.7657,9.8957,-0.1831,-1.2207,-0.061,8.41,-4.7241,-95.7733,0.0796,0.0268,-0.7412,0.666
independent_20260430_165242,trial_001,subject_001,1777539170.4245539,1777539170.4245539,261962.0346907,9,Trunk,433,1,1.3733,9.4411,-2.1438,1.0986,-7.2632,13.916,98.9648,-3.3563,-5.0977,0.76,0.0148,-0.0511,0.6478
independent_20260430_165242,trial_001,subject_001,1777539170.4245539,1777539170.4245539,261962.0348248,10,L_Femur,424,1,0.0335,9.2928,-3.1965,-62.5,-7.3242,-17.2729,93.9056,1.5765,-5.9052,0.7293,0.047,-0.0251,0.6821
independent_20260430_165242,trial_001,subject_001,1777539170.4245539,1777539170.4245539,261962.0349595,11,L_Tibia,444,1,2.0768,5.5651,-5.4216,-51.5137,55.542,-32.7148,141.6577,-16.2982,-15.304,0.9329,0.0784,-0.176,0.3044
independent_20260430_165242,trial_001,subject_001,1777539170.4245539,1777539170.4245539,261962.0350931,12,L_Foot,453,1,-1.8279,-0.8278,9.7474,-139.5264,-31.311,19.8975,36.579,1.8073,-97.674,0.1953,0.2461,-0.7115,0.6286
independent_20260430_165242,trial_001,subject_001,1777539170.4263122,1777539170.4263122,261962.0352253,13,R_Femur,459,1,1.4786,9.6277,-1.3877,36.3159,-38.8184,1.6479,95.4108,-7.3553,-17.677,0.736,0.0708,-0.1501,0.6563
independent_20260430_165242,trial_001,subject_001,1777539170.4263122,1777539170.4263122,261962.0353591,10,L_Femur,425,1,-0.7034,8.9435,-2.718,-54.3823,-16.6016,-17.395,92.7631,1.9391,-6.1523,0.7222,0.0505,-0.0248,0.6894
independent_20260430_165242,trial_001,subject_001,1777539170.4263122,1777539170.4263122,261962.0355135,11,L_Tibia,445,1,2.0146,5.9288,-5.6943,-71.4111,54.6875,-39.3677,140.3613,-16.5839,-14.2987,0.9298,0.0673,-0.1764,0.316
independent_20260430_165242,trial_001,subject_001,1777539170.4263122,1777539170.4263122,261962.0356489,12,L_Foot,454,1,-1.9858,-0.5168,10.8575,-168.5181,-28.2593,15.4419,34.151,1.3239,-97.7179,0.1849,0.2284,-0.7176,0.6314
independent_20260430_165242,trial_001,subject_001,1777539170.4263122,1777539170.4263122,261962.0357903,13,R_Femur,460,1,1.3398,9.5368,-1.2011,31.4941,-34.3628,-0.1831,95.9546,-7.3169,-18.2043,0.7388,0.0751,-0.1525,0.6521
independent_20260430_165242,trial_001,subject_001,1777539170.4263122,1777539170.4263122,261962.0359736,14,R_Tibia,228,1,0.268,9.3933,-1.871,5.3711,-10.6812,10.2539,100.2228,-5.4382,-157.0221,0.1825,0.745,-0.635,0.0919
independent_20260430_165242,trial_001,subject_001,1777539170.4263122,1777539170.4263122,261962.0361617,9,Trunk,434,1,1.3303,8.9147,-1.9093,3.8452,-5.0049,13.4277,99.0363,-3.8287,-5.3558,0.7604,0.0139,-0.0557,0.6469
independent_20260430_165242,trial_001,subject_001,1777539170.4273205,1777539170.4273205,261962.0363241,10,L_Femur,426,1,-0.6986,9.0727,-2.5792,-50.1709,-27.71,-14.5264,91.983,2.1808,-6.5259,0.7172,0.0541,-0.0259,0.6943
independent_20260430_165242,trial_001,subject_001,1777539170.4273205,1777539170.4273205,261962.0365103,11,L_Tibia,446,1,2.0863,6.0054,-5.5508,-91.7358,40.1001,-50.0488,138.252,-16.6443,-12.9364,0.9245,0.0529,-0.1741,0.3351
independent_20260430_165242,trial_001,subject_001,1777539170.4273205,1777539170.4273205,261962.0366539,12,L_Foot,455,1,-0.5694,-0.2153,9.5847,-200.8057,-29.2358,23.1934,30.2893,0.6207,-97.7069,0.168,0.2002,-0.7259,0.6362
independent_20260430_165242,trial_001,subject_001,1777539170.4273205,1777539170.4273205,261962.0368324,9,Trunk,435,1,1.0384,8.9865,-1.8279,4.4556,-4.2114,13.0615,99.0912,-4.021,-5.4547,0.7607,0.0134,-0.0575,0.6464
independent_20260430_165242,trial_001,subject_001,1777539170.4273205,1777539170.4273205,261962.0369742,10,L_Femur,427,1,-0.4211,9.1636,-2.5888,-46.7529,-37.5977,-11.3525,90.9998,2.439,-7.2235,0.7107,0.0598,-0.029,0.7003
independent_20260430_165242,trial_001,subject_001,1777539170.4273205,1777539170.4273205,261962.0371064,12,L_Foot,456,1,0.9379,-0.0909,7.4218,-199.585,-10.6201,39.6118,27.2955,0.1703,-97.3389,0.1547,0.1781,-0.7295,0.642
independent_20260430_165242,trial_001,subject_001,1777539170.42832,1777539170.42832,261962.0372394,13,R_Femur,461,1,1.9045,9.5368,-0.981,29.7852,-26.7944,0.3662,97.1027,-7.229,-19.1986,0.7445,0.0836,-0.1568,0.6435
independent_20260430_165242,trial_001,subject_001,1777539170.42832,1777539170.42832,261962.0373721,14,R_Tibia,229,1,1.1628,9.355,-1.6461,7.0801,-6.5918,7.9956,100.47,-5.6689,-157.3407,0.1818,0.7466,-0.6339,0.0882
independent_20260430_165242,trial_001,subject_001,1777539170.42832,1777539170.42832,261962.037721,15,R_Foot,225,1,0.9092,1.6174,9.8191,0.7324,-2.0142,-0.061,8.4155,-4.856,-95.7733,0.0805,0.026,-0.7412,0.6659
independent_20260430_165242,trial_001,subject_001,1777539170.42832,1777539170.42832,261962.0378622,9,Trunk,436,1,0.8757,9.1588,-1.7992,3.8452,-4.8828,14.2822,99.1571,-4.2957,-5.592,0.761,0.0128,-0.0601,0.6458
independent_20260430_165242,trial_001,subject_001,1777539170.42832,1777539170.42832,261962.0379986,10,L_Femur,428,1,-0.2728,9.2497,-2.5457,-44.3115,-39.3677,-10.2539,90.3021,2.5983,-7.8058,0.7061,0.0642,-0.032,0.7045
independent_20260430_165242,trial_001,subject_001,1777539170.42832,1777539170.42832,261962.0381353,11,L_Tibia,447,1,2.3064,6.7136,-4.8856,-129.0283,7.5684,-63.3545,134.2804,-15.8038,-11.2061,0.9136,0.036,-0.1636,0.3706
independent_20260430_165242,trial_001,subject_001,1777539170.4293196,1777539170.4293196,261962.0382814,12,L_Foot,457,1,0.512,0.6077,6.4982,-181.4575,8.8501,51.7578,24.527,-0.0769,-96.6412,0.1417,0.1582,-0.7299,0.6497
independent_20260430_165242,trial_001,subject_001,1777539170.4293196,1777539170.4293196,261962.0384373,13,R_Femur,462,1,1.8136,9.599,-0.8039,24.7192,-26.123,-1.2207,97.5256,-7.1741,-19.5831,0.7466,0.087,-0.1582,0.6403
independent_20260430_165242,trial_001,subject_001,1777539170.4743996,1777539170.4743996,261962.0838848,9,Trunk,437,1,0.7656,9.2545,-1.9236,3.479,-7.0801,13.7939,99.2065,-4.4934,-5.7294,0.7613,0.0127,-0.0622,0.6453
independent_20260430_165242,trial_001,subject_001,1777539170.4743996,1777539170.4743996,261962.0840418,10,L_Femur,429,1,-0.0335,9.0583,-2.3399,-42.1143,-39.4287,-8.728,89.632,2.7301,-8.399,0.7015,0.0685,-0.0352,0.7085
independent_20260430_165242,trial_001,subject_001,1777539170.4743996,1777539170.4743996,261962.084204,11,L_Tibia,448,1,3.474,7.2926,-5.1393,-143.4937,3.2959,-66.4673,131.2262,-14.8865,-10.2173,0.9043,0.0271,-0.154,0.3973
independent_20260430_165242,trial_001,subject_001,1777539170.4743996,1777539170.4743996,261962.0843284,12,L_Foot,458,1,-2.249,1.804,8.9339,-170.0439,27.1606,40.4663,21.1047,-0.0055,-95.625,0.123,0.1357,-0.7284,0.6602
independent_20260430_165242,trial_001,subject_001,1777539170.4743996,1777539170.4743996,261962.0844663,13,R_Femur,463,1,1.9619,9.7521,-0.8853,23.3765,-21.7896,0.3662,98.0365,-7.1136,-20.0336,0.7491,0.091,-0.16,0.6364
independent_20260430_165242,trial_001,subject_001,1777539170.4743996,1777539170.4743996,261962.0845961,14,R_Tibia,230,1,1.3111,9.4794,-1.4021,10.0098,-4.2114,5.6152,100.816,-5.8447,-157.5659,0.1816,0.7486,-0.632,0.0853
independent_20260430_165242,trial_001,subject_001,1777539170.4743996,1777539170.4743996,261962.0847465,15,R_Foot,226,1,1.0049,1.5265,9.8287,2.0142,-1.4648,-0.3662,8.6957,-4.9548,-95.7404,0.0828,0.0273,-0.741,0.6658
independent_20260430_165242,trial_001,subject_001,1777539170.4743996,1777539170.4743996,261962.0848698,9,Trunk,438,1,0.8565,9.2066,-1.9332,3.2349,-6.897,12.4512,99.2505,-4.6747,-5.8667,0.7615,0.0126,-0.0642,0.6448
independent_20260430_165242,trial_001,subject_001,1777539170.4840703,1777539170.4840703,261962.0934679,10,L_Femur,430,1,0.3015,8.7042,-1.6604,-36.6211,-41.1987,-5.7373,88.83,2.851,-9.2065,0.696,0.0739,-0.04,0.7132
independent_20260430_165242,trial_001,subject_001,1777539170.4840703,1777539170.4840703,261962.0936363,11,L_Tibia,449,1,3.8903,7.9816,-5.8283,-152.0386,11.1084,-70.0684,128.7762,-14.1779,-9.4098,0.8962,0.0202,-0.1461,0.4184
independent_20260430_165242,trial_001,subject_001,1777539170.5543003,1777539170.5543003,261962.1636559,12,L_Foot,459,1,-3.5889,1.7657,9.9962,-168.2129,35.0342,16.4795,18.5889,0.3571,-95.1581,0.1067,0.1213,-0.7282,0.6661
independent_20260430_165242,trial_001,subject_001,1777539170.5543003,1777539170.5543003,261962.163929,13,R_Femur,464,1,1.6652,9.3263,-1.493,28.6255,-17.5781,2.3804,98.4814,-7.1136,-20.3137,0.7513,0.0934,-0.1612,0.6331
independent_20260430_165242,trial_001,subject_001,1777539170.5543003,1777539170.5543003,261962.1640922,10,L_Femur,431,1,0.3206,8.9339,-1.0479,-34.5459,-45.105,-3.54,88.2697,2.8894,-9.8657,0.692,0.0779,-0.0442,0.7163
independent_20260430_165242,trial_001,subject_001,1777539170.5552957,1777539170.5552957,261962.1642557,11,L_Tibia,450,1,3.029,8.4267,-5.5508,-159.3018,15.9302,-74.1577,125.3375,-13.2001,-8.2178,0.884,0.0106,-0.1345,0.4476
independent_20260430_165242,trial_001,subject_001,1777539170.5552957,1777539170.5552957,261962.1643913,12,L_Foot,460,1,-3.0194,2.5648,10.7857,-156.311,45.8984,-9.0942,15.4028,1.1975,-94.9713,0.0829,0.1058,-0.7295,0.6707
independent_20260430_165242,trial_001,subject_001,1777539170.5552957,1777539170.5552957,261962.1645803,13,R_Femur,465,1,1.4212,9.2593,-1.627,24.7803,-14.2822,1.77,98.8824,-7.1191,-20.528,0.7533,0.0954,-0.1621,0.6302
independent_20260430_165242,trial_001,subject_001,1777539170.5552957,1777539170.5552957,261962.1647747,14,R_Tibia,231,1,0.8087,9.2545,-1.9763,11.4746,-4.5166,4.7607,101.1511,-5.9656,-157.6868,0.1817,0.7504,-0.63,0.0833
independent_20260430_165242,trial_001,subject_001,1777539170.5552957,1777539170.5552957,261962.1649428,15,R_Foot,227,1,0.9475,1.5552,9.7952,-0.1831,-0.9766,-0.4883,8.6792,-4.9823,-95.7239,0.0829,0.027,-0.7409,0.6659
independent_20260430_165242,trial_001,subject_001,1777539170.5552957,1777539170.5552957,261962.1650797,9,Trunk,439,1,1.3303,9.0583,-1.9141,7.2021,-7.3242,10.9253,99.4318,-5.0537,-6.1688,0.7625,0.0125,-0.0683,0.6432
independent_20260430_165242,trial_001,subject_001,1777539170.5552957,1777539170.5552957,261962.1652742,10,L_Femur,432,1,0.3015,9.2114,-0.4785,-33.1421,-47.5464,-3.2349,87.7313,2.9114,-10.5743,0.6881,0.0821,-0.0489,0.7193
independent_20260430_165242,trial_001,subject_001,1777539170.5552957,1777539170.5552957,261962.1654307,11,L_Tibia,451,1,1.8279,8.6085,-5.3354,-161.6821,-10.6812,-72.5708,122.7997,-12.2498,-7.652,0.8744,0.0073,-0.1252,0.4687
independent_20260430_165242,trial_001,subject_001,1777539170.5552957,1777539170.5552957,261962.1655683,12,L_Foot,461,1,-2.6988,3.3592,12.2548,-151.3672,58.8989,-23.0103,13.1342,2.0874,-95.0592,0.0639,0.0966,-0.7313,0.6722
independent_20260430_165242,trial_001,subject_001,1777539170.556802,1777539170.556802,261962.1657077,13,R_Femur,466,1,1.2824,9.6038,-1.5504,20.9961,-12.2681,0.0,99.3439,-7.0972,-20.7861,0.7556,0.0979,-0.1629,0.6268
independent_20260430_165242,trial_001,subject_001,1777539170.556802,1777539170.556802,261962.1659142,9,Trunk,440,1,1.2633,9.1971,-1.9236,7.6904,-7.3853,9.6436,99.5416,-5.191,-6.3062,0.7631,0.0127,-0.07,0.6423
independent_20260430_165242,trial_001,subject_001,1777539170.556802,1777539170.556802,261962.1660802,10,L_Femur,433,1,0.579,9.2354,0.0431,-31.7383,-43.7012,-3.418,87.0447,2.9388,-11.4752,0.6831,0.0873,-0.0549,0.723
independent_20260430_165242,trial_001,subject_001,1777539170.556802,1777539170.556802,261962.1662182,11,L_Tibia,452,1,1.3207,8.8908,-5.3402,-161.3159,-40.7104,-69.2749,120.3607,-11.0797,-7.5476,0.8648,0.0089,-0.1162,0.4884
independent_20260430_165242,trial_001,subject_001,1777539170.556802,1777539170.556802,261962.1664246,12,L_Foot,462,1,-3.1343,3.5841,12.5036,-145.9351,64.5752,-38.0249,10.9204,3.1366,-95.3778,0.0439,0.0887,-0.7341,0.6718
independent_20260430_165242,trial_001,subject_001,1777539170.556802,1777539170.556802,261962.1665615,13,R_Femur,467,1,1.1006,9.7665,-1.3638,18.0054,-11.5356,0.4883,99.635,-7.0807,-20.9509,0.7571,0.0995,-0.1635,0.6247
independent_20260430_165242,trial_001,subject_001,1777539170.557819,1777539170.557819,261962.1666984,14,R_Tibia,232,1,0.8518,9.4603,-1.7657,13.3667,-5.4932,4.6387,101.6071,-6.0754,-157.912,0.1811,0.7531,-0.6273,0.0806
independent_20260430_165242,trial_001,subject_001,1777539170.557819,1777539170.557819,261962.1668834,15,R_Foot,228,1,0.9235,1.6222,9.8287,-0.1221,-0.6714,-0.4272,8.6572,-5.0043,-95.7349,0.0829,0.0267,-0.741,0.6659
independent_20260430_165242,trial_001,subject_001,1777539170.5943346,1777539170.5943346,261962.2037633,9,Trunk,441,1,1.0862,9.3215,-1.9523,5.7373,-8.4229,8.1787,99.6625,-5.3503,-6.4984,0.7638,0.0132,-0.0721,0.6413
independent_20260430_165242,trial_001,subject_001,1777539170.5943346,1777539170.5943346,261962.2039534,10,L_Femur,434,1,0.9283,9.2401,0.2775,-31.9824,-38.269,-1.3428,86.5338,2.9279,-12.063,0.6794,0.0905,-0.0591,0.7257
independent_20260430_165242,trial_001,subject_001,1777539170.5943346,1777539170.5943346,261962.2040903,11,L_Tibia,453,1,1.9763,9.2688,-5.4264,-158.02,-64.6973,-63.3545,117.2516,-9.3658,-7.9541,0.8518,0.0166,-0.1055,0.5128
independent_20260430_165242,trial_001,subject_001,1777539170.5953307,1777539170.5953307,261962.2042683,12,L_Foot,463,1,-3.6128,3.6319,12.5993,-136.1084,59.5703,-61.2793,8.1024,4.5319,-96.2567,0.0177,0.0789,-0.7403,0.6674
independent_20260430_165242,trial_001,subject_001,1777539170.5953307,1777539170.5953307,261962.2044513,13,R_Femur,468,1,0.9188,9.733,-1.2489,15.1367,-17.7612,0.6714,99.9866,-7.0587,-21.2585,0.7587,0.1021,-0.1647,0.622
independent_20260430_165242,trial_001,subject_001,1777539170.5953307,1777539170.5953307,261962.2046175,9,Trunk,442,1,0.9666,9.4507,-1.8519,4.3335,-10.3149,6.5918,99.7339,-5.4327,-6.6687,0.7642,0.0139,-0.0736,0.6406
independent_20260430_165242,trial_001,subject_001,1777539170.5953307,1777539170.5953307,261962.2047998,10,L_Femur,435,1,0.914,9.422,0.4594,-33.2031,-33.5693,0.8545,85.8362,2.8729,-12.7551,0.6745,0.0939,-0.0644,0.7295
independent_20260430_165242,trial_001,subject_001,1777539170.5953307,1777539170.5953307,261962.2049718,11,L_Tibia,454,1,2.4309,9.3693,-5.3546,-154.9072,-72.2656,-59.3872,115.0104,-8.0859,-8.5199,0.8418,0.0247,-0.0991,0.53
independent_20260430_165242,trial_001,subject_001,1777539170.5953307,1777539170.5953307,261962.2051434,12,L_Foot,464,1,-3.1438,3.5697,12.7142,-132.6904,58.3496,-78.064,6.026,5.5426,-97.2729,-0.0015,0.0713,-0.7469,0.6611
independent_20260430_165242,trial_001,subject_001,1777539170.5963306,1777539170.5963306,261962.205312,13,R_Femur,469,1,0.9188,9.489,-1.627,20.0195,-23.0713,0.9155,100.2997,-7.0203,-21.5826,0.7601,0.1049,-0.1659,0.6195
independent_20260430_165242,trial_001,subject_001,1777539170.5963306,1777539170.5963306,261962.2054878,14,R_Tibia,233,1,1.024,9.4555,-2.3734,13.7329,-2.3804,4.1504,102.1069,-6.1798,-158.0878,0.1809,0.756,-0.6242,0.0781
independent_20260430_165242,trial_001,subject_001,1777539170.5963306,1777539170.5963306,261962.2056735,15,R_Foot,229,1,0.9283,1.6748,9.8239,0.9155,-0.1831,-0.3662,8.6682,-5.0262,-95.7513,0.0831,0.0267,-0.7411,0.6657
independent_20260430_165242,trial_001,subject_001,1777539170.5963306,1777539170.5963306,261962.2058417,9,Trunk,443,1,1.0336,9.5895,-1.7227,2.9907,-12.5122,4.8828,99.8053,-5.5096,-6.9214,0.7645,0.0152,-0.0755,0.64
independent_20260430_165242,trial_001,subject_001,1777539170.5963306,1777539170.5963306,261962.2060218,10,L_Femur,436,1,0.6508,9.4076,0.6364,-32.5928,-29.9072,1.77,85.3198,2.8125,-13.2056,0.6709,0.0958,-0.068,0.7322
independent_20260430_165242,trial_001,subject_001,1777539170.5973306,1777539170.5973306,261962.2062077,11,L_Tibia,455,1,2.6701,9.4603,-5.0771,-151.8555,-71.0449,-57.0679,112.8076,-6.8555,-9.1516,0.8315,0.0334,-0.0937,0.5466
independent_20260430_165242,trial_001,subject_001,1777539170.5973306,1777539170.5973306,261962.2063861,12,L_Foot,465,1,-2.316,3.2013,11.9485,-126.1597,53.833,-89.3555,3.988,6.4819,-98.5144,-0.0201,0.0632,-0.7547,0.6527
independent_20260430_165242,trial_001,subject_001,1777539170.6045082,1777539170.6045082,261962.2137106,13,R_Femur,470,1,0.7896,9.1827,-2.1772,23.6206,-24.6582,1.5259,100.6842,-6.9873,-21.9397,0.7618,0.108,-0.1673,0.6164
independent_20260430_165242,trial_001,subject_001,1777539170.6045082,1777539170.6045082,261962.213916,9,Trunk,444,1,1.091,9.556,-1.6461,1.709,-14.3433,4.6387,99.8383,-5.5536,-7.1466,0.7647,0.0165,-0.0771,0.6396
independent_20260430_165242,trial_001,subject_001,1777539170.6045082,1777539170.6045082,261962.2141061,10,L_Femur,437,1,0.4115,9.2784,0.7943,-29.48,-25.3906,3.1738,84.8474,2.7356,-13.5901,0.6676,0.0973,-0.0713,0.7347
independent_20260430_165242,trial_001,subject_001,1777539170.6055133,1777539170.6055133,261962.2143661,11,L_Tibia,456,1,2.1868,9.6852,-4.7086,-150.8179,-67.8711,-54.9927,109.8853,-5.3174,-10.014,0.8169,0.0448,-0.0879,0.5683
independent_20260430_165242,trial_001,subject_001,1777539170.6055133,1777539170.6055133,261962.2145754,12,L_Foot,466,1,-1.1867,2.5696,10.8097,-113.0371,38.8794,-91.8579,1.4447,7.4432,-100.3326,-0.0418,0.0512,-0.7657,0.6398
independent_20260430_165242,trial_001,subject_001,1777539170.6055133,1777539170.6055133,261962.2147672,13,R_Femur,471,1,1.1149,9.1492,-2.1964,25.5127,-22.8271,-0.061,101.2061,-6.9159,-22.4066,0.7641,0.1123,-0.1688,0.6124
independent_20260430_165242,trial_001,subject_001,1777539170.6060278,1777539170.6060278,261962.2149357,14,R_Tibia,234,1,0.6364,9.3454,-2.6797,12.7563,-7.5073,4.8218,102.6013,-6.2842,-158.2965,0.1804,0.7589,-0.6212,0.0755
independent_20260430_165242,trial_001,subject_001,1777539170.6060278,1777539170.6060278,261962.2151241,15,R_Foot,230,1,0.9283,1.7179,9.9005,-1.0986,0.0,-0.3662,8.6737,-5.0427,-95.7568,0.0832,0.0266,-0.7411,0.6657
independent_20260430_165242,trial_001,subject_001,1777539170.6060278,1777539170.6060278,261962.2153059,9,Trunk,445,1,1.091,9.5129,-1.5217,1.2207,-14.5264,3.9673,99.8657,-5.5865,-7.3718,0.7648,0.0178,-0.0785,0.6392
independent_20260430_165242,trial_001,subject_001,1777539170.6060278,1777539170.6060278,261962.2154784,11,L_Tibia,457,1,1.627,9.8239,-4.3784,-152.2827,-71.4722,-52.6123,107.6715,-4.2188,-10.7611,0.8053,0.054,-0.0849,0.5843
independent_20260430_165242,trial_001,subject_001,1777539170.6060278,1777539170.6060278,261962.2156675,12,L_Foot,467,1,-0.6795,2.1677,10.2785,-100.769,21.1182,-85.8765,-0.2637,7.8387,-101.651,-0.0544,0.0414,-0.7735,0.6301
independent_20260430_165242,trial_001,subject_001,1777539170.6060278,1777539170.6060278,261962.2158546,13,R_Femur,472,1,1.1771,9.2162,-2.5218,30.0293,-21.7285,-1.2817,101.6785,-6.8445,-22.7252,0.7663,0.1155,-0.1696,0.6089
independent_20260430_165242,trial_001,subject_001,1777539170.6343527,1777539170.6343527,261962.2435954,9,Trunk,446,1,1.0479,9.5225,-1.4021,0.1831,-15.5029,3.1738,99.8822,-5.614,-7.6849,0.7649,0.0198,-0.0805,0.6388
independent_20260430_165242,trial_001,subject_001,1777539170.6343527,1777539170.6343527,261962.2437444,10,L_Femur,438,1,0.0191,8.91,0.4354,-19.2871,-17.8223,3.6621,83.9905,2.5378,-14.2877,0.6617,0.0995,-0.0777,0.7391
independent_20260430_165242,trial_001,subject_001,1777539170.6343527,1777539170.6343527,261962.2438666,11,L_Tibia,458,1,0.9618,9.8526,-3.4022,-152.8931,-71.0449,-47.6685,104.6887,-2.8619,-11.8817,0.7888,0.0667,-0.0829,0.6054
independent_20260430_165242,trial_001,subject_001,1777539170.6343527,1777539170.6343527,261962.2439845,12,L_Foot,468,1,-0.0622,1.9428,11.2164,-81.1157,3.1128,-74.8901,-2.2028,7.9486,-103.233,-0.0662,0.028,-0.7827,0.6183
independent_20260430_165242,trial_001,subject_001,1777539170.6343527,1777539170.6343527,261962.244117,13,R_Femur,473,1,0.9475,9.3789,-2.5266,28.8696,-19.104,-3.9673,102.1454,-6.7401,-22.9999,0.7684,0.1186,-0.1699,0.6055
independent_20260430_165242,trial_001,subject_001,1777539170.635356,1777539170.635356,261962.2442343,14,R_Tibia,235,1,0.8853,9.4794,-2.7754,10.2539,-5.127,4.2114,102.9584,-6.3721,-158.4998,0.1797,0.761,-0.619,0.0733
independent_20260430_165242,trial_001,subject_001,1777539170.635356,1777539170.635356,261962.2443825,15,R_Foot,231,1,0.9092,1.4499,9.8239,-2.7466,-0.061,0.0,8.6023,-5.0372,-95.7349,0.0828,0.0262,-0.741,0.6659
independent_20260430_165242,trial_001,subject_001,1777539170.635356,1777539170.635356,261962.2445647,9,Trunk,447,1,1.0527,9.532,-1.2968,-0.6104,-17.0288,1.77,99.8877,-5.6085,-7.9431,0.7648,0.0215,-0.0819,0.6386
independent_20260430_165242,trial_001,subject_001,1777539170.635356,1777539170.635356,261962.2447426,10,L_Femur,439,1,-0.0383,8.819,0.2871,-17.1509,-17.0288,2.8687,83.7213,2.4609,-14.5294,0.6598,0.1002,-0.0799,0.7404
independent_20260430_165242,trial_001,subject_001,1777539170.635356,1777539170.635356,261962.2449206,11,L_Tibia,459,1,0.9762,9.465,-3.4979,-151.001,-71.4111,-42.2363,102.453,-1.972,-12.7496,0.7759,0.0758,-0.0829,0.6208
independent_20260430_165242,trial_001,subject_001,1777539170.635356,1777539170.635356,261962.2451148,12,L_Foot,469,1,0.201,2.9572,16.4657,-96.8628,17.0898,-69.458,-3.7189,8.0969,-104.3152,-0.0756,0.0177,-0.7887,0.6098
independent_20260430_165242,trial_001,subject_001,1777539170.636361,1777539170.636361,261962.2452941,13,R_Femur,474,1,0.8757,9.2736,-2.7228,33.1421,-22.3999,-5.0659,102.7936,-6.5698,-23.3899,0.7713,0.1231,-0.1701,0.6009
independent_20260430_165242,trial_001,subject_001,1777539170.636361,1777539170.636361,261962.2454767,9,Trunk,448,1,1.1724,9.4842,-1.2681,-1.5869,-16.6016,-0.1221,99.8767,-5.5811,-8.1958,0.7647,0.0234,-0.0831,0.6385
independent_20260430_165242,trial_001,subject_001,1777539170.636361,1777539170.636361,261962.245654,10,L_Femur,440,1,-0.268,8.819,0.5646,-17.7002,-21.1182,3.7842,83.3533,2.3511,-14.9084,0.6572,0.1014,-0.0834,0.7422
independent_20260430_165242,trial_001,subject_001,1777539170.636361,1777539170.636361,261962.2458191,11,L_Tibia,460,1,1.6509,9.3023,-4.1727,-141.2964,-73.3643,-36.6211,100.3326,-1.1975,-13.7164,0.7632,0.085,-0.0845,0.635
independent_20260430_165242,trial_001,subject_001,1777539170.636361,1777539170.636361,261962.2459939,12,L_Foot,470,1,-0.3302,3.4836,16.6763,-128.2959,33.2642,-67.5049,-5.7019,8.476,-105.3809,-0.0888,0.0053,-0.7944,0.6008
independent_20260430_165242,trial_001,subject_001,1777539170.636361,1777539170.636361,261962.246174,13,R_Femur,475,1,0.6316,9.3454,-2.7515,36.6821,-20.9961,-6.1646,103.3649,-6.4215,-23.681,0.7738,0.1267,-0.17,0.5969
independent_20260430_165242,trial_001,subject_001,1777539170.6373618,1777539170.6373618,261962.2463396,14,R_Tibia,236,1,0.5838,9.6229,-2.8807,4.7607,-2.8687,3.6011,103.2166,-6.4545,-158.6591,0.1793,0.7625,-0.6175,0.0714
independent_20260430_165242,trial_001,subject_001,1777539170.6942897,1777539170.6942897,261962.3040469,15,R_Foot,232,1,0.914,1.4021,9.867,-1.2817,-0.1831,-0.1221,8.5419,-5.0372,-95.7349,0.0824,0.0258,-0.741,0.6659
independent_20260430_165242,trial_001,subject_001,1777539170.6942897,1777539170.6942897,261962.3042124,9,Trunk,449,1,1.1676,9.3454,-1.2729,0.2441,-17.4561,-1.0376,99.8767,-5.5151,-8.5309,0.7647,0.026,-0.0845,0.6383
independent_20260430_165242,trial_001,subject_001,1777539170.6942897,1777539170.6942897,261962.3043741,10,L_Femur,441,1,-0.5264,9.1731,0.8948,-19.4092,-29.2358,7.0801,83.0511,2.2083,-15.2985,0.655,0.1025,-0.087,0.7436
independent_20260430_165242,trial_001,subject_001,1777539170.6942897,1777539170.6942897,261962.3045701,11,L_Tibia,461,1,1.6365,9.6756,-2.962,-131.1646,-58.5938,-32.5928,97.6794,-0.3296,-14.848,0.7468,0.0954,-0.0872,0.6524
independent_20260430_165242,trial_001,subject_001,1777539170.6942897,1777539170.6942897,261962.3047492,12,L_Foot,471,1,-1.0336,2.785,10.9532,-121.582,31.0669,-67.9932,-8.432,8.9648,-106.8256,-0.1063,-0.0124,-0.8018,0.588
independent_20260430_165242,trial_001,subject_001,1777539170.7344506,1777539170.7344506,261962.3434653,13,R_Femur,476,1,0.3397,9.3215,-2.5026,37.2925,-21.3013,-7.7515,104.1339,-6.1963,-24.0436,0.7772,0.1315,-0.1695,0.5915
independent_20260430_165242,trial_001,subject_001,1777539170.7344506,1777539170.7344506,261962.3437177,9,Trunk,450,1,0.9905,9.3119,-1.3303,2.0752,-20.0195,-1.1597,99.9152,-5.4602,-8.822,0.7648,0.0283,-0.0858,0.6379
independent_20260430_165242,trial_001,subject_001,1777539170.7344506,1777539170.7344506,261962.3438663,10,L_Femur,442,1,-0.4689,9.4555,1.158,-22.3389,-34.1187,8.2397,82.5952,1.9611,-15.9357,0.6517,0.1042,-0.0929,0.7455
independent_20260430_165242,trial_001,subject_001,1777539170.7344506,1777539170.7344506,261962.3441309,11,L_Tibia,462,1,1.2394,9.4794,-2.2777,-124.5728,-51.5747,-30.8228,95.7953,0.2307,-15.5731,0.7349,0.1019,-0.0894,0.6645
independent_20260430_165242,trial_001,subject_001,1777539170.7344506,1777539170.7344506,261962.3442657,12,L_Foot,472,1,-1.225,2.9189,9.2976,-104.187,23.4985,-69.1528,-10.2063,9.1681,-107.9242,-0.1165,-0.0249,-0.807,0.5784
independent_20260430_165242,trial_001,subject_001,1777539170.735457,1777539170.735457,261962.3444171,13,R_Femur,477,1,0.5934,9.3789,-2.1533,38.7573,-23.4985,-7.9346,104.7437,-6.004,-24.3457,0.7799,0.1355,-0.1691,0.5872
independent_20260430_165242,trial_001,subject_001,1777539170.735457,1777539170.735457,261962.3445545,14,R_Tibia,237,1,1.0192,9.465,-2.0624,4.8218,-5.0659,4.2114,103.4033,-6.5424,-158.8678,0.1784,0.7637,-0.6165,0.0694
independent_20260430_165242,trial_001,subject_001,1777539170.735457,1777539170.735457,261962.3446872,15,R_Foot,233,1,0.8709,1.5025,9.8622,-0.6104,-1.0986,0.4272,8.4869,-5.0702,-95.7239,0.0823,0.0252,-0.741,0.666
independent_20260430_165242,trial_001,subject_001,1777539170.8037984,1777539170.8037984,261962.4131354,9,Trunk,451,1,0.7656,9.3789,-1.4308,1.2207,-23.3154,-2.6245,99.9701,-5.3503,-9.2615,0.765,0.0319,-0.0875,0.6373
independent_20260430_165242,trial_001,subject_001,1777539170.8037984,1777539170.8037984,261962.4132738,10,L_Femur,443,1,-0.1818,9.3071,1.3686,-23.6816,-32.2876,8.606,82.2272,1.7688,-16.4026,0.6491,0.1053,-0.0974,0.7471
independent_20260430_165242,trial_001,subject_001,1777539170.8037984,1777539170.8037984,261962.4134034,11,L_Tibia,463,1,0.7608,9.1636,-2.1916,-115.4785,-50.5371,-27.5269,94.032,0.7251,-16.2927,0.7235,0.1079,-0.092,0.6756
independent_20260430_165242,trial_001,subject_001,1777539170.8037984,1777539170.8037984,261962.4135372,12,L_Foot,473,1,-1.3016,3.4262,9.8957,-97.229,19.165,-70.9229,-11.8488,9.267,-109.0393,-0.1251,-0.0371,-0.8122,0.5686
independent_20260430_165242,trial_001,subject_001,1777539170.8047984,1777539170.8047984,261962.4136565,13,R_Femur,478,1,1.1293,9.6899,-1.7609,32.2266,-23.0103,-5.6763,105.2655,-5.8337,-24.6533,0.782,0.1393,-0.1689,0.5835
independent_20260430_165242,trial_001,subject_001,1777539170.8047984,1777539170.8047984,261962.4137742,9,Trunk,452,1,0.7608,9.3311,-1.3255,0.6714,-25.3296,-3.7231,99.9976,-5.2405,-9.624,0.765,0.0349,-0.0888,0.6369
independent_20260430_165242,trial_001,subject_001,1777539170.8047984,1777539170.8047984,261962.4138958,10,L_Femur,444,1,0.0048,9.0631,1.6365,-23.4375,-32.959,9.5825,81.8536,1.5601,-16.8585,0.6464,0.1062,-0.1019,0.7486
independent_20260430_165242,trial_001,subject_001,1777539170.8047984,1777539170.8047984,261962.4140588,11,L_Tibia,464,1,0.2728,9.0344,-2.2729,-102.7832,-59.2651,-21.2402,91.8951,1.2469,-17.3914,0.7093,0.1161,-0.0974,0.6885
independent_20260430_165242,trial_001,subject_001,1777539170.8047984,1777539170.8047984,261962.4142567,12,L_Foot,474,1,-1.4212,3.3592,9.154,-84.7168,13.0005,-74.585,-13.8593,9.234,-110.5664,-0.1342,-0.0533,-0.8189,0.5555
independent_20260430_165242,trial_001,subject_001,1777539170.8047984,1777539170.8047984,261962.4144143,13,R_Femur,479,1,1.4643,9.4411,-1.7083,32.3486,-21.8506,-3.1128,105.9412,-5.658,-25.0543,0.7848,0.1439,-0.1689,0.5786
independent_20260430_165242,trial_001,subject_001,1777539170.8047984,1777539170.8047984,261962.4145691,14,R_Tibia,238,1,0.9044,9.221,-1.627,10.7422,-6.6528,3.7842,103.7054,-6.6083,-159.0601,0.1777,0.7656,-0.6146,0.0675
independent_20260430_165242,trial_001,subject_001,1777539170.8047984,1777539170.8047984,261962.4147011,15,R_Foot,234,1,1.0001,1.493,9.7952,0.061,-0.4883,-0.4272,8.4705,-5.0977,-95.7294,0.0824,0.025,-0.741,0.666
independent_20260430_165242,trial_001,subject_001,1777539170.8047984,1777539170.8047984,261962.414863,9,Trunk,453,1,0.847,9.2545,-1.1867,0.6714,-26.2451,-4.0894,100.025,-5.1251,-10.0031,0.765,0.0381,-0.0901,0.6365
independent_20260430_165242,trial_001,subject_001,1777539170.8047984,1777539170.8047984,261962.414993,10,L_Femur,445,1,-0.134,9.02,1.9141,-21.0571,-40.3442,10.6812,81.3977,1.2415,-17.5726,0.6431,0.1077,-0.1088,0.7503
independent_20260430_165242,trial_001,subject_001,1777539170.8047984,1777539170.8047984,261962.4151312,11,L_Tibia,465,1,0.067,9.0104,-2.0002,-93.75,-66.5894,-15.3809,90.4395,1.5216,-18.3636,0.6992,0.1225,-0.1031,0.6968
independent_20260430_165242,trial_001,subject_001,1777539170.8063045,1777539170.8063045,261962.4152928,12,L_Foot,475,1,-1.2872,3.1008,8.3214,-68.7866,5.0659,-76.1108,-15.1117,9.0472,-111.7145,-0.1383,-0.0646,-0.8237,0.5461
independent_20260430_165242,trial_001,subject_001,1777539170.8063045,1777539170.8063045,261962.4154413,13,R_Femur,480,1,1.2681,9.465,-1.6892,30.3955,-19.8975,-2.8687,106.4246,-5.5426,-25.3345,0.7868,0.1472,-0.1689,0.5751
independent_20260430_165242,trial_001,subject_001,1777539170.8063045,1777539170.8063045,261962.4155917,9,Trunk,454,1,0.9762,9.3454,-1.2106,2.6245,-27.5269,-4.2725,100.0909,-4.9603,-10.5249,0.7652,0.0426,-0.0919,0.6358
independent_20260430_165242,trial_001,subject_001,1777539170.8063045,1777539170.8063045,261962.4157535,10,L_Femur,446,1,-0.2728,9.1396,1.9571,-19.4092,-43.1519,10.376,81.0901,0.9833,-18.1769,0.6408,0.1091,-0.1145,0.7512
independent_20260430_165242,trial_001,subject_001,1777539170.8063045,1777539170.8063045,261962.415903,11,L_Tibia,466,1,0.0574,8.2831,-1.8375,-76.4771,-73.7305,-6.0425,88.7805,1.6919,-19.7699,0.6873,0.1305,-0.1125,0.7057
independent_20260430_165242,trial_001,subject_001,1777539170.8063045,1777539170.8063045,261962.4160509,12,L_Foot,476,1,-0.6604,4.1583,10.8814,-68.9087,9.7656,-76.5991,-16.6718,8.7671,-113.2471,-0.1427,-0.0791,-0.8299,0.5335
independent_20260430_165242,trial_001,subject_001,1777539170.8073144,1777539170.8073144,261962.4161959,13,R_Femur,481,1,1.0767,9.7856,-1.3494,24.0479,-19.4702,-2.2583,106.9739,-5.3943,-25.6805,0.789,0.1511,-0.169,0.5711
independent_20260430_165242,trial_001,subject_001,1777539170.8073144,1777539170.8073144,261962.416337,14,R_Tibia,239,1,0.8087,9.1731,-1.5312,16.7236,-8.5449,3.9673,104.1504,-6.6522,-159.3127,0.1765,0.7683,-0.6118,0.0651
independent_20260430_165242,trial_001,subject_001,1777539170.8073144,1777539170.8073144,261962.4164928,15,R_Foot,235,1,0.8518,1.6604,9.8622,0.9766,-0.9766,-0.3662,8.476,-5.1086,-95.7074,0.0825,0.0249,-0.7409,0.6661
independent_20260430_165242,trial_001,subject_001,1777539170.8073144,1777539170.8073144,261962.4166256,9,Trunk,455,1,0.9666,9.6325,-1.2394,0.7324,-28.9307,-4.7607,100.1294,-4.823,-10.9424,0.7652,0.0462,-0.0933,0.6354
independent_20260430_165242,trial_001,subject_001,1777539170.8073144,1777539170.8073144,261962.4167252,10,L_Femur,447,1,-0.4163,9.2306,2.0146,-18.9209,-44.9219,8.9722,80.7935,0.7416,-18.8086,0.6385,0.1108,-0.1203,0.752
independent_20260430_165242,trial_001,subject_001,1777539170.8073144,1777539170.8073144,261962.4168167,11,L_Tibia,467,1,0.4833,7.8477,-2.182,-61.7676,-78.8574,0.9155,87.7753,1.6699,-20.9399,0.6797,0.1363,-0.121,0.7105
independent_20260430_165242,trial_001,subject_001,1777539170.8073144,1777539170.8073144,261962.4169071,12,L_Foot,477,1,-0.4689,4.0865,9.666,-71.4722,15.0146,-78.064,-17.9132,8.6298,-114.4446,-0.1465,-0.0903,-0.8345,0.5234
independent_20260430_165242,trial_001,subject_001,1777539170.8073144,1777539170.8073144,261962.4169981,13,R_Femur,482,1,1.359,9.733,-1.2106,19.4092,-21.0571,0.061,107.2925,-5.3064,-25.9717,0.7901,0.154,-0.1694,0.5686
independent_20260430_165242,trial_001,subject_001,1777539170.8073144,1777539170.8073144,261962.4170882,9,Trunk,456,1,1.0001,9.7761,-1.1006,-2.6245,-28.9917,-5.5542,100.1184,-4.6747,-11.3599,0.7649,0.0498,-0.0946,0.6352
independent_20260430_165242,trial_001,subject_001,1777539170.8083103,1777539170.8083103,261962.4171774,10,L_Femur,448,1,-0.3972,8.9961,2.1007,-17.0288,-46.3257,7.3853,80.4254,0.434,-19.6875,0.6356,0.1132,-0.1281,0.7528
independent_20260430_165242,trial_001,subject_001,1777539170.8083103,1777539170.8083103,261962.4172853,11,L_Tibia,468,1,0.5503,7.7759,-1.6509,-47.9126,-71.9604,6.7749,86.9897,1.5436,-22.0386,0.6737,0.1411,-0.1295,0.7138
independent_20260430_165242,trial_001,subject_001,1777539170.8083103,1777539170.8083103,261962.4174042,12,L_Foot,478,1,-0.3254,3.6559,6.8763,-56.1523,14.2822,-79.895,-18.9789,8.4595,-115.6641,-0.1491,-0.1004,-0.8391,0.5134
independent_20260430_165242,trial_001,subject_001,1777539170.8337896,1777539170.8337896,261962.4434426,13,R_Femur,483,1,1.3446,9.0774,-2.0146,28.2593,-27.3438,-0.6104,107.71,-5.1965,-26.3397,0.7916,0.1578,-0.1699,0.5654
independent_20260430_165242,trial_001,subject_001,1777539170.8337896,1777539170.8337896,261962.4436009,14,R_Tibia,240,1,1.1006,9.4459,-2.2155,20.9961,-9.0942,2.2583,104.903,-6.6632,-159.6204,0.1749,0.7727,-0.607,0.0623
independent_20260430_165242,trial_001,subject_001,1777539170.8347907,1777539170.8347907,261962.4438169,15,R_Foot,236,1,1.0049,1.5169,9.6995,3.54,-0.5493,-1.2817,8.5199,-5.1141,-95.7239,0.0828,0.0252,-0.741,0.6659
independent_20260430_165242,trial_001,subject_001,1777539170.874313,1777539170.874313,261962.4838718,9,Trunk,457,1,1.1867,9.7761,-0.9188,-7.3242,-26.3672,-6.4697,100.014,-4.4714,-11.8762,0.764,0.0543,-0.0962,0.6357
independent_20260430_165242,trial_001,subject_001,1777539170.874313,1777539170.874313,261962.4840939,10,L_Femur,449,1,-0.1723,8.8525,2.1868,-14.4653,-44.1895,6.1646,80.2002,0.2252,-20.3247,0.6338,0.1151,-0.1337,0.7531
independent_20260430_165242,trial_001,subject_001,1777539170.875313,1777539170.875313,261962.4842934,11,L_Tibia,469,1,0.5551,7.5988,-1.5073,-28.3203,-67.1387,13.855,86.2811,1.236,-23.3734,0.668,0.1462,-0.1406,0.716
independent_20260430_165242,trial_001,subject_001,1777539170.875313,1777539170.875313,261962.4844887,12,L_Foot,479,1,-0.0574,4.1009,6.972,-33.02,2.6245,-79.7119,-19.9677,8.053,-117.2406,-0.1491,-0.1116,-0.8451,0.5012
independent_20260430_165242,trial_001,subject_001,1777539170.875313,1777539170.875313,261962.4846774,13,R_Femur,484,1,0.7896,8.7233,-3.0673,35.4614,-28.0762,-3.0518,108.4351,-4.9878,-26.8726,0.7942,0.1636,-0.1701,0.56
independent_20260430_165242,trial_001,subject_001,1777539170.875313,1777539170.875313,261962.4848659,9,Trunk,458,1,1.2154,9.6373,-0.8709,-11.2915,-26.7944,-6.1646,99.8712,-4.3176,-12.2552,0.763,0.0575,-0.0973,0.6364
independent_20260430_165242,trial_001,subject_001,1777539170.875313,1777539170.875313,261962.4850721,10,L_Femur,450,1,0.0526,9.1205,2.3304,-18.3105,-39.7949,2.6855,79.8596,0.011,-21.1102,0.631,0.1176,-0.1404,0.7539
independent_20260430_165242,trial_001,subject_001,1777539170.8763118,1777539170.8763118,261962.4852638,11,L_Tibia,470,1,0.5503,7.4074,-1.7609,-11.1084,-64.1479,17.9443,86.0504,0.9174,-24.3237,0.6658,0.1495,-0.1487,0.7158
independent_20260430_165242,trial_001,subject_001,1777539170.8763118,1777539170.8763118,261962.4854573,12,L_Foot,480,1,0.4929,4.2205,7.0485,-19.7754,-12.2681,-74.4019,-20.4346,7.5366,-118.2733,-0.1463,-0.1188,-0.8489,0.4938
independent_20260430_165242,trial_001,subject_001,1777539170.8763118,1777539170.8763118,261962.485592,13,R_Femur,485,1,0.6699,8.6276,-3.1391,42.1143,-24.8413,-5.0049,109.0558,-4.812,-27.2076,0.7966,0.1677,-0.1696,0.5555
independent_20260430_165242,trial_001,subject_001,1777539170.8763118,1777539170.8763118,261962.4857184,14,R_Tibia,241,1,0.7752,9.1157,-2.852,22.7051,-8.5449,2.9297,105.7324,-6.6632,-159.9554,0.1731,0.7776,-0.6015,0.0593
independent_20260430_165242,trial_001,subject_001,1777539170.8763118,1777539170.8763118,261962.4858204,15,R_Foot,237,1,0.8757,1.6987,9.8431,1.8921,-0.5493,-0.6104,8.5913,-5.1251,-95.7513,0.0833,0.0256,-0.7411,0.6657
independent_20260430_165242,trial_001,subject_001,1777539170.8763118,1777539170.8763118,261962.4859194,9,Trunk,459,1,1.2154,9.3502,-0.6556,-12.8784,-28.1982,-6.6528,99.635,-4.1089,-12.7826,0.7613,0.062,-0.099,0.6378
independent_20260430_165242,trial_001,subject_001,1777539170.8763118,1777539170.8763118,261962.4860178,10,L_Femur,451,1,0.0335,9.0918,2.4021,-19.165,-37.4756,-0.8545,79.5685,-0.0824,-21.665,0.6286,0.1197,-0.1449,0.7547
independent_20260430_165242,trial_001,subject_001,1777539170.8763118,1777539170.8763118,261962.4861147,11,L_Tibia,471,1,0.6173,7.2878,-1.5025,6.7139,-56.2744,19.3481,86.0944,0.5768,-25.1697,0.6654,0.1523,-0.1559,0.714
independent_20260430_165242,trial_001,subject_001,1777539170.8773112,1777539170.8773112,261962.4862348,12,L_Foot,481,1,1.4116,3.8377,6.2973,-1.6479,-22.8271,-62.1948,-20.6104,6.8994,-119.0863,-0.1415,-0.1239,-0.852,0.4885
independent_20260430_165242,trial_001,subject_001,1777539170.8773112,1777539170.8773112,261962.4863603,13,R_Femur,486,1,0.7561,8.9147,-2.8137,45.2271,-24.1089,-6.7749,109.7534,-4.6143,-27.5153,0.7993,0.1719,-0.1687,0.5505
independent_20260430_165242,trial_001,subject_001,1777539170.8773112,1777539170.8773112,261962.4864585,9,Trunk,460,1,1.1819,9.2593,-0.5312,-12.7563,-28.9307,-7.8735,99.4537,-3.9331,-13.1946,0.76,0.0656,-0.1002,0.6388
independent_20260430_165242,trial_001,subject_001,1777539170.8773112,1777539170.8773112,261962.4865539,10,L_Femur,452,1,0.1627,8.9578,2.4069,-17.7002,-35.4614,-4.3335,79.2938,-0.1318,-22.1979,0.6263,0.122,-0.1489,0.7554
independent_20260430_165242,trial_001,subject_001,1777539170.8773112,1777539170.8773112,261962.4866507,12,L_Foot,482,1,1.7896,3.9047,7.685,16.4185,-28.8696,-37.1094,-20.4236,6.0699,-119.7345,-0.1339,-0.127,-0.8547,0.4852
independent_20260430_165242,trial_001,subject_001,1777539170.8773112,1777539170.8773112,261962.4868006,13,R_Femur,487,1,0.89,9.1875,-2.2538,45.8374,-25.9399,-5.3711,110.6763,-4.3396,-27.9492,0.8028,0.1776,-0.1675,0.544
independent_20260430_165242,trial_001,subject_001,1777539170.8773112,1777539170.8773112,261962.4870022,14,R_Tibia,242,1,0.8757,9.1157,-2.3399,26.5503,-8.7891,1.709,106.6223,-6.6412,-160.2191,0.1716,0.7827,-0.5956,0.0567
independent_20260430_165242,trial_001,subject_001,1777539170.8783126,1777539170.8783126,261962.4871921,15,R_Foot,238,1,0.8757,1.7227,9.8383,1.709,-0.8545,-0.7324,8.6407,-5.1471,-95.7733,0.0837,0.0258,-0.7412,0.6655
independent_20260430_165242,trial_001,subject_001,1777539170.944421,1777539170.944421,261962.5533916,10,L_Femur,453,1,0.8422,8.6563,2.6558,-8.3008,-22.522,-9.0332,79.0686,-0.0769,-22.7417,0.6241,0.125,-0.1525,0.756
independent_20260430_165242,trial_001,subject_001,1777539170.944421,1777539170.944421,261962.5536475,11,L_Tibia,472,1,0.5742,7.2734,-2.0098,43.335,-38.147,18.6768,87.1381,-0.1538,-26.6473,0.6709,0.1579,-0.1679,0.7048
independent_20260430_165242,trial_001,subject_001,1777539170.944421,1777539170.944421,261962.5538738,12,L_Foot,483,1,2.517,2.2442,7.4218,40.1611,-36.5601,-0.2441,-19.9237,5.5536,-119.7125,-0.128,-0.1255,-0.8549,0.4868
independent_20260430_165242,trial_001,subject_001,1777539170.944421,1777539170.944421,261962.5540985,13,R_Femur,488,1,0.7704,9.0631,-2.1868,49.3774,-29.4189,-5.0049,111.4233,-4.1254,-28.3228,0.8055,0.1823,-0.1666,0.5386
independent_20260430_165242,trial_001,subject_001,1777539170.9454203,1777539170.9454203,261962.5543081,9,Trunk,461,1,1.2298,9.4124,-0.2105,-12.4512,-28.2593,-8.9111,99.0253,-3.4937,-14.1284,0.7569,0.0738,-0.1028,0.6412
independent_20260430_165242,trial_001,subject_001,1777539170.9454203,1777539170.9454203,261962.5544644,10,L_Femur,454,1,1.1484,8.6611,2.8567,0.4272,-10.9253,-11.7188,79.0466,0.0439,-22.9504,0.6236,0.1269,-0.1532,0.756
independent_20260430_165242,trial_001,subject_001,1777539170.9454203,1777539170.9454203,261962.5545943,11,L_Tibia,473,1,0.2249,7.7472,-2.3256,63.2324,-30.9448,17.2729,88.3026,-0.5273,-27.2955,0.6777,0.1611,-0.1724,0.6965
independent_20260430_165242,trial_001,subject_001,1777539170.9454203,1777539170.9454203,261962.5547446,12,L_Foot,484,1,0.6843,-2.4452,6.2638,71.5332,-52.6123,39.2456,-18.3911,4.8999,-118.7457,-0.1176,-0.1159,-0.8521,0.4966
independent_20260430_165242,trial_001,subject_001,1777539170.9454203,1777539170.9454203,261962.5548803,13,R_Femur,489,1,0.7752,9.2784,-2.2442,51.9409,-30.5176,-5.7373,112.4725,-3.8123,-28.8446,0.8093,0.189,-0.1651,0.5311
independent_20260430_165242,trial_001,subject_001,1777539170.9454203,1777539170.9454203,261962.5550354,14,R_Tibia,243,1,0.7465,9.2497,-2.1725,32.1045,-13.3057,2.0752,107.5671,-6.5808,-160.5707,0.1693,0.7882,-0.5892,0.0539
independent_20260430_165242,trial_001,subject_001,1777539170.9454203,1777539170.9454203,261962.5551858,15,R_Foot,239,1,0.9379,1.56,9.7569,4.9438,-0.9766,-0.7935,8.7616,-5.1855,-95.8008,0.0846,0.0264,-0.7414,0.6652
independent_20260430_165242,trial_001,subject_001,1777539170.9464202,1777539170.9464202,261962.5553123,9,Trunk,462,1,1.2106,9.733,-0.2393,-12.0239,-29.4189,-8.8501,98.855,-3.3014,-14.5404,0.7555,0.0775,-0.104,0.6421
independent_20260430_165242,trial_001,subject_001,1777539170.9464202,1777539170.9464202,261962.5555071,10,L_Femur,455,1,1.3446,8.819,2.5026,6.2256,-1.77,-16.9067,79.1235,0.2692,-23.0438,0.6237,0.129,-0.1525,0.7557
independent_20260430_165242,trial_001,subject_001,1777539170.9464202,1777539170.9464202,261962.5556364,11,L_Tibia,474,1,0.3732,8.2257,-2.206,72.6318,-18.1274,13.9771,89.3738,-0.7471,-27.6141,0.684,0.1633,-0.1741,0.6893
independent_20260430_165242,trial_001,subject_001,1777539170.9464202,1777539170.9464202,261962.5557562,12,L_Foot,485,1,1.7322,-3.6606,7.0725,91.98,-47.6074,44.3115,-16.9794,4.3286,-117.8723,-0.1081,-0.1071,-0.8495,0.5052
independent_20260430_165242,trial_001,subject_001,1777539170.9464202,1777539170.9464202,261962.5558732,13,R_Femur,490,1,1.1819,9.5225,-2.1772,52.002,-28.0762,-5.249,113.2635,-3.587,-29.2072,0.8121,0.1938,-0.1639,0.5254
independent_20260430_165242,trial_001,subject_001,1777539171.003806,1777539171.003806,261962.6132524,9,Trunk,463,1,1.0767,10.0871,-0.2488,-13.6108,-31.0669,-8.4839,98.6682,-3.1146,-14.9799,0.7541,0.0813,-0.1054,0.6432
independent_20260430_165242,trial_001,subject_001,1777539171.003806,1777539171.003806,261962.6134002,10,L_Femur,456,1,1.3829,8.7042,1.6413,16.8457,6.5308,-23.1323,79.3982,0.7031,-23.0273,0.6249,0.1321,-0.1497,0.7547
independent_20260430_165242,trial_001,subject_001,1777539171.003806,1777539171.003806,261962.6135283,11,L_Tibia,475,1,0.9953,9.3837,-1.1724,69.397,1.6479,7.6904,90.4285,-0.8789,-27.6416,0.6905,0.1643,-0.1736,0.6827
independent_20260430_165242,trial_001,subject_001,1777539171.0048065,1777539171.0048065,261962.6136624,12,L_Foot,486,1,1.2537,-2.072,8.3597,96.0693,4.2114,36.3159,-15.4797,4.411,-117.2955,-0.1026,-0.0951,-0.8483,0.5108
independent_20260430_165242,trial_001,subject_001,1777539171.0048065,1777539171.0048065,261962.6138054,13,R_Femur,491,1,1.56,9.5512,-2.1725,53.3447,-27.2827,-4.0894,114.071,-3.3728,-29.5532,0.815,0.1984,-0.1626,0.5196
independent_20260430_165242,trial_001,subject_001,1777539171.0048065,1777539171.0048065,261962.6139391,14,R_Tibia,244,1,1.1293,9.422,-2.0672,41.5649,-19.165,0.061,108.9734,-6.4105,-161.142,0.1652,0.7964,-0.5796,0.0501
independent_20260430_165242,trial_001,subject_001,1777539171.0048065,1777539171.0048065,261962.614084,15,R_Foot,240,1,0.9044,1.4403,9.8239,8.606,-1.2817,-0.9155,8.9648,-5.2295,-95.8282,0.0861,0.0275,-0.7415,0.6649
independent_20260430_165242,trial_001,subject_001,1777539171.0048065,1777539171.0048065,261962.6142232,9,Trunk,464,1,0.9331,10.2354,-0.268,-17.7002,-32.1045,-7.6294,98.3441,-2.8729,-15.5896,0.7517,0.0864,-0.1074,0.645
independent_20260430_165242,trial_001,subject_001,1777539171.0048065,1777539171.0048065,261962.6143572,10,L_Femur,457,1,1.4451,9.0583,1.4212,8.8501,13.3057,-28.0151,79.5685,1.1371,-22.9175,0.6256,0.1346,-0.1464,0.7544
independent_20260430_165242,trial_001,subject_001,1777539171.0048065,1777539171.0048065,261962.6144767,11,L_Tibia,476,1,1.5169,11.5131,1.1149,54.7485,-5.7983,2.5635,91.4722,-0.9613,-27.5977,0.6968,0.1651,-0.1723,0.6764
independent_20260430_165242,trial_001,subject_001,1777539171.0048065,1777539171.0048065,261962.6146024,12,L_Foot,487,1,-8.4362,-3.9573,6.2207,113.3423,-99.3652,25.5127,-13.2715,3.4607,-116.5045,-0.0863,-0.0824,-0.8461,0.5195
independent_20260430_165242,trial_001,subject_001,1777539171.0058072,1777539171.0058072,261962.6147298,13,R_Femur,492,1,1.7274,9.2784,-2.5361,52.4292,-30.2734,-2.3193,115.1532,-3.0817,-30.0586,0.8187,0.2049,-0.1609,0.5118
independent_20260430_165242,trial_001,subject_001,1777539171.0058072,1777539171.0058072,261962.6148566,9,Trunk,465,1,1.0384,10.1685,-0.3637,-18.8599,-30.2734,-5.4321,98.0695,-2.7301,-16.0345,0.7497,0.0898,-0.1092,0.6465
independent_20260430_165242,trial_001,subject_001,1777539171.0058072,1777539171.0058072,261962.6149739,10,L_Femur,458,1,0.8853,8.1491,0.5407,39.3677,46.7529,-18.4326,80.0299,1.7139,-22.2748,0.6286,0.1354,-0.1385,0.7532
independent_20260430_165242,trial_001,subject_001,1777539171.0058072,1777539171.0058072,261962.6150906,11,L_Tibia,477,1,2.048,13.8578,4.4311,16.1743,102.9053,-29.9683,91.7853,-0.5933,-26.4771,0.6998,0.1609,-0.163,0.6766
independent_20260430_165242,trial_001,subject_001,1777539171.0058072,1777539171.0058072,261962.6152172,12,L_Foot,488,1,-4.5698,-3.3783,8.1061,129.5776,-35.1562,-8.667,-11.3434,2.7081,-116.3672,-0.0721,-0.0716,-0.8466,0.5225
independent_20260430_165242,trial_001,subject_001,1777539171.0058072,1777539171.0058072,261962.6153461,13,R_Femur,493,1,1.6317,9.154,-2.7419,55.481,-32.7148,-2.4414,115.9937,-2.851,-30.4761,0.8214,0.2101,-0.1596,0.5056
independent_20260430_165242,trial_001,subject_001,1777539171.0058072,1777539171.0058072,261962.6154701,14,R_Tibia,245,1,1.3159,9.4459,-2.3495,52.7954,-24.6582,-2.1362,110.7532,-6.0974,-161.8341,0.1596,0.8067,-0.5672,0.0464
independent_20260430_165242,trial_001,subject_001,1777539171.0058072,1777539171.0058072,261962.6155959,15,R_Foot,241,1,1.091,1.5695,9.8574,10.8032,0.1831,-1.77,9.3054,-5.235,-95.8722,0.0881,0.0297,-0.7417,0.6643
independent_20260430_165242,trial_001,subject_001,1777539171.0068085,1777539171.0068085,261962.6157252,9,Trunk,466,1,1.5169,10.0249,-0.7273,-13.7329,-23.2544,-2.5635,97.7618,-2.6038,-16.5344,0.7475,0.0935,-0.1115,0.6482
independent_20260430_165242,trial_001,subject_001,1777539171.0068085,1777539171.0068085,261962.6158494,10,L_Femur,459,1,1.1149,9.6756,-1.1532,54.9927,42.6025,-10.9253,80.8868,2.005,-21.6211,0.6346,0.1347,-0.1316,0.7496
independent_20260430_165242,trial_001,subject_001,1777539171.0068085,1777539171.0068085,261962.615967,11,L_Tibia,478,1,-0.4067,13.0396,4.9287,-15.625,59.3872,-35.5835,91.5491,0.0385,-25.4553,0.6989,0.1581,-0.1534,0.6804
independent_20260430_165242,trial_001,subject_001,1777539171.0068085,1777539171.0068085,261962.6160935,13,R_Femur,494,1,1.5217,9.2019,-2.7084,59.3262,-31.6162,-0.6714,116.8561,-2.6367,-30.8936,0.8242,0.2152,-0.1583,0.4993
independent_20260430_165242,trial_001,subject_001,1777539171.0068085,1777539171.0068085,261962.6162689,9,Trunk,467,1,2.0098,9.9627,-1.1867,-11.0474,-14.8315,-1.709,97.5861,-2.5543,-16.7816,0.7462,0.0952,-0.1127,0.6491
independent_20260430_165242,trial_001,subject_001,1777539171.0068085,1777539171.0068085,261962.6164397,11,L_Tibia,479,1,-0.8518,9.2354,-0.1771,42.9688,-6.8359,10.7422,92.2632,0.0989,-25.2686,0.7033,0.1583,-0.151,0.6764
independent_20260430_165242,trial_001,subject_001,1777539171.0068085,1777539171.0068085,261962.6165592,12,L_Foot,489,1,5.2493,1.7657,14.5995,118.5303,2.2583,6.2866,-6.6302,1.8347,-116.3232,-0.0441,-0.0407,-0.8485,0.5258
independent_20260430_165242,trial_001,subject_001,1777539171.0078099,1777539171.0078099,261962.616695,13,R_Femur,495,1,1.3159,9.9483,-3.0481,43.0298,-30.2734,1.4648,117.8943,-2.3895,-31.4154,0.8274,0.2215,-0.1568,0.4916
independent_20260430_165242,trial_001,subject_001,1777539171.0078099,1777539171.0078099,261962.616805,14,R_Tibia,246,1,0.9092,9.8144,-2.4596,60.8521,-33.6914,-5.0659,112.89,-5.5371,-162.8339,0.1506,0.8191,-0.5519,0.0426
independent_20260430_165242,trial_001,subject_001,1777539171.0078099,1777539171.0078099,261962.6169293,15,R_Foot,242,1,1.1006,1.2776,9.7569,16.4185,2.4414,-2.9907,9.7888,-5.1636,-95.9491,0.0904,0.0333,-0.742,0.6635
independent_20260430_165242,trial_001,subject_001,1777539171.0550034,1777539171.0550034,261962.6640488,9,Trunk,468,1,2.2634,9.8239,-1.3973,-10.6201,-5.9204,-1.5259,97.4158,-2.5269,-16.8915,0.7452,0.0959,-0.1133,0.6501
independent_20260430_165242,trial_001,subject_001,1777539171.0550034,1777539171.0550034,261962.6641976,10,L_Femur,460,1,-3.4597,12.7189,6.6514,-6.2256,-92.6514,-5.3101,80.8594,1.9885,-23.2526,0.6325,0.1436,-0.1424,0.7477
independent_20260430_165242,trial_001,subject_001,1777539171.0550034,1777539171.0550034,261962.6643279,11,L_Tibia,480,1,0.6508,9.6899,-1.7227,48.9502,-79.1626,15.3809,92.8784,-0.1593,-26.2958,0.7059,0.1639,-0.1577,0.6708
independent_20260430_165242,trial_001,subject_001,1777539171.0550034,1777539171.0550034,261962.6644529,12,L_Foot,490,1,4.9048,0.9331,14.1162,112.4878,23.5596,14.5874,-4.9164,2.1533,-116.1639,-0.0386,-0.0265,-0.8483,0.5274
independent_20260430_165242,trial_001,subject_001,1777539171.0550034,1777539171.0550034,261962.6645767,13,R_Femur,496,1,1.2633,10.1254,-3.4549,29.48,-34.0576,-1.3428,118.4161,-2.1478,-31.8439,0.8286,0.2264,-0.1559,0.4878
independent_20260430_165242,trial_001,subject_001,1777539171.0550034,1777539171.0550034,261962.6647313,9,Trunk,469,1,1.8566,9.7761,-1.292,-3.1738,5.249,-0.7324,97.2784,-2.5214,-16.842,0.7444,0.0955,-0.1131,0.6511
independent_20260430_165242,trial_001,subject_001,1777539171.0560093,1777539171.0560093,261962.6649596,10,L_Femur,461,1,-0.8948,12.0203,5.8092,-1.9531,-93.75,1.5869,80.7825,1.7523,-24.6588,0.6305,0.1497,-0.1529,0.7461
independent_20260430_165242,trial_001,subject_001,1777539171.0560093,1777539171.0560093,261962.6651427,11,L_Tibia,481,1,2.9285,10.7427,-0.2871,60.4248,-39.917,8.9111,94.054,-0.3131,-27.3944,0.7113,0.1714,-0.1634,0.6618
independent_20260430_165242,trial_001,subject_001,1777539171.0560093,1777539171.0560093,261962.6653358,12,L_Foot,491,1,-1.6748,1.7849,15.0589,81.1768,35.4614,7.5684,-3.0872,2.818,-116.0156,-0.0351,-0.0098,-0.8479,0.5289
independent_20260430_165242,trial_001,subject_001,1777539171.0645254,1777539171.0645254,261962.6734266,13,R_Femur,497,1,0.8996,9.4076,-4.1487,18.1274,-32.7759,-4.2725,118.7842,-1.7633,-32.3987,0.8286,0.2326,-0.1547,0.4852
independent_20260430_165242,trial_001,subject_001,1777539171.0645254,1777539171.0645254,261962.6735836,14,R_Tibia,247,1,0.6938,9.6899,-2.9716,65.0635,-24.0479,-9.3994,114.8511,-4.9768,-163.4821,0.1441,0.8298,-0.5376,0.0411
independent_20260430_165242,trial_001,subject_001,1777539171.0645254,1777539171.0645254,261962.6737212,15,R_Foot,243,1,0.9953,1.0145,9.9531,22.8882,2.3804,-3.1738,10.4865,-5.0537,-96.026,0.0937,0.0385,-0.7422,0.6625
independent_20260430_165242,trial_001,subject_001,1777539171.0645254,1777539171.0645254,261962.6738684,9,Trunk,470,1,1.4786,10.1302,-1.3973,2.1362,10.3149,0.1831,97.2729,-2.5488,-16.7047,0.7445,0.0945,-0.1125,0.6512
independent_20260430_165242,trial_001,subject_001,1777539171.0645254,1777539171.0645254,261962.6739824,10,L_Femur,462,1,2.1964,11.1494,2.9907,-3.3569,-63.3545,2.6855,80.7001,1.5436,-25.6805,0.6289,0.1539,-0.1608,0.7449
independent_20260430_165242,trial_001,subject_001,1777539171.0645254,1777539171.0645254,261962.6740822,11,L_Tibia,482,1,1.5456,10.8623,-0.4689,59.5703,-32.4097,3.418,94.9603,-0.3351,-27.8943,0.7158,0.1757,-0.165,0.6554
independent_20260430_165242,trial_001,subject_001,1777539171.0645254,1777539171.0645254,261962.6741784,12,L_Foot,492,1,-3.2874,2.0433,14.7526,67.3828,37.9639,3.2349,-2.0215,3.3838,-115.9827,-0.0344,0.0007,-0.8477,0.5293
independent_20260430_165242,trial_001,subject_001,1777539171.0645254,1777539171.0645254,261962.6742733,13,R_Femur,498,1,0.7561,9.7234,-4.6847,11.6577,-21.2402,-9.3994,118.9874,-1.4886,-32.6459,0.8286,0.2358,-0.1534,0.484
independent_20260430_165242,trial_001,subject_001,1777539171.0645254,1777539171.0645254,261962.6743693,9,Trunk,471,1,0.8853,10.7235,-1.4978,2.8687,7.2632,1.709,97.2949,-2.5928,-16.5839,0.7448,0.0934,-0.1121,0.6512
independent_20260430_165242,trial_001,subject_001,1777539171.0655246,1777539171.0655246,261962.6744783,10,L_Femur,463,1,2.2777,8.6611,-1.1963,21.3013,-30.3345,-8.9111,80.9583,1.5161,-26.4551,0.6296,0.1583,-0.1657,0.7424
independent_20260430_165242,trial_001,subject_001,1777539171.0655246,1777539171.0655246,261962.6745811,11,L_Tibia,483,1,-0.5934,10.647,-1.7944,51.5747,-39.917,-10.376,95.7623,-0.2032,-28.4436,0.7193,0.1811,-0.166,0.6498
independent_20260430_165242,trial_001,subject_001,1777539171.0655246,1777539171.0655246,261962.6747471,12,L_Foot,493,1,0.2297,-0.5024,13.2501,61.5845,29.7852,7.1411,-1.0876,3.9111,-115.9167,-0.034,0.0101,-0.8473,0.5299
independent_20260430_165242,trial_001,subject_001,1777539171.0655246,1777539171.0655246,261962.6749256,13,R_Femur,499,1,1.0288,10.1828,-4.7182,6.897,-10.9863,-12.085,119.0643,-1.2579,-32.7338,0.8285,0.2375,-0.152,0.4838
independent_20260430_165242,trial_001,subject_001,1777539171.0655246,1777539171.0655246,261962.6751146,14,R_Tibia,248,1,0.0431,10.0823,-3.5027,70.6787,-20.1416,-9.7046,117.2791,-4.3231,-163.9709,0.1384,0.8422,-0.5195,0.0406
independent_20260430_165242,trial_001,subject_001,1777539171.0655246,1777539171.0655246,261962.6752527,15,R_Foot,244,1,0.914,1.4308,10.0632,31.0059,-0.4883,-3.418,11.3379,-4.9933,-96.1084,0.0982,0.0444,-0.7423,0.6613
independent_20260430_165242,trial_001,subject_001,1777539171.0655246,1777539171.0655246,261962.6753574,9,Trunk,472,1,-0.0813,11.2547,-1.6748,-3.418,-2.2583,2.4414,97.2455,-2.6587,-16.5839,0.7445,0.093,-0.1125,0.6514
independent_20260430_165242,trial_001,subject_001,1777539171.0937574,1777539171.0937574,261962.7034321,10,L_Femur,464,1,0.4785,7.8524,-2.3543,24.9634,-8.1787,-18.4937,81.3208,1.7358,-26.6693,0.6313,0.1614,-0.1653,0.7403
independent_20260430_165242,trial_001,subject_001,1777539171.0937574,1777539171.0937574,261962.7035522,11,L_Tibia,484,1,-2.694,7.9864,-4.8665,53.9551,-84.4727,10.1318,96.7896,-0.1923,-29.696,0.7231,0.1905,-0.1714,0.6415
independent_20260430_165242,trial_001,subject_001,1777539171.0947607,1777539171.0947607,261962.7036635,12,L_Foot,494,1,-3.608,2.5457,13.8004,26.4893,13.2446,2.3193,-0.2142,4.389,-115.8014,-0.0334,0.0188,-0.8465,0.5309
independent_20260430_165242,trial_001,subject_001,1777539171.0947607,1777539171.0947607,261962.7037625,13,R_Femur,500,1,1.2489,10.9341,-4.4837,-12.5122,-3.2959,-10.2539,118.8885,-1.0437,-32.7118,0.8276,0.238,-0.1507,0.4856
independent_20260430_165242,trial_001,subject_001,1777539171.0947607,1777539171.0947607,261962.7038558,9,Trunk,473,1,-0.5646,11.1398,-1.9045,-11.2915,-10.1318,-0.7324,97.0917,-2.6532,-16.7102,0.7436,0.0937,-0.1133,0.6523
independent_20260430_165242,trial_001,subject_001,1777539171.0947607,1777539171.0947607,261962.7039476,10,L_Femur,465,1,-1.7227,8.4937,-1.2059,25.5127,5.249,-30.0293,81.7987,2.2852,-26.6693,0.6335,0.1656,-0.1616,0.7383
independent_20260430_165242,trial_001,subject_001,1777539171.0947607,1777539171.0947607,261962.7040381,11,L_Tibia,485,1,-2.6127,8.3357,-5.3642,57.0679,-73.1812,7.019,97.6575,-0.1593,-30.8551,0.7259,0.1994,-0.1761,0.6343
independent_20260430_165242,trial_001,subject_001,1777539171.0947607,1777539171.0947607,261962.7041286,12,L_Foot,495,1,-2.2442,1.0145,11.1877,16.3574,1.2207,2.9907,0.0659,4.4385,-115.7739,-0.0325,0.0211,-0.8464,0.5312
independent_20260430_165242,trial_001,subject_001,1777539171.0947607,1777539171.0947607,261962.7042192,14,R_Tibia,249,1,-0.7513,10.4269,-3.6702,76.6602,-31.25,-4.6997,119.9268,-3.6255,-164.6686,0.1311,0.8554,-0.4995,0.0396
independent_20260430_165242,trial_001,subject_001,1777539171.0947607,1777539171.0947607,261962.7043097,15,R_Foot,245,1,1.0001,1.4882,9.9675,45.4102,0.4272,-7.6904,12.7386,-4.9493,-96.3062,0.1059,0.0539,-0.7428,0.6588
independent_20260430_165242,trial_001,subject_001,1777539171.1441429,1777539171.1441429,261962.7535423,9,Trunk,474,1,-0.3206,10.4795,-2.0289,-11.0474,-21.7285,-6.3477,96.8445,-2.5214,-17.0728,0.7418,0.0966,-0.1148,0.6537
independent_20260430_165242,trial_001,subject_001,1777539171.1441429,1777539171.1441429,261962.7537063,10,L_Femur,466,1,-1.7896,9.398,-0.7991,46.2036,-1.709,-31.9824,82.4194,2.7521,-26.7242,0.6366,0.1698,-0.1584,0.7354
independent_20260430_165242,trial_001,subject_001,1777539171.1441429,1777539171.1441429,261962.7538493,11,L_Tibia,486,1,-0.2775,9.7091,-4.6177,48.5229,-47.4854,4.4556,98.4155,-0.1154,-31.6406,0.7286,0.2058,-0.1788,0.6284
independent_20260430_165242,trial_001,subject_001,1777539171.1441429,1777539171.1441429,261962.7539482,12,L_Foot,496,1,-1.2872,0.5455,10.5608,10.8032,-0.1831,4.1504,0.2692,4.4604,-115.7135,-0.0317,0.0227,-0.846,0.5317
independent_20260430_165242,trial_001,subject_001,1777539171.1538887,1777539171.1538887,261962.7633383,13,R_Femur,501,1,-0.2488,11.1686,-3.0912,-36.9263,-0.6104,-4.3945,118.0701,-0.8679,-32.6404,0.824,0.2372,-0.1508,0.4919
independent_20260430_165242,trial_001,subject_001,1777539171.1538887,1777539171.1538887,261962.7635861,10,L_Femur,467,1,-1.2394,10.1493,-1.1771,56.0303,1.77,-29.48,83.2379,3.2025,-26.7682,0.641,0.174,-0.1549,0.7313
independent_20260430_165242,trial_001,subject_001,1777539171.1538887,1777539171.1538887,261962.7637336,11,L_Tibia,487,1,2.8807,10.1589,-3.7851,46.6309,-23.2544,-1.2817,99.3054,-0.0549,-32.1185,0.7325,0.2105,-0.1794,0.6221
independent_20260430_165242,trial_001,subject_001,1777539171.1548913,1777539171.1548913,261962.7638818,12,L_Foot,497,1,-0.7178,0.6891,10.5561,0.4272,-0.7324,2.1362,0.3241,4.4385,-115.6696,-0.0313,0.023,-0.8458,0.5321
independent_20260430_165242,trial_001,subject_001,1777539171.1548913,1777539171.1548913,261962.7640031,13,R_Femur,502,1,-1.2729,11.1255,-1.7035,-58.1055,-0.4883,-1.4648,117.0099,-0.8405,-32.6239,0.8194,0.2358,-0.1527,0.4996
independent_20260430_165242,trial_001,subject_001,1777539171.1548913,1777539171.1548913,261962.7641144,14,R_Tibia,250,1,-1.3542,10.245,-3.364,87.4023,-40.5273,-0.9155,122.9041,-2.8564,-165.7507,0.1207,0.8699,-0.4768,0.0375
independent_20260430_165242,trial_001,subject_001,1777539171.1548913,1777539171.1548913,261962.764232,15,R_Foot,246,1,0.981,1.6748,9.8813,69.458,1.6479,-14.2212,14.859,-4.812,-96.6852,0.117,0.0689,-0.7438,0.6545
independent_20260430_165242,trial_001,subject_001,1777539171.1548913,1777539171.1548913,261962.7643308,9,Trunk,475,1,0.201,10.001,-2.3639,-3.418,-24.292,-12.085,96.6632,-2.1478,-17.7814,0.7398,0.1031,-0.1166,0.6546
independent_20260430_165242,trial_001,subject_001,1777539171.1939607,1777539171.1939607,261962.8035328,10,L_Femur,468,1,-1.091,10.2785,-1.1915,49.8047,-5.6152,-18.4326,84.2651,3.631,-26.8506,0.6467,0.1785,-0.1514,0.7259
independent_20260430_165242,trial_001,subject_001,1777539171.1939607,1777539171.1939607,261962.8037866,11,L_Tibia,488,1,4.388,10.2642,-2.6462,41.626,43.0298,-15.1367,99.9426,0.1154,-31.5967,0.7366,0.2091,-0.1744,0.6191
independent_20260430_165242,trial_001,subject_001,1777539171.2646933,1777539171.2646933,261962.8736521,12,L_Foot,498,1,-0.646,0.2632,10.1876,0.9155,1.2207,1.1597,0.3516,4.4604,-115.6531,-0.0313,0.0233,-0.8457,0.5322
independent_20260430_165242,trial_001,subject_001,1777539171.2646933,1777539171.2646933,261962.8739121,13,R_Femur,503,1,-1.8184,11.0346,-0.8565,-71.4111,-0.8545,-0.8545,115.9717,-0.835,-32.6294,0.8148,0.2345,-0.1548,0.507
independent_20260430_165242,trial_001,subject_001,1777539171.2646933,1777539171.2646933,261962.8740359,9,Trunk,476,1,0.1914,9.5751,-2.4691,-1.5259,-19.8364,-14.8315,96.6248,-1.8292,-18.1659,0.739,0.1074,-0.1167,0.6548
independent_20260430_165242,trial_001,subject_001,1777539171.2646933,1777539171.2646933,261962.8741382,10,L_Femur,469,1,-0.7848,10.0488,-1.1676,46.3257,-15.8691,-11.1084,84.9518,3.7958,-27.0648,0.6505,0.1817,-0.1507,0.7219
independent_20260430_165242,trial_001,subject_001,1777539171.2646933,1777539171.2646933,261962.8742365,11,L_Tibia,489,1,1.3063,9.8526,-2.5218,37.7197,47.2412,-14.9536,100.7446,0.2472,-30.5695,0.7426,0.2044,-0.1665,0.6157
independent_20260430_165242,trial_001,subject_001,1777539171.2646933,1777539171.2646933,261962.8743634,12,L_Foot,499,1,-0.4546,0.2632,10.0105,2.9297,3.2959,0.7324,0.4175,4.5154,-115.6421,-0.0314,0.0241,-0.8456,0.5323
independent_20260430_165242,trial_001,subject_001,1777539171.2646933,1777539171.2646933,261962.8744586,13,R_Femur,504,1,-2.8854,10.4938,-0.5359,-88.7451,-15.2588,-1.9531,114.2358,-0.7361,-32.7832,0.8066,0.2336,-0.1584,0.5193
independent_20260430_165242,trial_001,subject_001,1777539171.2656937,1777539171.2656937,261962.8745526,14,R_Tibia,251,1,-1.4403,9.6899,-3.2683,97.229,-42.3584,6.4697,125.7495,-2.2302,-166.8329,0.1108,0.883,-0.4548,0.0351
independent_20260430_165242,trial_001,subject_001,1777539171.2656937,1777539171.2656937,261962.8746783,15,R_Foot,247,1,0.9905,1.6461,10.2833,114.3799,0.0,-26.7944,18.2538,-4.5319,-97.3938,0.1339,0.0933,-0.7453,0.6465
independent_20260430_165242,trial_001,subject_001,1777539171.2656937,1777539171.2656937,261962.8748229,9,Trunk,477,1,0.0,9.1779,-2.4644,-2.1973,-15.4419,-16.7847,96.5808,-1.5656,-18.3801,0.7383,0.1102,-0.1163,0.6551
independent_20260430_165242,trial_001,subject_001,1777539171.2656937,1777539171.2656937,261962.8749503,10,L_Femur,470,1,-0.1579,9.5703,-1.1102,40.9546,-20.0195,-7.2632,85.5615,3.8892,-27.3669,0.6536,0.1848,-0.1511,0.7182
independent_20260430_165242,trial_001,subject_001,1777539171.2656937,1777539171.2656937,261962.8750691,11,L_Tibia,490,1,-0.4307,9.3167,-2.3974,34.6069,6.3477,-12.8174,101.272,0.401,-30.2893,0.7457,0.2041,-0.1631,0.6129
independent_20260430_165242,trial_001,subject_001,1777539171.2656937,1777539171.2656937,261962.8751844,12,L_Foot,500,1,-0.6651,0.2871,9.9531,3.54,3.6011,0.1221,0.4779,4.5703,-115.6421,-0.0315,0.0248,-0.8456,0.5323
independent_20260430_165242,trial_001,subject_001,1777539171.2656937,1777539171.2656937,261962.8752998,13,R_Femur,505,1,-3.1343,9.9914,-1.1197,-85.4492,-37.9028,-1.6479,112.9449,-0.5273,-33.2281,0.7995,0.2359,-0.1616,0.5282
independent_20260430_165242,trial_001,subject_001,1777539171.2656937,1777539171.2656937,261962.8754136,9,Trunk,478,1,-0.1914,8.8621,-2.4404,-2.7466,-14.6484,-18.7988,96.5314,-1.2744,-18.5669,0.7376,0.1131,-0.1156,0.6556
independent_20260430_165242,trial_001,subject_001,1777539171.2656937,1777539171.2656937,261962.8755285,10,L_Femur,471,1,0.1101,9.288,-1.3351,38.3911,-12.4512,-5.188,86.3141,3.9825,-27.6471,0.6577,0.1879,-0.1511,0.7136
independent_20260430_165242,trial_001,subject_001,1777539171.2666955,1777539171.2666955,261962.8756717,11,L_Tibia,491,1,-1.9906,9.3646,-2.4261,28.3203,-25.9399,-14.4043,101.7114,0.6921,-30.5475,0.7471,0.208,-0.1618,0.6102
independent_20260430_165242,trial_001,subject_001,1777539171.2666955,1777539171.2666955,261962.875823,12,L_Foot,501,1,-0.8565,0.2823,10.0201,4.1504,4.1504,-0.1221,0.5548,4.6362,-115.6476,-0.0317,0.0256,-0.8456,0.5322
independent_20260430_165242,trial_001,subject_001,1777539171.2666955,1777539171.2666955,261962.8759411,13,R_Femur,506,1,-2.2155,10.4556,-1.7466,-88.623,-58.0444,2.1973,111.6321,-0.2527,-33.9862,0.7915,0.2406,-0.1659,0.5368
independent_20260430_165242,trial_001,subject_001,1777539171.2666955,1777539171.2666955,261962.8760532,14,R_Tibia,252,1,-0.713,9.7187,-3.4357,106.9336,-44.0674,14.4653,129.4574,-1.6095,-168.327,0.0979,0.8989,-0.4259,0.0308
independent_20260430_165242,trial_001,subject_001,1777539171.2666955,1777539171.2666955,261962.8761684,9,Trunk,479,1,-0.3924,8.7186,-2.517,-2.3804,-15.0146,-19.043,96.4655,-0.8734,-18.8196,0.7366,0.1169,-0.1145,0.6562
independent_20260430_165242,trial_001,subject_001,1777539171.2666955,1777539171.2666955,261962.8762826,10,L_Femur,472,1,-0.5216,9.4411,-1.2824,39.856,-10.9253,-6.4087,86.8909,4.0594,-27.8119,0.6609,0.1901,-0.1507,0.7102
independent_20260430_165242,trial_001,subject_001,1777539171.2666955,1777539171.2666955,261962.8763976,11,L_Tibia,492,1,-1.938,9.1444,-3.431,26.7944,-87.5854,5.0049,102.2168,0.9283,-31.9867,0.7468,0.2193,-0.1669,0.6053
independent_20260430_165242,trial_001,subject_001,1777539171.2666955,1777539171.2666955,261962.8765096,12,L_Foot,502,1,-1.1484,0.335,10.0058,2.1973,2.7466,-0.4883,0.6207,4.7021,-115.6586,-0.0318,0.0264,-0.8456,0.5322
independent_20260430_165242,trial_001,subject_001,1777539171.2676969,1777539171.2676969,261962.8766226,13,R_Femur,507,1,-0.3828,10.1685,-2.2203,-103.4546,-64.5142,8.0566,109.6106,0.0659,-35.2332,0.7788,0.2476,-0.174,0.5495
independent_20260430_165242,trial_001,subject_001,1777539171.2676969,1777539171.2676969,261962.8767374,9,Trunk,480,1,-0.512,8.5941,-2.4691,-0.8545,-15.4419,-17.8223,96.4325,-0.5823,-19.0173,0.736,0.1198,-0.1138,0.6565
independent_20260430_165242,trial_001,subject_001,1777539171.2676969,1777539171.2676969,261962.8768626,10,L_Femur,473,1,-0.7034,9.6947,-0.9235,40.2832,-7.6294,-6.5308,87.6929,4.1913,-27.9932,0.6653,0.193,-0.1497,0.7054
independent_20260430_165242,trial_001,subject_001,1777539171.2676969,1777539171.2676969,261962.8770024,11,L_Tibia,493,1,0.7752,9.489,-3.1438,23.7427,-80.3833,7.4463,102.5848,1.0327,-33.2172,0.7461,0.2284,-0.172,0.6012
independent_20260430_165242,trial_001,subject_001,1777539171.2676969,1777539171.2676969,261962.8771171,12,L_Foot,503,1,-0.9283,0.1579,10.0345,2.3193,3.2349,-0.1831,0.6647,4.7516,-115.6696,-0.032,0.027,-0.8456,0.5321
independent_20260430_165242,trial_001,subject_001,1777539171.2676969,1777539171.2676969,261962.87723,13,R_Femur,508,1,0.7896,9.9627,-2.6893,-105.7739,-49.6216,10.6201,108.0176,0.1648,-36.0352,0.7692,0.2511,-0.1807,0.5592
independent_20260430_165242,trial_001,subject_001,1777539171.2676969,1777539171.2676969,261962.8773443,14,R_Tibia,253,1,0.1723,8.9339,-5.6369,107.5439,-36.6211,18.5547,133.2697,-1.1481,-169.6838,0.0865,0.9139,-0.3958,0.0265
independent_20260430_165242,trial_001,subject_001,1777539171.2676969,1777539171.2676969,261962.8774579,15,R_Foot,248,1,1.2729,2.852,10.7283,208.8013,-12.6343,-63.2935,29.2236,-3.598,-99.9481,0.1854,0.1735,-0.7457,0.616
independent_20260430_165242,trial_001,subject_001,1777539171.2686954,1777539171.2686954,261962.8775694,9,Trunk,481,1,-0.5216,8.819,-2.1007,-0.7324,-14.5874,-17.8833,96.3995,-0.2087,-19.2755,0.7352,0.1236,-0.1129,0.6569
independent_20260430_165242,trial_001,subject_001,1777539171.32359,1777539171.32359,261962.9334264,10,L_Femur,474,1,-0.3397,9.9723,-0.6651,35.5225,3.0518,-6.1646,88.2367,4.2792,-27.9767,0.6685,0.1942,-0.1482,0.7024
independent_20260430_165242,trial_001,subject_001,1777539171.3245904,1777539171.3245904,261962.9335461,11,L_Tibia,494,1,2.8854,9.7521,-2.5074,21.2402,-23.1323,-6.7749,102.9034,1.225,-33.7061,0.7465,0.2331,-0.1727,0.5988
independent_20260430_165242,trial_001,subject_001,1777539171.3245904,1777539171.3245904,261962.9336475,12,L_Foot,504,1,-0.89,0.1196,9.9962,2.6245,3.1128,0.1831,0.7086,4.8065,-115.6696,-0.0322,0.0276,-0.8456,0.5321
independent_20260430_165242,trial_001,subject_001,1777539171.3443847,1777539171.3443847,261962.9540224,13,R_Femur,509,1,1.3351,10.3981,-3.5649,-105.4688,-28.3813,11.5356,106.4355,0.1428,-36.546,0.7603,0.2518,-0.1868,0.5689
independent_20260430_165242,trial_001,subject_001,1777539171.3453958,1777539171.3453958,261962.9545562,9,Trunk,482,1,-0.378,9.2497,-1.8184,0.0,-10.5591,-18.3105,96.3831,0.0659,-19.4183,0.7346,0.1261,-0.112,0.6572
independent_20260430_165242,trial_001,subject_001,1777539171.3453958,1777539171.3453958,261962.9548648,10,L_Femur,475,1,-0.3493,9.7904,-0.512,34.4238,16.1133,-9.0942,88.7695,4.411,-27.7679,0.6719,0.1944,-0.1452,0.6997
independent_20260430_165242,trial_001,subject_001,1777539171.3453958,1777539171.3453958,261962.9550996,11,L_Tibia,495,1,1.7083,9.4459,-2.3064,23.0713,38.147,-16.6016,103.3704,1.4062,-33.1622,0.7498,0.2312,-0.1677,0.5969
independent_20260430_165242,trial_001,subject_001,1777539171.346385,1777539171.346385,261962.9553305,12,L_Foot,505,1,-1.0288,0.134,9.9005,3.6621,2.5024,0.9766,0.7855,4.8615,-115.6641,-0.0323,0.0284,-0.8456,0.5322
independent_20260430_165242,trial_001,subject_001,1777539171.346385,1777539171.346385,261962.9555368,13,R_Femur,510,1,0.7943,10.7714,-4.2731,-116.8823,-3.1738,8.667,104.1504,0.0,-36.7712,0.7486,0.2488,-0.1939,0.5833
independent_20260430_165242,trial_001,subject_001,1777539171.346385,1777539171.346385,261962.9557683,14,R_Tibia,254,1,0.5407,8.0056,-7.1729,84.8389,-39.6729,25.3906,136.571,-0.7086,-171.1945,0.0736,0.9261,-0.3693,0.0227
independent_20260430_165242,trial_001,subject_001,1777539171.346385,1777539171.346385,261962.9559889,15,R_Foot,249,1,0.4977,3.9621,9.0392,275.1465,-22.8271,-93.6279,38.3258,-2.4554,-102.6178,0.2209,0.2435,-0.7415,0.5849
independent_20260430_165242,trial_001,subject_001,1777539171.346385,1777539171.346385,261962.9561945,9,Trunk,483,1,-0.2488,9.5703,-1.7322,1.6479,-6.0425,-18.5547,96.3831,0.3461,-19.4897,0.7343,0.1281,-0.1106,0.6574
independent_20260430_165242,trial_001,subject_001,1777539171.347387,1777539171.347387,261962.9564488,10,L_Femur,476,1,-0.8039,10.001,-0.445,31.9214,27.0996,-10.0098,89.4617,4.6143,-27.2681,0.6766,0.1936,-0.1398,0.6965
independent_20260430_165242,trial_001,subject_001,1777539171.347387,1777539171.347387,261962.9566572,11,L_Tibia,496,1,-0.268,9.867,-2.182,20.6909,48.0957,-18.6157,103.7164,1.5161,-32.3987,0.7529,0.2272,-0.1623,0.5959
independent_20260430_165242,trial_001,subject_001,1777539171.347387,1777539171.347387,261962.9568795,12,L_Foot,506,1,-1.1245,0.1101,10.0632,4.6387,1.9531,1.5259,0.8624,4.8944,-115.6421,-0.0321,0.0291,-0.8454,0.5323
independent_20260430_165242,trial_001,subject_001,1777539171.347387,1777539171.347387,261962.9571378,13,R_Femur,511,1,0.4498,10.6805,-4.3545,-122.6196,11.2915,6.8359,102.3157,-0.1373,-36.6614,0.7396,0.2442,-0.1981,0.5951
independent_20260430_165242,trial_001,subject_001,1777539171.3483841,1777539171.3483841,261962.9574019,9,Trunk,484,1,-0.3924,9.8048,-1.8423,3.3569,-3.479,-18.6157,96.427,0.7141,-19.5337,0.7341,0.1306,-0.1085,0.6575
independent_20260430_165242,trial_001,subject_001,1777539171.3483841,1777539171.3483841,261962.9576078,10,L_Femur,477,1,-1.0767,10.1493,-0.378,28.8696,27.771,-9.4604,89.9396,4.7571,-26.8451,0.68,0.1925,-0.1356,0.6944
independent_20260430_165242,trial_001,subject_001,1777539171.3483841,1777539171.3483841,261962.95781,11,L_Tibia,497,1,-1.6078,9.6469,-2.5266,17.395,26.6113,-21.4844,104.101,1.7908,-31.6736,0.7559,0.2244,-0.1559,0.5949
independent_20260430_165242,trial_001,subject_001,1777539171.3483841,1777539171.3483841,261962.957983,12,L_Foot,507,1,-0.9522,0.445,10.1206,4.0894,1.9531,1.1597,0.9668,4.9384,-115.6256,-0.032,0.0301,-0.8453,0.5325
independent_20260430_165242,trial_001,subject_001,1777539171.3483841,1777539171.3483841,261962.9581624,13,R_Femur,512,1,0.5072,10.1589,-4.5459,-118.5913,20.874,4.6387,99.8822,-0.3186,-36.3043,0.7278,0.2367,-0.2025,0.6109
independent_20260430_165242,trial_001,subject_001,1777539171.3493853,1777539171.3493853,261962.9583351,14,R_Tibia,255,1,0.2871,6.9385,-8.5463,64.0259,-42.9688,24.4141,138.7299,-0.2802,-172.6117,0.0612,0.9338,-0.3518,0.0204
independent_20260430_165242,trial_001,subject_001,1777539171.3493853,1777539171.3493853,261962.9584793,15,R_Foot,250,1,0.5455,2.7419,15.9968,132.5073,-114.8682,-124.3896,46.0437,-1.4777,-107.3859,0.2411,0.3081,-0.7446,0.5408
independent_20260430_165242,trial_001,subject_001,1777539171.45425,1777539171.45425,261963.0634131,9,Trunk,485,1,-0.4833,9.9292,-1.7562,0.3662,1.4038,-18.1274,96.427,0.9778,-19.5007,0.7339,0.1319,-0.1066,0.6578
independent_20260430_165242,trial_001,subject_001,1777539171.45425,1777539171.45425,261963.0635994,10,L_Femur,478,1,-1.4355,9.7569,-0.3206,29.8462,26.6113,-9.5215,90.412,4.8999,-26.4276,0.6833,0.1914,-0.1314,0.6922
independent_20260430_165242,trial_001,subject_001,1777539171.45477,1777539171.45477,261963.0637849,11,L_Tibia,498,1,-2.2682,9.2784,-2.7132,19.165,-9.4604,-5.7983,104.3866,1.9116,-31.6791,0.7572,0.2255,-0.1546,0.5932
independent_20260430_165242,trial_001,subject_001,1777539171.45477,1777539171.45477,261963.063951,12,L_Foot,508,1,-0.9092,0.4977,10.0632,3.2349,1.5869,0.7935,1.0272,4.9658,-115.6146,-0.0319,0.0307,-0.8452,0.5326
independent_20260430_165242,trial_001,subject_001,1777539171.45477,1777539171.45477,261963.0641268,13,R_Femur,513,1,0.3493,10.0105,-4.5507,-115.1733,26.4893,0.2441,98.1299,-0.39,-35.9253,0.7193,0.2309,-0.2045,0.6225
independent_20260430_165242,trial_001,subject_001,1777539171.4552965,1777539171.4552965,261963.0643067,9,Trunk,486,1,-0.5264,9.8383,-1.6078,-1.2207,4.6997,-17.9443,96.3995,1.225,-19.4073,0.7336,0.1327,-0.1045,0.6583
independent_20260430_165242,trial_001,subject_001,1777539171.4552965,1777539171.4552965,261963.0644685,10,L_Femur,479,1,-1.7753,9.6229,-0.5838,30.5786,23.4375,-7.5684,91.0547,5.0537,-25.9277,0.6878,0.19,-0.1264,0.6891
independent_20260430_165242,trial_001,subject_001,1777539171.4552965,1777539171.4552965,261963.0646297,11,L_Tibia,499,1,-1.5169,9.4842,-2.6079,17.9443,-25.1465,-1.8921,104.6558,2.038,-31.9922,0.7578,0.2285,-0.1549,0.5913
independent_20260430_165242,trial_001,subject_001,1777539171.455827,1777539171.455827,261963.0648201,12,L_Foot,509,1,-0.9235,0.5168,10.1397,2.4414,1.2817,0.7935,1.0712,4.9878,-115.6091,-0.0318,0.0311,-0.8452,0.5326
independent_20260430_165242,trial_001,subject_001,1777539171.455827,1777539171.455827,261963.0649907,13,R_Femur,514,1,-0.3541,9.8574,-4.2444,-110.2905,31.25,-1.5869,96.4435,-0.434,-35.4584,0.7111,0.2247,-0.2056,0.6337
independent_20260430_165242,trial_001,subject_001,1777539171.455827,1777539171.455827,261963.0651592,14,R_Tibia,256,1,0.2297,5.7183,-6.838,15.0757,-45.9595,30.6396,139.9713,0.2582,-174.3091,0.0459,0.9385,-0.3417,0.0191
independent_20260430_165242,trial_001,subject_001,1777539171.456364,1777539171.456364,261963.065337,9,Trunk,487,1,-0.8661,9.7234,-1.7131,-0.2441,3.1128,-17.4561,96.3721,1.5601,-19.292,0.7332,0.1338,-0.1017,0.6589
independent_20260430_165242,trial_001,subject_001,1777539171.456364,1777539171.456364,261963.0655394,10,L_Femur,480,1,-1.4834,9.6229,-0.8183,32.2266,21.7285,-5.6763,91.5656,5.1361,-25.5927,0.6913,0.1891,-0.123,0.6865
independent_20260430_165242,trial_001,subject_001,1777539171.456364,1777539171.456364,261963.0657339,11,L_Tibia,500,1,0.4307,9.6086,-2.7993,17.5171,-13.2446,-2.1973,105.0073,2.0874,-32.3822,0.7587,0.2318,-0.1558,0.5885
independent_20260430_165242,trial_001,subject_001,1777539171.4568853,1777539171.4568853,261963.0659177,12,L_Foot,510,1,-1.0527,0.5024,10.1397,1.0986,0.5493,0.4883,1.1261,5.0098,-115.5981,-0.0317,0.0316,-0.8451,0.5327
independent_20260430_165242,trial_001,subject_001,1777539171.4568853,1777539171.4568853,261963.066045,13,R_Femur,515,1,-1.1389,9.3693,-3.5984,-98.7549,26.2451,1.9531,94.3781,-0.4999,-34.8816,0.7008,0.217,-0.2067,0.6474
independent_20260430_165242,trial_001,subject_001,1777539171.4568853,1777539171.4568853,261963.0661615,9,Trunk,488,1,-1.1293,9.6373,-1.7035,-0.8545,3.1738,-16.2964,96.3501,1.7908,-19.2206,0.7329,0.1347,-0.0998,0.6594
independent_20260430_165242,trial_001,subject_001,1777539171.4574063,1777539171.4574063,261963.0663,10,L_Femur,481,1,-1.2106,9.6182,-0.981,31.311,22.4609,-5.6763,92.2302,5.2295,-25.1312,0.6959,0.1875,-0.1186,0.6831
independent_20260430_165242,trial_001,subject_001,1777539171.4574063,1777539171.4574063,261963.0665675,12,L_Foot,511,1,-1.1102,0.3732,9.9723,1.6479,0.3662,0.6714,1.1591,5.0262,-115.5927,-0.0317,0.0319,-0.8451,0.5328
independent_20260430_165242,trial_001,subject_001,1777539171.4574063,1777539171.4574063,261963.0667673,13,R_Femur,516,1,-0.8039,9.0918,-3.1343,-87.3413,14.5264,7.0801,93.0212,-0.6152,-34.6234,0.6937,0.2124,-0.2085,0.6559
independent_20260430_165242,trial_001,subject_001,1777539171.457937,1777539171.457937,261963.0669158,14,R_Tibia,257,1,0.2584,6.369,-4.8569,-48.8281,-40.8325,27.71,139.0375,0.769,-176.1823,0.0289,0.9363,-0.3495,0.0179
independent_20260430_165242,trial_001,subject_001,1777539171.457937,1777539171.457937,261963.0670201,15,R_Foot,251,1,-0.1723,-1.5743,6.2973,-108.3984,42.7246,-51.6357,41.012,1.7413,-110.4071,0.1882,0.2958,-0.766,0.5388
independent_20260430_165242,trial_001,subject_001,1777539171.457937,1777539171.457937,261963.0671317,10,L_Femur,482,1,-1.0814,9.489,-1.359,36.1938,22.7051,-5.6763,92.785,5.2954,-24.7797,0.6996,0.1863,-0.1152,0.6801
independent_20260430_165242,trial_001,subject_001,1777539171.457937,1777539171.457937,261963.0672532,11,L_Tibia,501,1,-0.0191,9.4315,-2.6558,15.9302,14.5264,-7.0801,105.5511,2.2083,-32.0746,0.7619,0.2311,-0.1523,0.5855
independent_20260430_165242,trial_001,subject_001,1777539171.4584594,1777539171.4584594,261963.0673667,12,L_Foot,512,1,-1.0671,0.2201,9.8718,2.4414,0.1221,1.2207,1.2085,5.0317,-115.5817,-0.0315,0.0323,-0.845,0.5329
independent_20260430_165242,trial_001,subject_001,1777539171.4584594,1777539171.4584594,261963.0674853,13,R_Femur,517,1,-0.0048,8.8143,-2.6845,-75.9277,5.9204,14.3433,91.8402,-0.824,-34.5135,0.6875,0.2083,-0.2113,0.6628
independent_20260430_165242,trial_001,subject_001,1777539171.4584594,1777539171.4584594,261963.0675952,9,Trunk,489,1,-1.4451,8.8669,-1.4403,0.061,-3.7842,-13.4277,96.3007,2.2797,-19.1876,0.7321,0.1372,-0.0966,0.6602
independent_20260430_165242,trial_001,subject_001,1777539171.4584594,1777539171.4584594,261963.0677116,10,L_Femur,483,1,-0.7943,9.3263,-1.4499,37.7197,23.1934,-4.1504,93.3838,5.3448,-24.4226,0.7037,0.185,-0.1118,0.6768
independent_20260430_165242,trial_001,subject_001,1777539171.4584594,1777539171.4584594,261963.0678133,11,L_Tibia,502,1,-0.0813,9.1349,-3.1582,13.0615,11.2305,-7.2632,105.8423,2.2906,-31.7944,0.7638,0.2301,-0.1498,0.5841
independent_20260430_165242,trial_001,subject_001,1777539171.4589758,1777539171.4589758,261963.0679062,12,L_Foot,513,1,-0.9283,0.3158,10.0536,1.6479,0.4883,1.0376,1.2689,5.0427,-115.5652,-0.0313,0.0328,-0.8449,0.533
independent_20260430_165242,trial_001,subject_001,1777539171.4589758,1777539171.4589758,261963.0679958,13,R_Femur,518,1,0.3828,8.6468,-2.3782,-63.2324,8.667,16.6626,90.4834,-1.1646,-34.3652,0.6805,0.2029,-0.2149,0.6705
independent_20260430_165242,trial_001,subject_001,1777539171.4589758,1777539171.4589758,261963.0681037,14,R_Tibia,258,1,-0.0574,5.9862,-6.0197,-98.938,-19.043,18.9819,136.2195,1.0986,-177.4622,0.017,0.9277,-0.3725,0.0171
independent_20260430_165242,trial_001,subject_001,1777539171.4589758,1777539171.4589758,261963.068226,15,R_Foot,252,1,2.4691,0.1196,10.3312,-159.3018,-0.9766,-38.7573,36.1395,2.8729,-111.6266,0.1545,0.2699,-0.7818,0.5404
independent_20260430_165242,trial_001,subject_001,1777539171.5141392,1777539171.5141392,261963.1233466,10,L_Femur,484,1,-0.6651,9.4411,-1.3159,37.7197,24.8413,-0.9766,94.1748,5.3448,-23.9172,0.7091,0.1826,-0.1075,0.6725
independent_20260430_165242,trial_001,subject_001,1777539171.5141392,1777539171.5141392,261963.1235285,11,L_Tibia,503,1,-0.1771,9.3071,-2.9668,12.5122,3.9062,-5.9814,106.04,2.3676,-31.6791,0.765,0.2299,-0.1483,0.5831
independent_20260430_165242,trial_001,subject_001,1777539171.5141392,1777539171.5141392,261963.1236974,12,L_Foot,514,1,-0.914,0.2871,10.0632,1.2207,0.9155,0.8545,1.2964,5.0592,-115.5542,-0.0313,0.0331,-0.8448,0.5331
independent_20260430_165242,trial_001,subject_001,1777539171.5141392,1777539171.5141392,261963.1238467,13,R_Femur,519,1,-0.1771,8.8621,-2.4644,-57.9834,12.207,14.5874,89.5935,-1.4008,-34.1785,0.676,0.1987,-0.2167,0.6757
independent_20260430_165242,trial_001,subject_001,1777539171.5151436,1777539171.5151436,261963.1239967,9,Trunk,490,1,-1.0336,8.8238,-1.0049,4.6387,-4.2114,-10.376,96.3336,2.6752,-19.2975,0.7317,0.1402,-0.0946,0.6603
independent_20260430_165242,trial_001,subject_001,1777539171.5151436,1777539171.5151436,261963.12417,10,L_Femur,485,1,-0.8422,9.666,-1.2585,37.1094,21.8506,1.709,94.7681,5.3009,-23.5712,0.7132,0.1808,-0.1048,0.669
independent_20260430_165242,trial_001,subject_001,1777539171.5151436,1777539171.5151436,261963.1243191,12,L_Foot,515,1,-0.9379,0.2967,9.9101,2.3804,1.709,0.6714,1.3568,5.0922,-115.5432,-0.0313,0.0337,-0.8448,0.5332
independent_20260430_165242,trial_001,subject_001,1777539171.5151436,1777539171.5151436,261963.1244439,13,R_Femur,520,1,-0.713,8.8047,-2.4309,-53.4058,9.4604,11.8408,88.4784,-1.6589,-33.9478,0.6702,0.1937,-0.2188,0.6822
independent_20260430_165242,trial_001,subject_001,1777539171.5151436,1777539171.5151436,261963.1245409,14,R_Tibia,259,1,-0.579,6.5174,-5.8475,-137.5732,19.104,11.5356,132.4951,0.6372,-177.5885,0.017,0.9151,-0.4026,0.0136
independent_20260430_165242,trial_001,subject_001,1777539171.5151436,1777539171.5151436,261963.1246353,15,R_Foot,253,1,0.7321,0.713,6.4025,-165.4663,-7.3853,-4.0283,30.141,3.3673,-111.9562,0.1219,0.2313,-0.7957,0.5464
independent_20260430_165242,trial_001,subject_001,1777539171.5151436,1777539171.5151436,261963.1247283,9,Trunk,491,1,-0.7178,8.9482,-1.0432,8.1177,-1.77,-9.3384,96.4325,2.8125,-19.314,0.7321,0.1412,-0.0937,0.6598
independent_20260430_165242,trial_001,subject_001,1777539171.5151436,1777539171.5151436,261963.1248342,10,L_Femur,486,1,-1.1628,9.6564,-1.1293,33.8745,16.7236,1.6479,95.3119,5.246,-23.302,0.7169,0.1793,-0.1028,0.6658
independent_20260430_165242,trial_001,subject_001,1777539171.5151436,1777539171.5151436,261963.1249254,11,L_Tibia,504,1,-0.5455,9.2401,-2.5074,12.6343,-8.667,-3.54,106.463,2.5873,-31.8219,0.7665,0.2325,-0.1467,0.5805
independent_20260430_165242,trial_001,subject_001,1777539171.51615,1777539171.51615,261963.1250179,12,L_Foot,516,1,-1.0097,0.4259,10.0153,2.2583,1.8311,0.8545,1.4062,5.1251,-115.5377,-0.0313,0.0342,-0.8447,0.5332
independent_20260430_165242,trial_001,subject_001,1777539171.51615,1777539171.51615,261963.1251103,13,R_Femur,521,1,-0.6077,8.5654,-2.1629,-47.3633,5.6152,10.3149,87.7368,-1.8237,-33.8379,0.6663,0.1907,-0.2203,0.6864
independent_20260430_165242,trial_001,subject_001,1777539171.51615,1777539171.51615,261963.1252016,9,Trunk,492,1,-0.5168,9.1109,-1.1437,8.728,0.1831,-8.2397,96.5479,2.9279,-19.303,0.7327,0.1418,-0.0928,0.6591
independent_20260430_165242,trial_001,subject_001,1777539171.51615,1777539171.51615,261963.1252923,10,L_Femur,487,1,-1.4738,9.5225,-1.0719,30.3345,12.4512,1.3428,95.9601,5.191,-23.0164,0.7212,0.1778,-0.1004,0.662
independent_20260430_165242,trial_001,subject_001,1777539171.51615,1777539171.51615,261963.1253832,11,L_Tibia,505,1,-0.3302,9.1109,-2.5122,14.0381,-2.5024,-3.2959,106.6718,2.6587,-31.8658,0.7673,0.2335,-0.146,0.5791
independent_20260430_165242,trial_001,subject_001,1777539171.51615,1777539171.51615,261963.1254737,12,L_Foot,517,1,-1.0288,0.445,10.0153,1.709,1.6479,0.8545,1.4447,5.1581,-115.5267,-0.0313,0.0347,-0.8446,0.5333
independent_20260430_165242,trial_001,subject_001,1777539171.51615,1777539171.51615,261963.1255644,13,R_Femur,522,1,-0.2488,8.4075,-1.8088,-41.9922,6.897,8.1177,87.0831,-1.9556,-33.728,0.6627,0.188,-0.2215,0.6902
independent_20260430_165242,trial_001,subject_001,1777539171.51615,1777539171.51615,261963.1256549,14,R_Tibia,260,1,-2.3734,7.1538,-6.8332,-164.3677,-6.2256,0.1831,127.0184,0.4065,-177.4951,0.018,0.8948,-0.4459,0.0129
independent_20260430_165242,trial_001,subject_001,1777539171.51615,1777539171.51615,261963.1257449,15,R_Foot,254,1,1.2489,2.0768,10.0201,-150.3906,-53.2837,26.9775,24.7906,1.6699,-112.2363,0.1078,0.1861,-0.809,0.547
independent_20260430_165242,trial_001,subject_001,1777539171.51615,1777539171.51615,261963.1258344,9,Trunk,493,1,-0.4737,9.2449,-1.1532,7.8735,1.9531,-7.6904,96.6852,3.0652,-19.2535,0.7334,0.1424,-0.0914,0.6584
independent_20260430_165242,trial_001,subject_001,1777539171.51615,1777539171.51615,261963.1259237,10,L_Femur,488,1,-1.5312,9.465,-1.1724,29.8462,8.3008,1.9531,96.416,5.1471,-22.8735,0.7241,0.177,-0.0992,0.6592
independent_20260430_165242,trial_001,subject_001,1777539171.517149,1777539171.517149,261963.1260127,11,L_Tibia,506,1,-0.2488,9.1109,-2.5122,15.686,5.4321,-3.9062,106.9849,2.7191,-31.756,0.769,0.2334,-0.1444,0.5773
independent_20260430_165242,trial_001,subject_001,1777539171.517149,1777539171.517149,261963.1261019,12,L_Foot,518,1,-1.0288,0.4594,9.9723,0.7935,1.3428,0.8545,1.4832,5.191,-115.5157,-0.0314,0.0351,-0.8445,0.5334
independent_20260430_165242,trial_001,subject_001,1777539171.517149,1777539171.517149,261963.1261916,13,R_Femur,523,1,0.0861,8.3932,-1.2202,-34.79,14.9536,3.418,86.3251,-2.0435,-33.4589,0.6588,0.1844,-0.2216,0.6949
independent_20260430_165242,trial_001,subject_001,1777539171.517149,1777539171.517149,261963.1262806,9,Trunk,494,1,-0.5886,9.398,-1.1963,8.606,3.418,-7.5684,96.8005,3.1641,-19.1986,0.734,0.1427,-0.0903,0.6578
independent_20260430_165242,trial_001,subject_001,1777539171.517149,1777539171.517149,261963.1263939,11,L_Tibia,507,1,-0.3828,9.2784,-2.4931,17.5781,6.7139,-3.0518,107.2485,2.7411,-31.6406,0.7706,0.2331,-0.1431,0.5757
independent_20260430_165242,trial_001,subject_001,1777539171.517149,1777539171.517149,261963.1265154,12,L_Foot,519,1,-1.0001,0.4402,10.0393,0.7324,1.4038,0.7935,1.5051,5.213,-115.5048,-0.0315,0.0354,-0.8445,0.5335
independent_20260430_165242,trial_001,subject_001,1777539171.517149,1777539171.517149,261963.1266086,13,R_Femur,524,1,0.2249,8.5798,-0.7943,-29.8462,23.9868,1.4648,85.8417,-2.0544,-33.1128,0.6564,0.1814,-0.2203,0.6983
independent_20260430_165242,trial_001,subject_001,1777539171.517149,1777539171.517149,261963.1266994,14,R_Tibia,261,1,-0.5694,8.0869,-6.1872,-185.3027,-10.498,-2.3804,120.7507,0.6976,-177.8192,0.0135,0.8692,-0.4941,0.0147
independent_20260430_165242,trial_001,subject_001,1777539171.517149,1777539171.517149,261963.1268008,15,R_Foot,255,1,-0.7848,3.5649,10.1685,-129.6387,-53.7109,31.311,20.6378,-0.033,-111.8848,0.1006,0.1482,-0.8151,0.5509
independent_20260430_165242,trial_001,subject_001,1777539171.517149,1777539171.517149,261963.1268926,9,Trunk,495,1,-0.7513,9.599,-1.1819,7.6904,6.897,-6.5918,96.9489,3.2794,-19.0613,0.7349,0.1426,-0.0886,0.6571
independent_20260430_165242,trial_001,subject_001,1777539171.517149,1777539171.517149,261963.1269824,10,L_Femur,489,1,-1.0097,9.9148,-1.0575,23.7427,4.6387,0.8545,97.3938,5.0482,-22.7032,0.7301,0.1762,-0.0974,0.653
independent_20260430_165242,trial_001,subject_001,1777539171.5181494,1777539171.5181494,261963.1270717,11,L_Tibia,508,1,-0.6651,9.3789,-2.383,18.9209,6.6528,-1.8921,107.5342,2.7466,-31.5253,0.7722,0.2327,-0.1419,0.5739
independent_20260430_165242,trial_001,subject_001,1777539171.5181494,1777539171.5181494,261963.1271609,12,L_Foot,520,1,-1.0288,0.402,9.9914,1.0376,1.1597,0.7324,1.5326,5.235,-115.4993,-0.0315,0.0357,-0.8444,0.5335
independent_20260430_165242,trial_001,subject_001,1777539171.5181494,1777539171.5181494,261963.1272494,13,R_Femur,525,1,0.2536,8.6803,-0.5072,-25.4517,30.3955,0.5493,85.4187,-2.038,-32.6624,0.6545,0.1782,-0.2182,0.7017
independent_20260430_165242,trial_001,subject_001,1777539171.5941381,1777539171.5941381,261963.2035271,9,Trunk,496,1,-0.8805,9.5895,-1.1054,6.7749,8.3008,-5.6152,97.0422,3.3398,-18.9349,0.7355,0.1422,-0.0874,0.6566
independent_20260430_165242,trial_001,subject_001,1777539171.5941381,1777539171.5941381,261963.2036424,10,L_Femur,490,1,-0.8518,9.7043,-1.1532,25.3906,4.8828,-1.8921,97.7673,5.0592,-22.6208,0.7323,0.1761,-0.0962,0.6507
independent_20260430_165242,trial_001,subject_001,1777539171.5941381,1777539171.5941381,261963.203744,11,L_Tibia,509,1,-0.9427,9.3119,-2.6414,18.7378,0.7324,-0.4272,107.9187,2.7576,-31.4594,0.7743,0.2328,-0.1407,0.5714
independent_20260430_165242,trial_001,subject_001,1777539171.5941381,1777539171.5941381,261963.2038425,12,L_Foot,521,1,-1.0671,0.3972,9.9818,1.5259,0.7935,0.7324,1.5765,5.2625,-115.4883,-0.0315,0.0361,-0.8444,0.5336
independent_20260430_165242,trial_001,subject_001,1777539171.5941381,1777539171.5941381,261963.2039388,13,R_Femur,526,1,-0.0383,8.7951,-0.0813,-19.9585,33.8135,-1.4038,84.9573,-1.9775,-31.9922,0.6526,0.1738,-0.2144,0.7057
independent_20260430_165242,trial_001,subject_001,1777539171.5951447,1777539171.5951447,261963.2040678,14,R_Tibia,262,1,-0.0239,8.6946,-5.8714,-183.2886,10.6812,-3.0518,114.2743,0.7471,-177.6434,0.0137,0.8398,-0.5424,0.0166
independent_20260430_165242,trial_001,subject_001,1777539171.5951447,1777539171.5951447,261963.2042042,15,R_Foot,256,1,0.5455,5.3881,13.7334,-145.2637,-51.3916,29.7241,15.7434,-2.373,-111.5552,0.094,0.1017,-0.8205,0.5546
independent_20260430_165242,trial_001,subject_001,1777539171.5951447,1777539171.5951447,261963.2043034,9,Trunk,497,1,-1.024,9.489,-1.024,6.4697,9.5825,-4.7607,97.1356,3.3893,-18.7866,0.7362,0.1416,-0.0861,0.6562
independent_20260430_165242,trial_001,subject_001,1777539171.5951447,1777539171.5951447,261963.2043941,10,L_Femur,491,1,-0.6986,9.5416,-1.3303,23.3154,10.5591,-2.9907,98.2617,5.0867,-22.4341,0.7354,0.1754,-0.0942,0.6477
independent_20260430_165242,trial_001,subject_001,1777539171.5951447,1777539171.5951447,261963.2044866,11,L_Tibia,510,1,-0.6077,9.2784,-2.9668,18.9819,-0.7935,0.6104,108.2098,2.7576,-31.4648,0.7757,0.2332,-0.1402,0.5695
independent_20260430_165242,trial_001,subject_001,1777539171.5956635,1777539171.5956635,261963.204577,12,L_Foot,522,1,-1.0623,0.3732,9.9675,1.9531,0.6714,0.7935,1.8182,5.4822,-115.4059,-0.032,0.0389,-0.8438,0.5343
independent_20260430_165242,trial_001,subject_001,1777539171.5956635,1777539171.5956635,261963.2046679,13,R_Femur,527,1,-0.2058,9.0822,0.3685,-17.8223,35.5835,-2.2583,84.6606,-1.9061,-31.4594,0.6514,0.1707,-0.2112,0.7085
independent_20260430_165242,trial_001,subject_001,1777539171.5956635,1777539171.5956635,261963.2047589,10,L_Femur,492,1,-0.7608,9.398,-1.5408,25.6958,17.334,-3.1738,98.6572,5.0977,-22.1814,0.738,0.1742,-0.0921,0.6454
independent_20260430_165242,trial_001,subject_001,1777539171.5956635,1777539171.5956635,261963.2048478,11,L_Tibia,511,1,-0.2201,9.2497,-3.23,18.5547,3.7842,0.1221,108.5889,2.7466,-31.4099,0.7777,0.2332,-0.1392,0.5669
independent_20260430_165242,trial_001,subject_001,1777539171.5956635,1777539171.5956635,261963.2049374,12,L_Foot,523,1,-1.1149,0.2536,10.0105,1.4038,0.2441,0.7935,1.8237,5.4932,-115.4224,-0.032,0.039,-0.8439,0.5342
independent_20260430_165242,trial_001,subject_001,1777539171.5956635,1777539171.5956635,261963.2050377,13,R_Femur,528,1,-0.1436,9.3071,0.9379,-16.9678,37.0483,-3.3569,84.2761,-1.7798,-30.7123,0.6499,0.1665,-0.2064,0.7122
independent_20260430_165242,trial_001,subject_001,1777539171.5956635,1777539171.5956635,261963.2051305,14,R_Tibia,263,1,-0.6843,9.1923,-5.8953,-178.2227,15.0757,-7.2021,108.8635,0.7526,-177.1765,0.0162,0.8133,-0.5814,0.0197
independent_20260430_165242,trial_001,subject_001,1777539171.5956635,1777539171.5956635,261963.2052198,15,R_Foot,257,1,1.7657,5.8331,14.4129,-158.2642,-48.2788,41.8701,10.4425,-4.1748,-110.7751,0.0815,0.0542,-0.8209,0.5626
independent_20260430_165242,trial_001,subject_001,1777539171.5956635,1777539171.5956635,261963.2053288,9,Trunk,498,1,-1.3207,9.4794,-0.9044,5.9814,9.3994,-1.9531,97.3334,3.4277,-18.4406,0.7377,0.1398,-0.0836,0.6552
independent_20260430_165242,trial_001,subject_001,1777539171.6536064,1777539171.6536064,261963.2632903,10,L_Femur,493,1,-0.8996,9.3933,-1.7274,28.4424,21.4233,-2.2583,99.1022,5.0812,-21.8573,0.741,0.1724,-0.0898,0.6428
independent_20260430_165242,trial_001,subject_001,1777539171.6536064,1777539171.6536064,261963.2634087,11,L_Tibia,512,1,-0.1627,9.422,-3.3257,14.8315,4.6997,-0.2441,108.8306,2.7356,-31.333,0.7791,0.2329,-0.1384,0.5654
independent_20260430_165242,trial_001,subject_001,1777539171.6546073,1777539171.6546073,261963.263508,12,L_Foot,524,1,-1.0479,0.2201,9.9914,1.1597,0.4272,0.7935,1.8292,5.4987,-115.4388,-0.032,0.0391,-0.844,0.534
independent_20260430_165242,trial_001,subject_001,1777539171.6546073,1777539171.6546073,261963.2636052,13,R_Femur,529,1,-0.1388,9.0966,1.024,-13.1836,33.3862,-4.3335,84.0399,-1.6754,-30.1959,0.649,0.1639,-0.2029,0.7146
independent_20260430_165242,trial_001,subject_001,1777539171.6546073,1777539171.6546073,261963.2637022,9,Trunk,499,1,-1.3494,9.4315,-0.981,6.6528,8.1787,-1.0986,97.4213,3.4222,-18.3142,0.7383,0.139,-0.0828,0.6547
independent_20260430_165242,trial_001,subject_001,1777539171.6546073,1777539171.6546073,261963.263796,10,L_Femur,494,1,-0.78,9.4555,-1.8327,30.8228,23.2544,-0.2441,99.7559,5.0153,-21.3904,0.7454,0.1695,-0.0866,0.6388
independent_20260430_165242,trial_001,subject_001,1777539171.6546073,1777539171.6546073,261963.2638909,11,L_Tibia,513,1,0.2058,9.3119,-3.1678,16.9678,10.6201,-0.6104,109.0887,2.7026,-31.1902,0.7807,0.2321,-0.1374,0.5637
independent_20260430_165242,trial_001,subject_001,1777539171.6546073,1777539171.6546073,261963.2639843,12,L_Foot,525,1,-0.9857,0.2967,10.0201,0.9766,0.6104,0.4883,1.8347,5.4987,-115.4553,-0.032,0.0391,-0.844,0.5339
independent_20260430_165242,trial_001,subject_001,1777539171.6546073,1777539171.6546073,261963.2640767,13,R_Femur,530,1,-0.2919,8.9052,0.8422,-7.4463,27.3438,-5.3101,83.8861,-1.5601,-29.7675,0.6485,0.1619,-0.1998,0.7165
independent_20260430_165242,trial_001,subject_001,1777539171.6546073,1777539171.6546073,261963.2641684,14,R_Tibia,264,1,0.0766,9.3933,-4.1057,-168.5791,28.2593,-13.3667,102.8485,0.9393,-176.391,0.0195,0.7815,-0.623,0.026
independent_20260430_165242,trial_001,subject_001,1777539171.6546073,1777539171.6546073,261963.2642591,15,R_Foot,258,1,2.0815,4.699,11.092,-150.2686,-40.7104,73.6694,4.7461,-5.8997,-108.7701,0.0659,0.0037,-0.8124,0.5793
independent_20260430_165242,trial_001,subject_001,1777539171.6546073,1777539171.6546073,261963.2643503,9,Trunk,500,1,-1.0671,9.4842,-1.0575,6.2866,9.2773,-1.0376,97.5421,3.4113,-18.1384,0.7393,0.1379,-0.0817,0.6541
independent_20260430_165242,trial_001,subject_001,1777539171.6546073,1777539171.6546073,261963.2644405,10,L_Femur,495,1,-0.8565,9.4555,-1.6796,30.6396,22.8271,0.3662,100.2448,4.9493,-21.0388,0.7488,0.1672,-0.0844,0.6358
independent_20260430_165242,trial_001,subject_001,1777539171.6556063,1777539171.6556063,261963.2645302,12,L_Foot,526,1,-1.0145,0.3828,10.0153,0.9766,0.8545,0.3662,1.8347,5.5042,-115.4718,-0.0321,0.0392,-0.8441,0.5338
independent_20260430_165242,trial_001,subject_001,1777539171.6556063,1777539171.6556063,261963.2646205,13,R_Femur,531,1,-0.3589,8.9817,0.7178,-4.0894,22.583,-5.8594,83.7708,-1.4062,-29.3005,0.6482,0.16,-0.1962,0.7182
independent_20260430_165242,trial_001,subject_001,1777539171.7043588,1777539171.7043588,261963.313471,10,L_Femur,496,1,-1.0336,9.4507,-1.6604,29.6021,22.2168,0.5493,100.8765,4.856,-20.5884,0.753,0.1642,-0.0816,0.6319
independent_20260430_165242,trial_001,subject_001,1777539171.7043588,1777539171.7043588,261963.3135943,11,L_Tibia,514,1,-0.8183,9.1014,-3.0051,17.4561,3.418,1.6479,109.6985,2.6312,-30.954,0.7843,0.2309,-0.1355,0.5597
independent_20260430_165242,trial_001,subject_001,1777539171.7043588,1777539171.7043588,261963.313727,12,L_Foot,527,1,-1.0575,0.4115,10.0105,0.7935,0.7935,0.4272,1.8402,5.5042,-115.4828,-0.032,0.0392,-0.8442,0.5337
independent_20260430_165242,trial_001,subject_001,1777539171.7043588,1777539171.7043588,261963.3138335,13,R_Femur,532,1,-0.3637,9.0679,0.89,-4.3335,22.9492,-6.2866,83.6938,-1.2854,-28.9545,0.648,0.1587,-0.1935,0.7194
independent_20260430_165242,trial_001,subject_001,1777539171.7243836,1777539171.7243836,261963.333245,14,R_Tibia,265,1,-0.0622,9.5129,-3.0194,-153.0151,59.2651,-21.6064,97.2949,1.3074,-174.5837,0.0279,0.7501,-0.6595,0.0398
independent_20260430_165242,trial_001,subject_001,1777539171.7243836,1777539171.7243836,261963.3333842,15,R_Foot,259,1,2.0337,4.3688,10.3886,-132.2021,-39.2456,90.9424,0.2637,-7.24,-106.2488,0.0519,-0.0361,-0.7984,0.5988
independent_20260430_165242,trial_001,subject_001,1777539171.7243836,1777539171.7243836,261963.3335057,9,Trunk,501,1,-0.7273,9.5655,-0.8374,4.2725,14.2212,0.9155,97.7014,3.3344,-17.7045,0.7408,0.1347,-0.0796,0.6533
independent_20260430_165242,trial_001,subject_001,1777539171.7243836,1777539171.7243836,261963.333625,10,L_Femur,497,1,-1.2154,9.4746,-1.6604,27.771,21.9116,0.5493,101.3269,4.7791,-20.2588,0.7561,0.1619,-0.0796,0.6291
independent_20260430_165242,trial_001,subject_001,1777539171.7243836,1777539171.7243836,261963.3337409,11,L_Tibia,515,1,-0.5551,9.1636,-2.9859,18.7378,5.0659,2.6245,109.9786,2.5763,-30.899,0.7858,0.2306,-0.135,0.5578
independent_20260430_165242,trial_001,subject_001,1777539171.7243836,1777539171.7243836,261963.3338533,12,L_Foot,528,1,-1.0862,0.3637,9.9388,1.4648,0.5493,0.4883,1.8402,5.5096,-115.4993,-0.0321,0.0392,-0.8442,0.5336
independent_20260430_165242,trial_001,subject_001,1777539171.7243836,1777539171.7243836,261963.3339494,13,R_Femur,533,1,-0.3445,9.1253,1.1771,-5.6152,26.3672,-6.4697,83.595,-1.1536,-28.5754,0.6477,0.1572,-0.1905,0.7208
independent_20260430_165242,trial_001,subject_001,1777539171.7243836,1777539171.7243836,261963.3340406,9,Trunk,502,1,-0.8422,9.4842,-0.7417,4.3945,15.4419,2.0142,97.7618,3.2629,-17.4792,0.7415,0.1329,-0.0787,0.653
independent_20260430_165242,trial_001,subject_001,1777539171.7243836,1777539171.7243836,261963.334131,10,L_Femur,498,1,-1.3446,9.5177,-1.938,25.8789,18.8599,-0.9155,101.7389,4.7241,-19.9622,0.7588,0.16,-0.0778,0.6266
independent_20260430_165242,trial_001,subject_001,1777539171.7243836,1777539171.7243836,261963.3342209,11,L_Tibia,516,1,-0.1962,9.1349,-3.1726,19.043,10.7422,2.0142,110.3741,2.4774,-30.7288,0.7882,0.2294,-0.1341,0.5551
independent_20260430_165242,trial_001,subject_001,1777539171.725389,1777539171.725389,261963.3343515,12,L_Foot,529,1,-1.1197,0.4833,9.9675,1.709,0.2441,0.7324,1.8457,5.5096,-115.4993,-0.0321,0.0392,-0.8442,0.5336
independent_20260430_165242,trial_001,subject_001,1777539171.725389,1777539171.725389,261963.3344445,13,R_Femur,534,1,-0.2728,9.2114,1.6892,-10.2539,31.0059,-3.9673,83.3917,-0.9998,-27.9822,0.647,0.1545,-0.1862,0.7231
independent_20260430_165242,trial_001,subject_001,1777539171.725389,1777539171.725389,261963.3345332,14,R_Tibia,266,1,-0.7513,9.2162,-1.7944,-137.146,49.8657,-23.6206,92.3291,1.9775,-172.5677,0.0348,0.7205,-0.6902,0.0573
independent_20260430_165242,trial_001,subject_001,1777539171.725389,1777539171.725389,261963.3346225,15,R_Foot,260,1,0.8518,4.6847,11.2834,-105.4688,-40.1001,98.7549,-4.1528,-8.4155,-102.7606,0.0347,-0.074,-0.777,0.6241
independent_20260430_165242,trial_001,subject_001,1777539171.725389,1777539171.725389,261963.3347228,9,Trunk,503,1,-1.024,9.4459,-0.713,2.9907,15.8081,3.2349,97.8113,3.1805,-17.254,0.7421,0.131,-0.0779,0.6528
independent_20260430_165242,trial_001,subject_001,1777539171.725389,1777539171.725389,261963.3348176,10,L_Femur,499,1,-0.847,9.1205,-2.3687,31.4941,14.0991,-0.1831,102.3596,4.6747,-19.649,0.7627,0.158,-0.0756,0.6226
independent_20260430_165242,trial_001,subject_001,1777539171.725389,1777539171.725389,261963.3349072,11,L_Tibia,517,1,-0.0957,9.0392,-3.5267,19.7754,10.1929,2.3804,110.6818,2.4005,-30.5804,0.7901,0.2284,-0.1333,0.553
independent_20260430_165242,trial_001,subject_001,1777539171.725389,1777539171.725389,261963.3349962,12,L_Foot,530,1,-1.0288,0.5312,9.9771,1.5869,0.4272,0.4883,1.8512,5.5151,-115.5103,-0.0321,0.0393,-0.8443,0.5335
independent_20260430_165242,trial_001,subject_001,1777539171.725389,1777539171.725389,261963.335085,13,R_Femur,535,1,-0.1579,9.4124,2.1629,-18.4937,33.2031,-1.9531,83.1226,-0.9119,-27.4878,0.6458,0.1518,-0.1829,0.7255
independent_20260430_165242,trial_001,subject_001,1777539171.76391,1777539171.76391,261963.3735598,9,Trunk,504,1,-1.158,9.3502,-0.579,2.2583,15.686,4.1504,97.8442,3.0487,-16.9519,0.7427,0.1284,-0.077,0.6526
independent_20260430_165242,trial_001,subject_001,1777539171.7649028,1777539171.7649028,261963.3737676,10,L_Femur,500,1,-0.6269,9.1971,-2.2873,33.3252,13.6719,2.5635,102.8705,4.5978,-19.4513,0.7658,0.1566,-0.0743,0.6192
independent_20260430_165242,trial_001,subject_001,1777539171.7649028,1777539171.7649028,261963.3739352,11,L_Tibia,518,1,0.0861,9.1971,-3.5219,19.3481,9.0942,2.5024,111.0773,2.2961,-30.4211,0.7925,0.2272,-0.1325,0.5503
independent_20260430_165242,trial_001,subject_001,1777539171.7649028,1777539171.7649028,261963.374074,12,L_Foot,531,1,-0.9618,0.445,9.9579,2.5024,1.0376,0.2441,1.8567,5.5206,-115.5212,-0.0321,0.0394,-0.8443,0.5334
independent_20260430_165242,trial_001,subject_001,1777539171.7649028,1777539171.7649028,261963.3742032,13,R_Femur,536,1,0.0766,9.4507,2.5983,-24.7192,35.1562,0.9766,82.6392,-0.8405,-26.7847,0.6436,0.1476,-0.1787,0.7295
independent_20260430_165242,trial_001,subject_001,1777539171.7649028,1777539171.7649028,261963.3743307,14,R_Tibia,267,1,-0.7034,8.6563,-1.0192,-103.2104,40.2832,-17.0898,88.3246,2.6807,-171.0242,0.0378,0.6957,-0.7137,0.0724
independent_20260430_165242,trial_001,subject_001,1777539171.7649028,1777539171.7649028,261963.3744533,15,R_Foot,261,1,0.2536,4.455,8.3979,-96.9849,-17.6392,85.7544,-8.4265,-9.1516,-99.3713,0.0133,-0.1073,-0.7542,0.6476
independent_20260430_165242,trial_001,subject_001,1777539171.7649028,1777539171.7649028,261963.3745787,10,L_Femur,501,1,-0.4307,9.288,-2.1342,37.2314,19.3481,4.7607,103.6121,4.4275,-19.1162,0.7705,0.154,-0.0727,0.6143
independent_20260430_165242,trial_001,subject_001,1777539171.7649028,1777539171.7649028,261963.3747031,11,L_Tibia,519,1,0.1723,9.1014,-3.6128,19.6533,9.7046,2.4414,111.3794,2.2137,-30.2893,0.7943,0.2263,-0.1318,0.5482
independent_20260430_165242,trial_001,subject_001,1777539171.765901,1777539171.765901,261963.3748431,12,L_Foot,532,1,-0.9522,0.5264,10.0345,2.3193,1.2817,-0.061,1.8567,5.5206,-115.5377,-0.0321,0.0394,-0.8444,0.5333
independent_20260430_165242,trial_001,subject_001,1777539171.765901,1777539171.765901,261963.3749721,13,R_Femur,537,1,0.1627,9.465,2.7371,-28.1982,34.668,1.0376,82.2107,-0.7965,-26.2518,0.6414,0.1442,-0.1756,0.7328
independent_20260430_165242,trial_001,subject_001,1777539171.765901,1777539171.765901,261963.3750972,9,Trunk,505,1,-1.0049,9.4076,-0.4737,4.5776,17.2119,5.7983,97.9596,2.807,-16.485,0.7442,0.124,-0.0758,0.652
independent_20260430_165242,trial_001,subject_001,1777539171.765901,1777539171.765901,261963.37522,10,L_Femur,502,1,-0.335,9.2306,-2.1007,40.7715,25.8179,5.6763,104.2383,4.2572,-18.7701,0.7745,0.1511,-0.0711,0.6102
independent_20260430_165242,trial_001,subject_001,1777539171.765901,1777539171.765901,261963.3753409,11,L_Tibia,520,1,-0.0239,9.1062,-3.7085,19.4092,10.3149,2.5635,111.676,2.1313,-30.152,0.7961,0.2253,-0.1312,0.5461
independent_20260430_165242,trial_001,subject_001,1777539171.765901,1777539171.765901,261963.3754633,12,L_Foot,533,1,-0.9857,0.5694,10.0153,2.3193,1.709,-0.2441,1.8677,5.5261,-115.5542,-0.0321,0.0395,-0.8445,0.5332
independent_20260430_165242,trial_001,subject_001,1777539171.765901,1777539171.765901,261963.3755849,13,R_Femur,538,1,-0.0526,9.4938,2.9764,-26.4893,33.3252,2.8076,81.7822,-0.7635,-25.741,0.6393,0.1409,-0.1726,0.736
independent_20260430_165242,trial_001,subject_001,1777539171.765901,1777539171.765901,261963.3757071,14,R_Tibia,268,1,-1.0575,8.2879,-0.4833,-71.4111,33.1421,-7.6904,85.8856,3.0872,-169.9585,0.04,0.6801,-0.7274,0.0823
independent_20260430_165242,trial_001,subject_001,1777539171.7669005,1777539171.7669005,261963.375828,15,R_Foot,262,1,-1.9811,4.8809,7.3261,-51.2085,-19.2261,37.4146,-11.0028,-9.3384,-97.2894,-0.0023,-0.1253,-0.7395,0.6614
independent_20260430_165242,trial_001,subject_001,1777539171.7669005,1777539171.7669005,261963.37595,9,Trunk,506,1,-0.8661,9.5272,-0.6077,3.7842,18.3716,6.7749,98.0365,2.6147,-16.1499,0.7451,0.1208,-0.075,0.6516
independent_20260430_165242,trial_001,subject_001,1777539171.864175,1777539171.864175,261963.4733004,11,L_Tibia,521,1,-0.2345,9.1205,-3.4118,20.3247,13.916,3.1128,112.088,1.994,-29.9268,0.7987,0.2235,-0.1303,0.5433
independent_20260430_165242,trial_001,subject_001,1777539171.864175,1777539171.864175,261963.4734437,12,L_Foot,534,1,-1.0432,0.4881,9.9675,2.7466,2.1362,-0.061,1.8732,5.5261,-115.5597,-0.0321,0.0395,-0.8445,0.5331
independent_20260430_165242,trial_001,subject_001,1777539171.864625,1777539171.864625,261963.4735657,13,R_Femur,539,1,-0.3302,9.2641,3.3879,-23.8037,35.4614,6.5918,81.2714,-0.78,-25.0214,0.6369,0.136,-0.1687,0.7399
independent_20260430_165242,trial_001,subject_001,1777539171.864625,1777539171.864625,261963.4736829,9,Trunk,507,1,-0.914,9.5751,-0.8039,3.1128,18.3105,7.3242,98.0804,2.4609,-15.8917,0.7458,0.1183,-0.0745,0.6513
independent_20260430_165242,trial_001,subject_001,1777539171.864625,1777539171.864625,261963.4737968,10,L_Femur,503,1,-0.579,9.2976,-2.3782,44.7388,32.5317,4.4556,105.7928,3.7958,-17.7484,0.7845,0.1427,-0.0669,0.5998
independent_20260430_165242,trial_001,subject_001,1777539171.864625,1777539171.864625,261963.4739112,11,L_Tibia,522,1,-0.0909,9.0918,-3.4692,20.4468,15.9302,2.9907,112.4066,1.8677,-29.7235,0.8008,0.2219,-0.1296,0.541
independent_20260430_165242,trial_001,subject_001,1777539171.864625,1777539171.864625,261963.4740235,12,L_Foot,535,1,-1.0432,0.5168,9.9579,3.1128,2.3193,0.0,1.8787,5.5261,-115.5597,-0.032,0.0396,-0.8445,0.5332
independent_20260430_165242,trial_001,subject_001,1777539171.864625,1777539171.864625,261963.474131,13,R_Femur,540,1,-0.4307,9.0487,3.4166,-22.7051,32.6538,8.3618,80.9143,-0.8295,-24.4995,0.6353,0.1323,-0.166,0.7426
independent_20260430_165242,trial_001,subject_001,1777539171.864625,1777539171.864625,261963.4742216,14,R_Tibia,269,1,-1.0527,7.8046,-0.244,-27.832,5.249,8.2397,84.3915,3.0652,-169.3542,0.0426,0.6704,-0.7357,0.0866
independent_20260430_165242,trial_001,subject_001,1777539171.864625,1777539171.864625,261963.474313,15,R_Foot,263,1,-0.6125,4.4693,5.5269,-9.8877,-9.1553,1.5869,-11.8652,-9.6625,-96.8555,-0.0057,-0.1326,-0.7357,0.6642
independent_20260430_165242,trial_001,subject_001,1777539171.864625,1777539171.864625,261963.4744039,9,Trunk,508,1,-0.9188,9.6852,-0.7034,0.2441,20.3247,7.5073,98.0969,2.2412,-15.5292,0.7465,0.1147,-0.0739,0.6513
independent_20260430_165242,trial_001,subject_001,1777539171.8656235,1777539171.8656235,261963.4744943,10,L_Femur,504,1,-0.5886,9.2641,-2.3878,48.2178,33.0811,4.2725,106.5344,3.5925,-17.287,0.7891,0.1389,-0.065,0.5948
independent_20260430_165242,trial_001,subject_001,1777539171.8656235,1777539171.8656235,261963.4746035,11,L_Tibia,523,1,-0.067,9.0296,-3.608,21.6064,17.2729,3.9673,112.7362,1.7249,-29.4983,0.803,0.22,-0.1289,0.5387
independent_20260430_165242,trial_001,subject_001,1777539171.8656235,1777539171.8656235,261963.4747625,12,L_Foot,536,1,-0.9905,0.5455,9.9579,3.418,2.6855,-0.1831,1.8896,5.5316,-115.5707,-0.032,0.0397,-0.8445,0.5331
independent_20260430_165242,trial_001,subject_001,1777539171.8656235,1777539171.8656235,261963.4749297,13,R_Femur,541,1,-0.3972,9.0248,3.1726,-23.5596,23.7427,10.7422,80.5518,-0.9283,-24.0875,0.6335,0.1288,-0.1643,0.745
independent_20260430_165242,trial_001,subject_001,1777539171.8656235,1777539171.8656235,261963.4750793,9,Trunk,509,1,-0.7034,9.6325,-0.4498,-1.77,22.9492,7.7515,98.075,2.0709,-15.2106,0.7468,0.1117,-0.0732,0.6515
independent_20260430_165242,trial_001,subject_001,1777539171.8656235,1777539171.8656235,261963.4752351,10,L_Femur,505,1,-0.8087,9.3693,-2.4452,46.6309,35.2173,4.0283,107.2705,3.3783,-16.7981,0.7937,0.1349,-0.0631,0.5898
independent_20260430_165242,trial_001,subject_001,1777539171.8656235,1777539171.8656235,261963.4753906,11,L_Tibia,524,1,-0.4115,9.1157,-3.3927,21.9116,18.3716,4.9438,113.1866,1.5051,-29.1852,0.806,0.2173,-0.1281,0.5355
independent_20260430_165242,trial_001,subject_001,1777539171.8656235,1777539171.8656235,261963.4755349,12,L_Foot,537,1,-1.024,0.5359,9.9292,4.8218,2.8687,0.3052,1.9611,5.5701,-115.5707,-0.032,0.0404,-0.8445,0.5331
independent_20260430_165242,trial_001,subject_001,1777539171.8667562,1777539171.8667562,261963.4756888,13,R_Femur,542,1,-0.1579,8.9722,2.8615,-25.2075,9.7656,14.0991,80.0189,-1.1536,-23.7579,0.6307,0.1248,-0.164,0.7482
independent_20260430_165242,trial_001,subject_001,1777539171.8667562,1777539171.8667562,261963.4758426,14,R_Tibia,270,1,0.4259,7.5366,-0.5742,12.7563,5.6763,11.4746,84.3036,2.6971,-169.2938,0.0452,0.6696,-0.7365,0.0849
independent_20260430_165242,trial_001,subject_001,1777539171.8667562,1777539171.8667562,261963.4759875,15,R_Foot,264,1,2.4309,5.2206,6.7471,37.5366,16.4185,8.667,-11.1841,-9.679,-96.7456,-0.0017,-0.1284,-0.7358,0.6649
independent_20260430_165242,trial_001,subject_001,1777539171.903925,1777539171.903925,261963.5136014,9,Trunk,510,1,-0.6077,9.5512,-0.2919,-2.0142,24.9023,7.9346,98.0365,1.8951,-14.8645,0.7471,0.1084,-0.0724,0.6518
independent_20260430_165242,trial_001,subject_001,1777539171.9049366,1777539171.9049366,261963.5138057,10,L_Femur,506,1,-0.9427,9.2162,-2.6318,44.2505,37.8418,3.9673,108.1989,3.0707,-16.1005,0.7996,0.129,-0.0606,0.5834
independent_20260430_165242,trial_001,subject_001,1777539171.9049366,1777539171.9049366,261963.5140259,11,L_Tibia,525,1,-0.1962,8.9961,-3.541,23.9258,20.9351,5.9814,113.5492,1.3129,-28.9325,0.8084,0.215,-0.1276,0.5329
independent_20260430_165242,trial_001,subject_001,1777539171.9049366,1777539171.9049366,261963.5142057,12,L_Foot,538,1,-1.0767,0.6221,9.9723,5.0049,2.9297,0.3052,2.0435,5.6195,-115.5652,-0.032,0.0412,-0.8444,0.5331
independent_20260430_165242,trial_001,subject_001,1777539171.9049366,1777539171.9049366,261963.5143748,13,R_Femur,543,1,-0.067,8.5415,2.6127,-14.0381,3.479,16.6016,79.7607,-1.3843,-23.6426,0.6294,0.1223,-0.1648,0.7495
independent_20260430_165242,trial_001,subject_001,1777539171.9049366,1777539171.9049366,261963.5145581,9,Trunk,511,1,-0.78,9.5751,-0.268,-2.9297,27.1606,7.9346,97.9816,1.6479,-14.3646,0.7474,0.1037,-0.0713,0.6523
independent_20260430_165242,trial_001,subject_001,1777539171.9049366,1777539171.9049366,261963.5147514,11,L_Tibia,526,1,-0.2393,9.087,-3.5984,25.4517,25.8179,7.6294,114.0656,0.9888,-28.5315,0.8119,0.2113,-0.1271,0.5291
independent_20260430_165242,trial_001,subject_001,1777539171.9059322,1777539171.9059322,261963.5149056,12,L_Foot,539,1,-1.1197,0.4115,9.9483,5.4932,3.6011,0.3662,2.1643,5.6964,-115.5652,-0.032,0.0424,-0.8443,0.5332
independent_20260430_165242,trial_001,subject_001,1777539171.9059322,1777539171.9059322,261963.5150995,13,R_Femur,544,1,0.1771,8.1539,2.4069,-4.8218,4.2114,20.752,79.6179,-1.7688,-23.4833,0.6292,0.1187,-0.166,0.75
independent_20260430_165242,trial_001,subject_001,1777539171.9059322,1777539171.9059322,261963.5152681,14,R_Tibia,271,1,0.6364,7.7376,-1.091,47.1802,31.9214,9.9487,85.5396,2.406,-168.4973,0.0527,0.677,-0.7288,0.0877
independent_20260430_165242,trial_001,subject_001,1777539171.9059322,1777539171.9059322,261963.5154426,15,R_Foot,265,1,1.2824,5.8905,3.6654,116.7603,43.0908,30.3955,-8.3496,-8.1134,-96.3226,0.0041,-0.1012,-0.7378,0.6674
independent_20260430_165242,trial_001,subject_001,1777539171.9059322,1777539171.9059322,261963.5156124,9,Trunk,512,1,-0.8805,9.5607,-0.268,-3.479,28.8086,8.0566,97.9266,1.4612,-13.9581,0.7476,0.1,-0.0702,0.6528
independent_20260430_165242,trial_001,subject_001,1777539171.9069333,1777539171.9069333,261963.5158033,10,L_Femur,507,1,-0.8326,9.1396,-2.7419,44.9829,45.6543,5.5542,109.8083,2.406,-14.7437,0.8097,0.1169,-0.0567,0.5723
independent_20260430_165242,trial_001,subject_001,1777539171.9069333,1777539171.9069333,261963.5159893,11,L_Tibia,527,1,-0.3924,9.1827,-3.6224,25.0244,26.9165,8.2397,114.4446,0.7196,-28.2074,0.8146,0.2082,-0.1268,0.5263
independent_20260430_165242,trial_001,subject_001,1777539171.9069333,1777539171.9069333,261963.5161451,12,L_Foot,540,1,-1.1484,0.4211,9.8909,6.4087,3.1738,0.6714,2.2687,5.7458,-115.5597,-0.0319,0.0434,-0.8442,0.5332
independent_20260430_165242,trial_001,subject_001,1777539171.9069333,1777539171.9069333,261963.5163201,13,R_Femur,545,1,0.4498,8.1252,2.3112,1.5259,7.8125,23.1934,79.6179,-2.0929,-23.3075,0.6298,0.1156,-0.1666,0.7499
independent_20260430_165242,trial_001,subject_001,1777539171.923447,1777539171.923447,261963.533403,9,Trunk,513,1,-0.8948,9.6564,-0.201,-5.249,30.4565,7.7515,97.8497,1.2744,-13.5242,0.7477,0.096,-0.069,0.6534
independent_20260430_165242,trial_001,subject_001,1777539171.923447,1777539171.923447,261963.5335269,10,L_Femur,508,1,-0.6699,8.9578,-2.895,48.7061,48.2178,5.4321,110.5499,2.0764,-14.09,0.8143,0.111,-0.0551,0.5671
independent_20260430_165242,trial_001,subject_001,1777539171.923447,1777539171.923447,261963.5336287,11,L_Tibia,528,1,-0.1579,9.0631,-3.9238,26.123,27.0386,10.0098,114.8401,0.4285,-27.8943,0.8173,0.2051,-0.1267,0.5234
independent_20260430_165242,trial_001,subject_001,1777539171.923447,1777539171.923447,261963.5337266,12,L_Foot,541,1,-1.1054,0.5455,9.8909,7.2021,3.0518,0.4272,2.3895,5.8008,-115.5542,-0.0317,0.0446,-0.8442,0.5333
independent_20260430_165242,trial_001,subject_001,1777539171.9249547,1777539171.9249547,261963.5338225,13,R_Femur,546,1,0.7991,8.3453,2.1677,4.9438,12.0239,24.5972,79.6619,-2.428,-23.0658,0.6307,0.1121,-0.1668,0.7496
independent_20260430_165242,trial_001,subject_001,1777539171.9249547,1777539171.9249547,261963.5339149,14,R_Tibia,272,1,-0.1053,8.7473,-0.7991,71.167,47.3022,8.2397,87.5665,2.2467,-167.168,0.0632,0.689,-0.7158,0.0941
independent_20260430_165242,trial_001,subject_001,1777539171.9249547,1777539171.9249547,261963.5340095,15,R_Foot,266,1,0.6795,-0.9092,9.3119,134.7656,83.8623,17.1509,-4.1089,-5.7568,-95.6799,0.0132,-0.0602,-0.7387,0.6713
independent_20260430_165242,trial_001,subject_001,1777539171.9249547,1777539171.9249547,261963.5341022,9,Trunk,514,1,-0.8039,9.9053,-0.0957,-8.9111,32.1655,6.2866,97.6849,1.0437,-12.9199,0.7474,0.0907,-0.0672,0.6547
independent_20260430_165242,trial_001,subject_001,1777539171.9249547,1777539171.9249547,261963.5341933,10,L_Femur,509,1,-0.5359,8.843,-3.0099,52.063,52.3071,6.1035,111.3409,1.7139,-13.3978,0.8191,0.1047,-0.0535,0.5615
independent_20260430_165242,trial_001,subject_001,1777539171.9249547,1777539171.9249547,261963.5342843,11,L_Tibia,529,1,-0.4833,9.0774,-4.0387,26.3672,23.8037,13.5498,115.3729,0.0,-27.5372,0.8209,0.2011,-0.1272,0.5192
independent_20260430_165242,trial_001,subject_001,1777539171.9249547,1777539171.9249547,261963.5343739,12,L_Foot,542,1,-1.0145,0.6077,9.9914,7.8125,2.1973,0.3662,2.5543,5.8502,-115.5487,-0.0313,0.046,-0.844,0.5334
independent_20260430_165242,trial_001,subject_001,1777539171.9249547,1777539171.9249547,261963.5344649,13,R_Femur,547,1,0.7273,10.4747,2.3878,-15.1367,22.2778,21.6064,79.541,-2.818,-22.5989,0.6308,0.1068,-0.166,0.7504
independent_20260430_165242,trial_001,subject_001,1777539171.9249547,1777539171.9249547,261963.5345548,9,Trunk,515,1,-0.6125,10.0632,-0.1771,-8.667,33.5693,3.6011,97.5421,0.9064,-12.431,0.7471,0.0866,-0.0654,0.6558
independent_20260430_165242,trial_001,subject_001,1777539171.9249547,1777539171.9249547,261963.5346443,10,L_Femur,510,1,-0.8374,9.0439,-3.2874,51.4526,56.5186,7.019,112.4066,1.17,-12.4036,0.8255,0.0954,-0.0517,0.5539
independent_20260430_165242,trial_001,subject_001,1777539171.9249547,1777539171.9249547,261963.5347324,11,L_Tibia,530,1,-0.7991,9.2354,-3.9717,27.2827,22.7051,16.8457,115.7849,-0.3571,-27.323,0.8235,0.1985,-0.1281,0.5158
independent_20260430_165242,trial_001,subject_001,1777539171.925965,1777539171.925965,261963.5348327,12,L_Foot,543,1,-1.2011,0.5599,10.0584,8.4229,1.6479,0.1831,2.6862,5.8832,-115.5487,-0.0309,0.0472,-0.844,0.5334
independent_20260430_165242,trial_001,subject_001,1777539171.925965,1777539171.925965,261963.5349236,13,R_Femur,548,1,0.2919,10.5082,2.7658,-15.9912,22.3999,21.3623,79.184,-3.0707,-22.1869,0.6292,0.1023,-0.165,0.7526
independent_20260430_165242,trial_001,subject_001,1777539171.925965,1777539171.925965,261963.5350119,14,R_Tibia,273,1,-4.2301,12.6232,2.3304,28.0151,40.4663,6.7139,89.2419,2.027,-165.553,0.0758,0.6983,-0.7044,0.1018
independent_20260430_165242,trial_001,subject_001,1777539171.925965,1777539171.925965,261963.5351004,15,R_Foot,267,1,-2.5122,-0.8039,11.671,133.9722,36.6211,-3.2349,-0.4065,-4.812,-95.4987,0.0287,-0.0308,-0.7395,0.6719
independent_20260430_165242,trial_001,subject_001,1777539171.9546947,1777539171.9546947,261963.5635648,9,Trunk,516,1,-0.5312,10.4269,-0.6938,-5.188,33.02,-1.2817,97.4103,0.8075,-11.7719,0.7469,0.0817,-0.0624,0.657
independent_20260430_165242,trial_001,subject_001,1777539171.9546947,1777539171.9546947,261963.5636786,10,L_Femur,511,1,-1.1197,9.422,-3.4836,48.584,55.481,7.5073,113.1537,0.7361,-11.6675,0.8299,0.0884,-0.0507,0.5485
independent_20260430_165242,trial_001,subject_001,1777539171.9546947,1777539171.9546947,261963.5637779,11,L_Tibia,531,1,-0.7178,9.4172,-3.7707,28.8086,25.3906,18.4326,116.2079,-0.7581,-27.0978,0.8262,0.1955,-0.1292,0.5123
independent_20260430_165242,trial_001,subject_001,1777539171.9546947,1777539171.9546947,261963.563873,12,L_Foot,544,1,-1.4786,0.5694,9.9962,9.6436,0.1221,0.4272,2.8839,5.8997,-115.5432,-0.0301,0.0487,-0.8438,0.5335
independent_20260430_165242,trial_001,subject_001,1777539171.9546947,1777539171.9546947,261963.563966,13,R_Femur,549,1,-0.7848,9.0966,2.4835,44.9829,33.02,14.8315,79.6893,-3.241,-21.698,0.6331,0.0992,-0.1623,0.7503
independent_20260430_165242,trial_001,subject_001,1777539171.9546947,1777539171.9546947,261963.5640575,9,Trunk,517,1,-0.6269,10.6709,-1.2154,-4.5166,31.8604,-4.0283,97.3334,0.791,-11.2939,0.7468,0.0784,-0.0598,0.6577
independent_20260430_165242,trial_001,subject_001,1777539171.9546947,1777539171.9546947,261963.564149,10,L_Femur,512,1,-1.359,9.7234,-3.6606,43.2739,48.8281,6.7749,113.8293,0.3351,-11.0083,0.8338,0.082,-0.0499,0.5436
independent_20260430_165242,trial_001,subject_001,1777539171.9546947,1777539171.9546947,261963.5642392,11,L_Tibia,532,1,-0.3445,9.4938,-3.5219,31.25,34.1187,19.3481,116.8121,-1.3788,-26.6913,0.8302,0.1905,-0.1309,0.5073
independent_20260430_165242,trial_001,subject_001,1777539171.9546947,1777539171.9546947,261963.5643288,12,L_Foot,545,1,-1.3925,0.4307,9.9771,11.1084,-0.8545,1.0986,3.0542,5.8942,-115.5377,-0.0293,0.0499,-0.8438,0.5336
independent_20260430_165242,trial_001,subject_001,1777539171.9546947,1777539171.9546947,261963.5644188,13,R_Femur,550,1,-1.3446,12.1782,3.6224,-15.3809,73.6084,18.4326,79.6234,-3.3618,-20.3687,0.6339,0.091,-0.1542,0.7524
independent_20260430_165242,trial_001,subject_001,1777539171.9546947,1777539171.9546947,261963.5645087,14,R_Tibia,274,1,-2.1868,9.9388,-0.2153,42.4805,18.0054,7.8125,90.4944,1.8073,-164.8389,0.0827,0.7053,-0.6963,0.104
independent_20260430_165242,trial_001,subject_001,1777539171.9556947,1777539171.9556947,261963.5645979,15,R_Foot,268,1,-0.0335,-0.0048,7.1729,153.1372,19.3481,-11.9019,4.6198,-4.1144,-95.8777,0.0536,0.0059,-0.7423,0.6679
independent_20260430_165242,trial_001,subject_001,1777539172.0043068,1777539172.0043068,261963.6133221,9,Trunk,518,1,-0.7226,10.7618,-1.5743,-10.3149,31.189,-5.4321,97.1906,0.7965,-10.816,0.7463,0.0753,-0.0571,0.6589
independent_20260430_165242,trial_001,subject_001,1777539172.0043068,1777539172.0043068,261963.6134654,10,L_Femur,513,1,-1.426,9.7761,-3.6367,33.6914,42.2974,5.9814,114.5544,-0.1373,-10.2557,0.838,0.0745,-0.0493,0.5383
independent_20260430_165242,trial_001,subject_001,1777539172.0043068,1777539172.0043068,261963.6136132,11,L_Tibia,533,1,-0.0909,9.6229,-3.4262,36.1328,36.438,20.874,117.334,-1.8951,-26.3342,0.8335,0.1862,-0.1322,0.5031
independent_20260430_165242,trial_001,subject_001,1777539172.0043068,1777539172.0043068,261963.6137502,12,L_Foot,546,1,-1.2776,0.1244,9.9005,12.0239,-1.4648,1.6479,3.2355,5.8777,-115.5212,-0.0283,0.0512,-0.8436,0.5338
independent_20260430_165242,trial_001,subject_001,1777539172.0043068,1777539172.0043068,261963.6138852,13,R_Femur,551,1,-0.0144,10.2594,3.7516,20.6909,70.0684,16.0522,79.7058,-3.4222,-19.2535,0.6353,0.0845,-0.1472,0.7533
independent_20260430_165242,trial_001,subject_001,1777539172.0043068,1777539172.0043068,261963.6140218,9,Trunk,519,1,-0.8087,10.3742,-1.5408,-14.4043,28.4424,-8.4839,96.8939,0.8624,-10.2173,0.7449,0.0716,-0.0535,0.6612
independent_20260430_165242,trial_001,subject_001,1777539172.0053034,1777539172.0053034,261963.614209,10,L_Femur,514,1,-1.225,9.7091,-3.4022,27.0996,41.4429,6.897,114.9774,-0.4889,-9.7229,0.8404,0.0692,-0.0491,0.5352
independent_20260430_165242,trial_001,subject_001,1777539172.0138226,1777539172.0138226,261963.623374,11,L_Tibia,534,1,-0.3254,9.5368,-3.0673,37.5977,36.5601,24.7803,118.0591,-2.6477,-25.8783,0.8381,0.1804,-0.1345,0.497
independent_20260430_165242,trial_001,subject_001,1777539172.0138226,1777539172.0138226,261963.6236012,12,L_Foot,547,1,-1.0575,0.268,9.9196,13.855,-1.2207,1.5259,3.5156,5.8557,-115.4938,-0.0268,0.0532,-0.8434,0.534
independent_20260430_165242,trial_001,subject_001,1777539172.0148268,1777539172.0148268,261963.623798,13,R_Femur,552,1,-0.2105,9.7809,2.5409,26.5503,70.8618,11.2305,80.2551,-3.4442,-17.8473,0.64,0.0772,-0.1377,0.752
independent_20260430_165242,trial_001,subject_001,1777539172.0148268,1777539172.0148268,261963.6239882,14,R_Tibia,275,1,2.0911,7.9338,-4.0004,82.0923,98.2666,12.6953,92.4115,1.4008,-162.8119,0.0995,0.7149,-0.6829,0.1121
independent_20260430_165242,trial_001,subject_001,1777539172.0148268,1777539172.0148268,261963.6241773,15,R_Foot,269,1,-0.5838,6.2303,15.8389,26.8555,-1.2207,-2.5635,7.1521,-3.8452,-96.026,0.0666,0.0239,-0.7428,0.6657
independent_20260430_165242,trial_001,subject_001,1777539172.0148268,1777539172.0148268,261963.6243735,9,Trunk,520,1,-1.1149,10.2211,-1.5695,-6.4087,23.9868,-13.0615,96.7566,0.9888,-9.8273,0.7443,0.0697,-0.0505,0.6623
independent_20260430_165242,trial_001,subject_001,1777539172.0148268,1777539172.0148268,261963.624593,10,L_Femur,515,1,-1.0097,10.1015,-3.1199,19.5923,40.1611,9.0332,115.4004,-0.9998,-9.0582,0.843,0.0621,-0.0495,0.5321
independent_20260430_165242,trial_001,subject_001,1777539172.0158248,1777539172.0158248,261963.6247932,11,L_Tibia,535,1,-0.6508,9.8144,-3.0434,43.6401,32.7148,29.3579,118.6798,-3.2574,-25.6311,0.8417,0.1766,-0.1369,0.4916
independent_20260430_165242,trial_001,subject_001,1777539172.0447335,1777539172.0447335,261963.6540869,12,L_Foot,548,1,-1.3111,0.3493,10.1254,13.7939,-0.9155,1.2817,3.7408,5.8447,-115.4718,-0.0257,0.0548,-0.8432,0.5343
independent_20260430_165242,trial_001,subject_001,1777539172.0447335,1777539172.0447335,261963.6542031,13,R_Femur,553,1,2.1103,9.8526,1.158,37.1094,89.9048,7.6904,80.6506,-3.3618,-16.5564,0.6433,0.071,-0.1285,0.7514
independent_20260430_165242,trial_001,subject_001,1777539172.0447335,1777539172.0447335,261963.6543034,9,Trunk,521,1,-1.1915,10.4604,-1.3829,-3.7231,23.8037,-16.4795,96.6962,1.1755,-9.4482,0.7441,0.0683,-0.0471,0.6629
independent_20260430_165242,trial_001,subject_001,1777539172.0447335,1777539172.0447335,261963.6544005,10,L_Femur,516,1,-0.9666,10.5465,-3.1438,11.9629,40.8936,6.6528,115.5927,-1.3623,-8.5529,0.8442,0.0568,-0.0498,0.5307
independent_20260430_165242,trial_001,subject_001,1777539172.0447335,1777539172.0447335,261963.6544959,11,L_Tibia,536,1,-0.3015,9.9579,-3.1726,44.9829,29.541,30.7007,119.3445,-3.8727,-25.4553,0.8452,0.1734,-0.1396,0.4858
independent_20260430_165242,trial_001,subject_001,1777539172.0447335,1777539172.0447335,261963.6545909,12,L_Foot,549,1,-1.2346,0.0957,9.9723,19.5312,-0.8545,2.0142,4.0375,5.8447,-115.4388,-0.0243,0.057,-0.8429,0.5346
independent_20260430_165242,trial_001,subject_001,1777539172.0447335,1777539172.0447335,261963.6546857,13,R_Femur,554,1,2.1438,9.7521,-2.9285,64.3921,92.8955,2.8687,81.4691,-3.208,-15.1501,0.6494,0.065,-0.118,0.7484
independent_20260430_165242,trial_001,subject_001,1777539172.0458882,1777539172.0458882,261963.6547779,14,R_Tibia,276,1,-0.4977,12.7955,-3.7803,70.4956,124.2676,13.3667,94.9823,0.6866,-159.0546,0.13,0.7256,-0.6636,0.1272
independent_20260430_165242,trial_001,subject_001,1777539172.0458882,1777539172.0458882,261963.65487,15,R_Foot,270,1,0.713,1.1628,10.0201,19.104,-6.1646,-0.8545,7.8497,-4.0704,-96.0809,0.0721,0.0272,-0.743,0.6648
independent_20260430_165242,trial_001,subject_001,1777539172.0458882,1777539172.0458882,261963.6549618,9,Trunk,522,1,-0.8278,10.4604,-1.1245,-2.8687,26.3672,-16.5405,96.6083,1.4337,-8.8989,0.7437,0.0662,-0.0423,0.6638
independent_20260430_165242,trial_001,subject_001,1777539172.0458882,1777539172.0458882,261963.6550528,10,L_Femur,517,1,-0.6173,10.7331,-3.297,3.2349,44.3115,3.3569,115.6531,-1.7029,-7.9816,0.8448,0.051,-0.0496,0.5303
independent_20260430_165242,trial_001,subject_001,1777539172.0458882,1777539172.0458882,261963.6551427,11,L_Tibia,537,1,0.9857,9.8335,-3.2826,54.4434,44.1895,30.6396,120.3497,-4.7955,-25.0543,0.8507,0.1677,-0.1432,0.4772
independent_20260430_165242,trial_001,subject_001,1777539172.0458882,1777539172.0458882,261963.6552323,12,L_Foot,550,1,-1.3494,0.4689,9.9053,20.0195,-0.4272,4.6387,4.4495,5.8392,-115.3564,-0.0223,0.06,-0.8423,0.5352
independent_20260430_165242,trial_001,subject_001,1777539172.0463922,1777539172.0463922,261963.6553225,13,R_Femur,555,1,-1.1724,10.2546,-3.8903,41.626,82.7637,8.7891,82.337,-3.1036,-13.4418,0.6559,0.0568,-0.1058,0.7452
independent_20260430_165242,trial_001,subject_001,1777539172.0463922,1777539172.0463922,261963.6554111,9,Trunk,523,1,-0.5024,10.178,-1.4738,2.6245,27.1606,-14.6484,96.6302,1.604,-8.4705,0.744,0.0644,-0.0387,0.6639
independent_20260430_165242,trial_001,subject_001,1777539172.0463922,1777539172.0463922,261963.6555002,10,L_Femur,518,1,0.0144,10.6709,-3.273,-7.5073,47.9126,-0.4883,115.5267,-2.1259,-7.1301,0.8447,0.0427,-0.0488,0.5313
independent_20260430_165242,trial_001,subject_001,1777539172.0463922,1777539172.0463922,261963.6555996,11,L_Tibia,538,1,1.2872,9.8479,-3.2156,57.251,59.3262,29.2358,121.1627,-5.6085,-24.538,0.8552,0.1614,-0.1459,0.4703
independent_20260430_165242,trial_001,subject_001,1777539172.0463922,1777539172.0463922,261963.6556912,12,L_Foot,551,1,-1.225,0.268,9.8479,26.3062,-1.0986,7.3242,4.856,5.8228,-115.2521,-0.0202,0.0629,-0.8416,0.5361
independent_20260430_165242,trial_001,subject_001,1777539172.0463922,1777539172.0463922,261963.655779,13,R_Femur,556,1,-2.3782,9.5799,-1.8088,36.377,65.2466,18.7988,82.8259,-3.2245,-12.3651,0.6596,0.0502,-0.0992,0.7433
independent_20260430_165242,trial_001,subject_001,1777539172.0463922,1777539172.0463922,261963.6558672,14,R_Tibia,277,1,-3.3257,7.9912,-4.1104,50.5981,10.498,28.0762,96.9049,-0.1923,-157.1375,0.1494,0.7333,-0.6503,0.1302
independent_20260430_165242,trial_001,subject_001,1777539172.0463922,1777539172.0463922,261963.6559548,15,R_Foot,271,1,1.1054,1.8566,10.1015,19.8975,-2.0142,-0.7324,8.5199,-4.2297,-96.1029,0.077,0.0306,-0.743,0.6641
independent_20260430_165242,trial_001,subject_001,1777539172.0463922,1777539172.0463922,261963.6560429,9,Trunk,524,1,-0.3637,9.8622,-2.0002,-0.2441,31.25,-7.6294,96.6412,1.7084,-7.8552,0.7444,0.061,-0.0344,0.6641
independent_20260430_165242,trial_001,subject_001,1777539172.0463922,1777539172.0463922,261963.6561311,10,L_Femur,519,1,0.4259,10.647,-3.1343,-16.4795,49.0723,-4.1504,115.2795,-2.4005,-6.4435,0.8438,0.0363,-0.0477,0.5333
independent_20260430_165242,trial_001,subject_001,1777539172.0463922,1777539172.0463922,261963.6562205,12,L_Foot,552,1,-1.1819,0.5455,9.9196,30.4565,-4.0283,9.6436,5.4767,5.7568,-115.0763,-0.0167,0.0672,-0.8404,0.5375
independent_20260430_165242,trial_001,subject_001,1777539172.0473986,1777539172.0473986,261963.656334,13,R_Femur,557,1,-3.163,8.5319,-1.6604,52.1851,15.9912,27.0996,83.5126,-3.5706,-11.9202,0.6645,0.046,-0.0981,0.7394
independent_20260430_165242,trial_001,subject_001,1777539172.1146739,1777539172.1146739,261963.7235433,9,Trunk,525,1,-0.5886,9.6086,-2.2155,2.1362,30.8838,-2.4414,96.6632,1.6974,-7.3883,0.7447,0.058,-0.0318,0.6641
independent_20260430_165242,trial_001,subject_001,1777539172.1146739,1777539172.1146739,261963.7236657,10,L_Femur,520,1,0.847,10.3407,-2.9094,-21.8506,49.4385,-6.5308,114.928,-2.6367,-5.7294,0.8424,0.0298,-0.0462,0.536
independent_20260430_165242,trial_001,subject_001,1777539172.1146739,1777539172.1146739,261963.7237662,11,L_Tibia,539,1,0.8709,9.7952,-3.3783,71.6553,65.7349,30.6396,123.3051,-7.6794,-23.1317,0.8667,0.1449,-0.1527,0.4523
independent_20260430_165242,trial_001,subject_001,1777539172.1146739,1777539172.1146739,261963.7238605,13,R_Femur,558,1,-1.8136,9.3598,-1.9093,58.7158,-28.8696,31.311,84.7046,-4.2242,-12.2333,0.6723,0.0447,-0.1034,0.7317
independent_20260430_165242,trial_001,subject_001,1777539172.1146739,1777539172.1146739,261963.7239532,14,R_Tibia,278,1,0.5742,10.001,-3.9813,36.2549,-16.3574,30.5176,98.3826,-1.1481,-158.0713,0.1504,0.7418,-0.643,0.1169
independent_20260430_165242,trial_001,subject_001,1777539172.1146739,1777539172.1146739,261963.7240452,15,R_Foot,272,1,0.78,2.1581,10.1254,8.1787,-1.4648,-0.4272,8.9484,-4.2792,-96.1359,0.0798,0.0331,-0.7431,0.6636
independent_20260430_165242,trial_001,subject_001,1777539172.1146739,1777539172.1146739,261963.7241373,9,Trunk,526,1,-0.8709,9.5033,-2.4117,5.7983,27.2827,1.3428,96.7346,1.6315,-6.9763,0.7454,0.0549,-0.0298,0.6637
independent_20260430_165242,trial_001,subject_001,1777539172.1146739,1777539172.1146739,261963.7242276,10,L_Femur,521,1,0.823,10.0871,-2.4309,-31.6162,44.9219,-9.2773,114.3127,-2.8784,-4.801,0.8397,0.0216,-0.0438,0.5408
independent_20260430_165242,trial_001,subject_001,1777539172.1146739,1777539172.1146739,261963.724318,11,L_Tibia,540,1,0.8805,9.3119,-3.3975,69.0918,63.8428,32.2266,124.2719,-8.6078,-22.5934,0.8714,0.1383,-0.1564,0.444
independent_20260430_165242,trial_001,subject_001,1777539172.1146739,1777539172.1146739,261963.7244072,12,L_Foot,553,1,-1.0432,-1.0862,9.9436,71.3501,-2.8076,17.2729,7.0807,5.5975,-114.6863,-0.0077,0.0782,-0.8377,0.5405
independent_20260430_165242,trial_001,subject_001,1777539172.1146739,1777539172.1146739,261963.7244973,13,R_Femur,559,1,0.134,10.2498,-1.2346,57.0679,-38.6353,28.0151,85.5945,-4.7131,-12.7496,0.678,0.0454,-0.1092,0.7255
independent_20260430_165242,trial_001,subject_001,1777539172.1740668,1777539172.1740668,261963.7836246,9,Trunk,527,1,-1.3207,9.3598,-2.6271,6.5918,17.9443,5.3711,96.8555,1.4832,-6.5753,0.7463,0.0515,-0.0284,0.663
independent_20260430_165242,trial_001,subject_001,1777539172.1740668,1777539172.1740668,261963.7838407,10,L_Femur,522,1,0.6556,9.9818,-2.1485,-43.5791,37.5366,-10.1929,113.6646,-2.9828,-4.2023,0.8367,0.0165,-0.0418,0.5457
independent_20260430_165242,trial_001,subject_001,1777539172.1750681,1777539172.1750681,261963.7841171,11,L_Tibia,541,1,1.2968,9.1301,-3.6319,73.4863,55.1147,31.7383,125.6342,-9.7833,-21.9891,0.8775,0.1308,-0.1613,0.4323
independent_20260430_165242,trial_001,subject_001,1777539172.1750681,1777539172.1750681,261963.784294,12,L_Foot,554,1,-1.6748,0.78,10.0775,87.1582,-6.958,23.2544,8.8055,5.4327,-114.2798,0.0019,0.09,-0.8346,0.5434
independent_20260430_165242,trial_001,subject_001,1777539172.1750681,1777539172.1750681,261963.7844662,13,R_Femur,560,1,1.7514,10.2833,-0.6412,59.082,-29.541,21.5454,86.814,-5.2295,-13.3813,0.6856,0.0471,-0.1157,0.7171
independent_20260430_165242,trial_001,subject_001,1777539172.1750681,1777539172.1750681,261963.7846267,14,R_Tibia,279,1,1.2633,9.9771,-2.4787,24.4141,40.7104,19.5923,99.3988,-2.0764,-157.478,0.1604,0.7456,-0.6369,0.1127
independent_20260430_165242,trial_001,subject_001,1777539172.1750681,1777539172.1750681,261963.7847593,15,R_Foot,273,1,0.6412,1.6461,9.8622,7.8125,-2.5024,0.3052,9.1846,-4.3506,-96.1359,0.0816,0.0342,-0.743,0.6634
independent_20260430_165242,trial_001,subject_001,1777539172.1750681,1777539172.1750681,261963.784879,9,Trunk,528,1,-1.2298,9.2019,-2.7515,6.8359,11.0474,7.7515,96.9489,1.3403,-6.405,0.747,0.0496,-0.0283,0.6624
independent_20260430_165242,trial_001,subject_001,1777539172.1760683,1777539172.1760683,261963.7850155,11,L_Tibia,542,1,2.0911,8.886,-4.2492,80.0781,44.0063,28.7476,126.7657,-10.5469,-21.6705,0.8821,0.1269,-0.1646,0.4227
independent_20260430_165242,trial_001,subject_001,1777539172.1760683,1777539172.1760683,261963.7851143,12,L_Foot,555,1,-1.359,0.6699,10.2115,108.0933,-6.8359,32.5928,10.426,5.257,-113.8458,0.0113,0.101,-0.8313,0.5464
independent_20260430_165242,trial_001,subject_001,1777539172.1760683,1777539172.1760683,261963.785208,13,R_Femur,561,1,1.6939,9.8622,-0.5934,56.1523,-15.2588,19.7754,87.6819,-5.5536,-13.634,0.6911,0.0474,-0.1188,0.7113
independent_20260430_165242,trial_001,subject_001,1777539172.2037582,1777539172.2037582,261963.8131662,9,Trunk,529,1,-0.7226,9.2162,-2.6893,6.8359,7.3853,10.0098,97.0367,1.1755,-6.3062,0.7476,0.048,-0.0288,0.6618
independent_20260430_165242,trial_001,subject_001,1777539172.2037582,1777539172.2037582,261963.8133084,10,L_Femur,523,1,0.134,9.7809,-2.3687,-67.9321,6.5918,-0.9766,111.4343,-3.0981,-3.4222,0.8261,0.0094,-0.0391,0.5622
independent_20260430_165242,trial_001,subject_001,1777539172.2037582,1777539172.2037582,261963.8134298,11,L_Tibia,543,1,1.9667,9.0152,-4.0626,82.9468,37.5977,27.2217,127.9578,-11.217,-21.4508,0.8867,0.1243,-0.1675,0.4126
independent_20260430_165242,trial_001,subject_001,1777539172.2037582,1777539172.2037582,261963.8135478,12,L_Foot,556,1,-1.0767,0.8374,10.1876,127.7466,-4.7607,41.748,12.3376,5.0592,-113.2745,0.0224,0.1138,-0.827,0.5502
independent_20260430_165242,trial_001,subject_001,1777539172.2037582,1777539172.2037582,261963.8136618,13,R_Femur,562,1,1.2585,9.5225,-0.8087,52.3682,-10.7422,17.8223,88.4839,-5.8392,-13.7878,0.6961,0.0474,-0.1212,0.706
independent_20260430_165242,trial_001,subject_001,1777539172.2037582,1777539172.2037582,261963.8137716,14,R_Tibia,280,1,-0.8996,9.2832,-2.694,23.7427,18.9209,21.9727,100.0635,-2.84,-156.6541,0.1706,0.7471,-0.6327,0.1113
independent_20260430_165242,trial_001,subject_001,1777539172.2037582,1777539172.2037582,261963.8138635,15,R_Foot,274,1,0.8709,1.8184,9.7521,4.7607,-3.2349,0.9155,9.3768,-4.4659,-96.1194,0.0835,0.0348,-0.7429,0.6632
independent_20260430_165242,trial_001,subject_001,1777539172.2037582,1777539172.2037582,261963.8140854,9,Trunk,530,1,-0.0766,9.4794,-2.5074,2.8076,2.4414,13.4888,97.0972,0.9064,-6.2677,0.7481,0.0462,-0.0303,0.6613
independent_20260430_165242,trial_001,subject_001,1777539172.2037582,1777539172.2037582,261963.8142048,10,L_Femur,524,1,0.2632,9.7761,-2.5696,-67.9932,-17.5781,3.418,110.4236,-3.0707,-3.62,0.821,0.0107,-0.04,0.5694
independent_20260430_165242,trial_001,subject_001,1777539172.2037582,1777539172.2037582,261963.8143198,11,L_Tibia,544,1,1.4451,9.2832,-3.9478,83.7402,28.8086,28.6865,129.6277,-12.0465,-21.2915,0.8927,0.1224,-0.1715,0.3984
independent_20260430_165242,trial_001,subject_001,1777539172.205546,1777539172.205546,261963.8144653,12,L_Foot,557,1,-1.0814,2.3878,10.4364,127.6855,-12.6343,38.0249,14.9908,4.6527,-112.5879,0.0389,0.1308,-0.8212,0.5541
independent_20260430_165242,trial_001,subject_001,1777539172.205546,1777539172.205546,261963.81458,13,R_Femur,563,1,1.0049,9.4411,-0.9762,46.5698,-9.9487,13.9771,89.4617,-6.1578,-13.9746,0.7022,0.0476,-0.1238,0.6995
independent_20260430_165242,trial_001,subject_001,1777539172.205546,1777539172.205546,261963.8146771,9,Trunk,531,1,0.2584,9.4172,-2.3256,1.2207,1.9531,15.8691,97.1027,0.6647,-6.2677,0.7482,0.0448,-0.0318,0.6612
independent_20260430_165242,trial_001,subject_001,1777539172.205546,1777539172.205546,261963.8147861,10,L_Femur,525,1,-0.1962,9.8287,-2.5026,-73.7915,-34.1797,1.2817,109.0063,-2.9114,-4.2023,0.8139,0.0151,-0.042,0.5793
independent_20260430_165242,trial_001,subject_001,1777539172.205546,1777539172.205546,261963.8148835,11,L_Tibia,545,1,1.6987,8.8478,-3.9382,88.8062,23.9258,32.7148,130.9406,-12.6508,-21.308,0.8971,0.1222,-0.1748,0.387
independent_20260430_165242,trial_001,subject_001,1777539172.205546,1777539172.205546,261963.8150249,13,R_Femur,564,1,1.0097,9.5655,-1.2537,45.4712,-15.564,13.4277,90.1593,-6.3666,-14.1779,0.7064,0.0483,-0.126,0.6948
independent_20260430_165242,trial_001,subject_001,1777539172.205546,1777539172.205546,261963.8151334,14,R_Tibia,281,1,0.6604,9.5751,-2.8615,18.1885,-5.9204,22.9492,100.7831,-3.6365,-156.7584,0.1749,0.7502,-0.6291,0.1044
independent_20260430_165242,trial_001,subject_001,1777539172.205546,1777539172.205546,261963.8152552,15,R_Foot,275,1,0.9666,1.7753,9.9101,3.8452,-3.2959,0.6714,9.4922,-4.5703,-96.1139,0.0848,0.0349,-0.7429,0.6631
independent_20260430_165242,trial_001,subject_001,1777539172.205546,1777539172.205546,261963.8153452,9,Trunk,532,1,0.7273,9.154,-2.1581,4.4556,3.2349,16.4185,97.1466,0.3186,-6.2567,0.7486,0.0428,-0.034,0.6608
independent_20260430_165242,trial_001,subject_001,1777539172.2065535,1777539172.2065535,261963.8154409,11,L_Tibia,546,1,1.4882,8.3979,-5.2589,91.1255,6.2256,36.438,132.3633,-13.1561,-21.5442,0.9014,0.1244,-0.1779,0.3745
independent_20260430_165242,trial_001,subject_001,1777539172.2065535,1777539172.2065535,261963.8155492,13,R_Femur,565,1,1.2872,9.7474,-1.5743,46.0205,-22.9492,13.7329,90.8734,-6.5808,-14.502,0.7107,0.0498,-0.129,0.6898
independent_20260430_165242,trial_001,subject_001,1777539172.2065535,1777539172.2065535,261963.815645,9,Trunk,533,1,1.0575,9.0583,-2.2729,6.7749,5.3711,16.2354,97.229,0.0549,-6.2183,0.7492,0.041,-0.0355,0.6602
independent_20260430_165242,trial_001,subject_001,1777539172.2065535,1777539172.2065535,261963.815735,10,L_Femur,526,1,-0.7752,9.6995,-3.0769,-78.6743,-52.124,-1.0986,106.7761,-2.4719,-5.5042,0.8022,0.0257,-0.0459,0.5947
independent_20260430_165242,trial_001,subject_001,1777539172.224937,1777539172.224937,261963.8338078,11,L_Tibia,547,1,1.3398,8.5128,-5.9719,91.1865,-8.1787,37.7197,134.3518,-13.6066,-22.1649,0.907,0.1308,-0.1812,0.357
independent_20260430_165242,trial_001,subject_001,1777539172.224937,1777539172.224937,261963.8339246,12,L_Foot,558,1,-2.8041,1.8184,10.7427,181.2134,-29.8462,55.603,22.8186,3.3289,-110.2368,0.0897,0.1785,-0.8005,0.5651
independent_20260430_165242,trial_001,subject_001,1777539172.224937,1777539172.224937,261963.8340263,13,R_Femur,566,1,1.1341,9.7043,-1.4643,43.9453,-27.71,12.6953,91.8237,-6.8445,-15.0348,0.7163,0.0526,-0.1334,0.6829
independent_20260430_165242,trial_001,subject_001,1777539172.224937,1777539172.224937,261963.8342555,14,R_Tibia,282,1,0.6556,9.3837,-2.8232,11.8408,2.8076,19.8975,101.261,-4.3341,-156.9012,0.1782,0.7521,-0.6269,0.0983
independent_20260430_165242,trial_001,subject_001,1777539172.22545,1777539172.22545,261963.8343489,9,Trunk,534,1,1.2346,9.0344,-2.4165,8.4229,6.897,17.7002,97.3334,-0.2197,-6.1523,0.7499,0.039,-0.0369,0.6594
independent_20260430_165242,trial_001,subject_001,1777539172.22545,1777539172.22545,261963.8344392,10,L_Femur,527,1,0.1675,10.1445,-3.3927,-86.6699,-56.2744,-1.709,105.1227,-2.1478,-6.5643,0.7932,0.0341,-0.0497,0.606
independent_20260430_165242,trial_001,subject_001,1777539172.2339115,1777539172.2339115,261963.8430518,11,L_Tibia,548,1,1.3877,8.2544,-5.9384,87.3413,-7.4463,35.2783,135.7855,-13.8977,-22.6318,0.9107,0.1358,-0.1832,0.3443
independent_20260430_165242,trial_001,subject_001,1777539172.2339115,1777539172.2339115,261963.8431852,12,L_Foot,559,1,-1.3494,2.0624,10.6948,204.2236,-29.2358,58.2275,25.8563,2.5378,-109.6655,0.1112,0.1953,-0.7937,0.5653
independent_20260430_165242,trial_001,subject_001,1777539172.2339115,1777539172.2339115,261963.8433025,13,R_Femur,567,1,1.0001,9.6517,-1.1054,39.7339,-31.5552,10.3149,92.4829,-6.9983,-15.5017,0.72,0.0554,-0.1368,0.6781
independent_20260430_165242,trial_001,subject_001,1777539172.2840881,1777539172.2840881,261963.8932528,9,Trunk,535,1,1.0527,9.2114,-2.4787,11.4746,1.709,19.165,97.5256,-0.6152,-6.1359,0.7511,0.0367,-0.0393,0.658
independent_20260430_165242,trial_001,subject_001,1777539172.2840881,1777539172.2840881,261963.8933716,10,L_Femur,528,1,0.89,10.1302,-3.4932,-89.9658,-54.2603,-5.3711,103.8098,-1.8787,-7.3444,0.7859,0.0403,-0.0524,0.6148
independent_20260430_165242,trial_001,subject_001,1777539172.2840881,1777539172.2840881,261963.8934702,11,L_Tibia,549,1,2.1772,7.7854,-6.1872,83.9844,2.7466,29.1138,137.5983,-14.3042,-23.0988,0.9153,0.1411,-0.1856,0.3283
independent_20260430_165242,trial_001,subject_001,1777539172.2840881,1777539172.2840881,261963.8935627,12,L_Foot,560,1,-1.2059,3.4836,9.5512,230.5298,-32.2266,69.8853,30.3882,1.4117,-108.7317,0.143,0.2199,-0.7824,0.5648
independent_20260430_165242,trial_001,subject_001,1777539172.2840881,1777539172.2840881,261963.8936552,13,R_Femur,568,1,1.56,9.7856,-1.0336,38.5132,-39.7339,8.9111,93.3289,-7.1521,-16.2543,0.7247,0.0603,-0.1417,0.6716
independent_20260430_165242,trial_001,subject_001,1777539172.2840881,1777539172.2840881,261963.8937472,14,R_Tibia,283,1,1.2729,9.7426,-2.383,9.7046,-4.1504,17.0288,101.6345,-4.9329,-157.099,0.1804,0.7536,-0.6253,0.0926
independent_20260430_165242,trial_001,subject_001,1777539172.2840881,1777539172.2840881,261963.8938389,15,R_Foot,276,1,0.9188,1.737,9.9005,0.9766,-2.0752,1.6479,9.4812,-4.7571,-95.9985,0.086,0.0337,-0.7423,0.6637
independent_20260430_165242,trial_001,subject_001,1777539172.2840881,1777539172.2840881,261963.8939299,10,L_Femur,529,1,1.5791,9.9818,-3.675,-91.9189,-45.6543,-10.2539,102.0026,-1.4886,-8.2397,0.7757,0.0477,-0.0553,0.6269
independent_20260430_165242,trial_001,subject_001,1777539172.2850955,1777539172.2850955,261963.8940203,11,L_Tibia,550,1,2.5218,7.5749,-7.1538,77.8809,11.5356,24.5972,138.8287,-14.6667,-23.28,0.9185,0.1434,-0.1874,0.3175
independent_20260430_165242,trial_001,subject_001,1777539172.2850955,1777539172.2850955,261963.8941085,12,L_Foot,561,1,-1.4738,3.7946,8.6707,238.4644,-49.1943,67.1997,33.9642,0.3021,-108.2318,0.1692,0.2381,-0.7744,0.5612
independent_20260430_165242,trial_001,subject_001,1777539172.2850955,1777539172.2850955,261963.894198,13,R_Femur,569,1,1.8136,9.7043,-1.292,39.856,-43.9453,9.2163,93.999,-7.262,-16.9135,0.7283,0.0646,-0.1459,0.6664
independent_20260430_165242,trial_001,subject_001,1777539172.2938833,1777539172.2938833,261963.903549,9,Trunk,536,1,0.6651,9.5416,-2.4069,11.1694,-5.0659,17.5781,97.8497,-1.1591,-6.3007,0.753,0.0348,-0.0437,0.6556
independent_20260430_165242,trial_001,subject_001,1777539172.2938833,1777539172.2938833,261963.9036649,10,L_Femur,530,1,1.8184,10.0967,-3.6463,-93.2617,-37.8418,-13.2446,100.6183,-1.1865,-8.7836,0.7677,0.0523,-0.0568,0.6361
independent_20260430_165242,trial_001,subject_001,1777539172.2948842,1777539172.2948842,261963.9037723,11,L_Tibia,551,1,2.1916,7.3596,-7.1634,68.7866,15.2588,22.2168,139.9219,-15.0568,-23.3844,0.9211,0.1448,-0.1894,0.3077
independent_20260430_165242,trial_001,subject_001,1777539172.2948842,1777539172.2948842,261963.9038704,12,L_Foot,562,1,0.2536,4.3928,7.551,239.2578,-43.0908,71.2891,37.5623,-0.8624,-107.7814,0.1955,0.2559,-0.7663,0.556
independent_20260430_165242,trial_001,subject_001,1777539172.2948842,1777539172.2948842,261963.9039628,13,R_Femur,570,1,1.6748,9.5847,-1.5217,40.4663,-44.9829,8.5449,94.6857,-7.3499,-17.5946,0.7319,0.0693,-0.15,0.6611
independent_20260430_165242,trial_001,subject_001,1777539172.2948842,1777539172.2948842,261963.9040543,14,R_Tibia,284,1,0.8518,9.4938,-2.5888,8.9111,-7.2632,15.5029,101.9366,-5.3503,-157.3627,0.1811,0.7551,-0.6239,0.0879
independent_20260430_165242,trial_001,subject_001,1777539172.2948842,1777539172.2948842,261963.9041458,9,Trunk,537,1,0.6269,9.4603,-2.2347,8.667,-6.0425,18.1885,98.02,-1.5106,-6.4709,0.754,0.034,-0.047,0.6543
independent_20260430_165242,trial_001,subject_001,1777539172.2948842,1777539172.2948842,261963.9042347,10,L_Femur,531,1,1.6652,10.0297,-3.3448,-90.8813,-25.3906,-18.3105,99.2505,-0.8679,-9.1461,0.7598,0.0558,-0.0574,0.6452
independent_20260430_165242,trial_001,subject_001,1777539172.2948842,1777539172.2948842,261963.9043227,11,L_Tibia,552,1,2.1964,6.1346,-7.551,55.8472,8.3008,21.0571,141.1633,-15.4797,-23.5767,0.924,0.1471,-0.1916,0.2965
independent_20260430_165242,trial_001,subject_001,1777539172.2948842,1777539172.2948842,261963.9044116,12,L_Foot,563,1,1.3925,4.8904,9.9675,212.6465,11.5967,97.3511,42.0007,-2.0709,-106.4575,0.228,0.2769,-0.7516,0.5536
independent_20260430_165242,trial_001,subject_001,1777539172.2948842,1777539172.2948842,261963.9045012,13,R_Femur,571,1,1.5647,9.5512,-1.6461,39.1235,-43.0298,8.1177,95.5646,-7.4487,-18.4735,0.7365,0.0755,-0.1551,0.6541
independent_20260430_165242,trial_001,subject_001,1777539172.3141866,1777539172.3141866,261963.9238934,9,Trunk,538,1,0.7513,9.2401,-2.2107,9.3994,-4.0894,18.3716,98.1464,-1.7853,-6.5808,0.7548,0.0332,-0.0493,0.6533
independent_20260430_165242,trial_001,subject_001,1777539172.3141866,1777539172.3141866,261963.9240419,10,L_Femur,532,1,0.823,9.7426,-3.1391,-85.3271,-14.8926,-23.6816,97.5146,-0.3735,-9.4153,0.7496,0.0596,-0.0565,0.6568
independent_20260430_165242,trial_001,subject_001,1777539172.315195,1777539172.315195,261963.9241796,11,L_Tibia,553,1,2.5553,5.3833,-8.0199,46.0815,2.7466,18.9209,141.9379,-15.7104,-23.7689,0.9256,0.1492,-0.193,0.2895
independent_20260430_165242,trial_001,subject_001,1777539172.315195,1777539172.315195,261963.9243066,12,L_Foot,564,1,-3.8951,1.2968,25.4044,42.2974,88.9893,61.4624,43.1268,-2.0105,-104.903,0.2369,0.2814,-0.7412,0.5616
independent_20260430_165242,trial_001,subject_001,1777539172.315195,1777539172.315195,261963.9244314,13,R_Femur,572,1,1.7179,9.5368,-1.7992,37.9028,-41.1987,7.5073,96.2183,-7.5092,-19.1107,0.7398,0.0802,-0.1587,0.6489
independent_20260430_165242,trial_001,subject_001,1777539172.315195,1777539172.315195,261963.9245532,14,R_Tibia,285,1,1.2824,9.3598,-2.5648,7.7515,-2.1973,12.7563,102.2498,-5.7733,-157.6208,0.1819,0.7566,-0.6225,0.0832
independent_20260430_165242,trial_001,subject_001,1777539172.3157282,1777539172.3157282,261963.9246781,15,R_Foot,277,1,0.8709,1.8806,9.8574,-1.9531,-1.5259,0.7324,9.4208,-4.8834,-95.9436,0.0865,0.0325,-0.742,0.664
independent_20260430_165242,trial_001,subject_001,1777539172.3157282,1777539172.3157282,261963.9248005,10,L_Femur,533,1,0.5694,9.7665,-3.4022,-83.1909,-18.2495,-20.5688,96.2622,-0.0275,-9.624,0.7421,0.0623,-0.0562,0.6651
independent_20260430_165242,trial_001,subject_001,1777539172.3157282,1777539172.3157282,261963.9249246,11,L_Tibia,554,1,3.1247,5.3642,-8.1635,26.3062,9.5215,6.7749,142.4158,-15.8752,-23.8129,0.9266,0.1499,-0.1937,0.2852
independent_20260430_165242,trial_001,subject_001,1777539172.40417,1777539172.40417,261964.0132654,12,L_Foot,565,1,-9.3215,2.1725,21.8873,-122.6807,42.9688,13.3667,41.2756,-1.2085,-103.5297,0.2259,0.2707,-0.7373,0.5762
independent_20260430_165242,trial_001,subject_001,1777539172.40417,1777539172.40417,261964.0134041,13,R_Femur,573,1,1.7131,9.6899,-1.627,33.02,-34.4238,4.9438,96.7896,-7.5421,-19.649,0.7426,0.0843,-0.1615,0.6444
independent_20260430_165242,trial_001,subject_001,1777539172.5445666,1777539172.5445666,261964.1534644,9,Trunk,539,1,0.8996,9.4459,-1.9093,10.1929,-6.3477,19.4092,98.476,-2.4445,-6.8335,0.7567,0.0312,-0.055,0.6506
independent_20260430_165242,trial_001,subject_001,1777539172.5445666,1777539172.5445666,261964.1536342,10,L_Femur,534,1,1.0814,9.8957,-3.4788,-79.834,-24.6582,-14.5874,95.0482,0.2362,-9.9536,0.7347,0.0654,-0.0571,0.6729
independent_20260430_165242,trial_001,subject_001,1777539172.5640736,1777539172.5640736,261964.1733794,11,L_Tibia,555,1,2.9907,6.4552,-4.9909,-6.8359,29.2358,-13.3667,142.3444,-16.1774,-23.3405,0.9269,0.1451,-0.1951,0.286
independent_20260430_165242,trial_001,subject_001,1777539172.5640736,1777539172.5640736,261964.1734958,12,L_Foot,566,1,-6.7566,-3.6941,6.8763,-115.7837,-50.1099,0.7935,39.5343,-1.6589,-103.8483,0.2193,0.2578,-0.7438,0.5764
independent_20260430_165242,trial_001,subject_001,1777539172.5640736,1777539172.5640736,261964.1736248,13,R_Femur,574,1,1.7131,9.8718,-1.3781,26.2451,-29.9683,3.54,97.4268,-7.5531,-20.2643,0.7457,0.0891,-0.1645,0.6394
independent_20260430_165242,trial_001,subject_001,1777539172.5640736,1777539172.5640736,261964.1737307,14,R_Tibia,286,1,1.0432,9.5655,-2.0815,9.3384,-7.9346,10.8032,102.5574,-6.1194,-157.8735,0.1823,0.7582,-0.621,0.079
independent_20260430_165242,trial_001,subject_001,1777539172.5640736,1777539172.5640736,261964.1738258,15,R_Foot,278,1,0.9283,1.6174,9.8096,1.5259,-1.4038,0.1831,9.4208,-4.9329,-95.9381,0.0868,0.0322,-0.742,0.664
independent_20260430_165242,trial_001,subject_001,1777539172.5650735,1777539172.5650735,261964.1739352,9,Trunk,540,1,0.8087,9.6038,-1.7849,11.9019,-7.2632,18.9209,98.6407,-2.7191,-6.9873,0.7577,0.0308,-0.0577,0.6493
independent_20260430_165242,trial_001,subject_001,1777539172.5650735,1777539172.5650735,261964.1740488,10,L_Femur,535,1,1.4786,9.7234,-3.0816,-72.6318,-20.2637,-10.437,93.5541,0.4889,-10.3711,0.7254,0.0688,-0.0588,0.6823
independent_20260430_165242,trial_001,subject_001,1777539172.5650735,1777539172.5650735,261964.1741439,11,L_Tibia,556,1,2.4404,6.1011,-3.6798,-32.5317,36.6821,-27.0386,141.7621,-16.3751,-22.6923,0.9261,0.1383,-0.1957,0.2914
independent_20260430_165242,trial_001,subject_001,1777539172.5650735,1777539172.5650735,261964.1742348,12,L_Foot,567,1,-1.1676,-1.7179,6.972,-129.8218,-34.3628,-16.7847,37.6776,-1.9885,-104.3811,0.2109,0.245,-0.7511,0.5757
independent_20260430_165242,trial_001,subject_001,1777539172.5650735,1777539172.5650735,261964.1743242,13,R_Femur,575,1,1.9284,9.7378,-1.5121,29.2358,-30.7617,3.7231,97.9047,-7.5531,-20.7257,0.748,0.0928,-0.1667,0.6356
independent_20260430_165242,trial_001,subject_001,1777539172.5650735,1777539172.5650735,261964.1744162,9,Trunk,541,1,0.957,9.5416,-1.938,13.6719,-3.9062,18.1274,98.8934,-3.0762,-7.1411,0.7591,0.0299,-0.0608,0.6474
independent_20260430_165242,trial_001,subject_001,1777539172.5650735,1777539172.5650735,261964.1745074,10,L_Femur,536,1,0.9331,9.3215,-2.6462,-67.5049,-17.9443,-11.0474,92.5214,0.6647,-10.6293,0.719,0.0709,-0.0599,0.6888
independent_20260430_165242,trial_001,subject_001,1777539172.5650735,1777539172.5650735,261964.1745994,11,L_Tibia,557,1,2.5361,5.8762,-5.0005,-60.1807,31.8604,-38.5742,140.4327,-16.441,-21.6595,0.9238,0.1275,-0.1951,0.3037
independent_20260430_165242,trial_001,subject_001,1777539172.5650735,1777539172.5650735,261964.1746913,12,L_Foot,568,1,0.402,-1.8184,9.1684,-158.5693,-17.1509,-9.0332,34.6729,-2.1478,-104.848,0.1959,0.2252,-0.7598,0.5776
independent_20260430_165242,trial_001,subject_001,1777539172.5650735,1777539172.5650735,261964.1747811,13,R_Femur,576,1,1.7035,9.3933,-1.7849,28.5034,-26.8555,3.7231,98.5529,-7.5641,-21.2915,0.7511,0.0974,-0.1694,0.6305
independent_20260430_165242,trial_001,subject_001,1777539172.5650735,1777539172.5650735,261964.1748709,14,R_Tibia,287,1,1.1484,9.1253,-2.7084,8.4229,-3.6621,8.667,102.8595,-6.3885,-158.1097,0.1823,0.7598,-0.6195,0.0754
independent_20260430_165242,trial_001,subject_001,1777539172.5660748,1777539172.5660748,261964.1749914,15,R_Foot,279,1,0.9092,1.8423,9.8,0.9766,-0.7324,-0.2441,9.4537,-4.9603,-95.9436,0.0872,0.0323,-0.742,0.6639
independent_20260430_165242,trial_001,subject_001,1777539172.5660748,1777539172.5660748,261964.1751057,9,Trunk,542,1,1.0623,9.4028,-1.9906,10.7422,-2.9907,17.8223,99.0582,-3.3453,-7.229,0.7601,0.029,-0.0631,0.6461
independent_20260430_165242,trial_001,subject_001,1777539172.5660748,1777539172.5660748,261964.1752035,11,L_Tibia,558,1,2.7993,6.1968,-5.1728,-82.1533,34.9731,-46.1426,139.021,-16.3971,-20.7806,0.921,0.1181,-0.1939,0.3167
independent_20260430_165242,trial_001,subject_001,1777539172.5660748,1777539172.5660748,261964.1752938,12,L_Foot,569,1,1.6365,-1.6652,9.0057,-173.1567,3.0518,9.5215,32.124,-2.2083,-104.7821,0.1835,0.2078,-0.7644,0.5821
independent_20260430_165242,trial_001,subject_001,1777539172.5660748,1777539172.5660748,261964.1753824,13,R_Femur,577,1,1.6126,9.1731,-2.1007,30.9448,-25.4517,1.6479,99.0472,-7.5421,-21.6705,0.7535,0.1008,-0.1709,0.6268
independent_20260430_165242,trial_001,subject_001,1777539172.5660748,1777539172.5660748,261964.175471,9,Trunk,543,1,1.158,9.1971,-1.804,10.1318,-2.0752,16.7847,99.1956,-3.598,-7.3059,0.7609,0.0282,-0.0651,0.645
independent_20260430_165242,trial_001,subject_001,1777539172.5660748,1777539172.5660748,261964.1755578,10,L_Femur,537,1,-0.0191,9.0727,-2.3878,-52.5513,-26.6113,-8.4229,90.4834,1.0217,-11.3928,0.7059,0.0767,-0.0636,0.7012
independent_20260430_165242,trial_001,subject_001,1777539172.5660748,1777539172.5660748,261964.175646,11,L_Tibia,559,1,2.7228,6.3595,-4.5938,-102.1118,34.9121,-56.0303,137.2632,-16.2488,-19.7754,0.9171,0.1076,-0.1916,0.3327
independent_20260430_165242,trial_001,subject_001,1777539172.5660748,1777539172.5660748,261964.1757354,12,L_Foot,570,1,1.7705,-1.4738,8.9052,-181.3965,15.9302,27.5879,29.4214,-2.2083,-104.3756,0.1704,0.1892,-0.767,0.589
independent_20260430_165242,trial_001,subject_001,1777539172.5660748,1777539172.5660748,261964.1758241,13,R_Femur,578,1,1.3255,9.2832,-2.3687,30.9448,-21.9727,0.1221,99.5471,-7.5037,-22.0056,0.7559,0.1039,-0.172,0.623
independent_20260430_165242,trial_001,subject_001,1777539172.5660748,1777539172.5660748,261964.175912,14,R_Tibia,288,1,0.7561,9.3837,-2.8328,5.6763,-2.4414,7.7515,103.0573,-6.5918,-158.2306,0.1827,0.7608,-0.6184,0.0731
independent_20260430_165242,trial_001,subject_001,1777539172.5670738,1777539172.5670738,261964.1759995,15,R_Foot,280,1,0.8805,1.627,9.7474,0.7935,-0.9155,-0.3662,9.4592,-4.9878,-95.9601,0.0874,0.0322,-0.7421,0.6638
independent_20260430_165242,trial_001,subject_001,1777539172.5670738,1777539172.5670738,261964.1760871,9,Trunk,544,1,1.2154,9.1444,-1.6222,11.1694,-2.0752,15.9302,99.4043,-3.9221,-7.3993,0.7621,0.0271,-0.0678,0.6434
independent_20260430_165242,trial_001,subject_001,1777539172.5670738,1777539172.5670738,261964.176181,10,L_Femur,538,1,0.3828,9.0966,-2.4931,-48.0957,-27.771,-7.5073,89.7363,1.1371,-11.8048,0.701,0.0795,-0.0659,0.7057
independent_20260430_165242,trial_001,subject_001,1777539172.5670738,1777539172.5670738,261964.1762699,11,L_Tibia,560,1,2.3352,6.7519,-5.0148,-127.9907,19.4702,-67.5049,134.4891,-15.6885,-18.4625,0.9102,0.0944,-0.1857,0.358
independent_20260430_165242,trial_001,subject_001,1777539172.5670738,1777539172.5670738,261964.1763576,12,L_Foot,571,1,0.8853,-0.5646,8.2879,-189.5142,22.522,46.2036,25.6201,-2.2028,-103.4363,0.152,0.1624,-0.7679,0.6007
independent_20260430_165242,trial_001,subject_001,1777539172.5670738,1777539172.5670738,261964.1764627,13,R_Femur,579,1,0.8278,9.5225,-2.0385,28.2593,-20.2637,-1.1597,100.1624,-7.4323,-22.4011,0.7588,0.1079,-0.1731,0.6185
independent_20260430_165242,trial_001,subject_001,1777539172.5670738,1777539172.5670738,261964.1765601,9,Trunk,545,1,1.0527,9.2066,-1.6557,11.5967,-2.6245,16.0522,99.5636,-4.1638,-7.4817,0.763,0.0264,-0.0698,0.6421
independent_20260430_165242,trial_001,subject_001,1777539172.5670738,1777539172.5670738,261964.1766492,11,L_Tibia,561,1,2.5122,7.1251,-4.7134,-143.2495,14.8926,-73.9136,132.1326,-15.0513,-17.5067,0.9037,0.0854,-0.1795,0.3793
independent_20260430_165242,trial_001,subject_001,1777539172.5670738,1777539172.5670738,261964.1767384,12,L_Foot,572,1,-0.1483,0.1053,8.0295,-181.2134,26.6113,48.584,22.8571,-2.1423,-102.6178,0.1381,0.1432,-0.7672,0.6097
independent_20260430_165242,trial_001,subject_001,1777539172.6841207,1777539172.6841207,261964.2934969,13,R_Femur,580,1,0.8661,9.4842,-1.7944,28.6865,-24.231,-0.7324,100.6238,-7.3663,-22.7362,0.761,0.1112,-0.1741,0.615
independent_20260430_165242,trial_001,subject_001,1777539172.6841207,1777539172.6841207,261964.2936313,14,R_Tibia,289,1,1.1149,9.3646,-2.5026,5.188,-8.2397,7.8735,103.266,-6.7841,-158.5437,0.1818,0.7622,-0.6174,0.0698
independent_20260430_165242,trial_001,subject_001,1777539172.6841207,1777539172.6841207,261964.293751,15,R_Foot,281,1,0.9427,1.7083,9.8813,0.1831,-1.1597,-0.2441,9.4592,-5.0098,-95.9326,0.0875,0.032,-0.7419,0.664
independent_20260430_165242,trial_001,subject_001,1777539172.6841207,1777539172.6841207,261964.2938759,9,Trunk,546,1,0.8853,9.1731,-1.7896,13.4277,-3.3569,15.686,99.8108,-4.4769,-7.597,0.7644,0.0255,-0.0724,0.6402
independent_20260430_165242,trial_001,subject_001,1777539172.685118,1777539172.685118,261964.2940008,10,L_Femur,539,1,1.1245,8.7281,-2.1246,-39.7949,-20.5078,-7.9346,88.2202,1.3898,-12.6343,0.6908,0.0852,-0.0706,0.7145
independent_20260430_165242,trial_001,subject_001,1777539172.685118,1777539172.685118,261964.2941788,11,L_Tibia,562,1,3.2443,7.6132,-5.2541,-155.9448,13.7329,-75.6836,129.5947,-14.3317,-16.5729,0.896,0.0768,-0.1726,0.4018
independent_20260430_165242,trial_001,subject_001,1777539172.685118,1777539172.685118,261964.294315,12,L_Foot,573,1,-1.7131,1.4116,10.2211,-178.833,36.6211,34.5459,19.248,-1.7908,-101.651,0.1175,0.1199,-0.7659,0.6207
independent_20260430_165242,trial_001,subject_001,1777539172.685118,1777539172.685118,261964.2944487,13,R_Femur,581,1,1.1006,9.3454,-1.8088,32.4707,-29.48,0.0,101.1456,-7.2949,-23.1537,0.7633,0.1151,-0.1753,0.6111
independent_20260430_165242,trial_001,subject_001,1777539172.685118,1777539172.685118,261964.2945819,9,Trunk,547,1,0.9427,9.1301,-1.8375,13.0615,-4.2114,14.7705,100.0031,-4.6967,-7.7014,0.7655,0.0251,-0.0744,0.6387
independent_20260430_165242,trial_001,subject_001,1777539172.685118,1777539172.685118,261964.2947148,12,L_Foot,574,1,-1.5552,1.4643,10.513,-173.5229,48.1567,24.1699,16.6223,-1.2579,-101.0687,0.1003,0.1047,-0.7649,0.6277
independent_20260430_165242,trial_001,subject_001,1777539172.685118,1777539172.685118,261964.294852,13,R_Femur,582,1,1.2011,9.2832,-1.9715,34.1187,-31.7993,-0.3052,101.8982,-7.1796,-23.7689,0.7666,0.121,-0.1771,0.6053
independent_20260430_165242,trial_001,subject_001,1777539172.685118,1777539172.685118,261964.2949668,14,R_Tibia,290,1,0.8183,9.2928,-2.2347,4.9438,-6.897,6.7139,103.4583,-6.9489,-158.8513,0.1807,0.7635,-0.6165,0.0667
independent_20260430_165242,trial_001,subject_001,1777539172.686119,1777539172.686119,261964.2950854,15,R_Foot,282,1,0.89,1.603,9.7761,0.4883,-1.2817,-0.3052,9.613,-5.0812,-95.8667,0.0889,0.0325,-0.7415,0.6642
independent_20260430_165242,trial_001,subject_001,1777539172.686119,1777539172.686119,261964.2952011,9,Trunk,548,1,1.1006,9.1253,-1.8662,12.085,-6.0425,14.2822,100.1788,-4.9054,-7.8223,0.7664,0.0249,-0.0765,0.6373
independent_20260430_165242,trial_001,subject_001,1777539172.686119,1777539172.686119,261964.2953158,10,L_Femur,540,1,0.3397,8.6276,-0.8853,-31.0669,-22.8271,-2.4414,86.9952,1.5161,-13.3539,0.6825,0.0896,-0.0753,0.7215
independent_20260430_165242,trial_001,subject_001,1777539172.686119,1777539172.686119,261964.2954305,11,L_Tibia,563,1,3.3688,8.5463,-5.5651,-172.7905,34.79,-90.3931,123.1293,-12.5409,-13.9032,0.874,0.0542,-0.1526,0.4582
independent_20260430_165242,trial_001,subject_001,1777539172.686119,1777539172.686119,261964.2955451,12,L_Foot,575,1,-1.1532,2.1007,10.9006,-163.5132,60.4858,19.2261,14.1394,-0.4944,-100.5524,0.0819,0.0919,-0.7636,0.6338
independent_20260430_165242,trial_001,subject_001,1777539172.686119,1777539172.686119,261964.2956577,13,R_Femur,583,1,1.2298,9.5129,-1.8614,32.2266,-28.6865,-0.6104,102.431,-7.0862,-24.1974,0.7688,0.1252,-0.1781,0.6012
independent_20260430_165242,trial_001,subject_001,1777539172.686119,1777539172.686119,261964.2957703,9,Trunk,549,1,1.2346,9.3789,-1.8279,11.5967,-8.7891,11.9629,100.4095,-5.1361,-8.0365,0.7677,0.0252,-0.0791,0.6354
independent_20260430_165242,trial_001,subject_001,1777539172.686119,1777539172.686119,261964.2958826,10,L_Femur,541,1,0.2105,8.776,-0.5359,-27.5879,-23.9868,-1.0376,86.5613,1.5106,-13.7109,0.6795,0.0914,-0.0779,0.7238
independent_20260430_165242,trial_001,subject_001,1777539172.6871166,1777539172.6871166,261964.2959945,11,L_Tibia,564,1,2.1725,8.6468,-5.5986,-175.8423,11.1694,-92.4072,119.35,-11.1566,-12.5958,0.8593,0.0455,-0.1385,0.4903
independent_20260430_165242,trial_001,subject_001,1777539172.6871166,1777539172.6871166,261964.2960912,12,L_Foot,576,1,-1.5073,3.0816,13.207,-156.8604,77.2095,10.9253,11.0083,0.8734,-99.9756,0.0559,0.0783,-0.7619,0.6405
independent_20260430_165242,trial_001,subject_001,1777539172.6871166,1777539172.6871166,261964.2961841,13,R_Femur,584,1,1.5695,9.8909,-1.7322,23.3765,-27.3438,-0.1831,102.9749,-6.9598,-24.7357,0.771,0.1304,-0.1795,0.5969
independent_20260430_165242,trial_001,subject_001,1777539172.6871166,1777539172.6871166,261964.2962925,14,R_Tibia,291,1,1.2585,9.5225,-2.2873,5.0049,-5.6763,5.0659,103.678,-7.0807,-159.0985,0.1799,0.7648,-0.6153,0.0641
independent_20260430_165242,trial_001,subject_001,1777539172.6871166,1777539172.6871166,261964.2963895,15,R_Foot,283,1,1.0049,1.6317,9.8574,1.0986,-0.7935,-0.3662,9.613,-5.0812,-95.8392,0.0889,0.0325,-0.7414,0.6644
independent_20260430_165242,trial_001,subject_001,1777539172.6871166,1777539172.6871166,261964.2964789,9,Trunk,550,1,1.2824,9.5416,-1.8327,10.2539,-7.4463,9.6436,100.5688,-5.2734,-8.1793,0.7686,0.0255,-0.0808,0.6342
independent_20260430_165242,trial_001,subject_001,1777539172.6871166,1777539172.6871166,261964.2965679,10,L_Femur,542,1,0.5216,8.9052,-0.0622,-26.001,-21.3013,0.3052,86.0229,1.4832,-14.1449,0.6757,0.0934,-0.0813,0.7267
independent_20260430_165242,trial_001,subject_001,1777539172.6871166,1777539172.6871166,261964.2966567,11,L_Tibia,565,1,1.9141,8.9482,-5.6369,-172.9126,-5.5542,-92.4683,116.6364,-9.9042,-11.9641,0.8479,0.0433,-0.1276,0.5127
independent_20260430_165242,trial_001,subject_001,1777539172.6871166,1777539172.6871166,261964.2967453,12,L_Foot,577,1,-2.249,3.5889,14.2167,-160.1562,77.5146,-0.1221,8.6298,2.027,-99.7504,0.035,0.0689,-0.7615,0.6435
independent_20260430_165242,trial_001,subject_001,1777539172.6871166,1777539172.6871166,261964.2968462,13,R_Femur,585,1,1.3446,9.0918,-2.2921,33.3862,-28.3203,-0.4883,103.4857,-6.8719,-25.1422,0.7731,0.1344,-0.1805,0.593
independent_20260430_165242,trial_001,subject_001,1777539172.6871166,1777539172.6871166,261964.296934,9,Trunk,551,1,1.2824,9.4315,-1.8375,7.8735,-5.4321,8.3008,100.6842,-5.3943,-8.2892,0.7692,0.0256,-0.0822,0.6332
independent_20260430_165242,trial_001,subject_001,1777539172.6881175,1777539172.6881175,261964.2970218,10,L_Femur,543,1,0.5407,9.0487,0.2775,-26.062,-19.8975,1.709,85.6219,1.4392,-14.436,0.673,0.0945,-0.0837,0.7288
independent_20260430_165242,trial_001,subject_001,1777539172.6881175,1777539172.6881175,261964.2971087,11,L_Tibia,566,1,1.8854,9.3598,-5.4551,-169.0063,-18.7378,-91.3086,114.0326,-8.5583,-11.5906,0.8363,0.0441,-0.1171,0.5338
independent_20260430_165242,trial_001,subject_001,1777539172.6881175,1777539172.6881175,261964.2971959,12,L_Foot,578,1,-2.7228,3.7181,13.5659,-157.959,67.3828,-12.8784,6.2622,3.0817,-99.7668,0.0146,0.0591,-0.7624,0.6443
independent_20260430_165242,trial_001,subject_001,1777539172.6881175,1777539172.6881175,261964.2972828,14,R_Tibia,292,1,0.8278,9.3215,-2.4452,4.9438,-4.2725,5.0049,103.8538,-7.1851,-159.2743,0.1793,0.7659,-0.6143,0.0622
independent_20260430_165242,trial_001,subject_001,1777539172.6881175,1777539172.6881175,261964.2973707,9,Trunk,552,1,1.2059,9.2641,-1.6987,6.2866,-4.6997,6.2866,100.8105,-5.5261,-8.4155,0.7699,0.0258,-0.0838,0.6322
independent_20260430_165242,trial_001,subject_001,1777539172.6881175,1777539172.6881175,261964.2974588,10,L_Femur,544,1,0.4881,9.2832,0.5551,-26.001,-18.7378,2.6245,85.2209,1.3788,-14.7162,0.6703,0.0955,-0.0862,0.7309
independent_20260430_165242,trial_001,subject_001,1777539172.6881175,1777539172.6881175,261964.2975462,11,L_Tibia,567,1,1.7992,9.6899,-4.9574,-163.7573,-34.3018,-87.0972,110.7147,-6.6907,-11.4697,0.8205,0.0491,-0.1045,0.5599
independent_20260430_165242,trial_001,subject_001,1777539172.7041187,1777539172.7041187,261964.3133285,12,L_Foot,579,1,-2.7371,3.407,12.3266,-147.7051,57.5562,-31.6162,3.23,4.3341,-100.2008,-0.0109,0.0459,-0.7656,0.6415
independent_20260430_165242,trial_001,subject_001,1777539172.7041187,1777539172.7041187,261964.3135022,13,R_Femur,586,1,1.3781,9.3406,-2.3208,35.8276,-17.4561,-4.9438,104.7766,-6.5918,-25.8453,0.7787,0.1427,-0.1807,0.5837
independent_20260430_165242,trial_001,subject_001,1777539172.7041187,1777539172.7041187,261964.3136459,10,L_Femur,545,1,0.3302,9.1588,0.8948,-23.9868,-13.1226,0.061,84.7156,1.3293,-15.0018,0.6668,0.0964,-0.0887,0.7336
independent_20260430_165242,trial_001,subject_001,1777539172.7041187,1777539172.7041187,261964.3137871,11,L_Tibia,568,1,1.6748,9.7234,-4.6129,-161.6821,-41.3208,-83.374,108.3032,-5.2954,-11.6125,0.8083,0.055,-0.0964,0.5782
independent_20260430_165242,trial_001,subject_001,1777539172.7041187,1777539172.7041187,261964.3139245,12,L_Foot,580,1,-2.5457,3.1056,11.872,-138.1836,46.2646,-44.8608,1.0876,5.0922,-100.816,-0.0282,0.0356,-0.7695,0.637
independent_20260430_165242,trial_001,subject_001,1777539172.7051194,1777539172.7051194,261964.3140727,13,R_Femur,587,1,1.4308,9.2545,-2.3639,40.8936,-14.1602,-6.2256,105.3918,-6.4545,-26.0321,0.7814,0.1456,-0.1799,0.5795
independent_20260430_165242,trial_001,subject_001,1777539172.7051194,1777539172.7051194,261964.3142296,14,R_Tibia,293,1,1.2298,9.4124,-2.4404,4.9438,2.0142,3.7842,104.035,-7.3114,-159.2963,0.1799,0.7667,-0.6132,0.0609
independent_20260430_165242,trial_001,subject_001,1777539172.7051194,1777539172.7051194,261964.3143793,15,R_Foot,284,1,0.957,1.7418,9.8287,-0.2441,0.3662,-0.2441,9.6021,-5.0867,-95.7513,0.0889,0.0324,-0.7409,0.665
independent_20260430_165242,trial_001,subject_001,1777539172.7051194,1777539172.7051194,261964.3145142,9,Trunk,553,1,1.3255,9.2928,-1.5647,5.8594,-3.6621,2.5635,101.0028,-5.647,-8.5803,0.7709,0.0264,-0.0854,0.6307
independent_20260430_165242,trial_001,subject_001,1777539172.7051194,1777539172.7051194,261964.3146545,10,L_Femur,546,1,0.201,8.8813,0.9857,-20.1416,-8.1787,-1.709,84.397,1.3348,-15.1392,0.6647,0.097,-0.0898,0.7353
independent_20260430_165242,trial_001,subject_001,1777539172.7051194,1777539172.7051194,261964.3148039,11,L_Tibia,569,1,1.3063,9.8909,-4.3928,-161.9263,-47.4854,-78.7964,105.9027,-3.9441,-11.9202,0.7955,0.0622,-0.0898,0.596
independent_20260430_165242,trial_001,subject_001,1777539172.7051194,1777539172.7051194,261964.3149364,12,L_Foot,581,1,-1.7322,2.5648,10.8671,-118.3472,32.0435,-56.3965,-1.4832,5.8118,-101.8982,-0.0475,0.0219,-0.7759,0.6286
independent_20260430_165242,trial_001,subject_001,1777539172.7061195,1777539172.7061195,261964.3150687,13,R_Femur,588,1,1.2154,9.2354,-2.3256,42.7246,-8.728,-5.8594,106.0291,-6.3391,-26.1475,0.7844,0.148,-0.1789,0.5751
independent_20260430_165242,trial_001,subject_001,1777539172.7061195,1777539172.7061195,261964.3151987,9,Trunk,554,1,1.1532,9.3071,-1.5839,5.6152,-5.3711,2.0142,101.0797,-5.6744,-8.6627,0.7713,0.0269,-0.086,0.6301
independent_20260430_165242,trial_001,subject_001,1777539172.7061195,1777539172.7061195,261964.3153276,10,L_Femur,547,1,-0.0048,8.7329,0.8613,-16.5405,-5.9814,-2.5635,84.1333,1.3623,-15.2325,0.6629,0.0975,-0.0905,0.7368
independent_20260430_165242,trial_001,subject_001,1777539172.7061195,1777539172.7061195,261964.3154577,11,L_Tibia,570,1,0.7704,10.0153,-3.9047,-164.5508,-59.2651,-69.9463,102.6727,-2.2577,-12.6453,0.7773,0.0737,-0.0841,0.6191
independent_20260430_165242,trial_001,subject_001,1777539172.7061195,1777539172.7061195,261964.3155879,12,L_Foot,582,1,-0.9905,2.4931,10.8719,-100.9521,23.4985,-60.791,-3.1366,6.1523,-102.8265,-0.059,0.0121,-0.7812,0.6214
independent_20260430_165242,trial_001,subject_001,1777539172.7061195,1777539172.7061195,261964.3157193,13,R_Femur,589,1,0.7321,9.5512,-2.0959,38.0859,-6.8359,-7.1411,106.8201,-6.1853,-26.2354,0.7881,0.1506,-0.1773,0.5699
independent_20260430_165242,trial_001,subject_001,1777539172.7061195,1777539172.7061195,261964.3158469,14,R_Tibia,294,1,0.7273,9.2162,-2.0815,9.1553,-2.1973,5.188,104.2987,-7.4597,-159.3347,0.1806,0.768,-0.6116,0.0593
independent_20260430_165242,trial_001,subject_001,1777539172.7071185,1777539172.7071185,261964.3159777,15,R_Foot,285,1,0.8853,1.7514,9.8239,0.2441,0.0,0.1221,9.6075,-5.0922,-95.7349,0.089,0.0323,-0.7408,0.6651
independent_20260430_165242,trial_001,subject_001,1777539172.7071185,1777539172.7071185,261964.3161057,9,Trunk,555,1,0.914,9.3454,-1.627,5.6763,-8.5449,1.0986,101.1566,-5.6799,-8.7836,0.7717,0.0277,-0.0867,0.6295
independent_20260430_165242,trial_001,subject_001,1777539172.7071185,1777539172.7071185,261964.3162313,10,L_Femur,548,1,-0.2201,8.709,0.6269,-13.1836,-3.7231,-5.249,83.8531,1.4392,-15.3204,0.6609,0.0983,-0.0908,0.7384
independent_20260430_165242,trial_001,subject_001,1777539172.7071185,1777539172.7071185,261964.3163662,11,L_Tibia,571,1,0.5599,9.7043,-3.2061,-161.1328,-61.1572,-62.561,100.2612,-1.1261,-13.3484,0.763,0.0829,-0.082,0.6358
independent_20260430_165242,trial_001,subject_001,1777539172.7071185,1777539172.7071185,261964.3165491,12,L_Foot,583,1,-0.2249,2.9764,12.762,-92.4683,22.1558,-62.0117,-4.6307,6.427,-103.7823,-0.069,0.0028,-0.7864,0.6139
independent_20260430_165242,trial_001,subject_001,1777539172.7071185,1777539172.7071185,261964.316747,13,R_Femur,590,1,0.8518,9.532,-1.9906,34.3018,-9.8877,-5.127,107.3419,-6.0699,-26.3397,0.7905,0.1528,-0.1763,0.5663
independent_20260430_165242,trial_001,subject_001,1777539172.7071185,1777539172.7071185,261964.3168742,9,Trunk,556,1,0.7608,9.2545,-1.6796,5.3711,-12.5122,-0.6714,101.272,-5.6415,-9.0143,0.7723,0.0296,-0.0877,0.6285
independent_20260430_165242,trial_001,subject_001,1777539172.7081175,1777539172.7081175,261964.3170209,10,L_Femur,549,1,-0.3637,8.8525,0.6795,-15.3809,-3.2349,-6.897,83.6279,1.5326,-15.3699,0.6593,0.099,-0.0908,0.7397
independent_20260430_165242,trial_001,subject_001,1777539172.7081175,1777539172.7081175,261964.3172068,11,L_Tibia,572,1,0.8422,9.3502,-2.9716,-151.3062,-63.5986,-51.5747,97.1796,0.1428,-14.4141,0.744,0.0949,-0.0821,0.6563
independent_20260430_165242,trial_001,subject_001,1777539172.7081175,1777539172.7081175,261964.3173459,12,L_Foot,584,1,0.3924,4.1248,16.0111,-110.6567,39.5508,-60.1807,-6.8445,6.9818,-105.0732,-0.0845,-0.0103,-0.7931,0.6032
independent_20260430_165242,trial_001,subject_001,1777539172.7081175,1777539172.7081175,261964.3174892,13,R_Femur,591,1,1.0767,9.1157,-2.0385,38.0859,-12.8174,-3.3569,108.1,-5.9381,-26.5485,0.7938,0.156,-0.1754,0.561
independent_20260430_165242,trial_001,subject_001,1777539172.7081175,1777539172.7081175,261964.317644,14,R_Tibia,295,1,1.1149,9.1492,-1.9906,14.1602,-2.3804,5.188,104.7382,-7.6025,-159.4336,0.1809,0.7703,-0.6088,0.0571
independent_20260430_165242,trial_001,subject_001,1777539172.7081175,1777539172.7081175,261964.3177655,15,R_Foot,286,1,0.9427,1.8088,9.7665,0.0,-0.1831,-0.4883,9.6075,-5.0922,-95.7019,0.089,0.0323,-0.7406,0.6653
independent_20260430_165242,trial_001,subject_001,1777539172.7642803,1777539172.7642803,261964.3739077,9,Trunk,557,1,0.8039,9.1492,-1.67,5.9814,-13.855,-2.0752,101.3599,-5.5865,-9.212,0.7727,0.0313,-0.0884,0.6278
independent_20260430_165242,trial_001,subject_001,1777539172.7642803,1777539172.7642803,261964.374056,10,L_Femur,550,1,-0.5599,9.1014,1.3016,-20.9961,-12.207,-5.7373,83.2269,1.6315,-15.5621,0.6565,0.1004,-0.0918,0.742
independent_20260430_165242,trial_001,subject_001,1777539172.7652884,1777539172.7652884,261964.3742049,11,L_Tibia,573,1,1.2824,9.1014,-2.8854,-136.0474,-58.4717,-44.3726,95.0867,0.9283,-15.238,0.7305,0.1032,-0.0836,0.6698
independent_20260430_165242,trial_001,subject_001,1777539172.7652884,1777539172.7652884,261964.3743427,12,L_Foot,585,1,0.1962,4.3354,14.0779,-122.6196,54.3213,-60.6689,-8.7781,7.63,-106.0895,-0.0989,-0.0211,-0.7981,0.594
independent_20260430_165242,trial_001,subject_001,1777539172.7652884,1777539172.7652884,261964.3744923,13,R_Femur,592,1,1.2729,9.6899,-2.0528,27.4048,-13.1226,-2.9907,108.5614,-5.8447,-26.7188,0.7958,0.1584,-0.175,0.5577
independent_20260430_165242,trial_001,subject_001,1777539172.7652884,1777539172.7652884,261964.3746616,9,Trunk,558,1,0.981,9.2258,-1.5887,5.7373,-13.5498,-3.2959,101.4532,-5.5096,-9.4098,0.7731,0.0331,-0.0889,0.6271
independent_20260430_165242,trial_001,subject_001,1777539172.7838218,1777539172.7838218,261964.3930623,10,L_Femur,551,1,-0.6604,9.2449,2.0289,-23.0103,-19.104,-3.9673,82.8754,1.6644,-15.8313,0.6539,0.1019,-0.0937,0.7438
independent_20260430_165242,trial_001,subject_001,1777539172.7838218,1777539172.7838218,261964.3931974,11,L_Tibia,574,1,1.4834,9.2258,-2.1246,-124.1455,-41.9922,-40.7715,93.1805,1.604,-15.8752,0.7181,0.1098,-0.0848,0.682
independent_20260430_165242,trial_001,subject_001,1777539172.7838218,1777539172.7838218,261964.393321,13,R_Femur,593,1,1.1389,9.288,-2.6318,30.9448,-13.6719,-2.5635,109.0063,-5.7513,-26.889,0.7976,0.1607,-0.1746,0.5545
independent_20260430_165242,trial_001,subject_001,1777539172.7838218,1777539172.7838218,261964.3934425,14,R_Tibia,296,1,0.914,9.2401,-2.5888,16.7847,-5.3711,5.8594,105.249,-7.7124,-159.6259,0.1804,0.7732,-0.6056,0.0545
independent_20260430_165242,trial_001,subject_001,1777539172.7838218,1777539172.7838218,261964.3935612,15,R_Foot,287,1,0.9092,1.7418,9.7713,0.7935,-0.3052,-0.5493,9.613,-5.0922,-95.6744,0.089,0.0323,-0.7404,0.6655
independent_20260430_165242,trial_001,subject_001,1777539172.784827,1777539172.784827,261964.3936786,9,Trunk,559,1,1.2824,9.3789,-1.4116,4.2725,-13.6719,-3.9673,101.5466,-5.3943,-9.6625,0.7735,0.0355,-0.0895,0.6264
independent_20260430_165242,trial_001,subject_001,1777539172.784827,1777539172.784827,261964.3937941,11,L_Tibia,575,1,0.9762,8.7138,-1.5743,-108.1543,-27.0996,-37.8418,90.9119,2.406,-16.4465,0.7031,0.1165,-0.0855,0.6962
independent_20260430_165242,trial_001,subject_001,1777539172.784827,1777539172.784827,261964.39391,12,L_Foot,586,1,0.1053,4.3832,9.5368,-97.9004,46.3867,-60.6079,-12.854,8.9758,-108.5834,-0.1283,-0.0452,-0.8095,0.5711
independent_20260430_165242,trial_001,subject_001,1777539172.784827,1777539172.784827,261964.3940254,13,R_Femur,594,1,0.4546,8.6133,-3.2348,40.2832,-16.2354,-5.5542,109.7919,-5.5701,-27.1582,0.8009,0.1647,-0.1735,0.549
independent_20260430_165242,trial_001,subject_001,1777539172.784827,1777539172.784827,261964.394139,9,Trunk,560,1,1.3063,9.3741,-1.3351,4.8218,-15.7471,-5.3711,101.6235,-5.2789,-9.8767,0.7739,0.0377,-0.0899,0.6258
independent_20260430_165242,trial_001,subject_001,1777539172.784827,1777539172.784827,261964.3942523,10,L_Femur,552,1,-0.579,9.2401,2.718,-26.123,-19.8975,-3.7842,81.9635,1.6919,-16.5399,0.6473,0.1054,-0.099,0.7484
independent_20260430_165242,trial_001,subject_001,1777539172.784827,1777539172.784827,261964.3943644,11,L_Tibia,576,1,0.3876,8.1348,-1.7562,-92.6514,-27.5269,-33.1421,89.4562,2.9279,-16.853,0.6933,0.121,-0.0863,0.7052
independent_20260430_165242,trial_001,subject_001,1777539172.784827,1777539172.784827,261964.3944783,12,L_Foot,587,1,0.5551,4.4454,9.1875,-92.1631,41.0767,-54.9927,-14.4031,9.3933,-109.5721,-0.1384,-0.0552,-0.8138,0.5618
independent_20260430_165242,trial_001,subject_001,1777539172.784827,1777539172.784827,261964.3945998,14,R_Tibia,297,1,1.0767,9.3741,-2.8376,16.9067,-2.5635,4.9438,105.8643,-7.8497,-159.7632,0.1805,0.7764,-0.6016,0.0519
independent_20260430_165242,trial_001,subject_001,1777539172.785827,1777539172.785827,261964.3947151,15,R_Foot,288,1,0.9044,1.6365,9.8,3.0518,-0.6104,-0.7935,9.6295,-5.0977,-95.6689,0.0891,0.0324,-0.7404,0.6655
independent_20260430_165242,trial_001,subject_001,1777539172.785827,1777539172.785827,261964.3948301,9,Trunk,561,1,1.2106,9.3885,-1.3446,4.6997,-16.2354,-7.5684,101.7279,-5.0867,-10.1733,0.7743,0.0408,-0.0902,0.625
independent_20260430_165242,trial_001,subject_001,1777539172.785827,1777539172.785827,261964.3949438,10,L_Femur,553,1,-0.5407,9.1971,2.6462,-24.5361,-20.813,-3.479,81.579,1.6974,-16.842,0.6445,0.1068,-0.1013,0.7503
independent_20260430_165242,trial_001,subject_001,1777539172.785827,1777539172.785827,261964.3950577,11,L_Tibia,577,1,-0.1005,8.2688,-1.4786,-73.4863,-30.8838,-25.8179,87.8577,3.4772,-17.4573,0.6821,0.1268,-0.0884,0.7147
independent_20260430_165242,trial_001,subject_001,1777539172.785827,1777539172.785827,261964.3951705,12,L_Foot,588,1,1.1341,4.0961,7.3165,-69.5801,33.02,-40.5884,-16.1005,9.8438,-110.6433,-0.1492,-0.0664,-0.8181,0.5514
independent_20260430_165242,trial_001,subject_001,1777539172.785827,1777539172.785827,261964.3952843,13,R_Femur,595,1,0.5934,9.1588,-3.1343,46.3867,-15.625,-6.2256,111.1102,-5.257,-27.4988,0.8064,0.1706,-0.171,0.5398
independent_20260430_165242,trial_001,subject_001,1777539172.8543077,1777539172.8543077,261964.4636639,9,Trunk,562,1,1.1197,9.465,-1.3159,3.1128,-16.6016,-7.8735,101.7828,-4.9329,-10.3931,0.7745,0.0432,-0.0903,0.6246
independent_20260430_165242,trial_001,subject_001,1777539172.8543077,1777539172.8543077,261964.4638763,10,L_Femur,554,1,-0.4259,9.1923,2.5553,-22.522,-24.292,-4.2114,81.2219,1.7029,-17.1936,0.6418,0.1084,-0.1039,0.752
independent_20260430_165242,trial_001,subject_001,1777539172.8543077,1777539172.8543077,261964.4640524,11,L_Tibia,578,1,0.0,8.1443,-1.0192,-58.1665,-29.541,-21.1792,86.9073,3.7958,-17.9242,0.6753,0.1308,-0.0905,0.7202
independent_20260430_165242,trial_001,subject_001,1777539172.8553047,1777539172.8553047,261964.4642293,12,L_Foot,589,1,1.1389,4.1679,7.1634,-51.2085,28.1982,-29.2358,-17.0123,10.1294,-111.2311,-0.1553,-0.0723,-0.8204,0.5456
independent_20260430_165242,trial_001,subject_001,1777539172.8553047,1777539172.8553047,261964.4644327,13,R_Femur,596,1,0.4546,8.6994,-3.0721,57.7393,-24.1699,-6.5918,112.2253,-4.9988,-27.8503,0.8108,0.176,-0.1692,0.5319
independent_20260430_165242,trial_001,subject_001,1777539172.8553047,1777539172.8553047,261964.4646415,14,R_Tibia,298,1,0.9522,9.2162,-3.0146,18.7378,-15.686,6.5918,106.5509,-7.9376,-160.2081,0.1782,0.7806,-0.5972,0.0479
independent_20260430_165242,trial_001,subject_001,1777539172.8553047,1777539172.8553047,261964.4648166,15,R_Foot,289,1,0.89,1.8423,9.7665,3.479,-1.3428,-0.4272,9.7284,-5.1306,-95.6909,0.0899,0.0329,-0.7405,0.6652
independent_20260430_165242,trial_001,subject_001,1777539172.8553047,1777539172.8553047,261964.4649855,9,Trunk,563,1,1.0671,9.5081,-1.2585,2.3193,-18.1274,-8.3008,101.8213,-4.7681,-10.6293,0.7746,0.0457,-0.0905,0.6243
independent_20260430_165242,trial_001,subject_001,1777539172.856307,1777539172.856307,261964.4651753,10,L_Femur,555,1,-0.0909,9.1062,2.4931,-19.2871,-26.123,-6.2256,80.7935,1.7358,-17.7209,0.6385,0.1112,-0.1076,0.7539
independent_20260430_165242,trial_001,subject_001,1777539172.856307,1777539172.856307,261964.4653418,11,L_Tibia,579,1,0.2153,7.6419,-0.9905,-38.269,-26.9165,-16.4795,86.2482,4.0375,-18.3472,0.6703,0.1343,-0.0925,0.7239
independent_20260430_165242,trial_001,subject_001,1777539172.856307,1777539172.856307,261964.4655344,12,L_Foot,590,1,0.6269,4.5315,8.1396,-43.8232,25.1465,-21.7285,-17.7539,10.3986,-111.6925,-0.1604,-0.0769,-0.8221,0.5408
independent_20260430_165242,trial_001,subject_001,1777539172.856307,1777539172.856307,261964.4657318,13,R_Femur,597,1,0.7513,8.8813,-3.0912,62.8662,-26.9775,-6.5308,113.1702,-4.7626,-28.1744,0.8145,0.1808,-0.1676,0.5252
independent_20260430_165242,trial_001,subject_001,1777539172.856307,1777539172.856307,261964.4659205,9,Trunk,564,1,1.0097,9.5368,-1.2489,1.1597,-18.9209,-8.5449,101.8597,-4.5319,-10.9698,0.7746,0.0493,-0.0908,0.624
independent_20260430_165242,trial_001,subject_001,1777539172.856307,1777539172.856307,261964.4660746,10,L_Femur,556,1,-0.0096,9.0774,2.5074,-18.3716,-24.4751,-6.958,80.5078,1.7743,-18.1,0.6362,0.1133,-0.1102,0.7552
independent_20260430_165242,trial_001,subject_001,1777539172.857306,1777539172.857306,261964.4662846,11,L_Tibia,580,1,0.1818,7.6036,-1.4212,-17.1509,-23.5596,-10.0708,85.7593,4.2517,-18.858,0.6664,0.1382,-0.0951,0.7265
independent_20260430_165242,trial_001,subject_001,1777539172.857306,1777539172.857306,261964.4664944,12,L_Foot,591,1,-0.0909,4.2444,7.0772,-30.2734,16.1743,-18.3105,-18.5284,10.6403,-112.1814,-0.1654,-0.082,-0.8239,0.5358
independent_20260430_165242,trial_001,subject_001,1777539172.857306,1777539172.857306,261964.4666341,13,R_Femur,598,1,1.1197,9.1684,-3.0434,65.3687,-20.3247,-4.1504,114.4885,-4.5044,-28.5535,0.8196,0.1866,-0.1654,0.5158
independent_20260430_165242,trial_001,subject_001,1777539172.857306,1777539172.857306,261964.4667676,14,R_Tibia,299,1,0.8183,9.2066,-2.3495,23.7427,-17.8833,6.3477,107.3749,-7.9706,-160.8124,0.1746,0.7857,-0.5918,0.0432
independent_20260430_165242,trial_001,subject_001,1777539172.857306,1777539172.857306,261964.4670257,15,R_Foot,290,1,0.89,1.7753,9.7474,4.5166,-0.9155,-0.7935,9.8492,-5.1581,-95.7184,0.0908,0.0335,-0.7406,0.6649
independent_20260430_165242,trial_001,subject_001,1777539172.8583055,1777539172.8583055,261964.4671882,9,Trunk,565,1,0.8948,9.6756,-1.2729,-2.8687,-19.4092,-7.6904,101.8378,-4.3671,-11.228,0.7743,0.052,-0.0911,0.624
independent_20260430_165242,trial_001,subject_001,1777539172.8583055,1777539172.8583055,261964.4674055,10,L_Femur,557,1,0.1101,9.1205,2.5601,-15.5029,-18.6157,-11.0474,80.1562,1.8951,-18.5284,0.6333,0.1161,-0.1127,0.7568
independent_20260430_165242,trial_001,subject_001,1777539172.8583055,1777539172.8583055,261964.4675788,11,L_Tibia,581,1,0.1005,7.7711,-1.3351,-3.418,-20.3857,-5.3711,85.6494,4.3286,-19.1766,0.6652,0.1405,-0.0968,0.727
independent_20260430_165242,trial_001,subject_001,1777539172.8583055,1777539172.8583055,261964.4677545,12,L_Foot,592,1,-0.402,3.7851,5.9767,-9.5215,9.4604,-17.7612,-18.7866,10.7062,-112.5,-0.1668,-0.084,-0.8252,0.5331
independent_20260430_165242,trial_001,subject_001,1777539172.8583055,1777539172.8583055,261964.4679332,13,R_Femur,599,1,1.0001,9.2258,-2.9524,65.1855,-14.0991,-3.54,115.4773,-4.3616,-28.7402,0.8236,0.19,-0.1636,0.5087
independent_20260430_165242,trial_001,subject_001,1777539172.8583055,1777539172.8583055,261964.4681352,9,Trunk,566,1,0.7704,9.8335,-1.1628,-9.0332,-21.4844,-7.2632,101.6949,-4.1528,-11.6071,0.7733,0.0556,-0.0918,0.6249
independent_20260430_165242,trial_001,subject_001,1777539172.8593056,1777539172.8593056,261964.4683163,10,L_Femur,558,1,0.3493,8.9578,2.4979,-9.6436,-10.0098,-14.8315,79.986,2.0709,-18.7317,0.6318,0.1182,-0.1132,0.7577
independent_20260430_165242,trial_001,subject_001,1777539172.8593056,1777539172.8593056,261964.4685304,12,L_Foot,593,1,-0.8039,3.7707,6.6179,7.3853,4.7607,-18.3716,-18.7646,10.7007,-112.7966,-0.1665,-0.0843,-0.8266,0.531
independent_20260430_165242,trial_001,subject_001,1777539172.8593056,1777539172.8593056,261964.4686715,13,R_Femur,600,1,0.847,9.4124,-2.852,57.5562,-14.0381,-3.2349,116.3672,-4.2407,-28.905,0.8272,0.193,-0.1619,0.5023
independent_20260430_165242,trial_001,subject_001,1777539172.8593056,1777539172.8593056,261964.4688122,14,R_Tibia,300,1,1.1389,9.2736,-2.0528,30.2734,-20.6909,6.1035,108.2977,-7.9596,-161.4386,0.1705,0.7914,-0.5857,0.0387
independent_20260430_165242,trial_001,subject_001,1777539172.8593056,1777539172.8593056,261964.4690202,15,R_Foot,291,1,0.9188,1.6652,9.8287,6.7749,-0.9766,-0.7324,10.047,-5.1965,-95.7458,0.0922,0.0346,-0.7407,0.6646
independent_20260430_165242,trial_001,subject_001,1777539172.8603082,1777539172.8603082,261964.4691789,9,Trunk,567,1,0.7608,9.8622,-1.0145,-11.5967,-23.7427,-7.5684,101.5356,-3.9825,-11.9312,0.7722,0.0586,-0.0925,0.6259
independent_20260430_165242,trial_001,subject_001,1777539172.8603082,1777539172.8603082,261964.4693774,10,L_Femur,559,1,0.6173,8.7712,2.3591,-4.1504,0.4883,-17.4561,79.9036,2.3181,-18.7921,0.6309,0.1201,-0.1123,0.7583
independent_20260430_165242,trial_001,subject_001,1777539172.8603082,1777539172.8603082,261964.4695481,11,L_Tibia,582,1,-0.2153,7.5223,-1.5935,29.48,-24.9634,4.2725,86.1932,4.2572,-19.9127,0.6678,0.1448,-0.1012,0.7231
independent_20260430_165242,trial_001,subject_001,1777539172.8942304,1777539172.8942304,261964.5033834,12,L_Foot,594,1,-2.4883,3.3592,6.0149,31.311,-11.5967,-24.9023,-18.3362,10.4535,-113.1921,-0.1624,-0.0829,-0.8287,0.5291
independent_20260430_165242,trial_001,subject_001,1777539172.8942304,1777539172.8942304,261964.5035406,13,R_Femur,601,1,1.0814,9.2832,-3.1247,44.4946,-24.4751,-2.2583,117.334,-4.01,-29.2676,0.8305,0.1981,-0.1602,0.4953
independent_20260430_165242,trial_001,subject_001,1777539172.8942304,1777539172.8942304,261964.5037054,9,Trunk,568,1,0.89,9.8383,-0.8518,-16.7847,-23.7427,-7.0801,101.3104,-3.8177,-12.2607,0.7708,0.0615,-0.0933,0.6273
independent_20260430_165242,trial_001,subject_001,1777539172.8942304,1777539172.8942304,261964.5038544,10,L_Femur,560,1,0.5168,8.6755,1.9284,2.5635,5.0659,-19.2871,79.9091,2.6971,-18.7592,0.6305,0.1224,-0.11,0.7586
independent_20260430_165242,trial_001,subject_001,1777539172.8942304,1777539172.8942304,261964.5039801,11,L_Tibia,583,1,-0.3015,7.8381,-1.4978,44.1284,-23.6816,6.958,86.7975,4.1418,-20.2753,0.6713,0.1467,-0.1034,0.7191
independent_20260430_165242,trial_001,subject_001,1777539172.895237,1777539172.895237,261964.5041436,12,L_Foot,595,1,-3.0625,4.7756,4.4119,79.2236,-81.665,-27.4658,-17.1881,9.2175,-113.1976,-0.1483,-0.0806,-0.8294,0.5325
independent_20260430_165242,trial_001,subject_001,1777539172.895237,1777539172.895237,261964.5042786,13,R_Femur,602,1,1.2441,8.8813,-3.2204,44.7388,-28.6255,-0.2441,118.0042,-3.8232,-29.6356,0.8326,0.2025,-0.1593,0.4903
independent_20260430_165242,trial_001,subject_001,1777539172.895237,1777539172.895237,261964.5044393,14,R_Tibia,301,1,1.2059,9.0392,-2.1055,38.3301,-26.5503,5.3101,109.6106,-7.8772,-162.2296,0.165,0.7994,-0.5768,0.0334
independent_20260430_165242,trial_001,subject_001,1777539172.895237,1777539172.895237,261964.5045922,15,R_Foot,292,1,1.0049,1.7944,9.7569,6.7139,-0.3662,-1.9531,10.2448,-5.2075,-95.7898,0.0934,0.0358,-0.7409,0.6641
independent_20260430_165242,trial_001,subject_001,1777539172.895237,1777539172.895237,261964.5047148,9,Trunk,569,1,1.1293,9.6517,-0.7226,-21.0571,-26.3672,-6.6528,100.9094,-3.598,-12.7441,0.7682,0.0657,-0.0947,0.6298
independent_20260430_165242,trial_001,subject_001,1777539172.895237,1777539172.895237,261964.504857,11,L_Tibia,584,1,-0.2536,7.5653,-2.1438,64.6973,-37.5977,12.6953,87.9181,3.9056,-20.907,0.6778,0.15,-0.1073,0.7118
independent_20260430_165242,trial_001,subject_001,1777539172.895237,1777539172.895237,261964.5049961,12,L_Foot,596,1,-0.8853,1.9715,6.6944,86.6089,-80.6274,-38.3301,-15.4303,7.2729,-113.3679,-0.1261,-0.0774,-0.8311,0.5361
independent_20260430_165242,trial_001,subject_001,1777539172.8962474,1777539172.8962474,261964.5052083,13,R_Femur,603,1,1.2872,9.1731,-3.2443,37.1704,-27.5879,2.3193,118.6139,-3.6584,-30.0146,0.8344,0.2068,-0.1586,0.4857
independent_20260430_165242,trial_001,subject_001,1777539172.8962474,1777539172.8962474,261964.5054262,9,Trunk,570,1,1.1819,9.532,-0.4929,-20.9961,-26.9165,-6.958,100.6018,-3.4332,-13.1232,0.7662,0.0689,-0.0959,0.6317
independent_20260430_165242,trial_001,subject_001,1777539172.8962474,1777539172.8962474,261964.5056375,10,L_Femur,561,1,-0.1962,8.709,1.5504,5.9814,-9.5825,-24.7803,80.0354,3.3673,-18.9404,0.6303,0.1279,-0.1073,0.7582
independent_20260430_165242,trial_001,subject_001,1777539172.944374,1777539172.944374,261964.5536849,11,L_Tibia,585,1,0.0287,8.1922,-2.0863,78.0029,-42.2974,17.7002,89.0167,3.6475,-21.5277,0.6841,0.1532,-0.1112,0.7044
independent_20260430_165242,trial_001,subject_001,1777539172.944374,1777539172.944374,261964.5538774,12,L_Foot,597,1,-1.6604,-2.2203,7.5175,101.7456,-69.519,-45.105,-13.9856,6.1139,-113.7524,-0.1108,-0.0729,-0.8336,0.5362
independent_20260430_165242,trial_001,subject_001,1777539172.944374,1777539172.944374,261964.5540275,13,R_Femur,604,1,1.3398,9.3885,-3.4788,27.71,-33.5693,4.5166,119.2236,-3.4442,-30.5969,0.8357,0.2128,-0.1584,0.4809
independent_20260430_165242,trial_001,subject_001,1777539172.9453733,1777539172.9453733,261964.5542248,14,R_Tibia,302,1,1.6604,9.3358,-2.1294,48.7061,-31.9214,2.7466,111.3464,-7.6025,-163.3337,0.1564,0.8099,-0.5647,0.0274
independent_20260430_165242,trial_001,subject_001,1777539172.9453733,1777539172.9453733,261964.5543849,10,L_Femur,562,1,-1.3303,9.2114,1.6652,8.1787,-28.6865,-20.1416,80.1562,3.7189,-19.4623,0.63,0.1332,-0.1087,0.7573
independent_20260430_165242,trial_001,subject_001,1777539172.9453733,1777539172.9453733,261964.5545351,11,L_Tibia,586,1,0.3206,11.2499,-0.2728,47.4854,-42.6025,8.9722,89.8627,3.4662,-22.1045,0.6887,0.1563,-0.1147,0.6986
independent_20260430_165242,trial_001,subject_001,1777539172.9453733,1777539172.9453733,261964.5546904,12,L_Foot,598,1,0.4642,-3.5841,8.8813,114.3188,-82.0312,-39.0015,-12.3596,4.801,-114.0875,-0.0934,-0.0676,-0.8359,0.5366
independent_20260430_165242,trial_001,subject_001,1777539172.9453733,1777539172.9453733,261964.5548936,13,R_Femur,605,1,1.4021,9.1779,-3.5458,24.8413,-37.7197,4.5776,119.6301,-3.2465,-31.1188,0.8362,0.2181,-0.1584,0.4776
independent_20260430_165242,trial_001,subject_001,1777539172.9839694,1777539172.9839694,261964.5933987,9,Trunk,571,1,1.2011,9.9818,-0.2584,-16.2354,-26.7334,-5.3101,99.9316,-3.0597,-14.0076,0.7618,0.0763,-0.0987,0.6357
independent_20260430_165242,trial_001,subject_001,1777539172.9839694,1777539172.9839694,261964.5936319,10,L_Femur,563,1,-1.5169,10.3694,1.2441,6.6528,-31.9214,-13.3667,80.2277,3.8507,-19.9677,0.6297,0.1369,-0.1112,0.7565
independent_20260430_165242,trial_001,subject_001,1777539172.9839694,1777539172.9839694,261964.5937882,11,L_Tibia,587,1,0.3637,14.8531,5.0723,0.9766,-8.5449,6.2256,90.2856,3.5925,-22.522,0.6906,0.16,-0.1159,0.6958
independent_20260430_165242,trial_001,subject_001,1777539172.9849694,1777539172.9849694,261964.5939734,12,L_Foot,599,1,6.9289,-3.9238,12.1543,127.6855,-40.1001,-7.8125,-9.8712,4.01,-114.3073,-0.0759,-0.0533,-0.8381,0.5375
independent_20260430_165242,trial_001,subject_001,1777539172.9849694,1777539172.9849694,261964.5941831,13,R_Femur,606,1,1.6652,9.0104,-3.7851,29.7241,-40.6494,2.9907,120.2509,-2.9279,-31.8604,0.837,0.2257,-0.158,0.4727
independent_20260430_165242,trial_001,subject_001,1777539172.9849694,1777539172.9849694,261964.594343,15,R_Foot,293,1,0.9092,1.5647,9.9005,15.5029,1.9531,-4.4556,10.9918,-5.1086,-96.026,0.097,0.0414,-0.742,0.6621
independent_20260430_165242,trial_001,subject_001,1777539172.9849694,1777539172.9849694,261964.5945152,9,Trunk,572,1,1.469,10.4651,-0.6843,-8.0566,-23.8647,-2.3804,99.7833,-2.9663,-14.3646,0.7607,0.079,-0.1002,0.6365
independent_20260430_165242,trial_001,subject_001,1777539173.0442572,1777539173.0442572,261964.6535682,10,L_Femur,564,1,-0.2584,11.1542,-0.0718,24.353,-29.1138,-1.77,80.5847,3.8452,-20.506,0.6314,0.1402,-0.1143,0.754
independent_20260430_165242,trial_001,subject_001,1777539173.0442572,1777539173.0442572,261964.6537202,11,L_Tibia,588,1,2.1868,12.7237,4.9479,27.4658,-24.1699,20.813,90.5438,3.2904,-22.8131,0.6921,0.1603,-0.1191,0.6936
independent_20260430_165242,trial_001,subject_001,1777539173.0442572,1777539173.0442572,261964.6538596,12,L_Foot,600,1,7.8668,-1.091,11.2834,138.855,-0.9155,11.3525,-7.7728,3.8562,-114.1589,-0.065,-0.0386,-0.8383,0.54
independent_20260430_165242,trial_001,subject_001,1777539173.0442572,1777539173.0442572,261964.6539897,13,R_Femur,607,1,1.8566,8.8908,-4.187,33.8135,-35.5835,0.7324,120.7617,-2.6642,-32.3438,0.8379,0.231,-0.157,0.4689
independent_20260430_165242,trial_001,subject_001,1777539173.0442572,1777539173.0442572,261964.6541271,9,Trunk,573,1,1.6987,10.8288,-1.3398,-2.9907,-13.5498,-0.4272,99.7119,-2.9004,-14.6887,0.76,0.0815,-0.1016,0.6367
independent_20260430_165242,trial_001,subject_001,1777539173.0442572,1777539173.0442572,261964.654261,10,L_Femur,565,1,-0.402,13.1018,1.2633,-8.9722,-79.5288,4.6387,80.5133,3.631,-21.4893,0.6301,0.1442,-0.1221,0.7532
independent_20260430_165242,trial_001,subject_001,1777539173.0442572,1777539173.0442572,261964.6544079,11,L_Tibia,589,1,3.5123,9.8909,1.0575,62.6221,-57.1289,11.7188,91.3074,3.1476,-23.5382,0.6959,0.1646,-0.1233,0.688
independent_20260430_165242,trial_001,subject_001,1777539173.0442572,1777539173.0442572,261964.6545359,12,L_Foot,601,1,3.2683,1.4547,13.3027,121.0938,15.3809,20.5688,-5.8777,4.0759,-113.8898,-0.0577,-0.0236,-0.8375,0.5429
independent_20260430_165242,trial_001,subject_001,1777539173.0442572,1777539173.0442572,261964.6546709,13,R_Femur,608,1,2.2203,9.8526,-4.4646,36.1328,-20.6299,-4.8828,121.344,-2.45,-32.6239,0.8395,0.2348,-0.1554,0.4647
independent_20260430_165242,trial_001,subject_001,1777539173.0459387,1777539173.0459387,261964.6548069,14,R_Tibia,303,1,1.3638,10.135,-3.2396,59.5703,-13.916,-6.2866,115.0818,-6.8115,-164.696,0.1438,0.8305,-0.5377,0.0217
independent_20260430_165242,trial_001,subject_001,1777539173.0459387,1777539173.0459387,261964.6549411,15,R_Foot,294,1,1.1628,1.4978,9.8,22.3389,1.9531,-4.3335,11.6565,-5.0208,-96.1469,0.1002,0.0464,-0.7424,0.6608
independent_20260430_165242,trial_001,subject_001,1777539173.0459387,1777539173.0459387,261964.6550791,9,Trunk,574,1,1.4786,10.6518,-1.6126,-5.6152,-7.4463,0.7324,99.624,-2.8949,-14.8206,0.7594,0.0823,-0.1023,0.6372
independent_20260430_165242,trial_001,subject_001,1777539173.0459387,1777539173.0459387,261964.6552028,10,L_Femur,566,1,-0.3493,13.0539,4.8617,-25.7568,-130.3101,8.5449,80.0299,3.2025,-23.269,0.6252,0.1506,-0.1368,0.7535
independent_20260430_165242,trial_001,subject_001,1777539173.0459387,1777539173.0459387,261964.6553311,11,L_Tibia,590,1,1.5695,10.2833,-2.1055,49.6826,-16.2964,10.376,92.4225,2.9828,-24.1864,0.7019,0.1688,-0.1266,0.6804
independent_20260430_165242,trial_001,subject_001,1777539173.0459387,1777539173.0459387,261964.6554618,12,L_Foot,602,1,-3.3209,1.4786,12.9486,97.7173,25.0854,11.2305,-3.7848,4.6088,-113.6646,-0.0517,-0.0056,-0.8367,0.5452
independent_20260430_165242,trial_001,subject_001,1777539173.0459387,1777539173.0459387,261964.6555776,13,R_Femur,609,1,2.2921,9.9148,-4.1344,20.4468,-0.6104,-7.5073,121.7944,-2.2906,-32.6514,0.8411,0.2362,-0.1535,0.4618
independent_20260430_165242,trial_001,subject_001,1777539173.0459387,1777539173.0459387,261964.6556849,9,Trunk,575,1,1.3494,10.3742,-1.7131,-3.7231,0.4272,2.1973,99.5801,-2.9059,-14.8535,0.7591,0.0824,-0.1026,0.6375
independent_20260430_165242,trial_001,subject_001,1777539173.0459387,1777539173.0459387,261964.6557771,10,L_Femur,567,1,2.0098,10.312,5.2063,4.2725,-96.6187,6.8359,79.8596,2.6642,-25.4333,0.622,0.1586,-0.1542,0.7511
independent_20260430_165242,trial_001,subject_001,1777539173.0469487,1777539173.0469487,261964.6558675,11,L_Tibia,591,1,-1.1389,10.4221,-1.9763,58.2886,-33.6914,5.5542,93.3179,2.8784,-24.6478,0.7066,0.172,-0.1286,0.6742
independent_20260430_165242,trial_001,subject_001,1777539173.0469487,1777539173.0469487,261964.6559577,12,L_Foot,603,1,-3.2013,0.981,11.5466,97.8394,8.9111,5.7983,-2.2961,4.8065,-113.5767,-0.046,0.0062,-0.8362,0.5464
independent_20260430_165242,trial_001,subject_001,1777539173.0469487,1777539173.0469487,261964.6560492,13,R_Femur,610,1,1.6365,9.4459,-3.919,18.1274,8.1177,-7.2632,122.0581,-2.2412,-32.4921,0.8424,0.2356,-0.1519,0.4601
independent_20260430_165242,trial_001,subject_001,1777539173.0469487,1777539173.0469487,261964.65614,14,R_Tibia,304,1,0.5359,9.7904,-3.0912,68.5425,-11.5967,-9.0332,117.3889,-6.3721,-164.9542,0.1403,0.842,-0.5206,0.0208
independent_20260430_165242,trial_001,subject_001,1777539173.0469487,1777539173.0469487,261964.6562308,15,R_Foot,295,1,0.9331,1.5647,9.9244,29.6021,0.3052,-3.8452,12.453,-4.9713,-96.2512,0.1044,0.0519,-0.7427,0.6594
independent_20260430_165242,trial_001,subject_001,1777539173.0469487,1777539173.0469487,261964.6563418,9,Trunk,576,1,1.0097,10.623,-1.9045,-4.6387,5.0049,5.0049,99.4702,-3.0157,-14.7766,0.7587,0.0812,-0.103,0.6382
independent_20260430_165242,trial_001,subject_001,1777539173.0469487,1777539173.0469487,261964.6564757,10,L_Femur,568,1,2.8807,9.2736,2.4835,21.5454,-39.6729,-4.2114,80.0903,2.5598,-26.1694,0.6227,0.1623,-0.1593,0.7487
independent_20260430_165242,trial_001,subject_001,1777539173.0469487,1777539173.0469487,261964.6566283,11,L_Tibia,592,1,-3.4932,9.2976,-2.206,69.397,-95.459,44.9829,94.4604,2.5488,-26.0706,0.7116,0.1802,-0.1372,0.6651
independent_20260430_165242,trial_001,subject_001,1777539173.0469487,1777539173.0469487,261964.6567714,12,L_Foot,604,1,-1.6174,2.2777,15.8006,60.791,-12.5732,3.7231,-0.8075,4.7186,-113.4833,-0.0383,0.0167,-0.8356,0.5477
independent_20260430_165242,trial_001,subject_001,1777539173.0479484,1777539173.0479484,261964.6569023,13,R_Femur,611,1,1.1389,10.7331,-3.8855,2.7466,19.8364,-12.4512,122.2284,-2.2412,-32.0801,0.8439,0.2328,-0.1499,0.4594
independent_20260430_165242,trial_001,subject_001,1777539173.1444254,1777539173.1444254,261964.7533615,9,Trunk,577,1,0.5264,10.8288,-1.9715,-4.5166,-1.8311,5.249,99.3878,-3.1036,-14.7931,0.7582,0.0808,-0.1037,0.6386
independent_20260430_165242,trial_001,subject_001,1777539173.1444254,1777539173.1444254,261964.7535451,10,L_Femur,569,1,1.8375,8.3932,-0.8087,40.5884,2.1362,-19.8364,80.6451,2.7905,-26.2848,0.6257,0.1652,-0.158,0.7458
independent_20260430_165242,trial_001,subject_001,1777539173.1444254,1777539173.1444254,261964.753739,11,L_Tibia,593,1,-2.6175,9.3885,-3.6654,59.2041,-122.9858,25.6958,95.3778,2.1918,-27.8284,0.7146,0.1903,-0.1481,0.6567
independent_20260430_165242,trial_001,subject_001,1777539173.1544302,1777539173.1544302,261964.7635553,12,L_Foot,605,1,-1.1628,2.7754,16.0973,25.4517,3.418,-0.8545,-0.2802,4.7076,-113.4888,-0.0357,0.0205,-0.8356,0.5478
independent_20260430_165242,trial_001,subject_001,1777539173.1544302,1777539173.1544302,261964.7637184,13,R_Femur,612,1,1.1341,10.8097,-3.5027,-7.3853,21.7285,-9.8877,122.1185,-2.2906,-31.7175,0.8443,0.2298,-0.149,0.4606
independent_20260430_165242,trial_001,subject_001,1777539173.1544302,1777539173.1544302,261964.7638593,14,R_Tibia,305,1,0.1388,10.2737,-2.6271,79.7119,-12.9395,-10.8643,120.0421,-5.8502,-165.1245,0.1373,0.8545,-0.5006,0.0208
independent_20260430_165242,trial_001,subject_001,1777539173.1544302,1777539173.1544302,261964.7640011,15,R_Foot,296,1,1.0097,1.3351,9.9244,40.7715,0.9766,-5.0659,13.689,-4.9164,-96.3885,0.1111,0.0604,-0.7428,0.6574
independent_20260430_165242,trial_001,subject_001,1777539173.1544302,1777539173.1544302,261964.7641438,9,Trunk,578,1,-0.0909,10.891,-2.0289,-5.188,-11.0474,2.8076,99.3054,-3.1421,-14.9359,0.7577,0.0814,-0.1048,0.639
independent_20260430_165242,trial_001,subject_001,1777539173.1554313,1777539173.1554313,261964.7642809,10,L_Femur,570,1,-1.9141,8.5271,-2.5313,34.8511,18.7988,-31.9214,81.4142,3.4222,-26.0211,0.6301,0.1688,-0.1516,0.7426
independent_20260430_165242,trial_001,subject_001,1777539173.1554313,1777539173.1554313,261964.7644143,11,L_Tibia,594,1,-1.2202,9.3693,-3.474,59.3262,-97.168,20.2026,96.2128,2.038,-29.3719,0.7169,0.2002,-0.1565,0.6492
independent_20260430_165242,trial_001,subject_001,1777539173.1554313,1777539173.1554313,261964.764545,12,L_Foot,606,1,-1.1532,0.8422,12.1304,20.6299,4.8218,3.1738,0.0055,4.7791,-113.4613,-0.0348,0.0229,-0.8354,0.5481
independent_20260430_165242,trial_001,subject_001,1777539173.1554313,1777539173.1554313,261964.7646768,13,R_Femur,613,1,0.8326,11.025,-2.8807,-18.3105,17.334,-4.0894,121.8219,-2.373,-31.4374,0.8437,0.227,-0.1491,0.463
independent_20260430_165242,trial_001,subject_001,1777539173.1554313,1777539173.1554313,261964.764808,9,Trunk,579,1,-0.4163,10.4508,-2.2538,-7.3853,-21.4233,-2.5635,99.1681,-3.0707,-15.3094,0.7566,0.0842,-0.1065,0.6396
independent_20260430_165242,trial_001,subject_001,1777539173.1554313,1777539173.1554313,261964.7649393,10,L_Femur,571,1,-2.9716,8.8621,-1.4021,38.147,6.4697,-32.4707,81.969,3.9276,-25.9497,0.6329,0.1724,-0.1475,0.7402
independent_20260430_165242,trial_001,subject_001,1777539173.1554313,1777539173.1554313,261964.7650854,11,L_Tibia,595,1,1.0001,9.1779,-3.3831,54.7485,-47.1191,8.2397,97.2949,1.9666,-30.6299,0.7209,0.2092,-0.1621,0.6405
independent_20260430_165242,trial_001,subject_001,1777539173.1554313,1777539173.1554313,261964.7652167,12,L_Foot,607,1,-1.6365,0.2919,10.379,12.5122,-2.3193,4.7607,0.3131,4.7681,-113.3844,-0.0333,0.0251,-0.8349,0.5488
independent_20260430_165242,trial_001,subject_001,1777539173.156429,1777539173.156429,261964.7653468,13,R_Femur,614,1,-0.3732,11.9342,-1.9571,-62.8052,12.9395,0.8545,120.8002,-2.5269,-31.1957,0.8402,0.2232,-0.1512,0.4705
independent_20260430_165242,trial_001,subject_001,1777539173.156429,1777539173.156429,261964.7654796,14,R_Tibia,306,1,-1.4738,10.2929,-3.2156,93.1396,-28.6865,-7.2021,123.1512,-5.202,-165.553,0.1319,0.8689,-0.4768,0.0202
independent_20260430_165242,trial_001,subject_001,1777539173.156429,1777539173.156429,261964.7656153,15,R_Foot,297,1,0.7848,1.0288,10.0967,61.0352,0.6714,-11.0474,15.4633,-4.8175,-96.6797,0.1205,0.0727,-0.7434,0.6539
independent_20260430_165242,trial_001,subject_001,1777539173.156429,1777539173.156429,261964.7657893,9,Trunk,580,1,-0.2153,9.9914,-2.5266,-8.5449,-24.9634,-6.1035,99.0417,-2.9443,-15.661,0.7556,0.0871,-0.1078,0.6402
independent_20260430_165242,trial_001,subject_001,1777539173.156429,1777539173.156429,261964.7659872,10,L_Femur,572,1,-1.1963,9.7474,-0.1914,44.7998,-4.2725,-21.0571,82.8369,4.411,-26.0486,0.6376,0.1771,-0.1441,0.7358
independent_20260430_165242,trial_001,subject_001,1777539173.156429,1777539173.156429,261964.7661739,11,L_Tibia,596,1,2.3543,9.4698,-3.6654,56.8848,-14.0991,5.3711,98.1189,1.9171,-30.9155,0.725,0.2119,-0.1624,0.6349
independent_20260430_165242,trial_001,subject_001,1777539173.1574316,1777539173.1574316,261964.766342,12,L_Foot,608,1,-1.0336,0.5838,10.5082,5.8594,-1.709,3.9673,0.434,4.7516,-113.3295,-0.0326,0.0259,-0.8347,0.5492
independent_20260430_165242,trial_001,subject_001,1777539173.1574316,1777539173.1574316,261964.7665234,13,R_Femur,615,1,-1.5217,11.2595,-0.7273,-89.7217,10.6201,2.0752,119.5093,-2.6477,-31.0583,0.8352,0.22,-0.154,0.4798
independent_20260430_165242,trial_001,subject_001,1777539173.2045772,1777539173.2045772,261964.8134288,9,Trunk,581,1,0.244,9.489,-2.5888,-5.7983,-23.0713,-7.8125,98.9044,-2.7301,-16.1169,0.7543,0.0912,-0.109,0.6409
independent_20260430_165242,trial_001,subject_001,1777539173.2045772,1777539173.2045772,261964.8136486,10,L_Femur,573,1,-0.4977,10.1302,-0.4307,50.1099,-6.7749,-12.9395,83.5565,4.6088,-26.1639,0.6416,0.1799,-0.1426,0.7319
independent_20260430_165242,trial_001,subject_001,1777539173.2045772,1777539173.2045772,261964.8138477,11,L_Tibia,597,1,4.5459,10.1828,-3.1726,51.0864,55.1758,-17.5781,98.9099,2.0435,-30.3333,0.7303,0.21,-0.157,0.6308
independent_20260430_165242,trial_001,subject_001,1777539173.2051072,1777539173.2051072,261964.8140468,12,L_Foot,609,1,-0.6508,0.2871,10.2546,6.8359,-0.3052,2.9907,0.5493,4.7461,-113.2855,-0.032,0.0268,-0.8344,0.5495
independent_20260430_165242,trial_001,subject_001,1777539173.2051072,1777539173.2051072,261964.814242,13,R_Femur,616,1,-2.7467,10.0058,-0.3063,-84.2896,-1.5259,1.0376,118.1909,-2.6807,-31.0474,0.8297,0.218,-0.1568,0.4894
independent_20260430_165242,trial_001,subject_001,1777539173.2051072,1777539173.2051072,261964.8144329,14,R_Tibia,307,1,-2.4979,10.1015,-3.0003,104.6143,-58.6548,-0.3052,126.2714,-4.3011,-166.6901,0.1202,0.8835,-0.4524,0.0191
independent_20260430_165242,trial_001,subject_001,1777539173.2056496,1777539173.2056496,261964.8146259,15,R_Foot,298,1,0.9762,2.1294,10.1397,99.9146,-2.3193,-16.4185,18.6108,-4.7131,-97.1686,0.1373,0.0943,-0.7438,0.6473
independent_20260430_165242,trial_001,subject_001,1777539173.2056496,1777539173.2056496,261964.8148245,9,Trunk,582,1,0.5072,9.2114,-2.5696,-4.3945,-19.165,-8.606,98.8385,-2.5708,-16.3916,0.7536,0.0938,-0.1096,0.6413
independent_20260430_165242,trial_001,subject_001,1777539173.2056496,1777539173.2056496,261964.8150125,10,L_Femur,574,1,-0.2728,9.9053,-0.9475,48.0957,-8.5449,-7.4463,84.2761,4.7241,-26.2903,0.6458,0.1822,-0.1416,0.7278
independent_20260430_165242,trial_001,subject_001,1777539173.206182,1777539173.206182,261964.8151963,11,L_Tibia,598,1,2.1533,9.9866,-2.2921,48.2788,67.8711,-13.7939,99.9591,2.0984,-28.9325,0.7385,0.2027,-0.147,0.6261
independent_20260430_165242,trial_001,subject_001,1777539173.206182,1777539173.206182,261964.815378,12,L_Foot,610,1,-0.5264,0.2584,10.135,7.4463,2.4414,1.8311,0.7086,4.7791,-113.2471,-0.0314,0.0281,-0.8342,0.5499
independent_20260430_165242,trial_001,subject_001,1777539173.206182,1777539173.206182,261964.815563,13,R_Femur,617,1,-4.4215,10.0775,-1.2298,-88.0737,-34.9731,-5.3101,116.4771,-2.3895,-31.4484,0.8212,0.2198,-0.1597,0.5018
independent_20260430_165242,trial_001,subject_001,1777539173.2067358,1777539173.2067358,261964.8157486,9,Trunk,583,1,0.5024,8.8143,-2.5744,-4.4556,-17.2119,-9.4604,98.7616,-2.4005,-16.6333,0.7529,0.0963,-0.1099,0.6417
independent_20260430_165242,trial_001,subject_001,1777539173.2067358,1777539173.2067358,261964.8159306,10,L_Femur,575,1,-0.2058,9.4411,-1.0814,42.4805,-11.2915,-1.8311,85.144,4.7626,-26.499,0.6509,0.1847,-0.1413,0.7226
independent_20260430_165242,trial_001,subject_001,1777539173.2067358,1777539173.2067358,261964.816111,11,L_Tibia,599,1,-0.6795,9.9483,-1.4355,36.0718,26.3062,-24.292,100.5688,2.3181,-28.3392,0.7425,0.2008,-0.1413,0.6232
independent_20260430_165242,trial_001,subject_001,1777539173.2067358,1777539173.2067358,261964.8162967,12,L_Foot,611,1,-0.4689,0.2345,9.9627,9.0332,4.5776,1.1597,0.8514,4.845,-113.2306,-0.0312,0.0295,-0.8341,0.55
independent_20260430_165242,trial_001,subject_001,1777539173.2067358,1777539173.2067358,261964.8164768,13,R_Femur,618,1,-4.0195,10.2546,-1.6413,-94.6655,-62.3169,-3.6011,115.0818,-1.972,-32.179,0.8132,0.2249,-0.1627,0.5116
independent_20260430_165242,trial_001,subject_001,1777539173.207742,1777539173.207742,261964.8166591,14,R_Tibia,308,1,-1.0001,9.4746,-3.5745,116.5161,-62.0117,14.5874,130.3198,-3.2025,-168.5962,0.1018,0.9015,-0.4204,0.0165
independent_20260430_165242,trial_001,subject_001,1777539173.207742,1777539173.207742,261964.8168554,15,R_Foot,299,1,0.9762,1.5312,10.6087,142.1509,-2.9297,-22.3999,22.2089,-4.5483,-97.7509,0.1559,0.1194,-0.7436,0.6391
independent_20260430_165242,trial_001,subject_001,1777539173.207742,1777539173.207742,261964.8170362,9,Trunk,584,1,0.1292,8.3836,-2.6797,-2.5635,-15.2588,-11.0474,98.6847,-2.1533,-16.9135,0.752,0.0994,-0.1099,0.6422
independent_20260430_165242,trial_001,subject_001,1777539173.207742,1777539173.207742,261964.8172131,10,L_Femur,576,1,-0.0144,9.4315,-1.0192,35.7056,-13.9771,-1.8311,85.6824,4.7736,-26.6913,0.654,0.1865,-0.1416,0.7194
independent_20260430_165242,trial_001,subject_001,1777539173.207742,1777539173.207742,261964.8173902,11,L_Tibia,600,1,-4.12,8.2975,-1.6604,52.1851,-69.458,32.6538,101.2939,2.3785,-29.1302,0.7449,0.2072,-0.1439,0.6176
independent_20260430_165242,trial_001,subject_001,1777539173.207742,1777539173.207742,261964.8175693,12,L_Foot,612,1,-0.9427,0.5551,10.0058,7.8125,4.2114,0.6104,1.0382,4.9438,-113.2196,-0.031,0.0313,-0.8339,0.5501
independent_20260430_165242,trial_001,subject_001,1777539173.208742,1777539173.208742,261964.8177498,13,R_Femur,619,1,-1.7705,10.4699,-2.1725,-104.8584,-87.8296,3.7231,113.0493,-1.3403,-33.6786,0.8002,0.2354,-0.1691,0.5251
independent_20260430_165242,trial_001,subject_001,1777539173.208742,1777539173.208742,261964.8179255,9,Trunk,585,1,-0.311,8.2783,-2.8328,-0.6104,-14.4653,-10.6201,98.6627,-1.972,-17.1057,0.7516,0.1017,-0.1098,0.6424
independent_20260430_165242,trial_001,subject_001,1777539173.209246,1777539173.209246,261964.8181031,10,L_Femur,577,1,-0.1388,9.2641,-0.8948,35.7666,-11.4136,-4.5166,86.1932,4.8175,-26.8726,0.6568,0.1885,-0.1416,0.7163
independent_20260430_165242,trial_001,subject_001,1777539173.209246,1777539173.209246,261964.8182791,11,L_Tibia,601,1,-2.9237,9.1396,-3.2348,33.8745,-113.5254,12.8784,101.8213,2.4115,-30.6958,0.7448,0.2182,-0.1511,0.6122
independent_20260430_165242,trial_001,subject_001,1777539173.209246,1777539173.209246,261964.8184549,12,L_Foot,613,1,-1.1245,0.7178,9.9962,5.9814,3.1738,0.4883,1.1426,4.9988,-113.2141,-0.0309,0.0323,-0.8338,0.5502
independent_20260430_165242,trial_001,subject_001,1777539173.209246,1777539173.209246,261964.8186295,13,R_Femur,620,1,0.1053,10.2833,-2.7084,-113.2812,-89.4775,9.5825,111.3849,-0.9613,-34.964,0.7893,0.2436,-0.1759,0.5355
independent_20260430_165242,trial_001,subject_001,1777539173.209246,1777539173.209246,261964.8188067,14,R_Tibia,309,1,-0.1723,9.4746,-4.7517,124.0845,-67.4438,18.9819,134.6265,-2.1368,-170.6561,0.0823,0.9188,-0.3857,0.0143
independent_20260430_165242,trial_001,subject_001,1777539173.209246,1777539173.209246,261964.8189997,15,R_Foot,300,1,0.3924,2.4596,10.757,228.2104,-18.8599,-41.748,28.8995,-4.3945,-98.9484,0.1902,0.1654,-0.7417,0.6215
independent_20260430_165242,trial_001,subject_001,1777539173.210251,1777539173.210251,261964.8191914,9,Trunk,586,1,-0.6412,8.3166,-2.9381,1.6479,-15.8691,-9.6436,98.6682,-1.7963,-17.3145,0.7513,0.1041,-0.1098,0.6424
independent_20260430_165242,trial_001,subject_001,1777539173.210251,1777539173.210251,261964.8193686,10,L_Femur,578,1,-0.579,9.4268,-0.7273,40.1001,-2.9297,-6.7749,86.9678,4.9329,-26.9824,0.6613,0.1908,-0.1403,0.7118
independent_20260430_165242,trial_001,subject_001,1777539173.210251,1777539173.210251,261964.8195447,11,L_Tibia,602,1,0.445,9.6469,-3.4836,32.2876,-85.8765,10.8032,102.2662,2.5433,-32.0856,0.7443,0.2285,-0.1568,0.6077
independent_20260430_165242,trial_001,subject_001,1777539173.210251,1777539173.210251,261964.8197204,12,L_Foot,614,1,-1.1532,0.6843,10.135,2.9907,1.9531,0.6104,1.214,5.0317,-113.2086,-0.0308,0.033,-0.8338,0.5502
independent_20260430_165242,trial_001,subject_001,1777539173.210251,1777539173.210251,261964.8198943,13,R_Femur,621,1,1.3829,10.312,-3.34,-116.272,-74.8291,16.2354,109.6545,-0.7635,-36.1395,0.7783,0.2499,-0.1838,0.5459
independent_20260430_165242,trial_001,subject_001,1777539173.2841926,1777539173.2841926,261964.8935843,9,Trunk,587,1,-0.7465,8.9865,-2.8902,1.0986,-17.334,-9.8877,98.6902,-1.5656,-17.6276,0.751,0.1074,-0.1101,0.6422
independent_20260430_165242,trial_001,subject_001,1777539173.2841926,1777539173.2841926,261964.8937674,10,L_Femur,579,1,-0.7321,9.6852,-0.646,39.4897,7.7515,-7.0801,87.5665,5.0427,-26.9,0.6649,0.1917,-0.1382,0.7086
independent_20260430_165242,trial_001,subject_001,1777539173.294191,1777539173.294191,261964.9034083,11,L_Tibia,603,1,3.6367,9.4459,-2.7371,29.48,-6.6528,-5.4932,102.8595,2.6422,-32.7832,0.7458,0.2344,-0.1586,0.6031
independent_20260430_165242,trial_001,subject_001,1777539173.294191,1777539173.294191,261964.9035561,12,L_Foot,615,1,-0.9188,0.4737,10.0536,1.5869,1.77,1.2207,1.2634,5.0757,-113.1976,-0.0309,0.0336,-0.8337,0.5503
independent_20260430_165242,trial_001,subject_001,1777539173.294191,1777539173.294191,261964.9036901,13,R_Femur,622,1,1.7179,11.269,-4.1727,-127.6855,-40.2222,17.2729,107.1716,-0.7855,-37.1942,0.764,0.2528,-0.1945,0.5608
independent_20260430_165242,trial_001,subject_001,1777539173.294191,1777539173.294191,261964.9038267,14,R_Tibia,310,1,1.7849,9.1923,-6.7471,114.8071,-39.3066,22.0337,138.8452,-1.2634,-172.4139,0.0658,0.9338,-0.3514,0.013
independent_20260430_165242,trial_001,subject_001,1777539173.294191,1777539173.294191,261964.9039593,15,R_Foot,301,1,1.6939,3.407,9.3933,323.4863,-21.1182,-74.3408,39.2871,-3.8892,-101.3104,0.2377,0.2396,-0.7352,0.5879
independent_20260430_165242,trial_001,subject_001,1777539173.294191,1777539173.294191,261964.9041445,9,Trunk,588,1,-0.5024,9.6852,-2.694,-1.0986,-16.4185,-11.1084,98.6737,-1.3733,-17.8473,0.7505,0.1099,-0.11,0.6423
independent_20260430_165242,trial_001,subject_001,1777539173.294191,1777539173.294191,261964.904301,10,L_Femur,580,1,-1.2011,9.9866,-0.6604,34.5459,22.0947,-7.2632,88.3191,5.1965,-26.521,0.6699,0.1913,-0.1336,0.7048
independent_20260430_165242,trial_001,subject_001,1777539173.294191,1777539173.294191,261964.9044314,11,L_Tibia,604,1,2.7036,9.7187,-1.9858,33.1421,59.3262,-14.0381,103.3978,2.6697,-32.0032,0.7502,0.2302,-0.1532,0.6007
independent_20260430_165242,trial_001,subject_001,1777539173.294191,1777539173.294191,261964.904562,12,L_Foot,616,1,-0.9714,0.1675,9.8909,4.2114,1.709,1.8921,1.3293,5.1031,-113.1702,-0.0308,0.0342,-0.8335,0.5505
independent_20260430_165242,trial_001,subject_001,1777539173.2957792,1777539173.2957792,261964.9046969,13,R_Femur,623,1,1.3973,11.5131,-4.5268,-133.1787,-15.8691,18.4326,105.1776,-0.9723,-37.5568,0.7536,0.2508,-0.2019,0.573
independent_20260430_165242,trial_001,subject_001,1777539173.2957792,1777539173.2957792,261964.9048277,9,Trunk,589,1,0.0239,10.1541,-2.5313,-3.1738,-12.8784,-13.4888,98.6023,-1.0931,-18.0835,0.7497,0.113,-0.1096,0.6428
independent_20260430_165242,trial_001,subject_001,1777539173.2957792,1777539173.2957792,261964.9050336,10,L_Femur,581,1,-1.5217,10.068,-0.579,31.8604,24.7803,-7.4463,88.8354,5.3174,-26.1475,0.6735,0.1904,-0.1298,0.7023
independent_20260430_165242,trial_001,subject_001,1777539173.2957792,1777539173.2957792,261964.9051999,11,L_Tibia,605,1,-0.5599,9.8335,-2.3304,30.3955,59.5703,-14.8315,103.9087,2.6807,-31.0474,0.7547,0.2246,-0.1471,0.5986
independent_20260430_165242,trial_001,subject_001,1777539173.2957792,1777539173.2957792,261964.9053578,12,L_Foot,617,1,-1.1054,0.3637,10.111,4.1504,1.2207,2.0142,1.4062,5.1306,-113.1482,-0.0306,0.0349,-0.8334,0.5507
independent_20260430_165242,trial_001,subject_001,1777539173.2957792,1777539173.2957792,261964.905502,13,R_Femur,624,1,1.3303,11.226,-4.9287,-131.0425,1.2207,18.0054,103.1946,-1.2305,-37.6392,0.7439,0.2465,-0.2083,0.5852
independent_20260430_165242,trial_001,subject_001,1777539173.296787,1777539173.296787,261964.9056428,14,R_Tibia,311,1,0.6221,8.0534,-7.1012,76.1719,-25.5737,19.043,141.5479,-0.9998,-173.3862,0.0573,0.9425,-0.3292,0.0108
independent_20260430_165242,trial_001,subject_001,1777539173.296787,1777539173.296787,261964.9059436,15,R_Foot,302,1,0.0144,5.235,6.3738,349.1211,-69.0308,-119.5679,51.5314,-2.4225,-104.9634,0.2798,0.3331,-0.7197,0.5411
independent_20260430_165242,trial_001,subject_001,1777539173.296787,1777539173.296787,261964.906177,9,Trunk,590,1,0.2393,10.0153,-2.4117,-2.5024,-9.1553,-14.8315,98.5474,-0.8624,-18.2043,0.749,0.115,-0.1088,0.6433
independent_20260430_165242,trial_001,subject_001,1777539173.296787,1777539173.296787,261964.9063999,10,L_Femur,582,1,-1.9523,10.111,-0.402,26.6113,23.6816,-7.3853,89.2859,5.4327,-25.7794,0.6767,0.1894,-0.1261,0.7002
independent_20260430_165242,trial_001,subject_001,1777539173.2977884,1777539173.2977884,261964.9066551,11,L_Tibia,606,1,-3.4932,9.5033,-2.9716,29.1748,16.2964,5.9814,104.5404,2.7081,-30.3058,0.7594,0.2206,-0.1419,0.5954
independent_20260430_165242,trial_001,subject_001,1777539173.2977884,1777539173.2977884,261964.9068693,12,L_Foot,618,1,-1.158,0.402,10.111,3.9062,0.5493,1.8921,1.5051,5.1526,-113.1097,-0.0303,0.0357,-0.8332,0.551
independent_20260430_165242,trial_001,subject_001,1777539173.2977884,1777539173.2977884,261964.9071067,13,R_Femur,625,1,1.4164,11.0011,-4.8282,-136.5356,26.7334,14.8315,100.4755,-1.615,-37.3206,0.7311,0.2374,-0.2149,0.6025
independent_20260430_165242,trial_001,subject_001,1777539173.3943808,1777539173.3943808,261965.0033791,9,Trunk,591,1,0.0718,9.8239,-2.2729,-2.9907,-5.4932,-14.4653,98.4869,-0.6427,-18.2593,0.7485,0.1166,-0.1078,0.6439
independent_20260430_165242,trial_001,subject_001,1777539173.3943808,1777539173.3943808,261965.003621,10,L_Femur,583,1,-2.3782,9.666,-0.8996,30.2124,18.3105,-8.1177,89.8901,5.592,-25.3729,0.6808,0.1886,-0.1216,0.6973
independent_20260430_165242,trial_001,subject_001,1777539173.3943808,1777539173.3943808,261965.0037872,11,L_Tibia,607,1,-3.4357,9.5751,-3.1821,25.2686,-27.8931,4.7607,104.9084,2.7466,-30.6628,0.7606,0.2237,-0.1428,0.5926
independent_20260430_165242,trial_001,subject_001,1777539173.3943808,1777539173.3943808,261965.0040024,12,L_Foot,619,1,-1.0671,0.4785,10.1397,2.3193,-0.1831,1.5869,1.5656,5.1526,-113.0878,-0.03,0.0362,-0.833,0.5512
independent_20260430_165242,trial_001,subject_001,1777539173.3943808,1777539173.3943808,261965.0041506,13,R_Femur,626,1,1.5217,10.6278,-4.3019,-135.7422,46.936,11.8408,98.4045,-1.9116,-36.7053,0.7218,0.228,-0.2177,0.6161
independent_20260430_165242,trial_001,subject_001,1777539173.39538,1777539173.39538,261965.0042862,14,R_Tibia,312,1,1.2202,5.8427,-9.2019,37.5366,-5.0049,17.7612,143.3331,-0.9668,-174.2102,0.0506,0.9479,-0.3145,0.0079
independent_20260430_165242,trial_001,subject_001,1777539173.39538,1777539173.39538,261965.0044129,15,R_Foot,303,1,4.9048,5.0148,23.6913,99.9146,-144.5923,-121.0938,58.5406,-1.0052,-110.1489,0.2862,0.3965,-0.7176,0.4959
independent_20260430_165242,trial_001,subject_001,1777539173.39538,1777539173.39538,261965.0045878,9,Trunk,592,1,-0.6269,9.6852,-2.1294,-4.0283,-5.8594,-13.1836,98.3936,-0.368,-18.3307,0.7476,0.1185,-0.1065,0.6447
independent_20260430_165242,trial_001,subject_001,1777539173.39538,1777539173.39538,261965.0047522,10,L_Femur,584,1,-1.9715,9.2306,-1.3638,36.8652,15.3198,-5.4932,90.4449,5.6799,-25.1257,0.6844,0.1883,-0.1187,0.6943
independent_20260430_165242,trial_001,subject_001,1777539173.39538,1777539173.39538,261965.0048875,11,L_Tibia,608,1,0.4259,9.398,-3.5362,22.9492,-23.6816,6.2866,105.3534,2.7795,-31.2451,0.7617,0.2283,-0.1447,0.5889
independent_20260430_165242,trial_001,subject_001,1777539173.39538,1777539173.39538,261965.0050216,12,L_Foot,620,1,-0.9331,0.6699,10.1063,0.6714,-0.4883,1.0986,1.615,5.1526,-113.0658,-0.0297,0.0365,-0.8329,0.5514
independent_20260430_165242,trial_001,subject_001,1777539173.39538,1777539173.39538,261965.0051551,13,R_Femur,627,1,1.0958,10.1589,-4.0004,-128.0518,67.749,3.9062,95.7623,-2.2028,-35.4749,0.7103,0.2137,-0.2179,0.6343
independent_20260430_165242,trial_001,subject_001,1777539173.396379,1777539173.396379,261965.005283,9,Trunk,593,1,-1.0288,9.7713,-1.9954,-6.1035,-6.2866,-13.7939,98.2947,-0.1648,-18.3966,0.7468,0.12,-0.1056,0.6455
independent_20260430_165242,trial_001,subject_001,1777539173.396379,1777539173.396379,261965.0054126,10,L_Femur,585,1,-1.3733,9.3023,-1.4308,39.7949,14.6484,-1.5259,91.0547,5.7129,-24.9005,0.6884,0.1877,-0.1161,0.6909
independent_20260430_165242,trial_001,subject_001,1777539173.396379,1777539173.396379,261965.0055406,11,L_Tibia,609,1,1.4164,9.4794,-3.5649,22.8271,0.5493,3.2349,105.6995,2.7466,-31.3165,0.7633,0.229,-0.1446,0.5865
independent_20260430_165242,trial_001,subject_001,1777539173.396379,1777539173.396379,261965.0056689,12,L_Foot,621,1,-0.9762,0.7704,10.202,-1.3428,-0.4883,0.3662,1.615,5.1471,-113.0658,-0.0297,0.0365,-0.8329,0.5514
independent_20260430_165242,trial_001,subject_001,1777539173.396379,1777539173.396379,261965.0061726,13,R_Femur,628,1,-0.0191,10.2115,-3.8712,-123.6572,71.4722,-0.9766,93.8452,-2.3071,-34.3982,0.7017,0.2028,-0.216,0.648
independent_20260430_165242,trial_001,subject_001,1777539173.3973794,1777539173.3973794,261965.0063055,14,R_Tibia,313,1,-0.0909,5.546,-7.1538,-15.8691,-21.4233,30.4565,143.5858,-1.192,-175.0891,0.0439,0.9489,-0.3126,0.0035
independent_20260430_165242,trial_001,subject_001,1777539173.3973794,1777539173.3973794,261965.0064386,9,Trunk,594,1,-1.1532,9.8096,-1.9093,-6.7139,-7.5684,-14.7095,98.1738,0.0549,-18.4735,0.7459,0.1216,-0.1048,0.6465
independent_20260430_165242,trial_001,subject_001,1777539173.3973794,1777539173.3973794,261965.0065702,10,L_Femur,586,1,-1.2776,9.7187,-1.4355,42.7246,14.7705,0.7324,91.9171,5.6964,-24.5929,0.6941,0.1867,-0.113,0.686
independent_20260430_165242,trial_001,subject_001,1777539173.3973794,1777539173.3973794,261965.0067146,11,L_Tibia,610,1,0.3063,9.5512,-3.3544,21.7285,14.8315,1.0376,106.04,2.6807,-31.1298,0.7656,0.2279,-0.1434,0.5843
independent_20260430_165242,trial_001,subject_001,1777539173.3973794,1777539173.3973794,261965.0068557,12,L_Foot,622,1,-1.0575,0.6604,10.1158,-2.0142,-0.8545,0.3662,1.5985,5.1416,-113.0603,-0.0297,0.0364,-0.8329,0.5514
independent_20260430_165242,trial_001,subject_001,1777539173.3973794,1777539173.3973794,261965.0070029,13,R_Femur,629,1,-1.0479,10.1924,-3.5362,-115.5396,58.8989,1.1597,92.0325,-2.3676,-33.4589,0.6931,0.1933,-0.2141,0.6606
independent_20260430_165242,trial_001,subject_001,1777539173.3973794,1777539173.3973794,261965.0071458,9,Trunk,595,1,-0.957,9.288,-2.0433,-0.9766,-9.5825,-14.4653,98.1024,0.3571,-18.6108,0.745,0.1241,-0.1037,0.6471
independent_20260430_165242,trial_001,subject_001,1777539173.3983793,1777539173.3983793,261965.0072882,10,L_Femur,587,1,-1.2154,9.6995,-1.4116,44.7998,15.564,-0.3662,92.6093,5.6854,-24.3567,0.6987,0.1858,-0.1105,0.682
independent_20260430_165242,trial_001,subject_001,1777539173.3983793,1777539173.3983793,261965.0074251,11,L_Tibia,611,1,-0.7943,9.2976,-3.1151,18.4937,7.3853,2.0752,106.441,2.6038,-30.932,0.7681,0.2266,-0.1421,0.5818
independent_20260430_165242,trial_001,subject_001,1777539173.3983793,1777539173.3983793,261965.0075647,12,L_Foot,623,1,-0.981,0.5455,9.9436,-2.1362,-0.6714,0.3052,1.5656,5.1306,-113.0603,-0.0298,0.0361,-0.8329,0.5514
independent_20260430_165242,trial_001,subject_001,1777539173.3983793,1777539173.3983793,261965.0077059,13,R_Femur,630,1,-1.3303,9.5033,-3.0338,-99.4263,33.2031,9.5825,89.9121,-2.5378,-32.6404,0.6823,0.1835,-0.2138,0.6746
independent_20260430_165242,trial_001,subject_001,1777539173.3983793,1777539173.3983793,261965.0080423,14,R_Tibia,314,1,-0.5981,5.3594,-5.3977,-82.2144,-29.2358,24.8413,141.5039,-1.0492,-176.424,0.0325,0.9435,-0.3298,0.0016
independent_20260430_165242,trial_001,subject_001,1777539173.3983793,1777539173.3983793,261965.0081887,15,R_Foot,304,1,1.6222,-0.1866,7.2208,-158.5693,38.3911,-30.8838,49.1693,2.2852,-112.5769,0.2158,0.3561,-0.7517,0.5115
independent_20260430_165242,trial_001,subject_001,1777539173.4339771,1777539173.4339771,261965.0434105,9,Trunk,596,1,-0.7991,8.8813,-2.0528,0.9766,-12.3901,-14.2212,98.0914,0.5823,-18.7537,0.7446,0.1263,-0.103,0.6473
independent_20260430_165242,trial_001,subject_001,1777539173.4339771,1777539173.4339771,261965.0435556,10,L_Femur,588,1,-0.981,9.3693,-1.3446,45.0439,16.7236,-0.6714,93.5486,5.6799,-24.0161,0.7048,0.1846,-0.107,0.6766
independent_20260430_165242,trial_001,subject_001,1777539173.4339771,1777539173.4339771,261965.0436888,11,L_Tibia,612,1,-0.7896,9.2114,-3.0099,16.9678,-5.3711,3.6011,106.6992,2.5708,-30.976,0.7694,0.2271,-0.142,0.5799
independent_20260430_165242,trial_001,subject_001,1777539173.4339771,1777539173.4339771,261965.0438129,12,L_Foot,624,1,-0.9092,0.6269,9.9196,-2.4414,-0.5493,0.061,1.5436,5.1306,-113.0658,-0.0299,0.0359,-0.833,0.5514
independent_20260430_165242,trial_001,subject_001,1777539173.4339771,1777539173.4339771,261965.043943,13,R_Femur,631,1,-0.9905,8.8669,-2.6127,-86.4258,16.4185,17.7612,88.5498,-2.7905,-32.3328,0.6752,0.1776,-0.2156,0.6827
independent_20260430_165242,trial_001,subject_001,1777539173.4339771,1777539173.4339771,261965.0440703,9,Trunk,597,1,-0.6029,8.3932,-1.7466,3.418,-12.146,-13.0615,98.1244,0.8734,-18.9679,0.7443,0.1294,-0.1023,0.6472
independent_20260430_165242,trial_001,subject_001,1777539173.4339771,1777539173.4339771,261965.0441996,10,L_Femur,589,1,-0.9188,9.4411,-1.3494,40.6494,14.0991,1.5869,94.1913,5.647,-23.7854,0.709,0.1836,-0.1048,0.6728
independent_20260430_165242,trial_001,subject_001,1777539173.4339771,1777539173.4339771,261965.0443248,11,L_Tibia,613,1,-0.5886,9.087,-2.7563,17.8833,-12.146,5.0659,106.9574,2.5598,-31.1517,0.7704,0.2285,-0.1425,0.5779
independent_20260430_165242,trial_001,subject_001,1777539173.4339771,1777539173.4339771,261965.0445368,12,L_Foot,625,1,-0.9092,0.5694,9.9244,-2.1362,-0.3052,0.1221,1.5216,5.1306,-113.0658,-0.03,0.0357,-0.833,0.5514
independent_20260430_165242,trial_001,subject_001,1777539173.4357696,1777539173.4357696,261965.0447107,13,R_Femur,632,1,-0.4498,8.8047,-2.2873,-76.7212,7.7515,20.813,87.3578,-3.0981,-32.1735,0.6687,0.1725,-0.2183,0.6895
independent_20260430_165242,trial_001,subject_001,1777539173.4357696,1777539173.4357696,261965.0448385,15,R_Foot,305,1,1.9236,1.2489,12.317,-222.9004,-0.061,-7.8735,42.3029,3.0212,-112.6428,0.1796,0.3138,-0.7706,0.5249
independent_20260430_165242,trial_001,subject_001,1777539173.4357696,1777539173.4357696,261965.0449615,9,Trunk,598,1,-0.5646,8.2592,-1.5073,6.2256,-11.4746,-11.2915,98.1903,1.0657,-19.1162,0.7443,0.1315,-0.1018,0.6469
independent_20260430_165242,trial_001,subject_001,1777539173.4357696,1777539173.4357696,261965.0450813,11,L_Tibia,614,1,0.2967,9.1684,-2.9812,16.0522,-7.7515,3.2959,107.2815,2.5488,-31.3495,0.7716,0.2302,-0.1429,0.5755
independent_20260430_165242,trial_001,subject_001,1777539173.4357696,1777539173.4357696,261965.0452026,12,L_Foot,626,1,-0.9953,0.4211,9.9483,-0.9155,-0.1831,0.2441,1.5106,5.1306,-113.0658,-0.0301,0.0357,-0.833,0.5513
independent_20260430_165242,trial_001,subject_001,1777539173.4357696,1777539173.4357696,261965.0453243,13,R_Femur,633,1,-0.4546,8.7473,-2.139,-68.0542,3.9062,20.752,85.9296,-3.5156,-32.0361,0.661,0.1664,-0.2219,0.6973
independent_20260430_165242,trial_001,subject_001,1777539173.4357696,1777539173.4357696,261965.0454591,9,Trunk,599,1,-0.6173,8.5319,-1.2824,8.606,-10.0708,-9.8877,98.2947,1.2305,-19.248,0.7445,0.1334,-0.1013,0.6462
independent_20260430_165242,trial_001,subject_001,1777539173.4357696,1777539173.4357696,261965.0456198,11,L_Tibia,615,1,0.5694,9.2354,-2.9955,16.6016,3.54,1.4648,107.5342,2.5214,-31.3385,0.7729,0.2303,-0.1425,0.5738
independent_20260430_165242,trial_001,subject_001,1777539173.4367793,1777539173.4367793,261965.0457732,12,L_Foot,627,1,-0.981,0.4163,9.9579,-1.0376,0.0,0.061,1.5106,5.1306,-113.0713,-0.0301,0.0357,-0.833,0.5513
independent_20260430_165242,trial_001,subject_001,1777539173.4367793,1777539173.4367793,261965.0458987,13,R_Femur,634,1,-0.7321,8.4267,-2.2729,-60.6689,-2.8076,19.9585,84.9902,-3.8287,-32.0251,0.6557,0.1626,-0.225,0.7021
independent_20260430_165242,trial_001,subject_001,1777539173.4367793,1777539173.4367793,261965.0460289,14,R_Tibia,315,1,-0.4354,6.4647,-5.7278,-176.9409,-3.8452,17.6392,132.6434,-0.4449,-178.5992,0.0128,0.9157,-0.4016,0.0014
independent_20260430_165242,trial_001,subject_001,1777539173.4367793,1777539173.4367793,261965.0461674,15,R_Foot,306,1,0.1627,1.8758,8.7138,-260.6201,3.6011,-7.8735,34.6399,3.186,-112.6923,0.1428,0.2624,-0.7898,0.5357
independent_20260430_165242,trial_001,subject_001,1777539173.4367793,1777539173.4367793,261965.046328,9,Trunk,600,1,-0.5455,9.0822,-1.1102,11.2305,-6.0425,-8.728,98.476,1.4172,-19.3634,0.7452,0.1353,-0.1006,0.6451
independent_20260430_165242,trial_001,subject_001,1777539173.4367793,1777539173.4367793,261965.0464606,11,L_Tibia,616,1,-0.2823,9.1827,-2.8998,15.1367,6.5918,0.2441,107.8583,2.4829,-31.2067,0.7749,0.2296,-0.1415,0.5717
independent_20260430_165242,trial_001,subject_001,1777539173.4367793,1777539173.4367793,261965.0465891,12,L_Foot,628,1,-1.024,0.3397,9.934,-0.6104,-0.061,0.3662,1.5161,5.1416,-113.0713,-0.0301,0.0358,-0.833,0.5513
independent_20260430_165242,trial_001,subject_001,1777539173.454446,1777539173.454446,261965.0634207,13,R_Femur,635,1,-0.5407,8.1156,-2.4069,-47.1191,-12.4512,19.2261,83.963,-4.2462,-32.1735,0.6499,0.1588,-0.2296,0.7069
independent_20260430_165242,trial_001,subject_001,1777539173.454446,1777539173.454446,261965.0635792,9,Trunk,601,1,-0.4402,9.3071,-1.1532,11.3525,-3.2959,-7.7515,98.6353,1.5326,-19.4073,0.7459,0.1364,-0.0999,0.6442
independent_20260430_165242,trial_001,subject_001,1777539173.454446,1777539173.454446,261965.0637025,10,L_Femur,590,1,-1.0145,9.4315,-1.8088,36.6211,12.8174,5.3711,96.8335,5.235,-22.9614,0.7262,0.1784,-0.0985,0.6565
independent_20260430_165242,trial_001,subject_001,1777539173.454446,1777539173.454446,261965.0638321,11,L_Tibia,617,1,-0.6364,9.2545,-2.8041,13.855,0.8545,1.5259,108.078,2.4609,-31.1737,0.7761,0.2296,-0.141,0.5702
independent_20260430_165242,trial_001,subject_001,1777539173.454446,1777539173.454446,261965.0639738,12,L_Foot,629,1,-1.024,0.2249,9.9531,0.1221,0.0,0.6104,1.5216,5.1416,-113.0658,-0.0301,0.0358,-0.833,0.5514
independent_20260430_165242,trial_001,subject_001,1777539173.454446,1777539173.454446,261965.0641449,13,R_Femur,636,1,-0.0335,7.9864,-2.2395,-39.1846,-13.2446,17.0898,83.3588,-4.5374,-32.3328,0.6464,0.1566,-0.2331,0.7095
independent_20260430_165242,trial_001,subject_001,1777539173.455446,1777539173.455446,261965.0643224,14,R_Tibia,316,1,-2.2634,7.2208,-6.4887,-223.6328,-8.9722,11.9629,125.2771,-0.8844,-178.8135,0.0127,0.888,-0.4596,-0.0021
independent_20260430_165242,trial_001,subject_001,1777539173.455446,1777539173.455446,261965.0644714,15,R_Foot,307,1,-1.3829,2.5266,8.3645,-197.8149,-77.5757,-25.3906,26.8616,2.3511,-114.071,0.1096,0.2057,-0.8133,0.5331
independent_20260430_165242,trial_001,subject_001,1777539173.4847903,1777539173.4847903,261965.0936442,9,Trunk,602,1,-0.3732,9.3598,-1.0814,9.3994,-0.6104,-6.1035,98.7671,1.626,-19.4073,0.7466,0.137,-0.0991,0.6434
independent_20260430_165242,trial_001,subject_001,1777539173.4847903,1777539173.4847903,261965.0938379,10,L_Femur,591,1,-0.9188,9.3885,-1.9523,39.6118,5.0659,6.3477,97.6135,5.0922,-22.8241,0.7311,0.1774,-0.0974,0.6516
independent_20260430_165242,trial_001,subject_001,1777539173.4847903,1777539173.4847903,261965.0939818,11,L_Tibia,618,1,-0.3206,9.288,-3.1438,12.085,-3.3569,1.709,108.2648,2.4554,-31.2122,0.7769,0.23,-0.1409,0.5689
independent_20260430_165242,trial_001,subject_001,1777539173.4847903,1777539173.4847903,261965.0941195,12,L_Foot,630,1,-0.9905,0.3206,9.9771,0.061,0.061,0.6104,1.5381,5.1471,-113.0603,-0.0301,0.0359,-0.8329,0.5514
independent_20260430_165242,trial_001,subject_001,1777539173.4847903,1777539173.4847903,261965.0942685,13,R_Femur,637,1,0.3302,7.6658,-1.804,-33.9355,-6.1035,12.4512,82.8314,-4.7571,-32.4097,0.6434,0.1546,-0.2355,0.7119
independent_20260430_165242,trial_001,subject_001,1777539173.4847903,1777539173.4847903,261965.0944113,9,Trunk,603,1,-0.4546,9.3789,-1.0336,7.9956,0.7935,-3.54,98.9099,1.6919,-19.3854,0.7474,0.1374,-0.0984,0.6426
independent_20260430_165242,trial_001,subject_001,1777539173.4847903,1777539173.4847903,261965.0945766,10,L_Femur,592,1,-0.5934,9.3646,-1.8375,39.7949,2.7466,7.9956,98.2123,4.9713,-22.7856,0.7347,0.177,-0.0971,0.6476
independent_20260430_165242,trial_001,subject_001,1777539173.4857886,1777539173.4857886,261965.0947705,11,L_Tibia,619,1,0.2632,9.2976,-3.2204,12.3901,-2.3193,0.9766,108.5175,2.4554,-31.2726,0.7781,0.2308,-0.1407,0.5671
independent_20260430_165242,trial_001,subject_001,1777539173.4857886,1777539173.4857886,261965.094915,12,L_Foot,631,1,-0.9522,0.3685,10.0058,-0.1221,0.5493,0.3052,1.5491,5.1636,-113.0548,-0.0301,0.0361,-0.8329,0.5514
independent_20260430_165242,trial_001,subject_001,1777539173.4857886,1777539173.4857886,261965.0950448,13,R_Femur,638,1,0.3206,7.6132,-1.1341,-28.9307,6.1646,3.0518,82.2107,-4.8669,-32.3218,0.6398,0.1521,-0.2363,0.7153
independent_20260430_165242,trial_001,subject_001,1777539173.4857886,1777539173.4857886,261965.0952067,14,R_Tibia,317,1,-0.5742,8.8334,-6.7088,-240.1123,-34.3018,20.752,117.1252,-0.8679,179.9725,-0.0037,-0.8532,0.5216,0.0066
independent_20260430_165242,trial_001,subject_001,1777539173.4857886,1777539173.4857886,261965.0953856,15,R_Foot,308,1,3.4979,4.6033,11.8528,-196.7773,-82.9468,22.7051,19.7534,-0.4559,-115.1697,0.0953,0.1427,-0.832,0.5275
independent_20260430_165242,trial_001,subject_001,1777539173.5144281,1777539173.5144281,261965.1237788,9,Trunk,604,1,-0.5312,9.355,-1.0958,9.3384,1.77,-2.6245,99.0308,1.7249,-19.3579,0.748,0.1375,-0.0979,0.6419
independent_20260430_165242,trial_001,subject_001,1777539173.5144281,1777539173.5144281,261965.1239862,10,L_Femur,593,1,-0.445,9.5225,-1.4643,42.7856,6.2866,9.7046,99.0582,4.7626,-22.6978,0.7399,0.176,-0.0966,0.642
independent_20260430_165242,trial_001,subject_001,1777539173.5144281,1777539173.5144281,261965.124144,11,L_Tibia,620,1,-0.0479,9.3885,-3.0434,11.7188,0.3662,0.4272,108.6987,2.4554,-31.2671,0.779,0.231,-0.1403,0.5658
independent_20260430_165242,trial_001,subject_001,1777539173.5154335,1777539173.5154335,261965.1243021,12,L_Foot,632,1,-0.981,0.378,10.068,-0.3052,0.6714,0.1221,1.5601,5.1746,-113.0603,-0.0302,0.0362,-0.8329,0.5514
independent_20260430_165242,trial_001,subject_001,1777539173.5154335,1777539173.5154335,261965.1244547,13,R_Femur,639,1,0.1723,7.9769,-0.6556,-25.0244,14.5264,1.77,81.7932,-4.8724,-32.113,0.6375,0.15,-0.2356,0.7181
independent_20260430_165242,trial_001,subject_001,1777539173.5154335,1777539173.5154335,261965.1246001,9,Trunk,605,1,-0.6412,9.422,-1.1484,12.6343,5.3101,-1.2817,99.245,1.7303,-19.27,0.7493,0.1371,-0.0971,0.6405
independent_20260430_165242,trial_001,subject_001,1777539173.5154335,1777539173.5154335,261965.1247557,10,L_Femur,594,1,-0.6986,9.6277,-1.2346,43.9453,10.5591,7.8735,99.7229,4.6143,-22.5659,0.744,0.1749,-0.0958,0.6377
independent_20260430_165242,trial_001,subject_001,1777539173.5154335,1777539173.5154335,261965.1248894,11,L_Tibia,621,1,-0.4259,9.3598,-2.8137,12.2681,0.7324,0.9155,108.8855,2.45,-31.2561,0.7799,0.2311,-0.1399,0.5646
independent_20260430_165242,trial_001,subject_001,1777539173.5154335,1777539173.5154335,261965.1250163,12,L_Foot,633,1,-1.0097,0.3972,10.0536,0.0,0.4883,0.3052,1.571,5.1855,-113.0548,-0.0302,0.0364,-0.8329,0.5514
independent_20260430_165242,trial_001,subject_001,1777539173.5154335,1777539173.5154335,261965.125163,13,R_Femur,640,1,0.1914,8.1587,-0.0766,-21.3013,23.7427,5.127,81.4252,-4.8944,-31.7725,0.6356,0.1473,-0.2341,0.7208
independent_20260430_165242,trial_001,subject_001,1777539173.5154335,1777539173.5154335,261965.125288,14,R_Tibia,318,1,1.8279,9.532,-6.1968,-244.1406,37.9028,10.437,109.7809,-1.3458,179.9835,-0.0066,-0.818,0.5751,0.0097
independent_20260430_165242,trial_001,subject_001,1777539173.5164402,1777539173.5164402,261965.1254135,15,R_Foot,309,1,3.1104,7.3356,13.8195,-168.0298,-101.9287,74.1577,13.5571,-4.1089,-114.2963,0.0939,0.0798,-0.836,0.5348
independent_20260430_165242,trial_001,subject_001,1777539173.5942912,1777539173.5942912,261965.2037311,9,Trunk,606,1,-0.6316,9.5847,-1.0862,11.0474,7.8735,0.3052,99.4098,1.7084,-19.1602,0.7504,0.1364,-0.0964,0.6395
independent_20260430_165242,trial_001,subject_001,1777539173.5942912,1777539173.5942912,261965.2039318,10,L_Femur,595,1,-0.9188,9.6038,-1.1149,44.5557,13.5498,6.7139,100.4041,4.4769,-22.3846,0.7483,0.1735,-0.0947,0.6333
independent_20260430_165242,trial_001,subject_001,1777539173.5942912,1777539173.5942912,261965.2040808,11,L_Tibia,622,1,-0.5168,9.1971,-2.6558,14.8315,0.9766,1.8921,109.1656,2.4225,-31.2396,0.7814,0.2312,-0.1394,0.5626
independent_20260430_165242,trial_001,subject_001,1777539173.5942912,1777539173.5942912,261965.2042234,12,L_Foot,634,1,-0.981,0.4402,9.9436,0.6104,0.4883,0.1831,1.9171,5.3943,-112.9779,-0.03,0.0399,-0.8323,0.5521
independent_20260430_165242,trial_001,subject_001,1777539173.5942912,1777539173.5942912,261965.2043874,13,R_Femur,641,1,0.981,8.4267,1.0192,-20.874,36.7432,5.188,80.9528,-4.9109,-31.0858,0.6336,0.1424,-0.2304,0.7247
independent_20260430_165242,trial_001,subject_001,1777539173.5942912,1777539173.5942912,261965.2045913,10,L_Femur,596,1,-1.1484,9.5607,-1.1054,44.3726,13.7329,6.4697,101.3049,4.2957,-22.1265,0.7539,0.1716,-0.0931,0.6274
independent_20260430_165242,trial_001,subject_001,1777539173.6039977,1777539173.6039977,261965.2134622,11,L_Tibia,623,1,-0.6269,9.1923,-2.5648,16.0522,1.3428,2.9297,109.4073,2.384,-31.2231,0.7827,0.2312,-0.1391,0.5609
independent_20260430_165242,trial_001,subject_001,1777539173.6039977,1777539173.6039977,261965.2136448,12,L_Foot,635,1,-1.0288,0.4067,9.8957,1.4648,0.3662,0.4883,1.9281,5.4053,-112.9944,-0.03,0.04,-0.8324,0.5519
independent_20260430_165242,trial_001,subject_001,1777539173.6039977,1777539173.6039977,261965.2138279,13,R_Femur,642,1,1.9811,8.5511,1.8806,-21.0571,55.0537,3.7231,80.5627,-4.856,-30.3058,0.632,0.1377,-0.2257,0.7285
independent_20260430_165242,trial_001,subject_001,1777539173.604997,1777539173.604997,261965.2140125,14,R_Tibia,319,1,1.4451,9.465,-5.6896,-216.2476,93.8721,-18.4937,101.7279,-1.8182,-177.2644,0.0285,0.7751,-0.6312,0.0028
independent_20260430_165242,trial_001,subject_001,1777539173.604997,1777539173.604997,261965.2141781,15,R_Foot,310,1,4.1104,9.4028,12.9486,-150.5127,-60.1807,131.8359,8.4814,-7.0258,-111.4288,0.0921,0.0266,-0.825,0.557
independent_20260430_165242,trial_001,subject_001,1777539173.604997,1777539173.604997,261965.2143354,9,Trunk,607,1,-0.7178,9.6756,-0.957,6.4697,11.1084,2.4414,99.6515,1.5656,-18.8196,0.7523,0.1336,-0.0952,0.6381
independent_20260430_165242,trial_001,subject_001,1777539173.604997,1777539173.604997,261965.2144924,10,L_Femur,597,1,-1.2441,9.5129,-1.2776,43.7622,14.2822,5.9814,101.9751,4.1583,-21.9287,0.758,0.1701,-0.092,0.623
independent_20260430_165242,trial_001,subject_001,1777539173.604997,1777539173.604997,261965.2147029,11,L_Tibia,624,1,-0.5886,9.154,-2.895,17.6392,2.0752,4.1504,109.7534,2.3071,-31.2067,0.7845,0.2311,-0.1389,0.5585
independent_20260430_165242,trial_001,subject_001,1777539173.6059973,1777539173.6059973,261965.2149112,12,L_Foot,636,1,-1.0288,0.5742,10.0058,1.5259,0.1221,0.6714,1.9391,5.4108,-113.0164,-0.03,0.0401,-0.8325,0.5518
independent_20260430_165242,trial_001,subject_001,1777539173.6059973,1777539173.6059973,261965.2150582,13,R_Femur,643,1,2.8089,8.3118,2.517,-5.7983,72.2656,2.3193,80.2112,-4.6857,-28.916,0.6311,0.1304,-0.2163,0.7334
independent_20260430_165242,trial_001,subject_001,1777539173.6059973,1777539173.6059973,261965.215213,9,Trunk,608,1,-0.8326,9.8813,-0.7369,2.8076,13.6719,3.1738,99.6954,1.4777,-18.6383,0.7528,0.132,-0.0947,0.6379
independent_20260430_165242,trial_001,subject_001,1777539173.6059973,1777539173.6059973,261965.2153838,10,L_Femur,598,1,-1.1867,9.2354,-1.4164,46.7529,17.0288,4.2114,102.6837,4.0375,-21.687,0.7623,0.1684,-0.0904,0.6183
independent_20260430_165242,trial_001,subject_001,1777539173.6059973,1777539173.6059973,261965.2155688,11,L_Tibia,625,1,-0.5455,9.1109,-3.0146,19.4702,2.8687,5.249,110.0446,2.2302,-31.1902,0.7861,0.231,-0.1387,0.5563
independent_20260430_165242,trial_001,subject_001,1777539173.6059973,1777539173.6059973,261965.2157535,12,L_Foot,637,1,-0.9857,0.512,9.9388,2.0142,0.3052,0.9155,1.9446,5.4108,-113.0383,-0.03,0.0402,-0.8326,0.5516
independent_20260430_165242,trial_001,subject_001,1777539173.6069987,1777539173.6069987,261965.2159253,13,R_Femur,644,1,2.6605,8.3884,2.5361,3.9673,72.1436,0.9155,80.1453,-4.5264,-27.8284,0.6316,0.1254,-0.2085,0.7361
independent_20260430_165242,trial_001,subject_001,1777539173.6069987,1777539173.6069987,261965.2160708,14,R_Tibia,320,1,2.0289,8.5032,-4.6751,-172.0581,125.6714,-42.3584,94.9384,-1.17,-173.161,0.0508,0.7352,-0.6752,0.0328
independent_20260430_165242,trial_001,subject_001,1777539173.6069987,1777539173.6069987,261965.2161902,15,R_Foot,311,1,1.5121,11.8672,11.2212,-153.7476,-22.1558,178.4668,2.1973,-9.0253,-105.7434,0.0743,-0.0322,-0.7956,0.6004
independent_20260430_165242,trial_001,subject_001,1777539173.6069987,1777539173.6069987,261965.2163084,9,Trunk,609,1,-0.8135,10.1493,-0.2967,-4.0894,16.8457,3.6621,99.646,1.3788,-18.4076,0.7529,0.1299,-0.0941,0.6383
independent_20260430_165242,trial_001,subject_001,1777539173.6069987,1777539173.6069987,261965.2164236,10,L_Femur,599,1,-0.8661,9.2688,-1.5839,47.3022,24.4751,3.54,103.6395,3.8617,-21.264,0.7683,0.1654,-0.088,0.6121
independent_20260430_165242,trial_001,subject_001,1777539173.6069987,1777539173.6069987,261965.2165421,11,L_Tibia,626,1,-0.6604,9.2641,-3.1965,20.2026,3.479,6.3477,110.3522,2.1313,-31.1627,0.7878,0.2307,-0.1387,0.5541
independent_20260430_165242,trial_001,subject_001,1777539173.6069987,1777539173.6069987,261965.2166575,12,L_Foot,638,1,-1.0192,0.4977,9.9244,2.9297,0.061,1.2817,1.9501,5.4163,-113.0603,-0.03,0.0402,-0.8327,0.5515
independent_20260430_165242,trial_001,subject_001,1777539173.6069987,1777539173.6069987,261965.216784,13,R_Femur,645,1,1.9476,8.5271,2.8232,11.7798,70.8618,1.8921,80.2057,-4.3726,-26.7572,0.633,0.1206,-0.2008,0.7379
independent_20260430_165242,trial_001,subject_001,1777539173.6648161,1777539173.6648161,261965.2744761,9,Trunk,610,1,-0.7082,10.3359,-0.0287,-12.085,16.1743,3.8452,99.4318,1.236,-18.089,0.7522,0.1268,-0.0935,0.6398
independent_20260430_165242,trial_001,subject_001,1777539173.6658237,1777539173.6658237,261965.2749285,11,L_Tibia,627,1,-0.1531,9.3693,-3.5219,22.2168,7.9346,6.958,110.7916,1.972,-31.0858,0.7903,0.2299,-0.1385,0.5509
independent_20260430_165242,trial_001,subject_001,1777539173.6658237,1777539173.6658237,261965.2751899,12,L_Foot,639,1,-0.9666,0.5551,10.0345,3.8452,0.1221,1.5869,1.9611,5.4163,-113.0768,-0.03,0.0403,-0.8328,0.5514
independent_20260430_165242,trial_001,subject_001,1777539173.6663547,1777539173.6663547,261965.2754324,13,R_Femur,646,1,0.9092,8.4554,3.7516,15.3198,72.6929,3.54,80.3925,-4.1968,-25.307,0.6354,0.114,-0.1903,0.7396
independent_20260430_165242,trial_001,subject_001,1777539173.6663547,1777539173.6663547,261965.2756735,14,R_Tibia,321,1,0.4546,7.2926,-3.3353,-110.7178,137.0239,-44.9829,90.1868,0.2856,-168.2886,0.0705,0.7047,-0.7021,0.0738
independent_20260430_165242,trial_001,subject_001,1777539173.6663547,1777539173.6663547,261965.2759098,15,R_Foot,312,1,-1.0001,12.2069,6.2829,-108.1543,6.1035,164.1846,-3.1805,-8.9648,-99.6021,0.0418,-0.0716,-0.7598,0.6449
independent_20260430_165242,trial_001,subject_001,1777539173.6663547,1777539173.6663547,261965.2761394,9,Trunk,611,1,-0.6795,10.2785,-0.0718,-16.3574,15.564,3.54,99.1901,1.1316,-17.8693,0.7512,0.1246,-0.0932,0.6415
independent_20260430_165242,trial_001,subject_001,1777539173.6673636,1777539173.6673636,261965.2763345,10,L_Femur,600,1,-0.2249,9.4842,-1.938,54.9927,37.4756,3.479,105.5457,3.4332,-20.1324,0.7805,0.157,-0.0822,0.5996
independent_20260430_165242,trial_001,subject_001,1777539173.6673636,1777539173.6673636,261965.2765136,11,L_Tibia,628,1,0.1292,9.4124,-3.2778,22.0947,15.0757,6.6528,111.1322,1.8073,-30.9265,0.7924,0.2285,-0.1382,0.5484
independent_20260430_165242,trial_001,subject_001,1777539173.6673636,1777539173.6673636,261965.2767008,12,L_Foot,640,1,-0.9666,0.4881,10.001,5.0049,0.2441,1.6479,2.005,5.4218,-113.0658,-0.0298,0.0407,-0.8327,0.5514
independent_20260430_165242,trial_001,subject_001,1777539173.6673636,1777539173.6673636,261965.276882,13,R_Femur,647,1,0.335,8.3262,4.2588,22.2168,69.7632,6.2256,80.6232,-4.1144,-24.2358,0.6379,0.109,-0.1827,0.7402
independent_20260430_165242,trial_001,subject_001,1777539173.6673636,1777539173.6673636,261965.2770563,9,Trunk,612,1,-0.6412,10.0536,-0.0718,-21.9116,18.7988,4.2725,98.7671,0.9888,-17.5287,0.7493,0.1212,-0.0927,0.6444
independent_20260430_165242,trial_001,subject_001,1777539173.66837,1777539173.66837,261965.2772418,10,L_Femur,601,1,-0.2775,9.5799,-1.6939,58.5938,43.5791,1.8311,106.4465,3.2245,-19.5227,0.7862,0.1523,-0.0793,0.5936
independent_20260430_165242,trial_001,subject_001,1777539173.66837,1777539173.66837,261965.277439,11,L_Tibia,629,1,0.1388,9.1971,-3.0912,24.8413,20.4468,6.5918,111.5002,1.615,-30.6848,0.795,0.2263,-0.1377,0.5458
independent_20260430_165242,trial_001,subject_001,1777539173.66837,1777539173.66837,261965.2776162,12,L_Foot,641,1,-0.9092,0.5742,9.9866,5.7983,0.6714,1.709,2.0984,5.4327,-113.0438,-0.0294,0.0414,-0.8325,0.5516
independent_20260430_165242,trial_001,subject_001,1777539173.66837,1777539173.66837,261965.2777871,13,R_Femur,648,1,-0.2728,8.5176,4.1918,23.2544,53.6499,9.6436,80.8923,-4.1144,-23.3514,0.6404,0.1044,-0.1767,0.7401
independent_20260430_165242,trial_001,subject_001,1777539173.683886,1777539173.683886,261965.2934031,14,R_Tibia,322,1,-0.6699,5.7613,-2.5122,-45.2881,97.5342,-16.5405,88.1708,1.192,-164.8663,0.0842,0.6906,-0.7111,0.1018
independent_20260430_165242,trial_001,subject_001,1777539173.683886,1777539173.683886,261965.2936383,15,R_Foot,313,1,-2.0002,10.0871,1.0336,-7.1411,51.8799,87.8906,-5.4108,-7.4762,-95.4382,0.0165,-0.0787,-0.7354,0.6729
independent_20260430_165242,trial_001,subject_001,1777539173.684895,1777539173.684895,261965.2938516,9,Trunk,613,1,-0.5981,9.733,-0.0383,-28.9917,21.4233,6.7139,98.3441,0.8405,-17.2321,0.7474,0.1181,-0.0925,0.6472
independent_20260430_165242,trial_001,subject_001,1777539173.684895,1777539173.684895,261965.2940677,11,L_Tibia,630,1,-0.2728,9.1396,-3.0721,27.6489,20.874,8.3008,112.0551,1.3239,-30.3278,0.7987,0.2231,-0.1369,0.5418
independent_20260430_165242,trial_001,subject_001,1777539173.684895,1777539173.684895,261965.2942772,12,L_Foot,642,1,-0.8661,0.6604,9.9866,6.5918,1.2817,1.5869,2.2467,5.4602,-113.0164,-0.0289,0.0426,-0.8323,0.5519
independent_20260430_165242,trial_001,subject_001,1777539173.684895,1777539173.684895,261965.2945072,13,R_Femur,649,1,-0.4211,8.819,3.8999,18.0054,31.8604,15.564,81.2109,-4.2847,-22.5494,0.6434,0.0993,-0.1722,0.7393
independent_20260430_165242,trial_001,subject_001,1777539173.7611904,1777539173.7611904,261965.370788,9,Trunk,614,1,-0.7608,9.2784,0.1053,-35.4614,24.292,9.5215,97.8223,0.6482,-16.9025,0.7449,0.1144,-0.0924,0.6507
independent_20260430_165242,trial_001,subject_001,1777539173.7611904,1777539173.7611904,261965.3709472,10,L_Femur,602,1,-0.2536,9.3167,-1.2489,66.6504,63.2935,-1.0986,108.7537,2.6422,-17.6495,0.801,0.1379,-0.0708,0.5783
independent_20260430_165242,trial_001,subject_001,1777539173.7611904,1777539173.7611904,261965.3710793,11,L_Tibia,631,1,-0.3015,9.0583,-3.23,29.8462,21.1792,9.7046,112.5,1.0822,-30.0861,0.8016,0.2209,-0.1366,0.5385
independent_20260430_165242,trial_001,subject_001,1777539173.7611904,1777539173.7611904,261965.3712052,12,L_Foot,643,1,-0.8853,0.7178,10.0393,6.4087,1.709,1.5869,2.3621,5.4877,-112.9999,-0.0285,0.0436,-0.8322,0.552
independent_20260430_165242,trial_001,subject_001,1777539173.7611904,1777539173.7611904,261965.3713782,13,R_Femur,650,1,0.0144,8.9052,3.6606,-0.6714,25.2686,18.1274,81.2384,-4.4934,-22.1045,0.6442,0.0955,-0.1705,0.7395
independent_20260430_165242,trial_001,subject_001,1777539173.7627273,1777539173.7627273,261965.3715802,14,R_Tibia,323,1,0.2536,5.4599,-2.4165,25.6348,39.978,14.9536,88.2202,1.0986,-162.7515,0.0976,0.6892,-0.7089,0.1143
independent_20260430_165242,trial_001,subject_001,1777539173.7627273,1777539173.7627273,261965.3717866,15,R_Foot,314,1,-2.5553,19.2555,5.5651,89.5386,35.7056,51.7578,-3.7244,-5.7568,-93.988,0.0146,-0.058,-0.7289,0.682
independent_20260430_165242,trial_001,subject_001,1777539173.7627273,1777539173.7627273,261965.3719882,9,Trunk,615,1,-1.0958,8.8573,0.3924,-38.8794,27.8931,12.0239,97.0367,0.3461,-16.4026,0.7412,0.1088,-0.0922,0.6559
independent_20260430_165242,trial_001,subject_001,1777539173.7627273,1777539173.7627273,261965.3721402,10,L_Femur,603,1,-0.3302,9.1062,-1.3159,69.458,69.7632,-0.5493,109.8303,2.3071,-16.6663,0.8078,0.13,-0.067,0.571
independent_20260430_165242,trial_001,subject_001,1777539173.7627273,1777539173.7627273,261965.3722701,11,L_Tibia,632,1,0.0431,8.9482,-2.9477,34.9121,30.3345,10.5591,113.1866,0.6812,-29.6411,0.8062,0.2167,-0.136,0.5335
independent_20260430_165242,trial_001,subject_001,1777539173.7627273,1777539173.7627273,261965.3724109,12,L_Foot,644,1,-0.9092,0.6316,9.9292,5.6763,1.5869,1.5869,2.4994,5.5261,-112.9669,-0.0282,0.0448,-0.832,0.5523
independent_20260430_165242,trial_001,subject_001,1777539173.7627273,1777539173.7627273,261965.3725369,13,R_Femur,651,1,0.3924,11.4126,7.2639,-98.6938,46.1426,28.6865,80.1398,-4.8779,-21.3025,0.6381,0.0869,-0.1682,0.7463
independent_20260430_165242,trial_001,subject_001,1777539173.7637362,1777539173.7637362,261965.3726635,9,Trunk,616,1,-0.9762,8.9339,0.5934,-41.9922,31.3721,11.8408,96.405,0.1044,-15.9631,0.7382,0.1041,-0.0919,0.6601
independent_20260430_165242,trial_001,subject_001,1777539173.7637362,1777539173.7637362,261965.372788,10,L_Femur,604,1,-0.78,9.087,-1.5839,67.1387,71.6553,0.4272,110.885,1.9281,-15.65,0.8145,0.1216,-0.0635,0.5638
independent_20260430_165242,trial_001,subject_001,1777539173.7637362,1777539173.7637362,261965.3729109,11,L_Tibia,633,1,-0.5646,8.8956,-2.4548,39.2456,34.6069,13.7329,113.7689,0.3076,-29.2456,0.8101,0.2129,-0.1357,0.5292
independent_20260430_165242,trial_001,subject_001,1777539173.7637362,1777539173.7637362,261965.3730324,12,L_Foot,645,1,-0.7943,0.4259,9.6708,6.6528,0.7324,1.5259,2.6147,5.5426,-112.9504,-0.0277,0.0457,-0.8318,0.5524
independent_20260430_165242,trial_001,subject_001,1777539173.7637362,1777539173.7637362,261965.3731684,13,R_Femur,652,1,1.8806,3.6319,4.8378,8.667,1.8921,43.457,79.4202,-5.4437,-20.9399,0.6342,0.08,-0.1695,0.7501
independent_20260430_165242,trial_001,subject_001,1777539173.7637362,1777539173.7637362,261965.3733195,14,R_Tibia,324,1,-0.4833,7.7041,-3.3161,65.1855,5.6152,20.874,90.2692,0.3571,-162.1088,0.108,0.7005,-0.6965,0.1119
independent_20260430_165242,trial_001,subject_001,1777539173.7637362,1777539173.7637362,261965.373461,15,R_Foot,315,1,-6.5892,-0.9953,8.4697,121.3379,25.3296,18.4326,0.1318,-3.6914,-92.9443,0.0241,-0.0213,-0.7247,0.6883
independent_20260430_165242,trial_001,subject_001,1777539173.764736,1777539173.764736,261965.3735989,9,Trunk,617,1,-0.2393,9.2258,0.6986,-45.0439,34.4849,8.667,95.7239,-0.0934,-15.4797,0.7348,0.0993,-0.091,0.6647
independent_20260430_165242,trial_001,subject_001,1777539173.764736,1777539173.764736,261965.3737385,10,L_Femur,605,1,-1.9045,9.3311,-1.9332,55.2979,65.7959,-0.8545,112.099,1.4337,-14.3756,0.8221,0.1107,-0.0596,0.5553
independent_20260430_165242,trial_001,subject_001,1777539173.764736,1777539173.764736,261965.3738856,11,L_Tibia,634,1,-1.5073,8.8765,-1.9093,45.5933,32.6538,18.5547,114.4336,-0.1263,-28.8885,0.8143,0.2091,-0.136,0.5241
independent_20260430_165242,trial_001,subject_001,1777539173.764736,1777539173.764736,261965.3740255,12,L_Foot,646,1,-1.1819,0.3015,9.6756,7.8735,0.2441,1.1597,2.7411,5.5536,-112.934,-0.0272,0.0467,-0.8317,0.5526
independent_20260430_165242,trial_001,subject_001,1777539173.764736,1777539173.764736,261965.3741802,13,R_Femur,653,1,-1.225,0.7704,-6.0054,167.7246,-41.1377,3.3569,81.7657,-5.7074,-21.4124,0.6493,0.0845,-0.1723,0.7359
independent_20260430_165242,trial_001,subject_001,1777539173.764736,1777539173.764736,261965.3743544,9,Trunk,618,1,1.024,9.5607,-0.0813,-31.189,40.8325,1.4648,94.9658,-0.2527,-14.7052,0.7312,0.0928,-0.0881,0.67
independent_20260430_165242,trial_001,subject_001,1777539173.764736,1777539173.764736,261965.3745021,10,L_Femur,606,1,-2.6414,9.9436,-2.1438,43.2739,54.8706,-2.9297,112.8021,1.1316,-13.5626,0.8264,0.1038,-0.0572,0.5504
independent_20260430_165242,trial_001,subject_001,1777539173.765734,1777539173.765734,261965.3746508,11,L_Tibia,635,1,-2.5457,9.3933,-1.4499,54.5654,19.104,25.9399,115.4773,-0.7471,-28.6633,0.8201,0.2059,-0.1375,0.5158
independent_20260430_165242,trial_001,subject_001,1777539173.765734,1777539173.765734,261965.374794,12,L_Foot,647,1,-1.6748,0.1818,10.1732,8.8501,-1.3428,1.77,2.9333,5.5371,-112.9065,-0.0261,0.048,-0.8315,0.5528
independent_20260430_165242,trial_001,subject_001,1777539173.765734,1777539173.765734,261965.3749318,13,R_Femur,654,1,-2.2873,17.7386,-2.5457,4.5166,72.3877,-7.6294,82.7545,-5.5151,-20.885,0.6559,0.0842,-0.1671,0.7313
independent_20260430_165242,trial_001,subject_001,1777539173.765734,1777539173.765734,261965.375069,14,R_Tibia,325,1,-6.7997,14.4368,2.8902,22.8882,42.9077,0.9766,91.3348,0.2472,-161.4276,0.1139,0.7062,-0.6894,0.1143
independent_20260430_165242,trial_001,subject_001,1777539173.7944949,1777539173.7944949,261965.4038755,9,Trunk,619,1,1.603,10.3742,-1.4786,-16.0522,46.9971,-3.1738,94.6637,-0.2802,-14.0186,0.73,0.0881,-0.0845,0.6725
independent_20260430_165242,trial_001,subject_001,1777539173.7950518,1777539173.7950518,261965.4040862,10,L_Femur,607,1,-2.8711,11.0154,-2.4931,19.5923,34.79,-8.0566,113.3459,0.9338,-12.7661,0.8298,0.0973,-0.0543,0.5468
independent_20260430_165242,trial_001,subject_001,1777539173.7950518,1777539173.7950518,261965.4042429,11,L_Tibia,636,1,-1.8471,9.7569,-1.5935,62.7441,15.0146,30.4565,116.3947,-1.2415,-28.6359,0.8248,0.2046,-0.1392,0.5083
independent_20260430_165242,trial_001,subject_001,1777539173.7950518,1777539173.7950518,261965.4043944,12,L_Foot,648,1,-1.67,0.0383,10.1732,10.2539,-2.7466,2.1973,3.1036,5.5042,-112.879,-0.025,0.0491,-0.8313,0.5531
independent_20260430_165242,trial_001,subject_001,1777539173.7955935,1777539173.7955935,261965.4045414,13,R_Femur,655,1,-0.3206,19.2124,7.216,-29.8462,163.0859,2.9907,82.0624,-5.2295,-18.6163,0.6527,0.0721,-0.1514,0.7388
independent_20260430_165242,trial_001,subject_001,1777539173.7955935,1777539173.7955935,261965.4047159,9,Trunk,620,1,0.3732,11.8146,-3.3161,-9.0332,34.1797,-10.0708,94.422,-0.2032,-13.2166,0.7291,0.0833,-0.0795,0.6746
independent_20260430_165242,trial_001,subject_001,1777539173.7955935,1777539173.7955935,261965.4048623,10,L_Femur,608,1,-2.4404,11.1398,-2.5266,3.479,25.9399,-12.207,113.4503,0.9174,-12.3102,0.8307,0.094,-0.0522,0.5462
independent_20260430_165242,trial_001,subject_001,1777539173.7955935,1777539173.7955935,261965.4050046,12,L_Foot,649,1,-1.4978,0.1436,10.3264,10.8032,-2.5635,1.0986,3.2739,5.4712,-112.8625,-0.024,0.0502,-0.8312,0.5532
independent_20260430_165242,trial_001,subject_001,1777539173.8438966,1777539173.8438966,261965.4535154,13,R_Femur,656,1,0.0813,11.6614,5.9049,54.1992,139.7705,-10.5591,82.4414,-4.8285,-16.4301,0.6561,0.0627,-0.1349,0.7398
independent_20260430_165242,trial_001,subject_001,1777539173.8438966,1777539173.8438966,261965.4537071,14,R_Tibia,326,1,-1.3255,9.087,-6.1968,83.1299,37.8418,21.4844,93.1641,-0.2856,-160.2246,0.1264,0.7153,-0.6774,0.1162
independent_20260430_165242,trial_001,subject_001,1777539173.8448958,1777539173.8448958,261965.4538599,15,R_Foot,316,1,-0.8278,3.029,14.2502,27.2827,-33.4473,3.2959,6.2183,-3.8068,-93.1366,0.0614,0.0166,-0.726,0.6848
independent_20260430_165242,trial_001,subject_001,1777539173.8448958,1777539173.8448958,261965.4540098,10,L_Femur,609,1,-1.8806,11.4748,-2.4309,-11.4136,22.0337,-15.0757,113.3295,0.9778,-11.9037,0.8304,0.0913,-0.0499,0.5473
independent_20260430_165242,trial_001,subject_001,1777539173.8448958,1777539173.8448958,261965.4541521,11,L_Tibia,637,1,0.1962,10.3072,-1.7849,83.6182,30.2734,34.3018,119.0314,-2.6532,-28.4052,0.8381,0.2,-0.1438,0.4868
independent_20260430_165242,trial_001,subject_001,1777539173.8448958,1777539173.8448958,261965.454354,12,L_Foot,650,1,-1.0958,-0.4594,9.8718,12.6953,-2.3193,1.8311,3.5211,5.4272,-112.8516,-0.0225,0.0517,-0.831,0.5533
independent_20260430_165242,trial_001,subject_001,1777539173.8448958,1777539173.8448958,261965.4545105,13,R_Femur,657,1,-2.5026,9.4315,-3.6319,67.5659,33.9355,-7.8125,83.606,-4.433,-15.1172,0.6641,0.059,-0.1235,0.735
independent_20260430_165242,trial_001,subject_001,1777539173.9340818,1777539173.9340818,261965.5440857,9,Trunk,621,1,-0.579,11.7188,-3.1726,-12.207,22.0947,-17.8223,94.1199,0.2197,-12.5079,0.7276,0.081,-0.0728,0.6773
independent_20260430_165242,trial_001,subject_001,1777539173.9340818,1777539173.9340818,261965.5442891,10,L_Femur,610,1,-0.5599,12.0395,-2.4069,-31.0669,22.1558,-15.8081,112.8241,1.0986,-11.3708,0.8284,0.0878,-0.0469,0.5513
independent_20260430_165242,trial_001,subject_001,1777539173.9340818,1777539173.9340818,261965.5445097,12,L_Foot,651,1,-0.8135,-1.0623,9.489,24.9023,-1.2817,4.9438,3.8782,5.4053,-112.7856,-0.0205,0.0542,-0.8306,0.5539
independent_20260430_165242,trial_001,subject_001,1777539173.9340818,1777539173.9340818,261965.5446599,13,R_Femur,658,1,-0.9331,8.5176,-6.9098,69.7632,-18.6157,9.8877,84.6826,-4.5593,-15.2765,0.6709,0.0603,-0.1247,0.7284
independent_20260430_165242,trial_001,subject_001,1777539173.9358757,1777539173.9358757,261965.544807,14,R_Tibia,327,1,4.8187,10.8145,-4.7708,49.5605,113.3423,14.2212,95.5371,-1.0382,-157.4396,0.1508,0.7249,-0.6604,0.1249
independent_20260430_165242,trial_001,subject_001,1777539173.9358757,1777539173.9358757,261965.5449473,15,R_Foot,317,1,1.3351,1.3159,10.0536,11.8408,-12.0239,3.479,6.6962,-4.2078,-93.0652,0.0667,0.0171,-0.7255,0.6847
independent_20260430_165242,trial_001,subject_001,1777539173.9358757,1777539173.9358757,261965.5451537,9,Trunk,622,1,0.0526,11.1542,-2.6223,-17.4561,32.1655,-10.498,93.7793,0.423,-11.9147,0.7258,0.0783,-0.0682,0.68
independent_20260430_165242,trial_001,subject_001,1777539173.9358757,1777539173.9358757,261965.5453771,10,L_Femur,611,1,0.7943,12.4223,-2.7323,-46.5698,29.7241,-16.4795,112.1759,1.1591,-10.882,0.8256,0.0843,-0.0445,0.5562
independent_20260430_165242,trial_001,subject_001,1777539173.9358757,1777539173.9358757,261965.5455545,11,L_Tibia,638,1,2.5409,11.8576,-3.9956,93.3228,57.8613,34.3628,122.1295,-4.5099,-27.6086,0.8538,0.1902,-0.1488,0.4613
independent_20260430_165242,trial_001,subject_001,1777539173.9358757,1777539173.9358757,261965.5456991,12,L_Foot,652,1,-0.6412,-0.6986,10.1206,40.9546,0.9766,11.0474,4.6307,5.3998,-112.6099,-0.0168,0.0597,-0.8293,0.5553
independent_20260430_165242,trial_001,subject_001,1777539173.9368842,1777539173.9368842,261965.5459119,13,R_Femur,659,1,5.2397,7.5462,-4.5124,57.9224,36.438,18.5547,85.7648,-4.9164,-14.9084,0.6782,0.057,-0.1239,0.7221
independent_20260430_165242,trial_001,subject_001,1777539173.9368842,1777539173.9368842,261965.5460809,9,Trunk,623,1,0.0574,10.824,-2.5074,-19.2871,42.8467,-2.8076,93.4827,0.4395,-11.3049,0.7245,0.0743,-0.0647,0.6822
independent_20260430_165242,trial_001,subject_001,1777539173.9368842,1777539173.9368842,261965.5462513,10,L_Femur,612,1,1.5935,12.6185,-2.9716,-63.5986,38.7573,-18.4326,111.286,1.1975,-10.2612,0.8217,0.0797,-0.0419,0.5628
independent_20260430_165242,trial_001,subject_001,1777539173.9368842,1777539173.9368842,261965.5463827,11,L_Tibia,639,1,3.2013,11.7476,-4.522,99.2432,73.0591,29.7852,123.5358,-5.4602,-26.9659,0.861,0.1833,-0.151,0.4497
independent_20260430_165242,trial_001,subject_001,1777539173.9368842,1777539173.9368842,261965.5465127,12,L_Foot,653,1,-0.8565,-0.2871,10.202,57.8003,-1.8311,13.6108,5.4822,5.3833,-112.4176,-0.0124,0.0658,-0.828,0.5568
independent_20260430_165242,trial_001,subject_001,1777539173.9368842,1777539173.9368842,261965.5466328,13,R_Femur,660,1,5.0483,8.9435,-3.0386,70.6177,78.7354,7.3853,86.6931,-4.9988,-13.8153,0.6846,0.051,-0.1171,0.7176
independent_20260430_165242,trial_001,subject_001,1777539173.9378836,1777539173.9378836,261965.5467647,14,R_Tibia,328,1,-0.378,9.7043,-4.7134,25.8179,50.1099,8.667,96.5698,-1.6425,-154.3634,0.1749,0.7257,-0.6512,0.1372
independent_20260430_165242,trial_001,subject_001,1777539173.9378836,1777539173.9378836,261965.5468914,15,R_Foot,318,1,1.3398,1.7657,10.1397,-2.6855,2.5024,0.4272,6.6962,-4.2462,-93.0048,0.067,0.0169,-0.7252,0.6851
independent_20260430_165242,trial_001,subject_001,1777539173.9378836,1777539173.9378836,261965.547024,9,Trunk,624,1,-0.4546,10.2354,-2.3256,-18.3105,50.4761,5.8594,93.1915,0.3296,-10.5688,0.7233,0.0689,-0.0612,0.6844
independent_20260430_165242,trial_001,subject_001,1777539173.9378836,1777539173.9378836,261965.5471531,10,L_Femur,613,1,2.3734,11.982,-2.8759,-84.7778,44.5557,-17.5171,109.6985,1.2305,-9.3109,0.8144,0.0725,-0.038,0.5745
independent_20260430_165242,trial_001,subject_001,1777539173.9378836,1777539173.9378836,261965.5474376,11,L_Tibia,640,1,3.0577,11.5801,-4.0482,104.3091,85.144,18.7378,124.986,-6.4655,-26.0321,0.8687,0.1741,-0.1526,0.438
independent_20260430_165242,trial_001,subject_001,1777539173.9378836,1777539173.9378836,261965.547642,12,L_Foot,654,1,-0.9188,-0.1723,10.2594,78.4912,-1.8921,17.7002,6.6302,5.3394,-112.1704,-0.0064,0.0739,-0.8261,0.5587
independent_20260430_165242,trial_001,subject_001,1777539173.9388845,1777539173.9388845,261965.5478348,13,R_Femur,661,1,0.3015,11.7045,-2.9429,55.542,71.9604,7.7515,87.4786,-5.0537,-12.6727,0.69,0.0446,-0.11,0.714
independent_20260430_165242,trial_001,subject_001,1777539173.9388845,1777539173.9388845,261965.5480024,11,L_Tibia,641,1,3.4262,10.647,-2.8041,107.9102,101.0132,14.7095,126.9141,-7.8168,-24.494,0.8787,0.1596,-0.1542,0.4227
independent_20260430_165242,trial_001,subject_001,1777539173.9388845,1777539173.9388845,261965.5481778,12,L_Foot,655,1,-1.1006,-0.0096,10.3599,109.314,-3.6621,31.6162,8.6902,5.213,-111.6266,0.005,0.0881,-0.822,0.5625
independent_20260430_165242,trial_001,subject_001,1777539173.9388845,1777539173.9388845,261965.5483847,13,R_Femur,662,1,-4.3545,11.1351,-1.2346,52.063,3.479,13.0005,88.4454,-5.2844,-12.1564,0.6963,0.0409,-0.1078,0.7084
independent_20260430_165242,trial_001,subject_001,1777539173.9388845,1777539173.9388845,261965.54854,15,R_Foot,319,1,0.402,1.5408,9.9531,-0.7935,0.061,0.3662,6.6193,-4.1968,-92.9883,0.0662,0.0167,-0.7251,0.6853
independent_20260430_165242,trial_001,subject_001,1777539173.9398863,1777539173.9398863,261965.548756,9,Trunk,625,1,-0.78,8.9817,-2.2012,-9.3994,44.1895,16.2354,92.7136,-0.2582,-8.9099,0.7216,0.0547,-0.0552,0.688
independent_20260430_165242,trial_001,subject_001,1777539173.9398863,1777539173.9398863,261965.5489111,10,L_Femur,614,1,4.2684,10.1063,-1.4355,-100.708,51.1475,-6.8359,106.4191,1.0767,-7.6575,0.7986,0.0591,-0.0325,0.598
independent_20260430_165242,trial_001,subject_001,1777539173.9398863,1777539173.9398863,261965.549144,11,L_Tibia,642,1,1.8854,9.398,-3.541,107.1777,89.4775,12.146,128.3698,-8.811,-23.4833,0.8856,0.1499,-0.1561,0.411
independent_20260430_165242,trial_001,subject_001,1777539173.9398863,1777539173.9398863,261965.5493643,13,R_Femur,663,1,-3.297,9.9914,-0.8039,55.603,-43.8232,13.6108,89.3079,-5.5096,-12.6837,0.7015,0.0436,-0.1121,0.7025
independent_20260430_165242,trial_001,subject_001,1777539173.9408855,1777539173.9408855,261965.5497349,9,Trunk,626,1,-0.1771,8.4745,-2.1581,-6.5308,33.9966,16.2354,92.5433,-0.6317,-8.1903,0.721,0.0478,-0.0533,0.6892
independent_20260430_165242,trial_001,subject_001,1777539173.9408855,1777539173.9408855,261965.5498934,11,L_Tibia,643,1,0.8948,9.1301,-4.3593,106.1401,68.9697,11.4136,129.8529,-9.624,-22.7307,0.8919,0.143,-0.1577,0.399
independent_20260430_165242,trial_001,subject_001,1777539173.9408855,1777539173.9408855,261965.5500304,12,L_Foot,656,1,-0.7896,1.7083,10.4221,181.8848,-4.4556,45.0439,14.5844,4.834,-110.0775,0.0384,0.1279,-0.8091,0.5723
independent_20260430_165242,trial_001,subject_001,1777539173.9408855,1777539173.9408855,261965.5502625,13,R_Femur,664,1,-0.3254,9.4172,-1.2824,55.7251,-56.7017,14.6484,90.2197,-5.7349,-13.5187,0.7068,0.0482,-0.1182,0.6958
independent_20260430_165242,trial_001,subject_001,1777539173.9408855,1777539173.9408855,261965.5504719,14,R_Tibia,329,1,4.3354,9.8239,-1.8327,19.6533,-11.5356,21.9727,98.2672,-2.7576,-158.0493,0.1594,0.7392,-0.6456,0.1067
independent_20260430_165242,trial_001,subject_001,1777539173.9408855,1777539173.9408855,261965.5506725,15,R_Foot,320,1,0.6125,1.5217,9.8431,1.2817,-3.1738,1.2817,6.6412,-4.2847,-92.9608,0.0669,0.0163,-0.7249,0.6854
independent_20260430_165242,trial_001,subject_001,1777539173.9418862,1777539173.9418862,261965.5508627,9,Trunk,627,1,0.1244,8.0821,-1.8758,-3.8452,25.2075,15.8081,92.4554,-0.8954,-7.7948,0.7208,0.0437,-0.0526,0.6898
independent_20260430_165242,trial_001,subject_001,1777539173.9418862,1777539173.9418862,261965.5510536,11,L_Tibia,644,1,2.3926,8.5941,-5.1967,108.5815,57.9834,18.9819,131.8799,-10.6458,-22.0276,0.8997,0.1366,-0.1607,0.3823
independent_20260430_165242,trial_001,subject_001,1777539173.9418862,1777539173.9418862,261965.5512505,12,L_Foot,657,1,-0.4977,4.589,10.5369,167.0532,8.4839,58.4717,17.2211,4.6857,-109.259,0.0536,0.1454,-0.802,0.5768
independent_20260430_165242,trial_001,subject_001,1777539173.9418862,1777539173.9418862,261965.5514455,13,R_Femur,665,1,2.6605,9.0392,-1.6796,48.0347,-36.0107,13.0615,91.2964,-6.015,-14.3701,0.7131,0.0529,-0.1245,0.6879
independent_20260430_165242,trial_001,subject_001,1777539173.964547,1777539173.964547,261965.5737438,9,Trunk,628,1,0.3158,7.9769,-1.3829,0.4272,21.4233,14.2212,92.4225,-1.1371,-7.4817,0.7208,0.0402,-0.0523,0.69
independent_20260430_165242,trial_001,subject_001,1777539173.964547,1777539173.964547,261965.5739244,11,L_Tibia,645,1,3.2443,7.8955,-6.6514,111.0229,61.8286,18.6157,133.4454,-11.4752,-21.5332,0.9053,0.1319,-0.1637,0.3691
independent_20260430_165242,trial_001,subject_001,1777539173.964547,1777539173.964547,261965.5740832,12,L_Foot,658,1,-1.2298,2.4452,10.6565,180.9082,11.4136,70.1904,19.9731,4.5264,-108.2373,0.0701,0.1632,-0.7933,0.5823
independent_20260430_165242,trial_001,subject_001,1777539173.964547,1777539173.964547,261965.5742325,13,R_Femur,666,1,3.2587,8.8573,-1.938,48.4619,-15.5029,9.2773,92.0435,-6.1633,-14.6667,0.7175,0.0547,-0.1269,0.6828
independent_20260430_165242,trial_001,subject_001,1777539173.964547,1777539173.964547,261965.5743859,14,R_Tibia,330,1,1.8806,9.5272,-2.3591,7.8125,83.6182,7.5073,98.5858,-3.4937,-155.8301,0.1781,0.7367,-0.6423,0.1139
independent_20260430_165242,trial_001,subject_001,1777539173.9655528,1777539173.9655528,261965.5745313,15,R_Foot,321,1,0.9475,1.0719,9.599,1.8921,-1.2817,0.3662,6.6522,-4.3396,-92.9333,0.0673,0.016,-0.7247,0.6855
independent_20260430_165242,trial_001,subject_001,1777539173.9655528,1777539173.9655528,261965.5746776,9,Trunk,629,1,0.6077,8.2065,-1.1771,6.4697,26.6113,11.5967,92.4994,-1.4172,-6.9983,0.7215,0.0355,-0.0511,0.6896
independent_20260430_165242,trial_001,subject_001,1777539173.9655528,1777539173.9655528,261965.5748399,13,R_Femur,667,1,1.9763,9.465,-1.4403,40.5884,4.5776,1.8921,92.8949,-6.2512,-14.6558,0.7225,0.055,-0.1269,0.6773
independent_20260430_165242,trial_001,subject_001,1777539173.9655528,1777539173.9655528,261965.5750139,9,Trunk,630,1,0.7082,8.8286,-1.3207,6.2256,25.3296,12.5732,92.5708,-1.626,-6.6138,0.7221,0.0319,-0.0501,0.6893
independent_20260430_165242,trial_001,subject_001,1777539173.9655528,1777539173.9655528,261965.5751744,10,L_Femur,615,1,-0.8183,10.068,-4.6368,-107.4829,-10.8032,-3.418,97.3663,1.0931,-4.3671,0.7503,0.0349,-0.018,0.66
independent_20260430_165242,trial_001,subject_001,1777539173.9655528,1777539173.9655528,261965.5753225,11,L_Tibia,646,1,1.7227,7.5079,-6.3355,87.2803,72.7539,1.709,136.4996,-13.3978,-19.9347,0.916,0.1171,-0.1704,0.3437
independent_20260430_165242,trial_001,subject_001,1777539173.9665613,1777539173.9665613,261965.5754757,12,L_Foot,659,1,-0.4689,2.2777,10.2211,236.8774,21.4844,101.0742,27.735,3.6035,-105.3754,0.1209,0.209,-0.7672,0.5942
independent_20260430_165242,trial_001,subject_001,1777539174.0242755,1777539174.0242755,261965.6338353,13,R_Femur,668,1,0.8805,10.0728,-0.7848,33.8135,4.9438,0.6714,93.4003,-6.2787,-14.5679,0.7256,0.0549,-0.1264,0.6742
independent_20260430_165242,trial_001,subject_001,1777539174.0242755,1777539174.0242755,261965.6340235,14,R_Tibia,331,1,-2.8759,9.3167,-1.6652,10.1318,-21.7285,17.8223,98.7671,-4.0759,-155.0171,0.1867,0.7356,-0.641,0.1144
independent_20260430_165242,trial_001,subject_001,1777539174.0242755,1777539174.0242755,261965.6341605,15,R_Foot,322,1,0.6986,0.7226,9.7474,5.188,-1.6479,-0.7935,6.7456,-4.3726,-92.9498,0.0681,0.0164,-0.7248,0.6854
independent_20260430_165242,trial_001,subject_001,1777539174.0253394,1777539174.0253394,261965.6342894,9,Trunk,631,1,0.6699,9.6325,-1.3686,5.249,17.1509,13.9771,92.6257,-1.8567,-6.3391,0.7225,0.0288,-0.0499,0.6889
independent_20260430_165242,trial_001,subject_001,1777539174.0253394,1777539174.0253394,261965.6344071,10,L_Femur,616,1,-0.4689,9.8909,-4.3736,-111.3281,-30.0903,2.2583,95.7019,1.1151,-4.7626,0.7405,0.0373,-0.0207,0.6708
independent_20260430_165242,trial_001,subject_001,1777539174.0253394,1777539174.0253394,261965.6345373,11,L_Tibia,647,1,1.6078,6.5748,-8.1204,78.6133,61.4014,-2.9297,137.5433,-14.068,-19.2371,0.9195,0.1109,-0.1726,0.3352
independent_20260430_165242,trial_001,subject_001,1777539174.0253394,1777539174.0253394,261965.6346729,12,L_Foot,660,1,-0.311,4.3019,8.8286,225.4028,32.8979,114.1968,31.2946,3.1696,-103.7,0.1456,0.2285,-0.7524,0.6005
independent_20260430_165242,trial_001,subject_001,1777539174.0253394,1777539174.0253394,261965.6347946,13,R_Femur,669,1,1.0192,10.5082,-0.4929,28.8086,-0.5493,1.8921,93.8397,-6.3116,-14.5569,0.7282,0.0551,-0.1263,0.6714
independent_20260430_165242,trial_001,subject_001,1777539174.0836778,1777539174.0836778,261965.693399,9,Trunk,632,1,0.6269,10.2067,-1.4164,3.1128,6.7139,14.3433,92.6752,-2.1643,-6.1688,0.7229,0.0259,-0.0508,0.6885
independent_20260430_165242,trial_001,subject_001,1777539174.0846815,1777539174.0846815,261965.6936691,10,L_Femur,617,1,-0.8422,9.5033,-3.8999,-108.8867,-44.6167,3.1128,94.0375,1.1151,-5.3943,0.7304,0.0411,-0.025,0.6813
independent_20260430_165242,trial_001,subject_001,1777539174.0846815,1777539174.0846815,261965.6938927,11,L_Tibia,648,1,1.0527,5.9527,-8.0151,68.3594,41.687,-5.249,138.7903,-14.7107,-18.479,0.9235,0.1046,-0.1743,0.3253
independent_20260430_165242,trial_001,subject_001,1777539174.0846815,1777539174.0846815,261965.6941061,12,L_Foot,661,1,-0.1436,3.0099,12.9534,159.4849,62.0728,132.4463,35.1398,2.6807,-100.9808,0.1748,0.247,-0.7308,0.6118
independent_20260430_165242,trial_001,subject_001,1777539174.0846815,1777539174.0846815,261965.6943198,14,R_Tibia,332,1,2.8807,9.7617,-1.024,12.085,-17.8223,16.7847,99.256,-4.5044,-156.3574,0.1809,0.7399,-0.6397,0.1033
independent_20260430_165242,trial_001,subject_001,1777539174.0846815,1777539174.0846815,261965.6945305,15,R_Foot,323,1,0.8661,1.1245,10.0105,5.9814,-0.7324,-1.6479,6.9379,-4.411,-92.9993,0.0695,0.0174,-0.7251,0.6849
independent_20260430_165242,trial_001,subject_001,1777539174.1036787,1777539174.1036787,261965.713136,9,Trunk,633,1,0.6795,9.9914,-1.3542,2.3804,2.0142,13.916,92.6917,-2.384,-6.1414,0.7231,0.0244,-0.052,0.6884
independent_20260430_165242,trial_001,subject_001,1777539174.1036787,1777539174.1036787,261965.713351,10,L_Femur,618,1,-0.8948,9.5607,-3.4501,-97.5342,-50.5981,5.4321,92.005,1.0657,-6.3885,0.7179,0.0465,-0.032,0.6939
independent_20260430_165242,trial_001,subject_001,1777539174.1340423,1777539174.1340423,261965.7435093,11,L_Tibia,649,1,0.579,5.8044,-7.9816,50.415,27.4658,-8.3008,139.5044,-14.9799,-18.0835,0.9257,0.1016,-0.1747,0.3196
independent_20260430_165242,trial_001,subject_001,1777539174.1340423,1777539174.1340423,261965.7437227,12,L_Foot,662,1,-3.23,-0.2584,22.4424,27.2217,84.6558,108.8867,36.0461,2.6587,-98.8824,0.1844,0.2493,-0.7176,0.6236
independent_20260430_165242,trial_001,subject_001,1777539174.1350439,1777539174.1350439,261965.7439121,13,R_Femur,670,1,2.7467,9.5607,-0.2153,26.5503,5.4932,4.0283,94.7681,-6.4709,-14.5459,0.7337,0.0551,-0.1268,0.6653
independent_20260430_165242,trial_001,subject_001,1777539174.1350439,1777539174.1350439,261965.7440999,10,L_Femur,619,1,-0.2488,9.9388,-3.0242,-91.98,-48.8892,6.5308,90.5933,0.9888,-7.1301,0.709,0.0503,-0.0376,0.7024
independent_20260430_165242,trial_001,subject_001,1777539174.1350439,1777539174.1350439,261965.7442825,11,L_Tibia,650,1,1.3781,5.924,-6.8619,25.0854,26.6113,-16.6016,139.8505,-15.1282,-17.6385,0.927,0.0981,-0.1743,0.3173
independent_20260430_165242,trial_001,subject_001,1777539174.1350439,1777539174.1350439,261965.744464,12,L_Foot,663,1,-7.7232,-0.4307,16.4705,-82.1533,-25.6958,82.0312,34.8541,1.8732,-97.2784,0.1862,0.2351,-0.7128,0.6341
independent_20260430_165242,trial_001,subject_001,1777539174.1350439,1777539174.1350439,261965.7446448,13,R_Femur,671,1,2.9237,9.5368,-0.2967,23.4375,15.3809,3.1738,95.0977,-6.5479,-14.3427,0.7357,0.0537,-0.1259,0.6633
independent_20260430_165242,trial_001,subject_001,1777539174.1350439,1777539174.1350439,261965.7448449,14,R_Tibia,333,1,2.9668,9.7139,-0.7273,12.3901,54.1382,4.5166,99.5416,-4.9109,-155.4346,0.1893,0.7394,-0.6374,0.1053
independent_20260430_165242,trial_001,subject_001,1777539174.1360447,1777539174.1360447,261965.745028,15,R_Foot,324,1,0.9953,1.1963,9.8191,6.0425,0.6104,-2.0752,7.1082,-4.4055,-93.0597,0.0705,0.0186,-0.7254,0.6844
independent_20260430_165242,trial_001,subject_001,1777539174.184275,1777539174.184275,261965.793388,9,Trunk,634,1,1.1724,9.4794,-1.3925,6.5308,6.2866,13.7939,92.8345,-2.8949,-6.059,0.7241,0.0209,-0.0547,0.6873
independent_20260430_165242,trial_001,subject_001,1777539174.184275,1777539174.184275,261965.7935105,10,L_Femur,620,1,0.6508,9.9723,-2.5936,-85.8154,-38.6963,4.3335,89.2749,0.9119,-7.7454,0.7006,0.0531,-0.0425,0.7103
independent_20260430_165242,trial_001,subject_001,1777539174.184275,1777539174.184275,261965.7936816,11,L_Tibia,651,1,2.2634,6.2638,-4.5698,-11.1084,45.2271,-30.4565,139.6033,-15.3809,-16.6882,0.9269,0.0893,-0.1739,0.3203
independent_20260430_165242,trial_001,subject_001,1777539174.184275,1777539174.184275,261965.7938879,12,L_Foot,664,1,-3.8616,-2.7419,8.2305,-90.8813,-39.917,59.5703,33.5522,0.802,-96.828,0.1866,0.2203,-0.7148,0.637
independent_20260430_165242,trial_001,subject_001,1777539174.184275,1777539174.184275,261965.7939961,13,R_Femur,672,1,1.5791,10.0345,-0.3685,21.1182,21.6675,2.9297,95.4877,-6.6577,-13.9252,0.7382,0.0508,-0.124,0.6612
independent_20260430_165242,trial_001,subject_001,1777539174.184275,1777539174.184275,261965.794113,9,Trunk,635,1,1.5791,9.6517,-1.3159,5.7373,9.8877,14.4653,92.9004,-3.1256,-5.9271,0.7245,0.0187,-0.0553,0.6868
independent_20260430_165242,trial_001,subject_001,1777539174.184275,1777539174.184275,261965.7942599,10,L_Femur,621,1,1.4403,9.7761,-2.3878,-76.7212,-18.5547,-3.479,87.6764,0.9174,-8.2233,0.6904,0.0554,-0.0462,0.7198
independent_20260430_165242,trial_001,subject_001,1777539174.185473,1777539174.185473,261965.7944708,11,L_Tibia,652,1,2.3782,6.1154,-4.3019,-35.9497,53.2837,-36.0718,138.8782,-15.6281,-15.7379,0.9254,0.0797,-0.1737,0.3272
independent_20260430_165242,trial_001,subject_001,1777539174.185473,1777539174.185473,261965.7946095,12,L_Foot,665,1,-2.3112,-2.2634,7.2591,-106.8115,-23.3765,38.8184,32.0032,0.1483,-96.5149,0.1826,0.2065,-0.717,0.6403
independent_20260430_165242,trial_001,subject_001,1777539174.185473,1777539174.185473,261965.7947588,13,R_Femur,673,1,-0.0048,10.4316,0.0239,11.2305,9.1553,5.127,95.658,-6.7511,-13.7384,0.7393,0.0492,-0.1235,0.6602
independent_20260430_165242,trial_001,subject_001,1777539174.185981,1777539174.185981,261965.7949023,14,R_Tibia,334,1,-1.3973,9.3502,-1.6413,19.2261,16.2354,8.0566,99.9042,-5.3064,-154.0118,0.201,0.7384,-0.6342,0.11
independent_20260430_165242,trial_001,subject_001,1777539174.185981,1777539174.185981,261965.7950354,15,R_Foot,325,1,0.5838,1.5121,10.0345,5.5542,-0.3662,-1.1597,7.2784,-4.4,-93.1036,0.0714,0.0197,-0.7257,0.684
independent_20260430_165242,trial_001,subject_001,1777539174.185981,1777539174.185981,261965.795197,9,Trunk,636,1,1.4068,9.5416,-1.1915,9.8877,9.5215,15.1978,93.0377,-3.4497,-5.7513,0.7254,0.0157,-0.0563,0.6858
independent_20260430_165242,trial_001,subject_001,1777539174.185981,1777539174.185981,261965.7953658,10,L_Femur,622,1,1.2059,9.4363,-2.2203,-68.1152,-4.7607,-11.1084,86.6272,1.0547,-8.3386,0.6837,0.0566,-0.0466,0.7261
independent_20260430_165242,trial_001,subject_001,1777539174.185981,1777539174.185981,261965.7954631,11,L_Tibia,653,1,2.4691,5.7135,-5.0292,-64.0869,64.0259,-41.9312,137.3511,-16.0126,-14.2548,0.9216,0.0642,-0.1734,0.3412
independent_20260430_165242,trial_001,subject_001,1777539174.185981,1777539174.185981,261965.7955568,12,L_Foot,666,1,-2.3639,-1.469,7.7902,-123.9624,-11.2305,23.5596,29.6356,-0.3955,-96.1908,0.1733,0.1881,-0.7201,0.645
independent_20260430_165242,trial_001,subject_001,1777539174.185981,1777539174.185981,261965.7956507,13,R_Femur,674,1,-0.4307,10.044,-0.78,15.686,-28.5034,9.3384,95.9436,-6.8884,-14.1064,0.7408,0.0511,-0.1263,0.6578
independent_20260430_165242,trial_001,subject_001,1777539174.1869895,1777539174.1869895,261965.7958993,9,Trunk,637,1,1.0671,9.7378,-1.1915,8.4229,11.3525,14.2212,93.1476,-3.6804,-5.603,0.7261,0.0134,-0.0569,0.6851
independent_20260430_165242,trial_001,subject_001,1777539174.1869895,1777539174.1869895,261965.7961062,10,L_Femur,623,1,0.0813,8.7999,-2.0433,-56.1523,4.0894,-18.5547,85.4352,1.3898,-8.3112,0.6759,0.058,-0.045,0.7333
independent_20260430_165242,trial_001,subject_001,1777539174.1869895,1777539174.1869895,261965.7963289,11,L_Tibia,654,1,1.8327,5.8283,-4.7612,-85.7544,55.481,-48.9502,135.813,-16.1499,-13.0902,0.9174,0.0521,-0.1718,0.3551
independent_20260430_165242,trial_001,subject_001,1777539174.1869895,1777539174.1869895,261965.7965638,12,L_Foot,667,1,-2.2012,-1.4355,7.3931,-133.3618,0.9155,11.3525,27.6691,-0.4999,-96.026,0.1631,0.1749,-0.7224,0.6488
independent_20260430_165242,trial_001,subject_001,1777539174.1879902,1777539174.1879902,261965.7968536,13,R_Femur,675,1,-0.0909,9.2401,-2.1246,20.2637,-43.5791,11.5967,96.3062,-7.0038,-14.7382,0.7426,0.055,-0.1305,0.6546
independent_20260430_165242,trial_001,subject_001,1777539174.1879902,1777539174.1879902,261965.7970466,14,R_Tibia,335,1,1.3255,9.3693,-2.7275,14.2212,-4.8828,10.8643,100.5634,-5.5865,-154.3195,0.2011,0.7421,-0.6306,0.1053
independent_20260430_165242,trial_001,subject_001,1777539174.1879902,1777539174.1879902,261965.7972124,15,R_Foot,326,1,0.8183,1.6509,9.9005,5.7373,0.0,-1.5869,7.5092,-4.4,-93.1586,0.0728,0.0212,-0.726,0.6835
independent_20260430_165242,trial_001,subject_001,1777539174.1879902,1777539174.1879902,261965.797579,9,Trunk,638,1,0.9522,9.8335,-1.0527,0.7935,12.4512,13.3057,93.1586,-3.9056,-5.4327,0.7262,0.011,-0.0573,0.685
independent_20260430_165242,trial_001,subject_001,1777539174.1879902,1777539174.1879902,261965.7977845,10,L_Femur,624,1,-0.6508,8.4984,-1.9858,-48.3398,1.5259,-19.2871,84.6881,1.6809,-8.2947,0.671,0.0595,-0.0436,0.7378
independent_20260430_165242,trial_001,subject_001,1777539174.18899,1777539174.18899,261965.7979533,11,L_Tibia,655,1,1.2824,5.8522,-4.9526,-107.0557,29.9072,-54.4434,134.0002,-15.9631,-12.1069,0.9122,0.0422,-0.1679,0.3713
independent_20260430_165242,trial_001,subject_001,1777539174.18899,1777539174.18899,261965.7981076,12,L_Foot,668,1,-2.072,-1.0958,7.594,-137.2681,8.9722,5.0659,25.6256,-0.4395,-95.8997,0.1513,0.1622,-0.7246,0.6525
independent_20260430_165242,trial_001,subject_001,1777539174.18899,1777539174.18899,261965.7982551,13,R_Femur,676,1,1.0814,8.6803,-2.6127,23.7427,-43.9453,10.9863,96.7236,-7.1027,-15.4193,0.7447,0.0593,-0.1348,0.6509
independent_20260430_165242,trial_001,subject_001,1777539174.2045,1777539174.2045,261965.8134566,9,Trunk,639,1,1.091,9.3502,-0.6173,0.9766,10.7422,12.085,93.1256,-4.1803,-5.224,0.726,0.008,-0.0578,0.6852
independent_20260430_165242,trial_001,subject_001,1777539174.2045,1777539174.2045,261965.8136037,10,L_Femur,625,1,-0.7896,8.3453,-1.804,-41.4429,-6.6528,-17.5781,84.0399,1.9391,-8.3936,0.6666,0.0615,-0.0431,0.7416
independent_20260430_165242,trial_001,subject_001,1777539174.2045,1777539174.2045,261965.8137193,11,L_Tibia,656,1,0.5072,5.9049,-5.2063,-131.4087,-25.7568,-56.5186,131.3141,-14.9963,-11.4532,0.9042,0.0366,-0.1591,0.3948
independent_20260430_165242,trial_001,subject_001,1777539174.2045,1777539174.2045,261965.8138236,13,R_Femur,677,1,1.9428,9.0631,-2.7945,27.0386,-25.5127,5.5542,97.3334,-7.1906,-16.051,0.7478,0.0636,-0.1387,0.6461
independent_20260430_165242,trial_001,subject_001,1777539174.2045,1777539174.2045,261965.8139247,14,R_Tibia,336,1,0.823,9.4842,-2.9764,9.6436,7.0801,6.897,101.0193,-5.8667,-154.303,0.2031,0.7442,-0.628,0.1027
independent_20260430_165242,trial_001,subject_001,1777539174.2045,1777539174.2045,261965.8140257,15,R_Foot,327,1,0.7561,1.5073,9.9866,1.2817,-0.4272,-0.6104,7.5916,-4.4,-93.186,0.0733,0.0217,-0.7261,0.6833
independent_20260430_165242,trial_001,subject_001,1777539174.2045,1777539174.2045,261965.8141505,9,Trunk,640,1,1.0767,9.1444,-0.4737,3.2959,9.7656,10.9253,93.1421,-4.3616,-5.0812,0.7261,0.006,-0.0581,0.6851
independent_20260430_165242,trial_001,subject_001,1777539174.2045,1777539174.2045,261965.814328,10,L_Femur,626,1,-0.335,8.063,-1.3542,-29.9683,-16.4185,-13.855,83.3643,2.2028,-8.6957,0.6619,0.0647,-0.0439,0.7455
independent_20260430_165242,trial_001,subject_001,1777539174.2055004,1777539174.2055004,261965.8144629,11,L_Tibia,657,1,1.8423,6.6609,-5.546,-145.0195,-49.6826,-52.4902,129.1827,-13.9417,-11.4587,0.8973,0.0377,-0.1516,0.4128
independent_20260430_165242,trial_001,subject_001,1777539174.2055004,1777539174.2055004,261965.8145938,12,L_Foot,669,1,-2.9572,1.1771,9.3358,-157.3486,36.7432,-20.3247,20.3741,0.5988,-95.7843,0.1148,0.1347,-0.7296,0.6606
independent_20260430_165242,trial_001,subject_001,1777539174.2055004,1777539174.2055004,261965.8147245,13,R_Femur,678,1,1.4308,9.6852,-2.4787,19.5923,-13.3667,2.4414,97.674,-7.2125,-16.2872,0.7496,0.0654,-0.1399,0.6436
independent_20260430_165242,trial_001,subject_001,1777539174.3546839,1777539174.3546839,261965.9635987,9,Trunk,641,1,0.9235,8.8573,-0.402,7.1411,6.4697,9.0942,93.23,-4.5758,-4.9493,0.7267,0.004,-0.0586,0.6845
independent_20260430_165242,trial_001,subject_001,1777539174.3546839,1777539174.3546839,261965.9638226,10,L_Femur,627,1,-0.0957,8.1252,-0.9666,-21.9116,-23.4985,-9.9487,82.9962,2.3236,-9.0363,0.6592,0.0673,-0.0456,0.7476
independent_20260430_165242,trial_001,subject_001,1777539174.3546839,1777539174.3546839,261965.9640023,11,L_Tibia,658,1,3.3353,7.4648,-5.5891,-154.6631,-42.7246,-53.0396,126.9031,-12.8925,-11.5027,0.8895,0.0392,-0.1444,0.4318
independent_20260430_165242,trial_001,subject_001,1777539174.3552139,1777539174.3552139,261965.9642745,12,L_Foot,670,1,-2.2395,1.5982,8.5606,-145.4468,46.4478,-40.1001,17.3914,1.6534,-96.1688,0.0904,0.122,-0.734,0.6619
independent_20260430_165242,trial_001,subject_001,1777539174.3552139,1777539174.3552139,261965.9644254,13,R_Femur,679,1,0.9618,9.6421,-2.0528,17.7612,-8.9111,1.6479,97.9486,-7.229,-16.4301,0.7511,0.0666,-0.1407,0.6416
independent_20260430_165242,trial_001,subject_001,1777539174.3552139,1777539174.3552139,261965.9645521,14,R_Tibia,337,1,0.3732,9.3741,-2.4452,7.0801,2.9297,6.6528,101.239,-6.0809,-154.1876,0.2052,0.7448,-0.6267,0.1016
independent_20260430_165242,trial_001,subject_001,1777539174.3557515,1777539174.3557515,261965.9647049,15,R_Foot,328,1,0.713,1.3111,9.9053,0.9766,-1.1597,-0.3052,7.6135,-4.433,-93.2025,0.0736,0.0217,-0.7262,0.6832
independent_20260430_165242,trial_001,subject_001,1777539174.3557515,1777539174.3557515,261965.9648351,9,Trunk,642,1,0.8805,8.8143,-0.3493,12.207,4.0894,8.3618,93.3783,-4.7131,-4.8889,0.7276,0.0028,-0.0591,0.6835
independent_20260430_165242,trial_001,subject_001,1777539174.3557515,1777539174.3557515,261965.9649359,10,L_Femur,628,1,-0.1101,8.4458,-0.6125,-15.9912,-32.2266,-6.4087,82.7161,2.3676,-9.5032,0.6571,0.0702,-0.0486,0.749
independent_20260430_165242,trial_001,subject_001,1777539174.3557515,1777539174.3557515,261965.9650352,11,L_Tibia,659,1,4.5076,8.2065,-5.613,-164.917,-6.1646,-57.1899,123.5852,-11.7828,-11.1182,0.8772,0.0366,-0.1356,0.4592
independent_20260430_165242,trial_001,subject_001,1777539174.3562791,1777539174.3562791,261965.9651727,12,L_Foot,671,1,-1.3303,1.9715,9.2114,-131.5308,53.6499,-45.5933,15.3699,2.6038,-96.5973,0.0721,0.1148,-0.7377,0.6614
independent_20260430_165242,trial_001,subject_001,1777539174.3562791,1777539174.3562791,261965.9652821,13,R_Femur,680,1,0.9092,9.3741,-1.6174,19.3481,-12.6953,-1.4038,98.3441,-7.196,-16.6553,0.7532,0.0688,-0.1415,0.6387
independent_20260430_165242,trial_001,subject_001,1777539174.3562791,1777539174.3562791,261965.9654671,9,Trunk,643,1,0.8278,9.1875,-0.3972,14.7095,0.0,7.5684,93.576,-4.8395,-4.8834,0.7287,0.0021,-0.0599,0.6822
independent_20260430_165242,trial_001,subject_001,1777539174.3568087,1777539174.3568087,261965.9656722,10,L_Femur,629,1,-0.2153,8.7855,-0.2728,-11.2915,-43.335,-3.418,82.4359,2.3401,-10.3162,0.6547,0.0745,-0.0542,0.7502
independent_20260430_165242,trial_001,subject_001,1777539174.3568087,1777539174.3568087,261965.9658192,11,L_Tibia,660,1,3.5649,8.2018,-5.6178,-166.626,6.5308,-63.4766,120.976,-11.0303,-10.5414,0.8669,0.0324,-0.1283,0.4806
independent_20260430_165242,trial_001,subject_001,1777539174.3568087,1777539174.3568087,261965.9659219,12,L_Foot,672,1,-0.6316,3.0003,12.5802,-130.5542,65.3687,-42.6636,13.4088,3.6804,-96.9983,0.0534,0.1085,-0.741,0.6606
independent_20260430_165242,trial_001,subject_001,1777539174.3568087,1777539174.3568087,261965.9660574,13,R_Femur,681,1,1.4547,9.5751,-1.5073,19.2261,-9.2773,-2.8687,98.6462,-7.1466,-16.7981,0.7547,0.0704,-0.1418,0.6366
independent_20260430_165242,trial_001,subject_001,1777539174.3573434,1777539174.3573434,261965.9662325,14,R_Tibia,338,1,0.9283,9.422,-2.139,7.5073,-3.1128,7.2021,101.4917,-6.2952,-154.314,0.2057,0.7461,-0.6255,0.099
independent_20260430_165242,trial_001,subject_001,1777539174.3573434,1777539174.3573434,261965.9663613,15,R_Foot,329,1,0.8709,1.3446,9.8861,0.0,-1.0986,-0.1831,7.608,-4.4714,-93.208,0.0738,0.0214,-0.7262,0.6831
independent_20260430_165242,trial_001,subject_001,1777539174.3573434,1777539174.3573434,261965.9664594,9,Trunk,644,1,0.7752,9.7139,-0.7991,14.5264,-2.5635,6.5918,93.8562,-4.9878,-4.9384,0.7304,0.0018,-0.0612,0.6803
independent_20260430_165242,trial_001,subject_001,1777539174.3573434,1777539174.3573434,261965.9665573,10,L_Femur,630,1,0.0144,8.9004,-0.0287,-11.4136,-48.1567,-2.1973,82.2382,2.2797,-11.0193,0.653,0.078,-0.0593,0.751
independent_20260430_165242,trial_001,subject_001,1777539174.3573434,1777539174.3573434,261965.9666529,11,L_Tibia,661,1,1.6796,8.4937,-5.7374,-160.2173,-13.7329,-67.9932,117.6361,-9.7943,-9.9756,0.853,0.0301,-0.1176,0.5076
independent_20260430_165242,trial_001,subject_001,1777539174.3578804,1777539174.3578804,261965.9667741,12,L_Foot,673,1,-0.6699,4.1439,13.9679,-145.813,65.1245,-35.1562,10.5249,5.1581,-97.4597,0.0268,0.0984,-0.745,0.6593
independent_20260430_165242,trial_001,subject_001,1777539174.3578804,1777539174.3578804,261965.9668763,13,R_Femur,682,1,1.8088,9.5225,-1.6844,20.6299,2.3804,-2.5635,99.0417,-7.1027,-16.8036,0.7569,0.0711,-0.1413,0.6341
independent_20260430_165242,trial_001,subject_001,1777539174.3578804,1777539174.3578804,261965.9669735,9,Trunk,645,1,0.8039,9.8479,-1.1054,11.3525,-3.8452,6.0425,94.021,-5.0867,-5.0043,0.7314,0.0017,-0.0622,0.6791
independent_20260430_165242,trial_001,subject_001,1777539174.3578804,1777539174.3578804,261965.9670715,10,L_Femur,631,1,0.4067,9.2162,0.512,-14.8315,-52.4292,1.1597,81.925,2.1368,-12.03,0.6504,0.0827,-0.067,0.7521
independent_20260430_165242,trial_001,subject_001,1777539174.3578804,1777539174.3578804,261965.9671674,11,L_Tibia,662,1,1.4834,9.1971,-5.747,-156.4331,-31.3721,-64.8804,115.274,-8.7177,-9.9152,0.8426,0.0323,-0.1101,0.5262
independent_20260430_165242,trial_001,subject_001,1777539174.3584027,1777539174.3584027,261965.9672842,12,L_Foot,674,1,-0.7465,4.2349,12.25,-137.3291,54.3213,-28.4424,8.4155,6.0699,-97.7618,0.0084,0.0899,-0.7477,0.6579
independent_20260430_165242,trial_001,subject_001,1777539174.3584027,1777539174.3584027,261965.9673856,13,R_Femur,683,1,1.6222,9.5416,-1.56,20.0195,9.0942,-2.5024,99.3164,-7.0972,-16.6772,0.7585,0.0707,-0.1404,0.6324
independent_20260430_165242,trial_001,subject_001,1777539174.3584027,1777539174.3584027,261965.9675918,14,R_Tibia,339,1,1.0097,9.398,-2.2299,8.606,0.7324,5.8594,101.7609,-6.4984,-154.3634,0.2067,0.7473,-0.624,0.0969
independent_20260430_165242,trial_001,subject_001,1777539174.3584027,1777539174.3584027,261965.9676887,9,Trunk,646,1,0.9475,9.7617,-1.0814,8.5449,-6.7749,4.5776,94.1528,-5.1636,-5.1031,0.7322,0.0019,-0.0632,0.6782
independent_20260430_165242,trial_001,subject_001,1777539174.358916,1777539174.358916,261965.9678084,10,L_Femur,632,1,0.4402,9.5942,1.0527,-19.104,-55.0537,3.7231,81.6174,1.9666,-12.832,0.6479,0.0859,-0.0734,0.7533
independent_20260430_165242,trial_001,subject_001,1777539174.358916,1777539174.358916,261965.9679093,11,L_Tibia,663,1,2.1964,9.422,-5.7613,-150.3906,-37.7808,-60.6079,113.0164,-7.6465,-10.036,0.8321,0.0361,-0.1036,0.5436
independent_20260430_165242,trial_001,subject_001,1777539174.358916,1777539174.358916,261965.9680056,12,L_Foot,675,1,-1.4212,4.5507,12.6328,-133.1177,48.0957,-28.2593,6.3885,6.861,-98.0859,-0.0087,0.0812,-0.7505,0.6558
independent_20260430_165242,trial_001,subject_001,1777539174.358916,1777539174.358916,261965.9681009,9,Trunk,647,1,1.2824,9.6038,-0.847,6.897,-6.1035,3.1128,94.2902,-5.2295,-5.246,0.733,0.0025,-0.0645,0.6772
independent_20260430_165242,trial_001,subject_001,1777539174.358916,1777539174.358916,261965.9681947,10,L_Femur,633,1,0.3158,9.7378,1.627,-22.1558,-54.3213,4.7607,81.2659,1.7743,-13.6285,0.6451,0.0889,-0.08,0.7546
independent_20260430_165242,trial_001,subject_001,1777539174.3594418,1777539174.3594418,261965.9683012,12,L_Foot,676,1,-2.6845,4.5124,12.2644,-130.188,34.0576,-44.3115,3.6749,7.7069,-98.811,-0.0302,0.068,-0.7558,0.6505
independent_20260430_165242,trial_001,subject_001,1777539174.3594418,1777539174.3594418,261965.9684583,13,R_Femur,684,1,0.5838,9.4698,-1.67,22.3999,3.7842,-2.1362,100.0525,-7.1027,-16.4026,0.7627,0.0697,-0.1385,0.6279
independent_20260430_165242,trial_001,subject_001,1777539174.414244,1777539174.414244,261966.0237656,14,R_Tibia,340,1,0.6173,9.3741,-2.2969,7.6904,1.9531,5.7983,102.0081,-6.6962,-154.303,0.2084,0.7483,-0.6226,0.0954
independent_20260430_165242,trial_001,subject_001,1777539174.414244,1777539174.414244,261966.0239761,15,R_Foot,330,1,0.8278,1.3398,9.8574,-1.77,-0.8545,0.061,7.5806,-4.5264,-93.175,0.074,0.0209,-0.7261,0.6833
independent_20260430_165242,trial_001,subject_001,1777539174.4152448,1777539174.4152448,261966.0241124,9,Trunk,648,1,1.3303,9.556,-0.7417,6.2866,-5.6152,3.3569,94.3781,-5.2844,-5.3339,0.7335,0.0028,-0.0654,0.6766
independent_20260430_165242,trial_001,subject_001,1777539174.4152448,1777539174.4152448,261966.0242352,10,L_Femur,634,1,0.378,9.5703,2.0193,-18.5547,-44.2505,4.7607,80.8374,1.5271,-14.5459,0.6418,0.0921,-0.0878,0.7562
independent_20260430_165242,trial_001,subject_001,1777539174.4152448,1777539174.4152448,261966.024338,11,L_Tibia,664,1,2.2921,9.0774,-4.7564,-137.3291,-28.4424,-54.1382,108.1219,-5.4108,-10.3876,0.8079,0.0456,-0.0911,0.5804
independent_20260430_165242,trial_001,subject_001,1777539174.4152448,1777539174.4152448,261966.0244542,12,L_Foot,677,1,-2.7132,4.2062,11.3121,-122.4976,17.9443,-57.9224,1.7139,8.0695,-99.635,-0.0441,0.0568,-0.7613,0.6444
independent_20260430_165242,trial_001,subject_001,1777539174.4152448,1777539174.4152448,261966.0245474,13,R_Femur,685,1,0.4354,9.3789,-1.4882,25.6348,-5.8594,-3.0518,100.426,-7.0587,-16.4465,0.7647,0.0707,-0.1382,0.6254
independent_20260430_165242,trial_001,subject_001,1777539174.43437,1777539174.43437,261966.0435306,9,Trunk,649,1,1.1149,9.6564,-0.5024,7.2632,-9.0942,3.1128,94.5044,-5.3503,-5.5042,0.7342,0.0036,-0.0668,0.6756
independent_20260430_165242,trial_001,subject_001,1777539174.43437,1777539174.43437,261966.0436495,10,L_Femur,635,1,0.6221,9.1157,1.9715,-11.7188,-30.7617,1.5869,80.6232,1.4117,-15.0348,0.6401,0.0939,-0.0919,0.757
independent_20260430_165242,trial_001,subject_001,1777539174.43437,1777539174.43437,261966.0437518,11,L_Tibia,665,1,1.627,9.1109,-4.3401,-135.6201,-36.377,-51.3306,106.1115,-4.5099,-10.6458,0.7974,0.0505,-0.087,0.5951
independent_20260430_165242,trial_001,subject_001,1777539174.43437,1777539174.43437,261966.043849,12,L_Foot,678,1,-1.6174,3.6128,10.2594,-109.5581,4.6387,-66.6504,-0.7251,8.2343,-100.9534,-0.0594,0.0408,-0.7696,0.6344
independent_20260430_165242,trial_001,subject_001,1777539174.43437,1777539174.43437,261966.0439448,13,R_Femur,686,1,0.4594,9.3454,-1.6987,29.6021,-20.0195,-3.2959,100.8765,-6.9763,-16.6882,0.767,0.0733,-0.1387,0.6222
independent_20260430_165242,trial_001,subject_001,1777539174.43437,1777539174.43437,261966.0440378,14,R_Tibia,341,1,1.024,9.4746,-2.3687,7.3242,-2.9297,5.5542,102.2443,-6.8445,-154.3909,0.2088,0.7495,-0.6213,0.0935
independent_20260430_165242,trial_001,subject_001,1777539174.43437,1777539174.43437,261966.0441315,15,R_Foot,331,1,0.8135,1.3207,9.8813,0.0,-1.0986,-0.1831,7.5806,-4.5264,-93.1146,0.074,0.0209,-0.7257,0.6837
independent_20260430_165242,trial_001,subject_001,1777539174.43437,1777539174.43437,261966.0442227,9,Trunk,650,1,0.9044,9.7378,-0.3685,7.3242,-11.1084,2.4414,94.6198,-5.3833,-5.6689,0.7349,0.0045,-0.068,0.6747
independent_20260430_165242,trial_001,subject_001,1777539174.4353752,1777539174.4353752,261966.0443329,10,L_Femur,636,1,0.914,8.642,1.7466,-1.6479,-15.1978,-0.9155,80.5573,1.3733,-15.2985,0.6395,0.0951,-0.0939,0.7571
independent_20260430_165242,trial_001,subject_001,1777539174.4353752,1777539174.4353752,261966.0444855,11,L_Tibia,666,1,0.9857,9.3406,-3.9525,-133.0566,-55.1147,-46.0205,103.4857,-3.3289,-11.3654,0.7828,0.0598,-0.084,0.6136
independent_20260430_165242,trial_001,subject_001,1777539174.4353752,1777539174.4353752,261966.0446053,12,L_Foot,679,1,-0.9188,3.1678,9.3406,-93.5059,0.1831,-65.4297,-2.3126,8.2288,-101.9531,-0.0684,0.0295,-0.7756,0.6268
independent_20260430_165242,trial_001,subject_001,1777539174.4353752,1777539174.4353752,261966.0447204,13,R_Femur,687,1,0.7513,9.4315,-1.7562,32.5317,-32.2266,-2.4414,101.5741,-6.8225,-17.254,0.7703,0.0788,-0.1402,0.617
independent_20260430_165242,trial_001,subject_001,1777539174.4353752,1777539174.4353752,261966.0448336,9,Trunk,651,1,0.7417,9.7569,-0.5072,6.3477,-12.4512,1.6479,94.7186,-5.4053,-5.8557,0.7355,0.0056,-0.0692,0.674
independent_20260430_165242,trial_001,subject_001,1777539174.4353752,1777539174.4353752,261966.0449494,10,L_Femur,637,1,1.0049,8.6707,1.3973,9.3994,-2.0142,-0.4883,80.6946,1.3733,-15.3864,0.6403,0.0957,-0.0943,0.7563
independent_20260430_165242,trial_001,subject_001,1777539174.4353752,1777539174.4353752,261966.0451051,11,L_Tibia,667,1,0.6508,9.4076,-3.6032,-129.8218,-68.4204,-41.0156,101.5741,-2.4994,-12.1948,0.7717,0.0686,-0.0839,0.6267
independent_20260430_165242,trial_001,subject_001,1777539174.4353752,1777539174.4353752,261966.045227,12,L_Foot,680,1,-0.6699,2.9285,9.0296,-73.6694,-1.2817,-61.3403,-3.6035,8.1628,-102.8979,-0.0752,0.0198,-0.7811,0.6196
independent_20260430_165242,trial_001,subject_001,1777539174.4363828,1777539174.4363828,261966.0453492,13,R_Femur,688,1,0.9379,9.5607,-1.7657,36.9873,-33.3862,-1.2207,102.1564,-6.7126,-17.7374,0.7731,0.0834,-0.1417,0.6127
independent_20260430_165242,trial_001,subject_001,1777539174.4363828,1777539174.4363828,261966.045463,14,R_Tibia,342,1,0.7465,9.532,-2.1198,7.0801,-6.3477,5.3711,102.5189,-6.9708,-154.6161,0.2082,0.7512,-0.6198,0.091
independent_20260430_165242,trial_001,subject_001,1777539174.4363828,1777539174.4363828,261966.0455784,15,R_Foot,332,1,0.8326,1.2202,9.8383,1.8921,-0.8545,-0.4883,7.5916,-4.5374,-93.0872,0.0742,0.0208,-0.7255,0.6839
independent_20260430_165242,trial_001,subject_001,1777539174.4363828,1777539174.4363828,261966.0456937,9,Trunk,652,1,0.7417,9.8144,-0.8326,1.0376,-14.5874,1.3428,94.7791,-5.4218,-6.1414,0.7358,0.0074,-0.071,0.6734
independent_20260430_165242,trial_001,subject_001,1777539174.4363828,1777539174.4363828,261966.0458107,10,L_Femur,638,1,0.6843,9.0104,1.3398,10.498,-2.4414,0.3052,80.8484,1.3623,-15.4138,0.6413,0.0959,-0.0944,0.7554
independent_20260430_165242,trial_001,subject_001,1777539174.4363828,1777539174.4363828,261966.0459452,11,L_Tibia,668,1,0.6651,9.2066,-2.8424,-124.2065,-74.585,-32.3486,99.0967,-1.5436,-13.5077,0.7566,0.0808,-0.0865,0.643
independent_20260430_165242,trial_001,subject_001,1777539174.4363828,1777539174.4363828,261966.0460437,12,L_Foot,681,1,-0.6795,3.5697,12.2452,-62.7441,19.6533,-61.8286,-5.0372,8.3002,-104.1504,-0.084,0.0099,-0.7879,0.6099
independent_20260430_165242,trial_001,subject_001,1777539174.4363828,1777539174.4363828,261966.0461346,13,R_Femur,689,1,0.5934,9.6899,-1.6892,33.5693,-34.79,1.0986,102.9309,-6.5973,-18.3966,0.7766,0.0894,-0.1439,0.6068
independent_20260430_165242,trial_001,subject_001,1777539174.4363828,1777539174.4363828,261966.0462261,9,Trunk,653,1,0.8518,9.7378,-0.6795,-2.1362,-17.2119,0.6714,94.7626,-5.4218,-6.394,0.7357,0.009,-0.0725,0.6734
independent_20260430_165242,trial_001,subject_001,1777539174.437383,1777539174.437383,261966.0463357,10,L_Femur,639,1,0.2153,9.2688,1.5695,5.4932,-9.4604,0.3052,80.9857,1.3348,-15.5457,0.6421,0.0966,-0.0954,0.7545
independent_20260430_165242,trial_001,subject_001,1777539174.437383,1777539174.437383,261966.0464309,11,L_Tibia,669,1,1.5265,8.7616,-2.7563,-111.5112,-75.7446,-26.6113,97.3993,-0.9558,-14.5679,0.7459,0.0898,-0.0899,0.6539
independent_20260430_165242,trial_001,subject_001,1777539174.437383,1777539174.437383,261966.0465202,12,L_Foot,682,1,-1.4355,4.6703,14.6761,-79.5288,44.4946,-70.6787,-6.3226,8.7946,-105.2545,-0.0942,0.0028,-0.7937,0.6009
independent_20260430_165242,trial_001,subject_001,1777539174.437383,1777539174.437383,261966.046609,13,R_Femur,690,1,0.7273,9.532,-2.0002,35.0952,-42.9077,1.6479,103.5077,-6.4874,-19.0009,0.7791,0.0949,-0.1458,0.6022
independent_20260430_165242,trial_001,subject_001,1777539174.437383,1777539174.437383,261966.0466966,14,R_Tibia,343,1,1.2537,9.4985,-2.1677,8.2397,-7.8735,5.3101,102.854,-7.0917,-154.9347,0.207,0.7534,-0.618,0.0878
independent_20260430_165242,trial_001,subject_001,1777539174.437383,1777539174.437383,261966.0467851,15,R_Foot,333,1,0.8805,1.2633,9.9292,2.1973,-0.7324,-0.6714,7.652,-4.5758,-93.1036,0.0748,0.021,-0.7256,0.6837
independent_20260430_165242,trial_001,subject_001,1777539174.4433813,1777539174.4433813,261966.0532076,9,Trunk,654,1,1.0001,9.4698,-0.3876,-1.3428,-19.043,-0.7324,94.7516,-5.3998,-6.6742,0.7356,0.0109,-0.074,0.6733
independent_20260430_165242,trial_001,subject_001,1777539174.4443824,1777539174.4443824,261966.0533344,10,L_Femur,640,1,0.0096,9.3023,1.8136,1.4038,-15.625,1.0986,81.0132,1.2854,-15.7544,0.6422,0.0975,-0.097,0.7541
independent_20260430_165242,trial_001,subject_001,1777539174.4443824,1777539174.4443824,261966.0534336,11,L_Tibia,670,1,1.6844,8.6898,-2.5026,-97.5952,-68.4814,-23.3154,95.9106,-0.4724,-15.5731,0.7361,0.0979,-0.0938,0.6631
independent_20260430_165242,trial_001,subject_001,1777539174.4443824,1777539174.4443824,261966.0535748,12,L_Foot,683,1,-2.7419,4.6799,12.3648,-89.7827,44.4946,-83.8013,-7.8442,9.3274,-106.5674,-0.1058,-0.0062,-0.8004,0.59
independent_20260430_165242,trial_001,subject_001,1777539174.4443824,1777539174.4443824,261966.053678,13,R_Femur,691,1,1.1102,9.2497,-2.3304,36.6211,-44.3726,2.0142,104.1174,-6.3666,-19.66,0.7817,0.1008,-0.148,0.5974
independent_20260430_165242,trial_001,subject_001,1777539174.4443824,1777539174.4443824,261966.0537968,9,Trunk,655,1,1.1724,9.154,-0.2345,0.6104,-20.1416,-1.6479,94.7681,-5.3503,-7.0752,0.7357,0.0138,-0.076,0.6729
independent_20260430_165242,trial_001,subject_001,1777539174.4443824,1777539174.4443824,261966.0538911,10,L_Femur,641,1,-0.0574,9.4076,1.9906,-1.4038,-22.522,3.2959,80.9912,1.192,-16.0565,0.6419,0.0985,-0.0995,0.7539
independent_20260430_165242,trial_001,subject_001,1777539174.4443824,1777539174.4443824,261966.0539834,11,L_Tibia,671,1,0.9188,9.0727,-1.8327,-85.3882,-59.6924,-20.752,94.1528,0.0659,-16.7542,0.7244,0.1071,-0.0988,0.6738
independent_20260430_165242,trial_001,subject_001,1777539174.4443824,1777539174.4443824,261966.0540749,12,L_Foot,684,1,-2.4596,3.8377,8.0438,-70.9229,22.583,-98.999,-9.7174,9.6075,-108.5724,-0.117,-0.0198,-0.8103,0.5738
independent_20260430_165242,trial_001,subject_001,1777539174.4443824,1777539174.4443824,261966.0541876,13,R_Femur,692,1,1.426,9.1684,-2.3687,34.3628,-34.668,-1.1597,104.9194,-6.2018,-20.3851,0.7851,0.1077,-0.1499,0.5912
independent_20260430_165242,trial_001,subject_001,1777539174.4453824,1777539174.4453824,261966.0542999,14,R_Tibia,344,1,0.6843,9.1779,-2.3256,9.7046,-8.728,4.9438,103.2056,-7.1851,-155.2148,0.2059,0.7556,-0.616,0.0851
independent_20260430_165242,trial_001,subject_001,1777539174.4453824,1777539174.4453824,261966.054392,15,R_Foot,334,1,0.8087,1.3781,9.867,1.5259,-1.0986,-0.5493,7.6959,-4.6033,-93.1256,0.0752,0.0211,-0.7258,0.6835
independent_20260430_165242,trial_001,subject_001,1777539174.4453824,1777539174.4453824,261966.0544788,9,Trunk,656,1,1.1867,9.1444,-0.1627,1.9531,-20.874,-1.6479,94.8065,-5.3119,-7.3883,0.7358,0.0161,-0.0776,0.6725
independent_20260430_165242,trial_001,subject_001,1777539174.4453824,1777539174.4453824,261966.0545678,10,L_Femur,642,1,-0.0144,9.4507,2.0576,-4.6997,-28.5034,3.418,80.9033,1.0327,-16.5729,0.641,0.1003,-0.1039,0.7538
independent_20260430_165242,trial_001,subject_001,1777539174.4453824,1777539174.4453824,261966.0546573,11,L_Tibia,672,1,0.4211,8.8956,-1.6796,-76.2329,-64.0259,-16.7847,92.9828,0.3955,-17.677,0.7163,0.1138,-0.1033,0.6807
independent_20260430_165242,trial_001,subject_001,1777539174.4453824,1777539174.4453824,261966.0547458,12,L_Foot,685,1,-1.1389,3.5889,7.8285,-55.0537,16.1743,-101.9897,-10.8325,9.5856,-110.1434,-0.1221,-0.0295,-0.8179,0.5615
independent_20260430_165242,trial_001,subject_001,1777539174.4453824,1777539174.4453824,261966.0548344,13,R_Femur,693,1,1.3638,9.2449,-2.3687,32.5928,-28.1982,-3.2349,105.4413,-6.0535,-20.8026,0.7873,0.112,-0.1505,0.5873
independent_20260430_165242,trial_001,subject_001,1777539174.474629,1777539174.474629,261966.0841469,9,Trunk,657,1,1.1676,9.355,-0.1818,3.1128,-20.1416,-2.5024,94.8779,-5.246,-7.7948,0.7362,0.0191,-0.0796,0.6718
independent_20260430_165242,trial_001,subject_001,1777539174.474629,1777539174.474629,261966.0843388,10,L_Femur,643,1,-0.134,9.3071,2.0815,-6.2866,-31.6162,1.8921,80.799,0.9283,-17.0178,0.64,0.102,-0.1075,0.7539
independent_20260430_165242,trial_001,subject_001,1777539174.474629,1777539174.474629,261966.0845535,11,L_Tibia,673,1,0.1579,8.5463,-1.603,-64.6362,-70.1904,-11.2305,91.972,0.6317,-18.6987,0.709,0.1206,-0.109,0.6862
independent_20260430_165242,trial_001,subject_001,1777539174.474629,1777539174.474629,261966.0847455,12,L_Foot,686,1,0.0431,3.5123,8.2448,-41.626,15.686,-95.2759,-12.063,9.5142,-112.1539,-0.1269,-0.0409,-0.8272,0.5458
independent_20260430_165242,trial_001,subject_001,1777539174.474629,1777539174.474629,261966.0848713,13,R_Femur,694,1,1.3446,9.2497,-2.3543,32.5317,-24.5361,-4.6997,105.9576,-5.8997,-21.1487,0.7895,0.1159,-0.1507,0.5836
independent_20260430_165242,trial_001,subject_001,1777539174.474629,1777539174.474629,261966.0850023,14,R_Tibia,345,1,1.4116,9.3071,-2.2634,11.3525,-4.5776,3.7842,103.5571,-7.251,-155.451,0.2049,0.7578,-0.6139,0.0827
independent_20260430_165242,trial_001,subject_001,1777539174.474629,1777539174.474629,261966.0851289,15,R_Foot,335,1,0.8326,1.4355,9.8861,0.9155,-1.0986,-0.3052,7.7234,-4.6417,-93.1421,0.0756,0.0211,-0.7259,0.6834
independent_20260430_165242,trial_001,subject_001,1777539174.4763408,1777539174.4763408,261966.0852386,9,Trunk,658,1,1.1293,9.4459,-0.3254,4.0283,-20.5078,-3.418,94.9493,-5.1801,-8.0969,0.7365,0.0215,-0.0809,0.6712
independent_20260430_165242,trial_001,subject_001,1777539174.4763408,1777539174.4763408,261966.0853445,10,L_Femur,644,1,-0.3876,9.0727,2.072,-5.3711,-37.1094,0.6104,80.7056,0.824,-17.5452,0.6391,0.1042,-0.1116,0.7538
independent_20260430_165242,trial_001,subject_001,1777539174.4763408,1777539174.4763408,261966.0854494,11,L_Tibia,674,1,0.2536,8.3836,-1.3686,-49.5605,-76.9043,-3.7231,90.8899,0.791,-20.1929,0.7007,0.1297,-0.1181,0.6916
independent_20260430_165242,trial_001,subject_001,1777539174.4763408,1777539174.4763408,261966.0855633,12,L_Foot,687,1,0.1771,3.2874,7.5366,-26.9165,8.728,-88.8062,-12.7277,9.3768,-113.5327,-0.1285,-0.0479,-0.8335,0.5353
independent_20260430_165242,trial_001,subject_001,1777539174.4763408,1777539174.4763408,261966.0856854,13,R_Femur,695,1,1.4643,9.3263,-2.2251,32.5317,-20.2637,-5.0049,106.6388,-5.6964,-21.5277,0.7924,0.1204,-0.1506,0.5787
independent_20260430_165242,trial_001,subject_001,1777539174.5143976,1777539174.5143976,261966.1233362,9,Trunk,659,1,1.0719,9.4842,-0.378,3.0518,-20.4468,-3.9062,95.0098,-5.1031,-8.399,0.7368,0.0239,-0.0822,0.6706
independent_20260430_165242,trial_001,subject_001,1777539174.5143976,1777539174.5143976,261966.1235189,10,L_Femur,645,1,-0.4259,8.9578,1.9332,-2.7466,-44.0063,-0.9155,80.6287,0.6921,-18.3746,0.6379,0.1078,-0.1179,0.7533
independent_20260430_165242,trial_001,subject_001,1777539174.5143976,1777539174.5143976,261966.1236478,11,L_Tibia,675,1,0.3972,8.2018,-1.0384,-37.8418,-73.8525,0.1831,90.2747,0.8185,-21.308,0.6956,0.136,-0.1254,0.6942
independent_20260430_165242,trial_001,subject_001,1777539174.5143976,1777539174.5143976,261966.1237658,12,L_Foot,688,1,0.3541,3.5171,8.4267,-17.395,3.0518,-82.6416,-13.2001,9.1571,-114.7906,-0.1285,-0.0538,-0.8391,0.5258
independent_20260430_165242,trial_001,subject_001,1777539174.5143976,1777539174.5143976,261966.1238825,13,R_Femur,696,1,1.3925,9.3167,-2.2203,32.8979,-15.4419,-3.9062,107.1442,-5.5756,-21.7419,0.7947,0.1232,-0.1503,0.5751
independent_20260430_165242,trial_001,subject_001,1777539174.5143976,1777539174.5143976,261966.1239967,14,R_Tibia,346,1,0.8326,9.1731,-2.0528,15.0146,-6.2256,3.6621,104.035,-7.3224,-155.6104,0.2046,0.7605,-0.6109,0.0805
independent_20260430_165242,trial_001,subject_001,1777539174.5143976,1777539174.5143976,261966.124112,15,R_Foot,336,1,0.8135,1.4212,9.8383,0.8545,-1.1597,-0.2441,7.7234,-4.6527,-93.1146,0.0757,0.021,-0.7257,0.6835
independent_20260430_165242,trial_001,subject_001,1777539174.5143976,1777539174.5143976,261966.1242086,9,Trunk,660,1,0.9092,9.4746,-0.335,1.709,-21.9727,-4.6997,95.0647,-4.9878,-8.822,0.737,0.0274,-0.0839,0.6701
independent_20260430_165242,trial_001,subject_001,1777539174.5143976,1777539174.5143976,261966.1243007,10,L_Femur,646,1,-0.3637,9.0679,1.8231,-4.8828,-44.0063,-1.9531,80.5518,0.6097,-19.0228,0.6369,0.1108,-0.1227,0.753
independent_20260430_165242,trial_001,subject_001,1777539174.5143976,1777539174.5143976,261966.1244589,11,L_Tibia,676,1,0.7226,7.8859,-1.6604,-18.7988,-74.0356,6.6528,89.7748,0.7306,-22.7911,0.6909,0.1439,-0.1356,0.6954
independent_20260430_165242,trial_001,subject_001,1777539174.5143976,1777539174.5143976,261966.124552,12,L_Foot,689,1,0.5359,3.5984,9.1157,-19.2261,2.0752,-76.1719,-13.8043,8.844,-116.3452,-0.1282,-0.0614,-0.8459,0.5141
independent_20260430_165242,trial_001,subject_001,1777539174.5143976,1777539174.5143976,261966.1246432,13,R_Femur,697,1,0.8518,9.3119,-2.182,32.8369,-11.5356,-3.1738,107.8143,-5.4492,-21.9507,0.7977,0.1262,-0.1497,0.5704
independent_20260430_165242,trial_001,subject_001,1777539174.584138,1777539174.584138,261966.1931132,9,Trunk,661,1,0.847,9.5033,-0.3206,2.1973,-24.4141,-5.3101,95.1086,-4.8889,-9.1736,0.7372,0.0303,-0.0853,0.6696
independent_20260430_165242,trial_001,subject_001,1777539174.584138,1777539174.584138,261966.1932354,10,L_Femur,647,1,-0.3876,9.4842,1.67,-10.9863,-40.4053,-4.3945,80.365,0.5383,-19.8523,0.6349,0.1148,-0.1287,0.7531
independent_20260430_165242,trial_001,subject_001,1777539174.584138,1777539174.584138,261966.1933388,11,L_Tibia,677,1,0.7369,7.9673,-1.7801,-7.9956,-67.5659,10.9863,89.6155,0.5768,-23.8239,0.6888,0.149,-0.143,0.6949
independent_20260430_165242,trial_001,subject_001,1777539174.584138,1777539174.584138,261966.193438,12,L_Foot,690,1,0.8422,2.9955,7.417,-9.0332,-3.3569,-69.519,-14.1284,8.5638,-117.3889,-0.127,-0.0663,-0.8503,0.5064
independent_20260430_165242,trial_001,subject_001,1777539174.584138,1777539174.584138,261966.1935338,13,R_Femur,698,1,0.4881,9.2258,-2.1916,34.6069,-18.0054,-4.3945,108.3362,-5.3284,-22.1704,0.8,0.129,-0.1494,0.5666
independent_20260430_165242,trial_001,subject_001,1777539174.584138,1777539174.584138,261966.1936277,14,R_Tibia,347,1,0.7704,9.221,-2.2921,19.4702,-12.5122,4.0283,104.6887,-7.3608,-155.9509,0.2029,0.7646,-0.6069,0.0773
independent_20260430_165242,trial_001,subject_001,1777539174.584138,1777539174.584138,261966.1937206,15,R_Foot,337,1,0.8183,1.3925,9.8479,2.0752,-1.5869,-0.3662,7.7179,-4.6527,-93.0707,0.0757,0.0209,-0.7254,0.6838
independent_20260430_165242,trial_001,subject_001,1777539174.584138,1777539174.584138,261966.1938127,9,Trunk,662,1,0.8374,9.6708,-0.2393,1.3428,-27.8931,-6.4087,95.1526,-4.7681,-9.5746,0.7373,0.0336,-0.0869,0.6691
independent_20260430_165242,trial_001,subject_001,1777539174.584138,1777539174.584138,261966.1939041,10,L_Femur,648,1,-0.2105,9.6947,1.6461,-16.1743,-38.208,-9.6436,80.1288,0.5658,-20.4401,0.6328,0.1179,-0.1327,0.7537
independent_20260430_165242,trial_001,subject_001,1777539174.5851424,1777539174.5851424,261966.193994,11,L_Tibia,678,1,0.8613,8.1587,-1.5552,0.6714,-59.4482,13.1836,89.5935,0.3845,-24.7357,0.6877,0.1532,-0.1497,0.6936
independent_20260430_165242,trial_001,subject_001,1777539174.5851424,1777539174.5851424,261966.1940839,12,L_Foot,691,1,1.1389,2.6749,6.9241,6.2866,-9.2773,-60.1807,-14.1998,8.2178,-118.2788,-0.1243,-0.0694,-0.8542,0.5001
independent_20260430_165242,trial_001,subject_001,1777539174.5851424,1777539174.5851424,261966.1941738,13,R_Femur,699,1,0.5742,9.1205,-2.1725,39.856,-25.6348,-4.0894,108.9459,-5.1526,-22.4945,0.8025,0.133,-0.1491,0.5622
independent_20260430_165242,trial_001,subject_001,1777539174.5851424,1777539174.5851424,261966.1942638,9,Trunk,663,1,0.9475,9.6852,-0.067,0.7935,-31.0669,-7.1411,95.1965,-4.5868,-10.1733,0.7373,0.0385,-0.0892,0.6685
independent_20260430_165242,trial_001,subject_001,1777539174.5851424,1777539174.5851424,261966.1943526,10,L_Femur,649,1,0.1866,8.9722,1.8231,-10.9253,-34.5459,-12.0239,79.931,0.6482,-20.9839,0.6308,0.1212,-0.136,0.7543
independent_20260430_165242,trial_001,subject_001,1777539174.5851424,1777539174.5851424,261966.1944416,11,L_Tibia,679,1,0.9714,7.929,-1.56,16.4795,-48.8281,13.5498,89.8242,0.1154,-25.7629,0.6881,0.1581,-0.1572,0.6905
independent_20260430_165242,trial_001,subject_001,1777539174.5851424,1777539174.5851424,261966.1945314,12,L_Foot,692,1,1.0671,2.7993,8.5463,13.1836,-19.7754,-43.396,-14.0405,7.663,-119.1467,-0.1189,-0.0716,-0.858,0.4945
independent_20260430_165242,trial_001,subject_001,1777539174.5851424,1777539174.5851424,261966.1947208,13,R_Femur,700,1,0.7752,9.0679,-2.4069,41.9922,-34.1797,-1.5869,109.8083,-4.9219,-23.0713,0.8059,0.1393,-0.1493,0.5558
independent_20260430_165242,trial_001,subject_001,1777539174.5851424,1777539174.5851424,261966.1948109,14,R_Tibia,348,1,1.2824,9.1923,-2.2969,23.4985,-10.8643,2.9907,105.5072,-7.3608,-156.3739,0.2007,0.7696,-0.6017,0.0736
independent_20260430_165242,trial_001,subject_001,1777539174.663854,1777539174.663854,261966.273304,15,R_Foot,338,1,0.8661,1.4164,9.9053,2.0752,-1.4648,-0.2441,7.7234,-4.6527,-93.0267,0.0757,0.021,-0.7252,0.6841
independent_20260430_165242,trial_001,subject_001,1777539174.663854,1777539174.663854,261966.2734425,9,Trunk,664,1,1.0145,9.5942,0.1388,-0.4883,-31.6772,-7.5684,95.2185,-4.444,-10.6403,0.7373,0.0424,-0.091,0.6681
independent_20260430_165242,trial_001,subject_001,1777539174.663854,1777539174.663854,261966.2735624,10,L_Femur,650,1,0.6699,8.2688,2.1772,0.2441,-27.771,-12.0239,79.8596,0.78,-21.6046,0.6295,0.1254,-0.1394,0.754
independent_20260430_165242,trial_001,subject_001,1777539174.663854,1777539174.663854,261966.2737025,11,L_Tibia,680,1,0.8422,7.7615,-1.6748,28.0151,-43.0908,12.2681,90.2197,-0.0604,-26.4166,0.6898,0.1615,-0.1616,0.687
independent_20260430_165242,trial_001,subject_001,1777539174.664858,1777539174.664858,261966.2738327,12,L_Foot,693,1,1.4595,2.8185,8.2257,41.9312,-42.1753,-10.0098,-13.4692,7.0422,-119.2511,-0.1118,-0.0701,-0.8588,0.495
independent_20260430_165242,trial_001,subject_001,1777539174.664858,1777539174.664858,261966.273945,13,R_Femur,701,1,0.957,9.2066,-2.7419,39.4897,-38.8184,-0.7324,110.4456,-4.7241,-23.6041,0.8081,0.1448,-0.1497,0.5509
independent_20260430_165242,trial_001,subject_001,1777539174.664858,1777539174.664858,261966.274056,9,Trunk,665,1,1.0288,9.532,0.3589,-4.0894,-31.189,-7.8125,95.1801,-4.2407,-11.2555,0.7367,0.0475,-0.0933,0.668
independent_20260430_165242,trial_001,subject_001,1777539174.664858,1777539174.664858,261966.2741658,10,L_Femur,651,1,0.5981,8.3979,2.2634,6.1035,-22.522,-12.8784,79.931,0.9009,-21.9781,0.6294,0.1284,-0.1411,0.7533
independent_20260430_165242,trial_001,subject_001,1777539174.664858,1777539174.664858,261966.2742777,11,L_Tibia,681,1,0.7369,7.728,-2.1294,40.0391,-42.7856,10.7422,90.7855,-0.2087,-27.0538,0.6925,0.1653,-0.1655,0.6825
independent_20260430_165242,trial_001,subject_001,1777539174.664858,1777539174.664858,261966.2743873,12,L_Foot,694,1,0.4642,-0.1723,6.9337,50.8423,-61.7065,13.4277,-12.4365,5.9875,-118.8226,-0.0997,-0.0667,-0.8575,0.5003
independent_20260430_165242,trial_001,subject_001,1777539174.664858,1777539174.664858,261966.2744954,13,R_Femur,702,1,0.6173,8.7329,-3.2061,43.9453,-40.9546,0.9155,111.1212,-4.5264,-24.1699,0.8105,0.1507,-0.1502,0.5458
independent_20260430_165242,trial_001,subject_001,1777539174.664858,1777539174.664858,261966.274595,14,R_Tibia,349,1,1.1006,9.0487,-2.7515,26.001,-11.9629,2.3804,106.2872,-7.3279,-156.698,0.1988,0.7743,-0.5966,0.0708
independent_20260430_165242,trial_001,subject_001,1777539174.665853,1777539174.665853,261966.2747118,9,Trunk,666,1,1.0432,9.4268,0.4402,-6.1646,-30.6396,-7.7515,95.1086,-4.0924,-11.7059,0.7361,0.0512,-0.095,0.6683
independent_20260430_165242,trial_001,subject_001,1777539174.665853,1777539174.665853,261966.2748328,11,L_Tibia,682,1,0.7513,8.2879,-1.9811,52.9785,-33.6914,8.4229,91.8018,-0.3625,-27.7954,0.6976,0.1704,-0.1694,0.675
independent_20260430_165242,trial_001,subject_001,1777539174.665853,1777539174.665853,261966.2749305,12,L_Foot,695,1,0.2584,-3.1773,6.5365,64.9414,-77.0874,23.6206,-11.4478,5.0043,-118.2898,-0.0884,-0.0633,-0.8556,0.5061
independent_20260430_165242,trial_001,subject_001,1777539174.665853,1777539174.665853,261966.2750247,13,R_Femur,703,1,0.7704,8.6037,-3.163,49.7437,-43.8843,-1.2207,112.132,-4.2188,-24.9664,0.814,0.1592,-0.1504,0.5381
independent_20260430_165242,trial_001,subject_001,1777539174.764219,1777539174.764219,261966.3733262,9,Trunk,667,1,1.1293,9.489,0.4785,-5.5542,-30.2124,-8.1787,95.0372,-3.9441,-12.1509,0.7354,0.0549,-0.0967,0.6685
independent_20260430_165242,trial_001,subject_001,1777539174.794302,1777539174.794302,261966.4034763,10,L_Femur,652,1,1.0145,9.5607,2.3304,4.4556,-16.8457,-17.6392,80.1837,1.3458,-22.7087,0.6296,0.1356,-0.1432,0.7515
independent_20260430_165242,trial_001,subject_001,1777539174.794302,1777539174.794302,261966.403618,11,L_Tibia,683,1,1.0336,9.9866,-0.0957,49.4995,-11.4746,2.0752,92.5378,-0.401,-28.0481,0.7016,0.1728,-0.17,0.6701
independent_20260430_165242,trial_001,subject_001,1777539174.794302,1777539174.794302,261966.4037566,12,L_Foot,696,1,-0.335,-2.6271,7.8333,85.144,-43.457,13.7939,-10.1953,4.2682,-117.8833,-0.0776,-0.0569,-0.8544,0.5107
independent_20260430_165242,trial_001,subject_001,1777539174.794302,1777539174.794302,261966.403916,13,R_Femur,704,1,1.0767,8.9961,-3.2396,55.2979,-46.1426,-3.479,112.9779,-3.9276,-25.5817,0.8168,0.166,-0.15,0.5318
independent_20260430_165242,trial_001,subject_001,1777539174.794302,1777539174.794302,261966.4040443,14,R_Tibia,350,1,1.2824,9.489,-3.0769,27.8931,-16.8457,-0.1831,107.3035,-7.1851,-157.2198,0.1952,0.7807,-0.5898,0.0673
independent_20260430_165242,trial_001,subject_001,1777539174.795303,1777539174.795303,261966.4041611,15,R_Foot,339,1,0.8661,1.4068,9.7569,4.8218,-0.2441,-0.6104,7.7618,-4.6582,-92.9938,0.076,0.0211,-0.725,0.6843
independent_20260430_165242,trial_001,subject_001,1777539174.795303,1777539174.795303,261966.4042796,9,Trunk,668,1,1.1867,10.0249,0.3254,-2.9907,-30.7007,-6.958,94.9823,-3.7518,-12.7496,0.7347,0.0598,-0.099,0.6685
independent_20260430_165242,trial_001,subject_001,1777539174.795303,1777539174.795303,261966.4043809,10,L_Femur,653,1,1.3398,9.8144,2.9812,-5.127,-1.2817,-19.8364,80.1178,1.6205,-22.8351,0.6286,0.138,-0.1426,0.752
independent_20260430_165242,trial_001,subject_001,1777539174.795303,1777539174.795303,261966.4044934,11,L_Tibia,684,1,1.3159,12.7285,2.1438,16.4185,17.0898,-14.8315,93.0872,-0.1868,-27.8229,0.7049,0.1734,-0.1665,0.6673
independent_20260430_165242,trial_001,subject_001,1777539174.795303,1777539174.795303,261966.404681,12,L_Foot,697,1,-2.9764,-2.0576,10.4795,88.9282,-38.0859,0.6714,-8.3386,3.7628,-117.8119,-0.0656,-0.0453,-0.8548,0.5128
independent_20260430_165242,trial_001,subject_001,1777539174.795303,1777539174.795303,261966.404833,13,R_Femur,705,1,1.158,9.0727,-3.4118,61.6455,-47.7295,-2.8687,114.2303,-3.4991,-26.4276,0.8209,0.1757,-0.149,0.5225
independent_20260430_165242,trial_001,subject_001,1777539174.795303,1777539174.795303,261966.4049881,9,Trunk,669,1,1.1628,10.446,0.0383,-1.5869,-30.1514,-3.479,94.9658,-3.6584,-13.1946,0.7343,0.0632,-0.101,0.6683
independent_20260430_165242,trial_001,subject_001,1777539174.796303,1777539174.796303,261966.4051615,10,L_Femur,654,1,2.4644,8.4841,0.6938,61.0352,30.8838,-14.0381,81.0132,1.9995,-22.4011,0.6345,0.1392,-0.1365,0.7479
independent_20260430_165242,trial_001,subject_001,1777539174.796303,1777539174.796303,261966.4053511,11,L_Tibia,685,1,1.0575,12.6615,3.34,-0.3052,26.001,-20.6299,93.1201,0.0879,-27.4438,0.7052,0.1727,-0.1626,0.6681
independent_20260430_165242,trial_001,subject_001,1777539174.796303,1777539174.796303,261966.4055436,12,L_Foot,698,1,0.4067,-1.8806,8.7425,107.3608,-22.644,2.1362,-6.7731,3.3344,-117.7405,-0.0554,-0.0355,-0.855,0.5144
independent_20260430_165242,trial_001,subject_001,1777539174.796303,1777539174.796303,261966.4056876,13,R_Femur,706,1,1.359,9.2354,-3.3305,59.8145,-45.2271,-1.0986,115.1697,-3.197,-27.0374,0.824,0.1827,-0.1482,0.5155
independent_20260430_165242,trial_001,subject_001,1777539174.796303,1777539174.796303,261966.4058138,14,R_Tibia,351,1,1.3877,9.666,-2.2825,33.2642,-20.6909,-2.9907,108.4515,-6.9214,-157.8021,0.1905,0.7879,-0.582,0.0643
independent_20260430_165242,trial_001,subject_001,1777539174.796303,1777539174.796303,261966.4059301,15,R_Foot,340,1,0.8518,1.1771,9.9818,7.6294,-0.1221,-1.2207,7.9761,-4.6637,-93.0212,0.0773,0.0225,-0.7251,0.6839
independent_20260430_165242,trial_001,subject_001,1777539174.796303,1777539174.796303,261966.406066,9,Trunk,670,1,1.2394,10.5608,-0.4498,-1.2207,-29.1748,-0.7324,94.9603,-3.609,-13.634,0.734,0.0663,-0.1032,0.668
independent_20260430_165242,trial_001,subject_001,1777539174.797302,1777539174.797302,261966.4062588,10,L_Femur,655,1,2.0959,11.6423,0.3828,28.9307,0.5493,-11.8408,81.59,2.2028,-22.2858,0.6381,0.1405,-0.134,0.7451
independent_20260430_165242,trial_001,subject_001,1777539174.797302,1777539174.797302,261966.406432,11,L_Tibia,686,1,0.8709,10.7522,1.5887,26.1841,13.7329,-10.437,93.5101,0.2747,-27.1857,0.7076,0.1728,-0.1593,0.6663
independent_20260430_165242,trial_001,subject_001,1777539174.797302,1777539174.797302,261966.4065605,12,L_Foot,699,1,2.0433,0.2584,11.3839,104.6753,-13.9771,10.7422,-5.1526,3.1036,-117.5757,-0.0464,-0.0244,-0.8547,0.5165
independent_20260430_165242,trial_001,subject_001,1777539174.797302,1777539174.797302,261966.4067266,13,R_Femur,707,1,1.7896,9.9436,-2.9907,57.8613,-37.9639,-1.0376,116.0815,-2.9333,-27.5702,0.8269,0.1889,-0.1472,0.5087
independent_20260430_165242,trial_001,subject_001,1777539174.797302,1777539174.797302,261966.4069181,9,Trunk,671,1,1.3686,10.3168,-1.1245,0.1831,-25.8179,0.9155,94.9658,-3.587,-14.1724,0.7337,0.0699,-0.1062,0.6675
independent_20260430_165242,trial_001,subject_001,1777539174.797302,1777539174.797302,261966.4071028,10,L_Femur,656,1,-0.268,12.8864,3.5362,6.5918,-41.687,-11.4136,81.6998,2.2961,-22.8131,0.638,0.1442,-0.1367,0.7439
independent_20260430_165242,trial_001,subject_001,1777539174.7983015,1777539174.7983015,261966.4072621,11,L_Tibia,687,1,1.6222,9.9771,-1.0145,38.3301,-11.1694,-3.7231,94.1748,0.423,-27.2955,0.7111,0.1753,-0.158,0.6623
independent_20260430_165242,trial_001,subject_001,1777539174.7983015,1777539174.7983015,261966.4074648,12,L_Foot,700,1,1.2154,0.7034,11.9868,92.3462,8.728,16.1743,-3.2465,3.2574,-117.2845,-0.039,-0.0094,-0.8537,0.5193
independent_20260430_165242,trial_001,subject_001,1777539174.7983015,1777539174.7983015,261966.4076158,13,R_Femur,708,1,1.8231,9.9579,-2.3399,53.894,-28.5034,1.8311,117.1637,-2.7026,-28.125,0.8306,0.1954,-0.1461,0.5006
independent_20260430_165242,trial_001,subject_001,1777539174.7983015,1777539174.7983015,261966.4077828,14,R_Tibia,352,1,1.0145,9.6469,-1.5265,43.9453,-33.8135,-4.6387,109.9457,-6.416,-158.7799,0.1821,0.7977,-0.5717,0.0605
independent_20260430_165242,trial_001,subject_001,1777539174.7983015,1777539174.7983015,261966.4079597,9,Trunk,672,1,1.3398,10.202,-1.3446,1.0986,-19.5312,2.3804,94.9878,-3.598,-14.491,0.7336,0.0719,-0.1081,0.667
independent_20260430_165242,trial_001,subject_001,1777539174.7983015,1777539174.7983015,261966.4081163,10,L_Femur,657,1,-2.383,11.5322,5.1153,10.0098,-54.6265,-9.1553,81.8152,2.3346,-23.9117,0.6373,0.1507,-0.1435,0.742
independent_20260430_165242,trial_001,subject_001,1777539174.7993023,1777539174.7993023,261966.4083021,11,L_Tibia,688,1,0.823,10.1924,-0.8757,48.584,-14.5874,1.1597,94.8779,0.4395,-27.4988,0.7148,0.1776,-0.158,0.6577
independent_20260430_165242,trial_001,subject_001,1777539174.8743377,1777539174.8743377,261966.4832727,12,L_Foot,701,1,-1.0049,1.3781,13.4176,91.6748,23.3154,12.5122,-1.8402,3.5706,-117.1088,-0.0349,0.0026,-0.8529,0.5209
independent_20260430_165242,trial_001,subject_001,1777539174.8743377,1777539174.8743377,261966.4833924,13,R_Femur,709,1,1.6604,9.7139,-2.0959,55.2979,-25.0244,2.9297,117.9932,-2.5763,-28.4875,0.8334,0.1996,-0.1454,0.4944
independent_20260430_165242,trial_001,subject_001,1777539174.8743377,1777539174.8743377,261966.4834922,9,Trunk,673,1,1.469,10.1972,-1.3303,0.4272,-8.1787,5.4321,94.9988,-3.6804,-14.7272,0.7336,0.0729,-0.11,0.6666
independent_20260430_165242,trial_001,subject_001,1777539174.8743377,1777539174.8743377,261966.4835888,10,L_Femur,658,1,-1.0192,10.623,3.6319,15.2588,-37.5977,-6.6528,82.0074,2.3511,-24.5325,0.6377,0.1545,-0.1471,0.7401
independent_20260430_165242,trial_001,subject_001,1777539174.8743377,1777539174.8743377,261966.4836854,12,L_Foot,702,1,-1.6078,2.5409,16.8103,58.8989,35.3394,7.3242,-0.4999,4.2407,-116.955,-0.0338,0.0156,-0.8519,0.5223
independent_20260430_165242,trial_001,subject_001,1777539174.8743377,1777539174.8743377,261966.4837796,13,R_Femur,710,1,1.3446,9.8766,-2.2251,47.9736,-24.231,1.0376,118.7457,-2.4445,-28.8226,0.8359,0.2036,-0.1445,0.4887
independent_20260430_165242,trial_001,subject_001,1777539174.8743377,1777539174.8743377,261966.4838731,14,R_Tibia,353,1,1.1006,9.6469,-1.56,52.3682,-22.8271,-7.7515,111.4838,-5.9436,-159.4501,0.1759,0.807,-0.5608,0.0581
independent_20260430_165242,trial_001,subject_001,1777539174.8743377,1777539174.8743377,261966.4839653,15,R_Foot,341,1,1.0384,1.1484,9.9101,18.7378,1.8921,-1.8921,8.9264,-4.6143,-93.1201,0.0826,0.0289,-0.7255,0.6827
independent_20260430_165242,trial_001,subject_001,1777539174.8743377,1777539174.8743377,261966.4840566,10,L_Femur,659,1,-0.1244,10.4316,1.6078,15.625,-33.9966,-5.3101,82.2162,2.3621,-25.0433,0.6383,0.1577,-0.1501,0.7383
independent_20260430_165242,trial_001,subject_001,1777539174.8743377,1777539174.8743377,261966.484148,11,L_Tibia,689,1,-1.5456,9.7187,-2.2921,65.3076,-65.0024,10.498,96.8939,0.4285,-29.0643,0.7238,0.1902,-0.1637,0.6428
independent_20260430_165242,trial_001,subject_001,1777539174.8753378,1777539174.8753378,261966.4842761,12,L_Foot,703,1,-1.0767,1.0814,13.0683,34.3628,17.0288,3.1128,0.0769,4.5593,-116.9055,-0.0335,0.0214,-0.8515,0.5228
independent_20260430_165242,trial_001,subject_001,1777539174.8753378,1777539174.8753378,261966.4843731,13,R_Femur,711,1,0.7943,9.6469,-2.8472,32.8979,-25.3296,2.1973,119.4708,-2.2632,-29.2786,0.838,0.2086,-0.1439,0.4832
independent_20260430_165242,trial_001,subject_001,1777539174.8753378,1777539174.8753378,261966.4844657,9,Trunk,674,1,1.024,10.2354,-1.2298,2.8076,-3.9062,7.7515,95.0427,-3.9111,-14.848,0.7339,0.0724,-0.1122,0.666
independent_20260430_165242,trial_001,subject_001,1777539174.8753378,1777539174.8753378,261966.4845576,10,L_Femur,660,1,-0.7034,8.9387,-1.2681,26.7334,-36.1938,-12.6953,82.6501,2.4719,-25.7629,0.64,0.163,-0.1535,0.7351
independent_20260430_165242,trial_001,subject_001,1777539174.8753378,1777539174.8753378,261966.4846475,11,L_Tibia,690,1,-1.1867,9.6421,-3.096,58.8379,-82.7026,14.4653,97.7893,0.379,-30.2728,0.7268,0.1989,-0.1693,0.6353
independent_20260430_165242,trial_001,subject_001,1777539174.8753378,1777539174.8753378,261966.4847377,12,L_Foot,704,1,-1.7227,0.7704,10.9437,20.0806,7.8125,2.3193,0.434,4.6967,-116.8726,-0.0329,0.0247,-0.8513,0.5231
independent_20260430_165242,trial_001,subject_001,1777539174.8753378,1777539174.8753378,261966.4848413,13,R_Femur,712,1,0.5264,10.2785,-3.7037,16.5405,-26.123,-1.3428,119.8224,-2.0874,-29.6246,0.8387,0.2123,-0.1434,0.4806
independent_20260430_165242,trial_001,subject_001,1777539174.8753378,1777539174.8753378,261966.4849321,14,R_Tibia,354,1,-0.1005,9.7139,-2.4309,63.2324,-27.1606,-6.897,113.6481,-5.3558,-160.1257,0.1695,0.8191,-0.5452,0.0558
independent_20260430_165242,trial_001,subject_001,1777539174.8753378,1777539174.8753378,261966.485022,15,R_Foot,342,1,0.957,1.0862,9.8431,22.1558,1.6479,-1.77,9.5471,-4.5593,-93.1586,0.0859,0.0331,-0.7255,0.682
independent_20260430_165242,trial_001,subject_001,1777539174.8753378,1777539174.8753378,261966.485111,9,Trunk,675,1,0.3445,10.2307,-1.3111,-0.3052,-13.3057,5.0659,95.0427,-4.0265,-15.0732,0.7338,0.0732,-0.1142,0.6657
independent_20260430_165242,trial_001,subject_001,1777539174.876338,1777539174.876338,261966.4852108,10,L_Femur,661,1,-1.3733,8.5128,-2.0193,24.6582,-36.1938,-16.1743,83.0072,2.6367,-26.3232,0.6412,0.1676,-0.1556,0.7325
independent_20260430_165242,trial_001,subject_001,1777539174.876338,1777539174.876338,261966.4853082,11,L_Tibia,691,1,-0.9427,9.1731,-2.6701,57.0679,-67.749,9.9487,98.9374,0.379,-31.7505,0.7305,0.21,-0.1753,0.6258
independent_20260430_165242,trial_001,subject_001,1777539174.876338,1777539174.876338,261966.4853989,12,L_Foot,705,1,-1.0767,0.2058,10.0201,14.7705,5.3101,2.8076,0.7361,4.801,-116.8341,-0.0323,0.0274,-0.851,0.5235
independent_20260430_165242,trial_001,subject_001,1777539174.876338,1777539174.876338,261966.485489,13,R_Femur,713,1,0.0144,10.5417,-4.4263,1.4648,-29.2358,-0.3052,119.9652,-1.8347,-30.1465,0.8381,0.2174,-0.1435,0.4794
independent_20260430_165242,trial_001,subject_001,1777539174.876338,1777539174.876338,261966.4856116,9,Trunk,676,1,0.3637,10.1158,-1.3877,-1.5869,-17.9443,1.4648,95.0262,-4.0485,-15.3314,0.7336,0.0747,-0.1159,0.6655
independent_20260430_165242,trial_001,subject_001,1777539174.876338,1777539174.876338,261966.4857149,10,L_Femur,662,1,-1.0479,8.7616,-1.4834,28.1372,-40.5273,-19.104,83.4906,2.9059,-27.1417,0.6426,0.1746,-0.1586,0.729
independent_20260430_165242,trial_001,subject_001,1777539174.876338,1777539174.876338,261966.4858058,11,L_Tibia,692,1,0.3063,9.1971,-3.1821,49.6826,-49.9878,10.9863,99.7064,0.3735,-32.569,0.7331,0.2164,-0.1784,0.6196
independent_20260430_165242,trial_001,subject_001,1777539174.876338,1777539174.876338,261966.4858959,12,L_Foot,706,1,-1.1532,0.5312,10.0823,11.9019,3.0518,3.479,0.9503,4.856,-116.7847,-0.0317,0.0293,-0.8507,0.5239
independent_20260430_165242,trial_001,subject_001,1777539174.876338,1777539174.876338,261966.4859849,13,R_Femur,714,1,-0.5503,10.0919,-4.6225,-13.4888,-33.5693,4.4556,119.8114,-1.637,-30.5859,0.8364,0.2213,-0.1442,0.4804
independent_20260430_165242,trial_001,subject_001,1777539174.876338,1777539174.876338,261966.4860739,14,R_Tibia,355,1,-0.8996,10.1732,-3.5314,70.4956,-42.0532,-3.1128,116.153,-4.6582,-161.2354,0.1595,0.8332,-0.5269,0.0521
independent_20260430_165242,trial_001,subject_001,1777539174.876338,1777539174.876338,261966.4861632,15,R_Foot,343,1,0.6364,1.1628,9.8622,33.3862,-0.4272,-4.6997,10.5469,-4.5209,-93.2849,0.0916,0.0398,-0.7259,0.6805
independent_20260430_165242,trial_001,subject_001,1777539174.8773377,1777539174.8773377,261966.4862874,9,Trunk,677,1,0.4546,10.1637,-1.4212,-4.3945,-21.1792,-2.2583,94.9768,-4.0045,-15.639,0.7331,0.0768,-0.1174,0.6655
independent_20260430_165242,trial_001,subject_001,1777539174.8773377,1777539174.8773377,261966.4863851,10,L_Femur,663,1,-0.3445,9.5655,-0.5264,30.1514,-37.9028,-20.3857,83.9081,3.1421,-27.746,0.6439,0.18,-0.1605,0.7261
independent_20260430_165242,trial_001,subject_001,1777539174.8773377,1777539174.8773377,261966.4864783,11,L_Tibia,693,1,1.7609,9.3023,-3.3544,47.7905,-9.8877,-0.061,100.426,0.401,-32.8436,0.7364,0.2194,-0.1783,0.6146
independent_20260430_165242,trial_001,subject_001,1777539174.8773377,1777539174.8773377,261966.4865692,12,L_Foot,707,1,-1.2537,0.7704,10.3072,5.9204,0.7935,3.1128,1.0657,4.8779,-116.7407,-0.0314,0.0302,-0.8504,0.5243
independent_20260430_165242,trial_001,subject_001,1777539174.8773377,1777539174.8773377,261966.4867745,13,R_Femur,715,1,-0.6747,10.3312,-4.3401,-17.8223,-36.6821,3.418,119.6082,-1.4282,-31.0858,0.8343,0.2255,-0.1451,0.4816
independent_20260430_165242,trial_001,subject_001,1777539174.8773377,1777539174.8773377,261966.4868771,9,Trunk,678,1,0.6891,10.0345,-1.3303,-3.9062,-21.0571,-6.0425,94.8944,-3.8782,-16.0565,0.7322,0.0802,-0.1191,0.6658
independent_20260430_165242,trial_001,subject_001,1777539174.8773377,1777539174.8773377,261966.4869831,10,L_Femur,664,1,0.1579,10.0536,-0.0813,33.8135,-21.6064,-21.8506,84.3805,3.4222,-28.1525,0.6458,0.1847,-0.1607,0.7232
independent_20260430_165242,trial_001,subject_001,1777539174.9142144,1777539174.9142144,261966.5234905,11,L_Tibia,694,1,2.0146,9.7713,-2.9859,44.5557,25.9399,-6.7749,101.3489,0.4395,-32.4481,0.7421,0.2185,-0.1742,0.6093
independent_20260430_165242,trial_001,subject_001,1777539174.9142144,1777539174.9142144,261966.5236961,12,L_Foot,708,1,-0.9666,0.4977,10.0775,4.4556,0.3052,3.418,1.1755,4.8889,-116.6803,-0.0309,0.0311,-0.8501,0.5247
independent_20260430_165242,trial_001,subject_001,1777539174.9142144,1777539174.9142144,261966.5239185,13,R_Femur,716,1,-0.981,9.867,-3.8664,-30.5786,-41.4429,4.3945,119.0479,-1.1206,-31.8219,0.8301,0.2315,-0.1471,0.4854
independent_20260430_165242,trial_001,subject_001,1777539174.9152162,1777539174.9152162,261966.5241296,14,R_Tibia,356,1,-0.981,9.5225,-4.1774,76.4771,-42.2363,-0.3662,118.8446,-3.9386,-162.4823,0.1483,0.8477,-0.507,0.0482
independent_20260430_165242,trial_001,subject_001,1777539174.9152162,1777539174.9152162,261966.5243161,15,R_Foot,344,1,0.7082,1.9093,9.9292,40.3442,-3.479,-6.1035,11.8927,-4.5868,-93.4991,0.0999,0.0481,-0.7267,0.6779
independent_20260430_165242,trial_001,subject_001,1777539174.9745314,1777539174.9745314,261966.5837073,9,Trunk,679,1,0.8326,9.867,-1.4834,-1.8311,-20.6299,-8.1787,94.8669,-3.7463,-16.3586,0.7318,0.0828,-0.12,0.6658
independent_20260430_165242,trial_001,subject_001,1777539174.9745314,1777539174.9745314,261966.5838865,10,L_Femur,665,1,0.7417,9.9148,-0.6125,37.5366,-2.6855,-18.3716,85.1001,3.8013,-28.3118,0.6494,0.189,-0.1583,0.7194
independent_20260430_165242,trial_001,subject_001,1777539174.9745314,1777539174.9745314,261966.5840201,11,L_Tibia,695,1,1.536,10.2402,-2.249,38.3911,23.3154,-9.5215,101.9531,0.5054,-32.0471,0.7459,0.2171,-0.1705,0.6061
independent_20260430_165242,trial_001,subject_001,1777539174.9745314,1777539174.9745314,261966.5841523,12,L_Foot,709,1,-0.6747,0.3637,9.9436,7.2021,1.6479,2.9907,1.2909,4.9109,-116.6364,-0.0305,0.0321,-0.8499,0.5251
independent_20260430_165242,trial_001,subject_001,1777539174.9745314,1777539174.9745314,261966.5842851,13,R_Femur,717,1,-1.1389,9.6756,-3.4692,-38.9404,-44.2505,4.1504,118.4985,-0.8734,-32.4261,0.8263,0.2362,-0.149,0.4891
independent_20260430_165242,trial_001,subject_001,1777539174.9755366,1777539174.9755366,261966.5844274,9,Trunk,680,1,0.7752,9.6756,-1.6748,0.1831,-17.8223,-9.5215,94.8615,-3.5376,-16.7212,0.7313,0.0864,-0.1208,0.6657
independent_20260430_165242,trial_001,subject_001,1777539174.9755366,1777539174.9755366,261966.5845746,11,L_Tibia,696,1,0.4115,10.001,-2.4835,33.7524,-3.7231,-7.1411,102.475,0.6207,-31.9812,0.7486,0.2181,-0.1684,0.603
independent_20260430_165242,trial_001,subject_001,1777539174.9755366,1777539174.9755366,261966.5846984,12,L_Foot,710,1,-0.5838,0.5312,10.111,8.728,3.7842,1.4648,1.4832,4.9823,-116.6034,-0.0302,0.0338,-0.8497,0.5254
independent_20260430_165242,trial_001,subject_001,1777539174.9755366,1777539174.9755366,261966.5848192,13,R_Femur,718,1,-1.1149,9.7378,-3.0864,-50.7812,-44.3726,5.0659,117.7679,-0.6372,-33.0469,0.8216,0.2407,-0.1515,0.4941
independent_20260430_165242,trial_001,subject_001,1777539174.9755366,1777539174.9755366,261966.584939,14,R_Tibia,357,1,-0.914,8.9817,-4.1487,80.2612,-43.8232,3.0518,121.2616,-3.3234,-163.6359,0.1381,0.8602,-0.4888,0.0448
independent_20260430_165242,trial_001,subject_001,1777539174.9755366,1777539174.9755366,261966.58508,15,R_Foot,345,1,1.0862,2.2395,9.7665,52.8564,-1.3428,-7.2632,13.6285,-4.6088,-93.7354,0.1102,0.0592,-0.7273,0.6748
independent_20260430_165242,trial_001,subject_001,1777539174.9755366,1777539174.9755366,261966.5852151,9,Trunk,681,1,0.5455,9.6038,-1.6939,1.2207,-13.1226,-10.1929,94.8724,-3.3783,-16.9189,0.7311,0.0886,-0.1209,0.6656
independent_20260430_165242,trial_001,subject_001,1777539174.9755366,1777539174.9755366,261966.585335,10,L_Femur,666,1,0.6699,9.6038,-0.7178,36.8042,0.4272,-12.4512,86.1823,4.2352,-28.3228,0.6553,0.1932,-0.1541,0.7138
independent_20260430_165242,trial_001,subject_001,1777539174.9765441,1777539174.9765441,261966.5854551,11,L_Tibia,697,1,-0.3254,8.8334,-3.5075,35.2173,-46.0205,-2.0142,103.1616,0.8514,-32.6624,0.7506,0.2247,-0.1691,0.598
independent_20260430_165242,trial_001,subject_001,1777539174.9765441,1777539174.9765441,261966.5855734,12,L_Foot,711,1,-0.6508,0.823,10.2307,5.7373,4.2725,0.061,1.593,5.0482,-116.5979,-0.0302,0.035,-0.8496,0.5254
independent_20260430_165242,trial_001,subject_001,1777539174.9765441,1777539174.9765441,261966.5856942,13,R_Femur,719,1,-0.8948,9.7521,-2.6893,-61.6455,-33.8135,3.2959,116.5814,-0.379,-33.7335,0.8146,0.2452,-0.1552,0.5022
independent_20260430_165242,trial_001,subject_001,1777539174.9765441,1777539174.9765441,261966.5858499,9,Trunk,682,1,0.3206,9.5368,-1.6987,-0.1221,-10.0708,-11.4746,94.8669,-3.208,-17.0618,0.7309,0.0905,-0.1207,0.6656
independent_20260430_165242,trial_001,subject_001,1777539174.9765441,1777539174.9765441,261966.5859697,10,L_Femur,667,1,0.2058,8.9865,-1.0192,39.7949,7.3853,-9.6436,86.9733,4.444,-28.2184,0.6601,0.1949,-0.1509,0.7096
independent_20260430_165242,trial_001,subject_001,1777539174.9765441,1777539174.9765441,261966.5860862,11,L_Tibia,698,1,0.0718,9.1396,-3.5362,32.5317,-56.1523,-1.0376,103.6505,1.0657,-33.4479,0.7512,0.2317,-0.1708,0.594
independent_20260430_165242,trial_001,subject_001,1777539174.9765441,1777539174.9765441,261966.5862044,12,L_Foot,712,1,-0.7752,0.6747,10.1015,4.1504,4.5166,-0.5493,1.6699,5.1196,-116.6089,-0.0303,0.0358,-0.8496,0.5254
independent_20260430_165242,trial_001,subject_001,1777539174.9765441,1777539174.9765441,261966.5863241,13,R_Femur,720,1,-0.7226,10.0201,-2.4691,-71.7773,-23.4375,1.2207,115.5322,-0.2417,-34.0851,0.8091,0.2468,-0.158,0.5094
independent_20260430_165242,trial_001,subject_001,1777539174.977545,1777539174.977545,261966.586454,14,R_Tibia,358,1,-1.2346,9.2019,-4.3497,85.7544,-42.4805,10.2539,124.2554,-2.7356,-164.9927,0.1265,0.8747,-0.4661,0.0401
independent_20260430_165242,trial_001,subject_001,1777539174.977545,1777539174.977545,261966.5865737,15,R_Foot,346,1,0.8661,0.8996,10.1397,87.3413,-2.0142,-12.6953,15.7709,-4.5648,-94.0594,0.1223,0.0734,-0.7279,0.6706
independent_20260430_165242,trial_001,subject_001,1777539174.977545,1777539174.977545,261966.5866915,9,Trunk,683,1,0.2967,9.288,-1.7562,1.3428,-6.7749,-13.1836,94.8724,-2.9553,-17.1936,0.7306,0.0928,-0.1199,0.6657
independent_20260430_165242,trial_001,subject_001,1777539174.977545,1777539174.977545,261966.5868079,10,L_Femur,668,1,-0.4689,9.355,-1.024,38.269,14.8315,-10.1929,87.5665,4.6033,-28.0151,0.6638,0.1955,-0.1476,0.7067
independent_20260430_165242,trial_001,subject_001,1777539174.977545,1777539174.977545,261966.5869265,11,L_Tibia,699,1,0.8518,9.3933,-2.7275,29.4189,-34.79,-5.0659,104.2383,1.3513,-34.2773,0.7521,0.2395,-0.172,0.5895
independent_20260430_165242,trial_001,subject_001,1777539174.977545,1777539174.977545,261966.5870442,12,L_Foot,713,1,-1.0862,0.5455,9.9723,3.2959,3.6011,-0.3052,1.7523,5.2075,-116.6199,-0.0306,0.0369,-0.8496,0.5253
independent_20260430_165242,trial_001,subject_001,1777539174.977545,1777539174.977545,261966.5871701,13,R_Femur,721,1,-0.8757,10.0632,-2.2012,-83.7402,-14.3433,-1.9531,113.8898,-0.0989,-34.3652,0.8009,0.2472,-0.1618,0.5209
independent_20260430_165242,trial_001,subject_001,1777539174.977545,1777539174.977545,261966.5872899,9,Trunk,684,1,0.3493,9.1684,-1.8997,2.8687,-8.1177,-14.4043,94.8999,-2.7411,-17.2925,0.7305,0.0947,-0.1191,0.6657
independent_20260430_165242,trial_001,subject_001,1777539174.9785435,1777539174.9785435,261966.5874079,10,L_Femur,669,1,-1.3925,9.7617,-0.89,36.1938,17.0288,-12.9395,88.3136,4.856,-27.6691,0.6685,0.1959,-0.1427,0.7031
independent_20260430_165242,trial_001,subject_001,1777539174.9785435,1777539174.9785435,261966.5875255,11,L_Tibia,700,1,1.1676,9.4076,-2.4213,28.5034,3.1738,-10.6812,104.6667,1.5161,-34.2993,0.7539,0.2411,-0.1702,0.5869
independent_20260430_165242,trial_001,subject_001,1777539174.9785435,1777539174.9785435,261966.5876436,12,L_Foot,714,1,-1.2346,0.335,9.8383,4.5776,2.3193,0.6714,1.8292,5.2515,-116.6199,-0.0306,0.0376,-0.8495,0.5253
independent_20260430_165242,trial_001,subject_001,1777539174.9785435,1777539174.9785435,261966.5877732,13,R_Femur,722,1,-1.024,9.8957,-2.0911,-89.7827,-12.085,-4.4556,112.5494,0.011,-34.5081,0.7943,0.2467,-0.1646,0.5303
independent_20260430_165242,trial_001,subject_001,1777539175.0136838,1777539175.0136838,261966.6232378,14,R_Tibia,359,1,-1.1437,9.2593,-4.0722,93.4448,-48.2788,17.395,127.4579,-2.1918,-166.5692,0.1132,0.8894,-0.4415,0.0347
independent_20260430_165242,trial_001,subject_001,1777539175.0136838,1777539175.0136838,261966.6233532,15,R_Foot,347,1,0.7991,2.005,10.4173,125.2441,-7.4463,-17.5171,19.7314,-4.5813,-94.6967,0.145,0.0992,-0.7287,0.6619
independent_20260430_165242,trial_001,subject_001,1777539175.0542388,1777539175.0542388,261966.6633896,9,Trunk,685,1,0.1771,9.0918,-1.9858,3.7842,-11.4746,-15.564,94.9438,-2.5049,-17.4353,0.7305,0.0971,-0.1183,0.6655
independent_20260430_165242,trial_001,subject_001,1777539175.0542388,1777539175.0542388,261966.6635095,10,L_Femur,670,1,-1.7896,9.8766,-0.8996,33.6304,16.9067,-13.6108,88.8519,5.0647,-27.4109,0.6719,0.1963,-0.139,0.7005
independent_20260430_165242,trial_001,subject_001,1777539175.0542388,1777539175.0542388,261966.6636109,11,L_Tibia,701,1,0.5646,9.6277,-2.5026,25.9399,24.231,-14.7705,105.0787,1.6425,-33.9313,0.7566,0.2399,-0.1666,0.585
independent_20260430_165242,trial_001,subject_001,1777539175.0542388,1777539175.0542388,261966.6637082,12,L_Foot,715,1,-1.2154,0.2871,9.9723,5.5542,1.5259,1.2207,1.9226,5.2789,-116.6034,-0.0304,0.0385,-0.8494,0.5255
independent_20260430_165242,trial_001,subject_001,1777539175.0542388,1777539175.0542388,261966.6638883,13,R_Femur,723,1,-0.8518,9.9962,-1.938,-90.1489,-14.2212,-5.127,111.1871,0.1428,-34.6674,0.7874,0.2465,-0.1674,0.5397
independent_20260430_165242,trial_001,subject_001,1777539175.0542388,1777539175.0542388,261966.6639915,9,Trunk,686,1,-0.335,9.1301,-2.0289,8.3618,-15.4419,-17.334,95.0702,-2.1533,-17.6935,0.7307,0.1009,-0.1175,0.6649
independent_20260430_165242,trial_001,subject_001,1777539175.0542388,1777539175.0542388,261966.6640841,10,L_Femur,671,1,-1.9667,9.9244,-0.8183,29.6021,17.395,-12.2681,89.3243,5.2515,-27.1472,0.6749,0.1965,-0.1355,0.6982
independent_20260430_165242,trial_001,subject_001,1777539175.055247,1777539175.055247,261966.6642269,11,L_Tibia,702,1,-1.3494,9.5942,-2.828,22.7661,11.0474,-10.2539,105.5786,1.7963,-33.5248,0.7597,0.2387,-0.1624,0.5826
independent_20260430_165242,trial_001,subject_001,1777539175.055247,1777539175.055247,261966.66435,12,L_Foot,716,1,-1.0192,0.378,10.0632,5.188,1.0986,1.0376,2.0435,5.3064,-116.5869,-0.03,0.0395,-0.8493,0.5256
independent_20260430_165242,trial_001,subject_001,1777539175.055247,1777539175.055247,261966.6644619,14,R_Tibia,360,1,0.4546,9.4411,-4.5268,94.9097,-30.3955,10.8032,130.7922,-1.637,-167.9919,0.101,0.9035,-0.4154,0.0306
independent_20260430_165242,trial_001,subject_001,1777539175.055247,1777539175.055247,261966.6645554,15,R_Foot,348,1,0.6795,3.0386,10.0823,149.5361,-6.958,-21.2402,24.5764,-4.5264,-95.4272,0.1716,0.1314,-0.7279,0.6507
independent_20260430_165242,trial_001,subject_001,1777539175.055247,1777539175.055247,261966.6646477,9,Trunk,687,1,-0.7369,9.1971,-2.1438,12.0239,-17.2119,-17.395,95.2295,-1.8842,-17.9187,0.7312,0.1041,-0.117,0.6639
independent_20260430_165242,trial_001,subject_001,1777539175.055247,1777539175.055247,261966.6647378,10,L_Femur,672,1,-1.5121,9.6469,-0.8087,27.4658,14.8315,-9.5215,89.9176,5.4602,-26.8231,0.6787,0.1965,-0.1312,0.6953
independent_20260430_165242,trial_001,subject_001,1777539175.055247,1777539175.055247,261966.6648717,12,L_Foot,717,1,-0.9522,0.5216,10.1015,4.2114,1.2207,0.5493,2.1204,5.3284,-116.5814,-0.0298,0.0402,-0.8492,0.5257
independent_20260430_165242,trial_001,subject_001,1777539175.055247,1777539175.055247,261966.6649846,13,R_Femur,724,1,0.7991,10.4843,-2.3878,-102.417,-13.7329,1.4038,107.6605,0.3516,-35.1288,0.7691,0.2453,-0.1757,0.5634
independent_20260430_165242,trial_001,subject_001,1777539175.0562572,1777539175.0562572,261966.665115,9,Trunk,688,1,-1.0767,9.3598,-2.139,12.5122,-17.6392,-17.4561,95.4712,-1.5106,-18.2428,0.732,0.1086,-0.1162,0.6624
independent_20260430_165242,trial_001,subject_001,1777539175.0562572,1777539175.0562572,261966.665213,10,L_Femur,673,1,-1.5169,9.5177,-0.6891,24.8413,13.855,-6.7749,90.3131,5.5701,-26.6034,0.6813,0.1963,-0.1285,0.6934
independent_20260430_165242,trial_001,subject_001,1777539175.0562572,1777539175.0562572,261966.6653049,11,L_Tibia,703,1,-0.7752,9.3263,-2.9142,19.9585,-20.3247,-2.8687,106.3202,2.1149,-33.9038,0.7622,0.2439,-0.1607,0.5777
independent_20260430_165242,trial_001,subject_001,1777539175.0562572,1777539175.0562572,261966.6654169,12,L_Foot,718,1,-1.0145,0.5694,10.0967,3.2959,1.0376,-0.061,2.2083,5.3558,-116.5869,-0.0296,0.0409,-0.8492,0.5257
independent_20260430_165242,trial_001,subject_001,1777539175.0562572,1777539175.0562572,261966.6655128,13,R_Femur,725,1,1.1149,10.6709,-2.9142,-105.2856,-6.5918,5.6763,106.084,0.3076,-35.2606,0.7611,0.2436,-0.1801,0.5736
independent_20260430_165242,trial_001,subject_001,1777539175.0562572,1777539175.0562572,261966.665603,14,R_Tibia,361,1,0.6316,9.3598,-5.991,93.4448,-4.5776,7.3853,133.6487,-1.582,-168.3875,0.0984,0.9139,-0.3928,0.0272
independent_20260430_165242,trial_001,subject_001,1777539175.0562572,1777539175.0562572,261966.6656917,15,R_Foot,349,1,0.6747,3.1151,10.2929,200.3174,-24.7192,-38.9404,30.965,-4.4989,-96.5918,0.2057,0.174,-0.7259,0.6328
independent_20260430_165242,trial_001,subject_001,1777539175.0562572,1777539175.0562572,261966.6658013,9,Trunk,689,1,-1.0288,9.4555,-1.9811,12.7563,-17.8833,-16.7847,95.6525,-1.2415,-18.479,0.7326,0.1118,-0.1157,0.6613
independent_20260430_165242,trial_001,subject_001,1777539175.0562572,1777539175.0562572,261966.6659211,10,L_Femur,674,1,-1.8519,9.5751,-0.9857,25.1465,11.2915,-6.1035,90.7086,5.658,-26.4166,0.6839,0.1961,-0.1262,0.6913
independent_20260430_165242,trial_001,subject_001,1777539175.0562572,1777539175.0562572,261966.6660376,11,L_Tibia,704,1,-0.7513,9.3741,-3.0434,19.4702,-20.2026,-2.3193,106.6058,2.2467,-34.184,0.7628,0.2468,-0.1606,0.5757
independent_20260430_165242,trial_001,subject_001,1777539175.0572565,1777539175.0572565,261966.6661708,12,L_Foot,719,1,-1.091,0.4307,9.9436,2.7466,0.6104,0.1831,2.2632,5.3723,-116.5869,-0.0295,0.0414,-0.8492,0.5257
independent_20260430_165242,trial_001,subject_001,1777539175.0572565,1777539175.0572565,261966.6662668,13,R_Femur,726,1,0.6699,11.092,-3.4884,-110.9619,7.2021,7.8735,103.9032,0.1373,-35.2332,0.7503,0.239,-0.1856,0.5877
independent_20260430_165242,trial_001,subject_001,1777539175.0572565,1777539175.0572565,261966.6663718,9,Trunk,690,1,-0.78,9.5847,-1.8758,12.6953,-18.4937,-16.3574,95.8337,-0.9778,-18.7317,0.7332,0.1151,-0.1153,0.6602
independent_20260430_165242,trial_001,subject_001,1777539175.0572565,1777539175.0572565,261966.6664864,10,L_Femur,675,1,-2.0815,9.6517,-1.3686,22.7051,2.1362,-6.0425,91.17,5.7788,-26.3013,0.6866,0.1967,-0.124,0.6888
independent_20260430_165242,trial_001,subject_001,1777539175.0572565,1777539175.0572565,261966.6665831,11,L_Tibia,705,1,-0.2919,9.4411,-3.0434,17.9443,-9.6436,-2.0142,106.875,2.3346,-34.3433,0.7637,0.2487,-0.1602,0.5739
independent_20260430_165242,trial_001,subject_001,1777539175.0572565,1777539175.0572565,261966.6666711,12,L_Foot,720,1,-1.0767,0.4642,9.9866,2.6245,0.2441,0.4883,2.3181,5.3833,-116.5814,-0.0293,0.0419,-0.8491,0.5257
independent_20260430_165242,trial_001,subject_001,1777539175.0572565,1777539175.0572565,261966.6667591,14,R_Tibia,362,1,0.2584,8.3597,-7.3021,81.4209,-20.6909,13.0005,136.7468,-1.5161,-168.9258,0.0945,0.9247,-0.368,0.0233
independent_20260430_165242,trial_001,subject_001,1777539175.0572565,1777539175.0572565,261966.6668471,15,R_Foot,350,1,1.2011,3.8473,9.3598,251.6479,-12.7563,-48.0957,38.1226,-4.1309,-98.0145,0.2398,0.224,-0.7207,0.6107
independent_20260430_165242,trial_001,subject_001,1777539175.1040819,1777539175.1040819,261966.7132406,9,Trunk,691,1,-0.512,9.8909,-1.7322,10.1929,-18.0664,-16.1743,96.0315,-0.6317,-19.0613,0.7337,0.1194,-0.1148,0.659
independent_20260430_165242,trial_001,subject_001,1777539175.1040819,1777539175.1040819,261966.7133609,10,L_Femur,676,1,-1.9715,9.599,-1.5073,25.6958,-3.6621,-4.2725,91.5436,5.8447,-26.3287,0.6887,0.1976,-0.1231,0.6866
independent_20260430_165242,trial_001,subject_001,1777539175.1040819,1777539175.1040819,261966.713482,11,L_Tibia,706,1,0.0191,9.3933,-3.5506,16.2964,-1.4648,-2.9907,107.2156,2.4115,-34.3707,0.7652,0.2497,-0.1591,0.5717
independent_20260430_165242,trial_001,subject_001,1777539175.1049747,1777539175.1049747,261966.7139971,12,L_Foot,721,1,-1.0527,0.6843,10.0871,1.709,-0.1221,0.7324,2.3676,5.3833,-116.5759,-0.0291,0.0422,-0.8491,0.5258
independent_20260430_165242,trial_001,subject_001,1777539175.1049747,1777539175.1049747,261966.7141174,13,R_Femur,727,1,-0.5551,10.9149,-3.4501,-126.709,18.0054,9.2163,99.5691,-0.2747,-34.7058,0.7293,0.2263,-0.1943,0.6157
independent_20260430_165242,trial_001,subject_001,1777539175.1049747,1777539175.1049747,261966.7142434,9,Trunk,692,1,-0.4642,10.0488,-1.6126,8.0566,-16.5405,-15.9912,96.1469,-0.3735,-19.292,0.7338,0.1225,-0.1144,0.6583
independent_20260430_165242,trial_001,subject_001,1777539175.1049747,1777539175.1049747,261966.7143678,11,L_Tibia,707,1,-0.0479,9.3454,-3.7037,14.9536,-1.8311,-2.6245,107.4408,2.4609,-34.3707,0.7662,0.2503,-0.1583,0.5703
independent_20260430_165242,trial_001,subject_001,1777539175.1049747,1777539175.1049747,261966.7145179,12,L_Foot,722,1,-0.9714,0.8565,10.1063,0.3052,0.0,0.1831,2.384,5.3888,-116.5759,-0.0291,0.0424,-0.8491,0.5258
independent_20260430_165242,trial_001,subject_001,1777539175.1049747,1777539175.1049747,261966.7146387,13,R_Femur,728,1,-0.3589,10.4938,-3.3448,-122.1313,15.2588,11.1694,97.7124,-0.4889,-34.4861,0.72,0.2205,-0.1981,0.6274
independent_20260430_165242,trial_001,subject_001,1777539175.1049747,1777539175.1049747,261966.7147695,14,R_Tibia,363,1,-0.0431,7.1251,-7.0198,52.3682,-56.3965,12.7563,139.01,-0.7471,-170.2277,0.0821,0.9331,-0.3494,0.0237
independent_20260430_165242,trial_001,subject_001,1777539175.1059828,1777539175.1059828,261966.7148916,15,R_Foot,351,1,0.0191,5.5938,6.8093,278.1982,-51.2085,-83.1299,47.796,-3.3508,-100.4865,0.2795,0.2942,-0.7101,0.5753
independent_20260430_165242,trial_001,subject_001,1777539175.1059828,1777539175.1059828,261966.7150215,9,Trunk,693,1,-0.4402,9.9962,-1.5408,5.3711,-14.3433,-15.686,96.2183,-0.1208,-19.4843,0.7338,0.1253,-0.1138,0.658
independent_20260430_165242,trial_001,subject_001,1777539175.1059828,1777539175.1059828,261966.7151368,10,L_Femur,677,1,-0.9379,9.6277,-1.2633,30.0903,-3.54,-1.1597,92.5269,5.9161,-26.5045,0.6942,0.2001,-0.122,0.6806
independent_20260430_165242,trial_001,subject_001,1777539175.1059828,1777539175.1059828,261966.7152871,11,L_Tibia,708,1,-0.3254,9.2832,-3.5219,13.5498,-8.0566,-1.8311,107.6495,2.5269,-34.4531,0.767,0.2514,-0.1578,0.5689
independent_20260430_165242,trial_001,subject_001,1777539175.1059828,1777539175.1059828,261966.7154066,12,L_Foot,723,1,-0.9188,0.8039,10.0249,-0.1221,0.1831,0.061,2.395,5.3943,-116.5759,-0.029,0.0425,-0.8491,0.5258
independent_20260430_165242,trial_001,subject_001,1777539175.1059828,1777539175.1059828,261966.715518,13,R_Femur,729,1,-0.0622,10.3216,-3.1104,-118.5913,12.5732,14.3433,95.9271,-0.7416,-34.3103,0.7109,0.2149,-0.2021,0.6384
independent_20260430_165242,trial_001,subject_001,1777539175.164452,1777539175.164452,261966.7734009,9,Trunk,694,1,-0.6029,9.5272,-1.5121,6.2866,-13.0615,-14.7705,96.3171,0.1868,-19.715,0.7338,0.1286,-0.113,0.6574
independent_20260430_165242,trial_001,subject_001,1777539175.164452,1777539175.164452,261966.773632,10,L_Femur,678,1,-0.445,9.6708,-1.1915,28.1982,2.3193,0.4272,92.9553,5.9161,-26.4771,0.6968,0.2004,-0.1211,0.678
independent_20260430_165242,trial_001,subject_001,1777539175.164452,1777539175.164452,261966.7738363,11,L_Tibia,709,1,-0.0431,9.2066,-3.3209,13.3057,-8.9722,-1.2817,107.9132,2.6257,-34.6234,0.7677,0.2534,-0.1574,0.5671
independent_20260430_165242,trial_001,subject_001,1777539175.164452,1777539175.164452,261966.7740325,13,R_Femur,730,1,0.1962,9.7139,-2.7371,-105.0415,17.9443,16.9067,93.7354,-1.1151,-34.0137,0.6998,0.2071,-0.2067,0.6517
independent_20260430_165242,trial_001,subject_001,1777539175.164452,1777539175.164452,261966.7742473,14,R_Tibia,364,1,1.091,4.6655,-9.8431,27.4048,-22.7051,9.1553,140.1855,0.1758,-171.3977,0.07,0.9376,-0.3394,0.027
independent_20260430_165242,trial_001,subject_001,1777539175.1654518,1777539175.1654518,261966.7744278,15,R_Foot,352,1,5.4216,1.6796,26.6964,-28.8086,-163.8794,-56.9458,52.7399,-3.9496,-106.1279,0.2914,0.3363,-0.7249,0.5258
independent_20260430_165242,trial_001,subject_001,1777539175.1654518,1777539175.1654518,261966.7745663,9,Trunk,695,1,-0.6556,9.3693,-1.3255,4.8218,-11.5356,-14.1602,96.3776,0.412,-19.8688,0.7338,0.1309,-0.1124,0.6571
independent_20260430_165242,trial_001,subject_001,1777539175.1654518,1777539175.1654518,261966.7746898,11,L_Tibia,710,1,0.0383,9.1875,-3.5171,11.9629,-3.418,-2.0142,108.1,2.6752,-34.6729,0.7685,0.2542,-0.1569,0.5659
independent_20260430_165242,trial_001,subject_001,1777539175.1654518,1777539175.1654518,261966.7748355,12,L_Foot,724,1,-0.9714,0.7896,9.9914,-1.1597,0.4883,-0.3052,2.395,5.4218,-116.5979,-0.0293,0.0426,-0.8491,0.5256
independent_20260430_165242,trial_001,subject_001,1777539175.1654518,1777539175.1654518,261966.7750313,13,R_Femur,731,1,-0.3158,9.5464,-2.852,-96.1304,27.8931,11.2915,92.2467,-1.3293,-33.6237,0.6923,0.2008,-0.2085,0.661
independent_20260430_165242,trial_001,subject_001,1777539175.1654518,1777539175.1654518,261966.7751721,9,Trunk,696,1,-0.5264,9.4028,-1.0527,5.7373,-8.1787,-13.855,96.4545,0.6976,-20.0171,0.7337,0.1336,-0.1113,0.6568
independent_20260430_165242,trial_001,subject_001,1777539175.1654518,1777539175.1654518,261966.7753563,10,L_Femur,679,1,-0.7848,9.465,-1.3925,32.4707,17.7612,-0.4272,94.0375,5.8942,-26.0431,0.7039,0.1988,-0.1168,0.6718
independent_20260430_165242,trial_001,subject_001,1777539175.1665933,1777539175.1665933,261966.7755003,11,L_Tibia,711,1,-0.3876,9.3263,-3.5889,9.8877,0.9766,-2.5635,108.3142,2.7301,-34.6509,0.7695,0.2547,-0.1559,0.5646
independent_20260430_165242,trial_001,subject_001,1777539175.1665933,1777539175.1665933,261966.7756299,12,L_Foot,725,1,-1.1293,0.5838,9.9579,-0.4272,0.1221,0.0,2.395,5.4382,-116.6034,-0.0294,0.0427,-0.8492,0.5256
independent_20260430_165242,trial_001,subject_001,1777539175.1665933,1777539175.1665933,261966.7757513,13,R_Femur,732,1,-1.2202,9.8239,-2.9429,-92.8345,25.2075,5.4932,90.8295,-1.4502,-33.2172,0.685,0.195,-0.2093,0.6701
independent_20260430_165242,trial_001,subject_001,1777539175.1665933,1777539175.1665933,261966.7758737,14,R_Tibia,365,1,-0.7465,6.2303,-5.5077,-24.7192,-27.9541,27.1606,140.0867,0.3076,-172.3206,0.062,0.9379,-0.3404,0.0254
independent_20260430_165242,trial_001,subject_001,1777539175.1665933,1777539175.1665933,261966.7760591,15,R_Foot,353,1,4.7469,1.3063,9.6182,-163.147,86.5479,-43.2129,47.7191,-2.8345,-106.9739,0.2588,0.3115,-0.7408,0.5359
independent_20260430_165242,trial_001,subject_001,1777539175.2444146,1777539175.2444146,261966.8535808,9,Trunk,697,1,-0.5838,9.3885,-1.2633,11.4746,-9.7656,-13.4888,96.5918,0.9064,-20.1324,0.7342,0.1357,-0.1105,0.6561
independent_20260430_165242,trial_001,subject_001,1777539175.2444146,1777539175.2444146,261966.8537108,10,L_Femur,680,1,-1.0671,9.5081,-1.5887,36.5601,21.5454,-0.8545,94.6033,5.8777,-25.7245,0.7078,0.1973,-0.114,0.6686
independent_20260430_165242,trial_001,subject_001,1777539175.2449563,1777539175.2449563,261966.8538134,11,L_Tibia,712,1,-0.3063,9.3167,-3.5889,8.1787,0.9155,-2.6245,108.446,2.7686,-34.6179,0.7701,0.2548,-0.1552,0.5638
independent_20260430_165242,trial_001,subject_001,1777539175.2449563,1777539175.2449563,261966.8539105,12,L_Foot,726,1,-1.1054,0.646,10.0297,-0.9766,-0.2441,0.0,2.395,5.4382,-116.6034,-0.0294,0.0427,-0.8492,0.5256
independent_20260430_165242,trial_001,subject_001,1777539175.2449563,1777539175.2449563,261966.8540258,13,R_Femur,733,1,-1.0767,9.7091,-2.5505,-83.9844,14.4653,8.9722,89.0771,-1.626,-32.8656,0.6755,0.1887,-0.2112,0.6808
independent_20260430_165242,trial_001,subject_001,1777539175.2449563,1777539175.2449563,261966.8541564,9,Trunk,698,1,-0.7369,9.4268,-1.5217,12.5732,-10.8643,-12.5122,96.7621,1.1041,-20.2753,0.7347,0.1379,-0.1098,0.655
independent_20260430_165242,trial_001,subject_001,1777539175.2449563,1777539175.2449563,261966.8543177,10,L_Femur,681,1,-1.2059,9.4603,-1.6796,39.0015,23.9868,-1.2207,95.4272,5.8557,-25.2466,0.7135,0.195,-0.11,0.664
independent_20260430_165242,trial_001,subject_001,1777539175.2454722,1777539175.2454722,261966.8544358,11,L_Tibia,713,1,-0.2632,9.1875,-3.474,7.7515,-0.4272,-2.4414,108.5669,2.8125,-34.5959,0.7707,0.255,-0.1545,0.5631
independent_20260430_165242,trial_001,subject_001,1777539175.2737908,1777539175.2737908,261966.8834904,12,L_Foot,727,1,-0.9714,0.6843,10.001,-1.4038,-0.2441,-0.1831,2.384,5.4382,-116.6144,-0.0294,0.0426,-0.8492,0.5255
independent_20260430_165242,trial_001,subject_001,1777539175.2737908,1777539175.2737908,261966.883628,13,R_Femur,734,1,-0.512,9.2306,-2.115,-78.186,9.8267,10.6201,87.8741,-1.7853,-32.6898,0.6689,0.1845,-0.213,0.6879
independent_20260430_165242,trial_001,subject_001,1777539175.2747908,1777539175.2747908,261966.883737,14,R_Tibia,366,1,-0.2201,6.369,-4.8809,-85.6934,-17.2119,25.8789,137.8455,0.2966,-173.595,0.0512,0.9317,-0.3589,0.0225
independent_20260430_165242,trial_001,subject_001,1777539175.2747908,1777539175.2747908,261966.8838387,15,R_Foot,354,1,0.1914,-0.9188,5.6848,-159.2407,62.0728,-47.9736,42.8357,-0.5383,-106.4081,0.2222,0.2898,-0.7465,0.5562
independent_20260430_165242,trial_001,subject_001,1777539175.2747908,1777539175.2747908,261966.8839352,9,Trunk,699,1,-0.8853,9.288,-1.4021,10.9253,-10.9863,-11.4746,96.9598,1.3513,-20.462,0.7354,0.1407,-0.109,0.6539
independent_20260430_165242,trial_001,subject_001,1777539175.2747908,1777539175.2747908,261966.8840292,10,L_Femur,682,1,-1.1628,9.4746,-1.737,40.6494,23.4375,-0.061,96.0645,5.8228,-24.884,0.7178,0.1932,-0.107,0.6603
independent_20260430_165242,trial_001,subject_001,1777539175.2747908,1777539175.2747908,261966.8841223,11,L_Tibia,714,1,-0.2775,9.2019,-3.3065,5.188,-4.0894,-1.77,108.6932,2.8729,-34.6344,0.7711,0.2557,-0.154,0.5623
independent_20260430_165242,trial_001,subject_001,1777539175.2747908,1777539175.2747908,261966.8842137,12,L_Foot,728,1,-0.9618,0.5216,9.8766,-0.4272,-0.1831,0.061,2.6807,5.5371,-116.5485,-0.0288,0.0453,-0.8488,0.5261
independent_20260430_165242,trial_001,subject_001,1777539175.2747908,1777539175.2747908,261966.8843054,13,R_Femur,735,1,0.0766,8.6851,-1.8327,-68.1152,10.1929,13.1836,86.4349,-2.0325,-32.4756,0.661,0.179,-0.2154,0.6962
independent_20260430_165242,trial_001,subject_001,1777539175.2747908,1777539175.2747908,261966.8843962,9,Trunk,700,1,-0.9092,9.1684,-1.2824,11.2915,-12.146,-10.498,97.1136,1.5271,-20.6158,0.7359,0.1428,-0.1086,0.6529
independent_20260430_165242,trial_001,subject_001,1777539175.2747908,1777539175.2747908,261966.8844875,10,L_Femur,683,1,-0.847,9.4746,-1.7274,40.0391,21.2402,3.9062,96.9214,5.7129,-24.4391,0.7236,0.1905,-0.1037,0.6552
independent_20260430_165242,trial_001,subject_001,1777539175.2747908,1777539175.2747908,261966.8845786,11,L_Tibia,715,1,0.1196,9.1731,-3.3353,4.8218,-2.8687,-2.1362,108.7646,2.9279,-34.6674,0.7713,0.2563,-0.1536,0.5619
independent_20260430_165242,trial_001,subject_001,1777539175.2757897,1777539175.2757897,261966.8846677,12,L_Foot,729,1,-0.9618,0.5934,9.9962,-0.7935,0.1831,-0.1831,2.6807,5.5371,-116.5594,-0.0288,0.0453,-0.8488,0.526
independent_20260430_165242,trial_001,subject_001,1777539175.2757897,1777539175.2757897,261966.8847754,13,R_Femur,736,1,0.2058,8.5128,-1.8375,-60.73,17.0288,13.2446,85.4846,-2.2247,-32.2174,0.6559,0.1746,-0.2164,0.7018
independent_20260430_165242,trial_001,subject_001,1777539175.2757897,1777539175.2757897,261966.8848755,14,R_Tibia,367,1,-0.7513,6.2686,-5.9814,-137.8784,-12.5732,18.1274,133.6981,0.2307,-174.5123,0.0432,0.9185,-0.3926,0.0207
independent_20260430_165242,trial_001,subject_001,1777539175.3438249,1777539175.3438249,261966.9533366,9,Trunk,701,1,-0.8326,9.1923,-1.0527,11.8408,-9.7046,-8.728,97.3169,1.7249,-20.8081,0.7366,0.1453,-0.1082,0.6517
independent_20260430_165242,trial_001,subject_001,1777539175.3444965,1777539175.3444965,261966.9535817,10,L_Femur,684,1,-0.8374,9.4172,-1.6461,38.3911,20.813,5.8594,97.5256,5.592,-24.1315,0.7278,0.1884,-0.1018,0.6515
independent_20260430_165242,trial_001,subject_001,1777539175.3444965,1777539175.3444965,261966.9538116,11,L_Tibia,716,1,0.0909,9.1684,-3.297,4.3945,0.7935,-2.9297,108.8361,2.9718,-34.6454,0.7716,0.2565,-0.1531,0.5616
independent_20260430_165242,trial_001,subject_001,1777539175.3444965,1777539175.3444965,261966.9540207,12,L_Foot,730,1,-1.024,0.5742,10.001,-0.9155,0.4272,-0.2441,2.6917,5.5426,-116.5759,-0.0288,0.0454,-0.8489,0.5259
independent_20260430_165242,trial_001,subject_001,1777539175.3444965,1777539175.3444965,261966.9542287,9,Trunk,702,1,-0.7561,9.2449,-0.8853,12.8174,-6.7749,-7.7515,97.4872,1.8457,-20.9015,0.7373,0.1468,-0.1077,0.6506
independent_20260430_165242,trial_001,subject_001,1777539175.3455038,1777539175.3455038,261966.9544295,10,L_Femur,685,1,-0.9857,9.2736,-1.7609,39.6729,21.4844,6.7749,98.1464,5.4492,-23.8129,0.732,0.1862,-0.0999,0.6477
independent_20260430_165242,trial_001,subject_001,1777539175.3455038,1777539175.3455038,261966.9546367,11,L_Tibia,717,1,-0.4115,9.1253,-3.2348,3.9673,1.5869,-2.9297,108.924,3.0267,-34.5905,0.7721,0.2565,-0.1522,0.5612
independent_20260430_165242,trial_001,subject_001,1777539175.3455038,1777539175.3455038,261966.9548172,12,L_Foot,731,1,-1.0192,0.5407,9.9962,-1.4038,0.4272,-0.1221,2.6971,5.5426,-116.5869,-0.0288,0.0454,-0.8489,0.5258
independent_20260430_165242,trial_001,subject_001,1777539175.3460085,1777539175.3460085,261966.9549441,13,R_Femur,737,1,-0.2488,8.13,-1.8279,-38.8794,14.4043,9.4604,83.7598,-2.5488,-31.5582,0.6468,0.1656,-0.2167,0.7123
independent_20260430_165242,trial_001,subject_001,1777539175.3460085,1777539175.3460085,261966.9550574,14,R_Tibia,368,1,-0.6699,7.0581,-5.7278,-182.8003,5.7373,4.5776,127.8754,-0.0385,-174.7046,0.0416,0.8974,-0.4389,0.02
independent_20260430_165242,trial_001,subject_001,1777539175.3460085,1777539175.3460085,261966.9551754,15,R_Foot,355,1,1.1102,1.2681,7.8333,-213.623,-13.7939,-7.019,28.949,1.2909,-107.8088,0.1384,0.2084,-0.7807,0.5727
independent_20260430_165242,trial_001,subject_001,1777539175.3460085,1777539175.3460085,261966.9552687,9,Trunk,703,1,-0.7321,9.2019,-0.8278,14.0381,-4.8218,-7.8125,97.674,1.9611,-20.9619,0.7381,0.148,-0.107,0.6495
independent_20260430_165242,trial_001,subject_001,1777539175.3460085,1777539175.3460085,261966.9553604,10,L_Femur,686,1,-1.2585,9.4363,-1.7849,39.3677,17.8833,7.8125,98.9703,5.235,-23.4503,0.7376,0.1834,-0.0979,0.6425
independent_20260430_165242,trial_001,subject_001,1777539175.3460085,1777539175.3460085,261966.9554512,11,L_Tibia,718,1,-0.6412,9.2688,-3.0146,4.3335,-0.1831,-1.5869,108.7152,2.4664,-34.4586,0.7723,0.2526,-0.1559,0.5616
independent_20260430_165242,trial_001,subject_001,1777539175.3460085,1777539175.3460085,261966.9555408,12,L_Foot,732,1,-0.9714,0.4642,9.9675,-1.2817,0.6714,-0.1221,2.7026,5.5481,-116.5869,-0.0288,0.0455,-0.8489,0.5258
independent_20260430_165242,trial_001,subject_001,1777539175.3460085,1777539175.3460085,261966.9556313,13,R_Femur,738,1,0.0096,8.0104,-1.5839,-27.4048,12.5732,10.2539,83.2983,-2.6862,-31.344,0.6444,0.1626,-0.2168,0.715
independent_20260430_165242,trial_001,subject_001,1777539175.3460085,1777539175.3460085,261966.9557212,9,Trunk,704,1,-0.6221,9.0774,-0.9188,17.0898,-2.2583,-7.2632,97.9761,2.1094,-21.0004,0.7396,0.1494,-0.1059,0.6476
independent_20260430_165242,trial_001,subject_001,1777539175.3460085,1777539175.3460085,261966.9558113,10,L_Femur,687,1,-1.4451,9.7043,-1.737,34.6069,12.8174,6.897,99.5197,5.0922,-23.2526,0.7412,0.1818,-0.0968,0.6389
independent_20260430_165242,trial_001,subject_001,1777539175.3470144,1777539175.3470144,261966.955919,11,L_Tibia,719,1,-0.6412,9.1636,-2.6701,4.9438,0.8545,-0.6714,108.8196,2.4829,-34.4312,0.7729,0.2527,-0.1554,0.561
independent_20260430_165242,trial_001,subject_001,1777539175.3470144,1777539175.3470144,261966.9560243,12,L_Foot,733,1,-1.0384,0.4977,10.001,-1.1597,0.4883,0.1831,2.7026,5.5481,-116.6034,-0.0288,0.0455,-0.849,0.5257
independent_20260430_165242,trial_001,subject_001,1777539175.3470144,1777539175.3470144,261966.9561142,13,R_Femur,739,1,0.4211,7.7998,-1.0527,-17.8833,14.7705,9.2163,82.8644,-2.8564,-31.0254,0.6424,0.1589,-0.2163,0.7178
independent_20260430_165242,trial_001,subject_001,1777539175.3470144,1777539175.3470144,261966.9562028,14,R_Tibia,369,1,-1.6317,7.7185,-6.1824,-203.9185,-13.4888,-1.8921,121.9263,0.1154,-174.8914,0.0385,0.8735,-0.4849,0.0225
independent_20260430_165242,trial_001,subject_001,1777539175.3470144,1777539175.3470144,261966.9562924,15,R_Foot,356,1,1.0814,2.7132,9.7282,-178.0396,-36.9263,14.3433,22.3682,0.1703,-108.0615,0.1127,0.1578,-0.7938,0.5764
independent_20260430_165242,trial_001,subject_001,1777539175.3470144,1777539175.3470144,261966.9565354,9,Trunk,705,1,-0.512,9.154,-1.0192,17.4561,-0.4272,-5.7373,98.2233,2.1918,-21.0004,0.7409,0.1501,-0.1051,0.6461
independent_20260430_165242,trial_001,subject_001,1777539175.3470144,1777539175.3470144,261966.9566344,10,L_Femur,688,1,-1.3542,9.6469,-1.7466,31.189,8.1787,6.0425,100.0031,4.9768,-23.1262,0.7442,0.1808,-0.0961,0.6358
independent_20260430_165242,trial_001,subject_001,1777539175.3470144,1777539175.3470144,261966.9567248,11,L_Tibia,720,1,-0.4929,9.0679,-2.852,6.6528,1.1597,-0.2441,108.9185,2.4884,-34.4092,0.7734,0.2527,-0.155,0.5604
independent_20260430_165242,trial_001,subject_001,1777539175.3470144,1777539175.3470144,261966.9568195,12,L_Foot,734,1,-1.0527,0.6125,10.0201,-1.9531,0.4883,0.1831,2.7081,5.5481,-116.6199,-0.0288,0.0455,-0.8491,0.5255
independent_20260430_165242,trial_001,subject_001,1777539175.3480155,1777539175.3480155,261966.9569512,13,R_Femur,740,1,0.3876,7.6467,-0.6221,-9.9487,16.7847,6.3477,82.6666,-2.9333,-30.7562,0.6417,0.1566,-0.2154,0.7193
independent_20260430_165242,trial_001,subject_001,1777539175.3480155,1777539175.3480155,261966.9570441,9,Trunk,706,1,-0.4402,9.3693,-1.1102,15.3809,1.2817,-4.9438,98.4485,2.2577,-20.9729,0.7421,0.1505,-0.1042,0.6448
independent_20260430_165242,trial_001,subject_001,1777539175.3480155,1777539175.3480155,261966.9571323,10,L_Femur,689,1,-0.9522,9.4794,-1.5743,30.5786,7.4463,6.7139,100.6293,4.823,-22.9944,0.7481,0.1796,-0.0954,0.6317
independent_20260430_165242,trial_001,subject_001,1777539175.3480155,1777539175.3480155,261966.9572201,11,L_Tibia,721,1,-0.4546,9.1971,-2.761,8.5449,3.6011,0.6104,109.0448,2.4719,-34.3597,0.7741,0.2524,-0.1546,0.5595
independent_20260430_165242,trial_001,subject_001,1777539175.3480155,1777539175.3480155,261966.9573079,12,L_Foot,735,1,-1.0479,0.4833,9.8861,-1.0376,0.6104,0.3052,2.7136,5.5536,-116.6309,-0.0288,0.0456,-0.8491,0.5255
independent_20260430_165242,trial_001,subject_001,1777539175.3480155,1777539175.3480155,261966.9573958,13,R_Femur,741,1,0.1531,7.7137,-0.1627,-1.6479,19.3481,4.3945,82.5952,-2.9718,-30.4596,0.6417,0.1545,-0.2138,0.7202
independent_20260430_165242,trial_001,subject_001,1777539175.3480155,1777539175.3480155,261966.9574834,14,R_Tibia,370,1,0.7513,8.7473,-6.1394,-223.2056,15.1978,-8.4229,114.2963,0.2692,-174.787,0.0369,0.8393,-0.5418,0.0266
independent_20260430_165242,trial_001,subject_001,1777539175.3480155,1777539175.3480155,261966.9575848,15,R_Foot,357,1,1.4882,4.6177,12.8673,-164.4287,-51.5747,32.3486,17.3145,-1.2524,-107.7649,0.0974,0.1152,-0.7995,0.5814
independent_20260430_165242,trial_001,subject_001,1777539175.3480155,1777539175.3480155,261966.9576953,9,Trunk,707,1,-0.3876,9.422,-1.0958,14.8315,5.9204,-3.6621,98.7231,2.3126,-20.874,0.7437,0.1504,-0.1029,0.6432
independent_20260430_165242,trial_001,subject_001,1777539175.4842033,1777539175.4842033,261967.0935892,10,L_Femur,690,1,-0.9331,9.6756,-1.3398,27.2827,8.667,6.4697,101.0632,4.6967,-22.879,0.7508,0.1785,-0.095,0.6288
independent_20260430_165242,trial_001,subject_001,1777539175.4842033,1777539175.4842033,261967.0937164,11,L_Tibia,722,1,-0.6412,9.2832,-2.6414,9.3384,5.6152,1.4038,109.2371,2.428,-34.2719,0.7753,0.2519,-0.1541,0.5583
independent_20260430_165242,trial_001,subject_001,1777539175.4842033,1777539175.4842033,261967.0938711,12,L_Foot,736,1,-1.0336,0.402,9.8909,0.6104,0.4272,0.7324,2.7136,5.5536,-116.6473,-0.0288,0.0456,-0.8492,0.5253
independent_20260430_165242,trial_001,subject_001,1777539175.4842033,1777539175.4842033,261967.0940008,13,R_Femur,742,1,0.1101,8.1826,0.5934,4.3335,29.9072,2.8076,82.6172,-2.9828,-29.9048,0.6426,0.1514,-0.2103,0.7211
independent_20260430_165242,trial_001,subject_001,1777539175.4842033,1777539175.4842033,261967.0941035,9,Trunk,708,1,-0.445,9.4363,-1.0479,15.3198,9.5215,-1.8921,98.9429,2.3181,-20.7367,0.7452,0.1497,-0.1018,0.6419
independent_20260430_165242,trial_001,subject_001,1777539175.4842033,1777539175.4842033,261967.0942041,10,L_Femur,691,1,-0.8757,9.6277,-1.4834,28.1372,12.0239,5.249,101.6125,4.5428,-22.6758,0.7544,0.1768,-0.094,0.6252
independent_20260430_165242,trial_001,subject_001,1777539175.4842033,1777539175.4842033,261967.0943241,11,L_Tibia,723,1,-0.5407,9.2593,-3.0673,9.2773,4.6387,2.0142,109.3799,2.384,-34.2004,0.7763,0.2514,-0.1537,0.5573
independent_20260430_165242,trial_001,subject_001,1777539175.4842033,1777539175.4842033,261967.0944315,12,L_Foot,737,1,-1.0336,0.5646,10.0297,0.7935,0.3052,0.8545,2.7191,5.5591,-116.6583,-0.0288,0.0456,-0.8492,0.5253
independent_20260430_165242,trial_001,subject_001,1777539175.4842033,1777539175.4842033,261967.0945286,13,R_Femur,743,1,0.1148,8.6229,1.1341,1.709,36.0718,0.0,82.6172,-2.9279,-29.3719,0.6432,0.1487,-0.2067,0.7221
independent_20260430_165242,trial_001,subject_001,1777539175.4842033,1777539175.4842033,261967.0946254,15,R_Foot,358,1,4.7995,7.3165,13.7286,-169.8608,-37.2925,78.125,11.2885,-3.5101,-106.1938,0.0834,0.0603,-0.7972,0.5949
independent_20260430_165242,trial_001,subject_001,1777539175.4944396,1777539175.4944396,261967.1034103,9,Trunk,709,1,-0.7656,9.5081,-0.9427,14.8315,12.5732,0.6104,99.234,2.2687,-20.506,0.7471,0.1482,-0.1005,0.6401
independent_20260430_165242,trial_001,subject_001,1777539175.4944396,1777539175.4944396,261967.1037032,10,L_Femur,692,1,-0.6891,9.3215,-1.6892,33.0811,16.5405,4.5166,102.1124,4.422,-22.4506,0.7576,0.1751,-0.0928,0.6219
independent_20260430_165242,trial_001,subject_001,1777539175.4944396,1777539175.4944396,261967.1038514,11,L_Tibia,724,1,-0.3972,9.1779,-3.3018,10.437,5.188,2.5635,109.5392,2.3291,-34.1345,0.7773,0.2509,-0.1534,0.5562
independent_20260430_165242,trial_001,subject_001,1777539175.4944396,1777539175.4944396,261967.1039843,12,L_Foot,738,1,-1.0288,0.646,10.0105,0.6714,0.1831,0.4883,2.7191,5.5591,-116.6583,-0.0288,0.0456,-0.8492,0.5253
independent_20260430_165242,trial_001,subject_001,1777539175.4944396,1777539175.4944396,261967.1041104,13,R_Femur,744,1,0.1866,8.8717,1.5743,-2.1362,43.6401,-2.9297,82.5568,-2.818,-28.7402,0.6435,0.1458,-0.2022,0.7238
independent_20260430_165242,trial_001,subject_001,1777539175.4944396,1777539175.4944396,261967.1042532,9,Trunk,710,1,-1.024,9.4555,-0.914,14.5264,13.855,2.5635,99.4427,2.1973,-20.3082,0.7486,0.1467,-0.0996,0.6388
independent_20260430_165242,trial_001,subject_001,1777539175.495441,1777539175.495441,261967.104398,10,L_Femur,693,1,-0.5503,9.2497,-1.8758,35.7056,19.7754,4.7607,102.6562,4.2902,-22.1814,0.7611,0.173,-0.0914,0.6184
independent_20260430_165242,trial_001,subject_001,1777539175.495441,1777539175.495441,261967.1045396,11,L_Tibia,725,1,-0.1723,9.1014,-3.2539,10.3149,4.1504,2.3193,109.7479,2.2632,-34.0686,0.7785,0.2504,-0.1531,0.5548
independent_20260430_165242,trial_001,subject_001,1777539175.495441,1777539175.495441,261967.1046782,12,L_Foot,739,1,-1.0384,0.5838,10.001,0.9155,0.3052,0.6104,2.7246,5.5646,-116.6748,-0.0288,0.0457,-0.8493,0.5251
independent_20260430_165242,trial_001,subject_001,1777539175.495441,1777539175.495441,261967.1048264,13,R_Femur,745,1,0.646,8.8238,1.9236,-2.1362,54.3213,-4.2114,82.4469,-2.6093,-27.7075,0.6438,0.1411,-0.1946,0.7265
independent_20260430_165242,trial_001,subject_001,1777539175.495441,1777539175.495441,261967.1049651,14,R_Tibia,371,1,1.0862,9.1636,-4.1727,-184.7534,79.2847,-31.6162,99.7778,0.6757,-170.7166,0.0581,0.7626,-0.6418,0.0566
independent_20260430_165242,trial_001,subject_001,1777539175.495441,1777539175.495441,261967.1051004,15,R_Foot,359,1,2.1629,8.3597,12.1017,-170.105,-28.3813,118.4692,4.9713,-5.0647,-102.6617,0.0615,0.0062,-0.7805,0.6221
independent_20260430_165242,trial_001,subject_001,1777539175.495441,1777539175.495441,261967.1052418,9,Trunk,711,1,-1.1771,9.5033,-0.9379,12.6953,14.7705,3.9062,99.6295,2.0929,-20.0995,0.7501,0.1449,-0.0988,0.6377
independent_20260430_165242,trial_001,subject_001,1777539175.4964406,1777539175.4964406,261967.1053844,10,L_Femur,694,1,-0.2058,9.1396,-1.9715,40.8325,23.3765,5.9204,103.4747,4.0759,-21.7584,0.7664,0.1697,-0.0894,0.613
independent_20260430_165242,trial_001,subject_001,1777539175.4964406,1777539175.4964406,261967.1055339,11,L_Tibia,726,1,0.2584,9.0152,-3.2587,11.9019,8.3008,1.5259,109.9292,2.2083,-33.9642,0.7797,0.2497,-0.1526,0.5536
independent_20260430_165242,trial_001,subject_001,1777539175.4964406,1777539175.4964406,261967.1056948,12,L_Foot,740,1,-0.9522,0.6077,9.9962,0.4272,0.7935,0.3052,2.7301,5.5646,-116.6858,-0.0288,0.0457,-0.8494,0.5251
independent_20260430_165242,trial_001,subject_001,1777539175.4964406,1777539175.4964406,261967.1058487,13,R_Femur,746,1,1.0719,9.0679,2.1629,-6.6528,59.8755,-4.2725,82.3151,-2.439,-26.8341,0.6437,0.1371,-0.1883,0.7289
independent_20260430_165242,trial_001,subject_001,1777539175.5543206,1777539175.5543206,261967.1637148,9,Trunk,712,1,-0.957,9.6325,-0.8422,7.019,18.7988,4.8828,99.7888,1.9336,-19.7699,0.7515,0.142,-0.0979,0.6368
independent_20260430_165242,trial_001,subject_001,1777539175.5543206,1777539175.5543206,261967.1638307,10,L_Femur,695,1,-0.1053,9.1731,-1.7944,43.0298,28.0151,6.897,104.1339,3.8782,-21.3794,0.7707,0.1667,-0.0877,0.6087
independent_20260430_165242,trial_001,subject_001,1777539175.5543206,1777539175.5543206,261967.163931,11,L_Tibia,727,1,-0.244,9.1492,-3.096,13.4277,11.5967,1.8311,110.2039,2.1094,-33.761,0.7816,0.2482,-0.1517,0.5518
independent_20260430_165242,trial_001,subject_001,1777539175.5543206,1777539175.5543206,261967.1640248,12,L_Foot,741,1,-0.9522,0.6221,9.9818,0.4272,1.2207,0.1831,2.7356,5.5701,-116.7023,-0.0288,0.0458,-0.8494,0.5249
independent_20260430_165242,trial_001,subject_001,1777539175.5543206,1777539175.5543206,261967.1641189,13,R_Femur,747,1,1.2202,9.4603,2.5361,-14.4043,68.7866,-1.3428,81.9965,-2.2192,-25.5048,0.643,0.1305,-0.179,0.7332
independent_20260430_165242,trial_001,subject_001,1777539175.5543206,1777539175.5543206,261967.164211,15,R_Foot,360,1,-0.6747,8.6659,7.5845,-120.5444,-5.127,111.7554,-0.3351,-5.625,-98.5419,0.0353,-0.0342,-0.7568,0.6518
independent_20260430_165242,trial_001,subject_001,1777539175.5543206,1777539175.5543206,261967.1643034,9,Trunk,713,1,-0.6556,9.556,-0.7848,6.2866,22.2168,5.8594,99.8822,1.7853,-19.4678,0.7526,0.1393,-0.097,0.6362
independent_20260430_165242,trial_001,subject_001,1777539175.5543206,1777539175.5543206,261967.1643927,10,L_Femur,696,1,-0.4163,9.4363,-1.6892,42.3584,31.9824,6.5918,104.8041,3.6639,-20.9399,0.7752,0.1631,-0.0859,0.6043
independent_20260430_165242,trial_001,subject_001,1777539175.5556154,1777539175.5556154,261967.1645017,12,L_Foot,742,1,-1.0001,0.5886,9.9388,1.0376,1.5259,0.3662,2.7411,5.5701,-116.7133,-0.0288,0.0458,-0.8495,0.5248
independent_20260430_165242,trial_001,subject_001,1777539175.5556154,1777539175.5556154,261967.1645957,13,R_Femur,748,1,0.7465,9.1492,2.9477,-14.2822,71.7773,1.2817,81.7273,-2.0819,-24.4336,0.6422,0.125,-0.1716,0.7365
independent_20260430_165242,trial_001,subject_001,1777539175.5556154,1777539175.5556154,261967.1646852,10,L_Femur,697,1,-1.1293,9.7521,-1.9667,35.9497,30.0903,4.6387,105.5896,3.3948,-20.3577,0.7804,0.1583,-0.0836,0.5991
independent_20260430_165242,trial_001,subject_001,1777539175.5556154,1777539175.5556154,261967.1648271,11,L_Tibia,728,1,-0.6508,9.2306,-2.7993,15.625,11.5967,4.5776,110.6818,1.9006,-33.4534,0.7849,0.2457,-0.1506,0.5485
independent_20260430_165242,trial_001,subject_001,1777539175.5556154,1777539175.5556154,261967.164919,12,L_Foot,743,1,-1.0336,0.5168,9.9101,2.2583,1.5869,0.4883,2.7466,5.5701,-116.7242,-0.0288,0.0459,-0.8495,0.5248
independent_20260430_165242,trial_001,subject_001,1777539175.5561213,1777539175.5561213,261967.1650196,13,R_Femur,749,1,0.134,8.8717,3.6606,-15.564,68.5425,3.479,81.4526,-1.983,-23.3899,0.6415,0.1194,-0.1646,0.7397
independent_20260430_165242,trial_001,subject_001,1777539175.5561213,1777539175.5561213,261967.1651115,14,R_Tibia,372,1,-1.2394,7.2926,-2.6031,-90.271,60.9131,-21.4233,91.0217,2.3785,-165.2344,0.0772,0.7092,-0.6929,0.1047
independent_20260430_165242,trial_001,subject_001,1777539175.5561213,1777539175.5561213,261967.1652015,15,R_Foot,361,1,-0.7417,10.0488,6.4504,-66.4062,9.5825,78.0029,-3.3179,-5.647,-95.7513,0.0171,-0.0545,-0.7395,0.6707
independent_20260430_165242,trial_001,subject_001,1777539175.5561213,1777539175.5561213,261967.1652913,9,Trunk,714,1,-0.2584,9.9292,-0.6795,-1.4648,30.8838,8.9722,99.9591,1.3293,-18.5724,0.7545,0.1309,-0.095,0.636
independent_20260430_165242,trial_001,subject_001,1777539175.5561213,1777539175.5561213,261967.1653804,10,L_Femur,698,1,-0.981,9.3693,-2.3687,38.147,31.25,3.418,106.1719,3.2135,-19.9182,0.7843,0.1548,-0.0818,0.5952
independent_20260430_165242,trial_001,subject_001,1777539175.5561213,1777539175.5561213,261967.1655196,11,L_Tibia,729,1,-0.1292,9.0822,-3.4166,18.0664,14.0991,4.8828,111.0388,1.7249,-33.2336,0.7874,0.2439,-0.15,0.546
independent_20260430_165242,trial_001,subject_001,1777539175.5561213,1777539175.5561213,261967.1656529,12,L_Foot,744,1,-1.0049,0.646,10.0297,2.0142,1.9531,0.4883,2.7521,5.5756,-116.7352,-0.0288,0.0459,-0.8496,0.5247
independent_20260430_165242,trial_001,subject_001,1777539175.5561213,1777539175.5561213,261967.1657456,13,R_Femur,750,1,-0.7273,9.3311,4.4693,-17.7002,44.2505,5.188,81.0406,-1.9171,-22.3352,0.6398,0.1133,-0.1579,0.7436
independent_20260430_165242,trial_001,subject_001,1777539175.5561213,1777539175.5561213,261967.1658572,9,Trunk,715,1,-0.311,10.044,-0.5934,-7.3853,34.0576,9.6436,99.8602,1.0931,-18.1,0.7547,0.1264,-0.094,0.6368
independent_20260430_165242,trial_001,subject_001,1777539175.5561213,1777539175.5561213,261967.1659554,10,L_Femur,699,1,-0.4785,9.1062,-2.5505,43.335,34.9731,4.0894,107.0453,2.9388,-19.281,0.7899,0.1496,-0.0792,0.5894
independent_20260430_165242,trial_001,subject_001,1777539175.557128,1777539175.557128,261967.1660822,12,L_Foot,745,1,-0.9379,0.7178,10.0536,1.77,2.3804,0.4883,2.7521,5.5756,-116.7352,-0.0288,0.0459,-0.8496,0.5247
independent_20260430_165242,trial_001,subject_001,1777539175.557128,1777539175.557128,261967.1661789,13,R_Femur,751,1,-1.4882,9.3119,4.5459,-14.7705,22.1558,10.8643,80.777,-2.005,-21.9122,0.6386,0.11,-0.1559,0.7455
independent_20260430_165242,trial_001,subject_001,1777539175.557128,1777539175.557128,261967.1662672,14,R_Tibia,373,1,-0.5981,6.3355,-2.1964,-23.8647,24.353,7.3242,89.3243,2.4994,-163.9105,0.083,0.698,-0.702,0.1147
independent_20260430_165242,trial_001,subject_001,1777539175.557128,1777539175.557128,261967.1663549,15,R_Foot,362,1,-2.7036,11.5705,3.1104,27.6489,2.9297,30.5176,-3.8123,-5.2954,-94.0759,0.0111,-0.0558,-0.7296,0.6815
independent_20260430_165242,trial_001,subject_001,1777539175.557128,1777539175.557128,261967.1664432,9,Trunk,716,1,-0.5599,10.001,-0.6173,-15.9302,39.3066,10.9253,99.5801,0.7471,-17.3969,0.7542,0.1197,-0.0927,0.6389
independent_20260430_165242,trial_001,subject_001,1777539175.557128,1777539175.557128,261967.1665309,10,L_Femur,700,1,-0.3589,9.0248,-2.5792,48.3398,41.5649,4.0283,107.7814,2.6971,-18.7207,0.7947,0.145,-0.0771,0.5844
independent_20260430_165242,trial_001,subject_001,1777539175.557128,1777539175.557128,261967.1666185,11,L_Tibia,730,1,-0.2728,9.0918,-3.7037,19.165,22.8882,5.249,111.6211,1.3788,-32.7008,0.7918,0.2393,-0.1486,0.542
independent_20260430_165242,trial_001,subject_001,1777539175.557128,1777539175.557128,261967.166706,12,L_Foot,746,1,-0.9331,0.6364,10.0393,1.6479,2.9907,0.6714,2.7576,5.5756,-116.7407,-0.0288,0.046,-0.8496,0.5247
independent_20260430_165242,trial_001,subject_001,1777539175.557128,1777539175.557128,261967.166794,13,R_Femur,752,1,-1.5169,8.709,4.388,-5.3711,5.9204,18.4326,80.6671,-2.2412,-21.731,0.6383,0.1073,-0.1561,0.7461
independent_20260430_165242,trial_001,subject_001,1777539175.557128,1777539175.557128,261967.1668817,9,Trunk,717,1,-0.8709,9.8239,-0.5934,-20.813,44.5557,12.4512,99.2725,0.4504,-16.7816,0.7534,0.1137,-0.0915,0.6411
independent_20260430_165242,trial_001,subject_001,1777539175.558126,1777539175.558126,261967.1670114,10,L_Femur,701,1,-0.2823,8.9243,-2.6845,53.1616,50.1099,3.8452,108.5944,2.4115,-18.0396,0.7999,0.1394,-0.0746,0.5789
independent_20260430_165242,trial_001,subject_001,1777539175.558126,1777539175.558126,261967.167105,11,L_Tibia,731,1,-0.445,9.1875,-3.6798,18.3105,26.6113,5.7373,112.0001,1.0931,-32.2668,0.7949,0.2355,-0.1478,0.5393
independent_20260430_165242,trial_001,subject_001,1777539175.558126,1777539175.558126,261967.1672581,12,L_Foot,747,1,-0.9905,0.5838,9.8957,1.8311,2.7466,1.4038,2.7686,5.5756,-116.7517,-0.0288,0.046,-0.8496,0.5246
independent_20260430_165242,trial_001,subject_001,1777539175.558126,1777539175.558126,261967.1673511,13,R_Femur,753,1,-0.1771,8.3836,3.8377,-12.5732,-6.3477,29.48,80.4694,-2.796,-21.698,0.6377,0.1032,-0.1591,0.7466
independent_20260430_165242,trial_001,subject_001,1777539175.558126,1777539175.558126,261967.1675277,14,R_Tibia,374,1,1.8806,6.2303,-2.584,45.8984,11.4746,20.752,90.0549,1.9006,-163.515,0.0898,0.7017,-0.6977,0.1129
independent_20260430_165242,trial_001,subject_001,1777539175.558126,1777539175.558126,261967.1676505,15,R_Foot,363,1,-2.584,11.5753,3.4501,106.8115,51.2695,22.9492,-1.1755,-3.6694,-93.5046,0.0163,-0.0294,-0.7278,0.685
independent_20260430_165242,trial_001,subject_001,1777539175.558126,1777539175.558126,261967.1677846,9,Trunk,718,1,-0.981,9.7043,-0.3063,-25.3296,50.9644,13.4888,98.8934,0.1263,-16.0785,0.7522,0.107,-0.0901,0.6439
independent_20260430_165242,trial_001,subject_001,1777539175.558126,1777539175.558126,261967.1679217,10,L_Femur,702,1,-0.2823,8.9626,-2.785,58.2275,61.5845,3.418,109.7699,1.9556,-16.9464,0.8075,0.1302,-0.0709,0.5709
independent_20260430_165242,trial_001,subject_001,1777539175.559128,1777539175.559128,261967.1680203,11,L_Tibia,732,1,-0.4354,9.2401,-3.7229,18.6157,31.6772,7.1411,112.2913,0.8295,-31.8658,0.7974,0.2318,-0.1471,0.5373
independent_20260430_165242,trial_001,subject_001,1777539175.559128,1777539175.559128,261967.1681102,12,L_Foot,748,1,-0.9331,0.4594,9.7378,3.2959,2.5024,1.8311,2.774,5.5811,-116.7517,-0.0288,0.0461,-0.8496,0.5246
independent_20260430_165242,trial_001,subject_001,1777539175.559128,1777539175.559128,261967.1681987,13,R_Femur,754,1,1.1437,9.8574,5.4312,-54.3213,10.6201,39.0015,79.8376,-3.3289,-21.5387,0.6343,0.098,-0.1616,0.7496
independent_20260430_165242,trial_001,subject_001,1777539175.6147676,1777539175.6147676,261967.2239007,9,Trunk,719,1,-0.7465,9.8526,0.3876,-25.0244,51.8799,9.3994,98.3496,-0.2527,-15.0732,0.7504,0.0978,-0.0874,0.6479
independent_20260430_165242,trial_001,subject_001,1777539175.6147676,1777539175.6147676,261967.2240134,12,L_Foot,749,1,-1.1771,0.5455,9.9531,4.5776,1.2817,2.3193,2.8784,5.614,-116.7133,-0.0285,0.047,-0.8494,0.5249
independent_20260430_165242,trial_001,subject_001,1777539175.6147676,1777539175.6147676,261967.2241117,13,R_Femur,755,1,3.1438,4.388,3.8999,53.5278,-29.1748,56.0303,79.2828,-4.4604,-21.4948,0.6319,0.0894,-0.1679,0.7513
independent_20260430_165242,trial_001,subject_001,1777539175.6147676,1777539175.6147676,261967.2242056,14,R_Tibia,375,1,-0.823,11.1159,-1.5265,62.7441,35.0952,6.7749,92.1094,1.5051,-162.6581,0.0995,0.7131,-0.6846,0.114
independent_20260430_165242,trial_001,subject_001,1777539175.6147676,1777539175.6147676,261967.2242994,15,R_Foot,364,1,-1.7466,2.0193,16.0351,83.6792,24.5972,-9.8267,2.0654,-2.6917,-93.5321,0.0295,-0.003,-0.7285,0.6844
independent_20260430_165242,trial_001,subject_001,1777539175.6340604,1777539175.6340604,261967.2434673,9,Trunk,720,1,-0.5359,10.2307,0.4881,-15.564,43.9453,3.479,98.064,-0.4285,-14.4086,0.7494,0.0923,-0.085,0.6501
independent_20260430_165242,trial_001,subject_001,1777539175.6340604,1777539175.6340604,261967.2436368,10,L_Femur,703,1,-1.0767,9.4028,-3.0529,61.8286,73.3032,3.1128,111.6486,1.1041,-14.9854,0.8195,0.1132,-0.0653,0.5579
independent_20260430_165242,trial_001,subject_001,1777539175.6340604,1777539175.6340604,261967.2437837,11,L_Tibia,733,1,-1.5791,9.7521,-3.8042,17.8223,35.1562,13.1836,112.934,0.033,-30.8661,0.8035,0.222,-0.1468,0.5326
independent_20260430_165242,trial_001,subject_001,1777539175.6340604,1777539175.6340604,261967.2439028,12,L_Foot,750,1,-1.4834,0.4259,10.0632,6.2256,-0.4883,3.1128,2.9828,5.614,-116.6748,-0.028,0.0478,-0.8492,0.5252
independent_20260430_165242,trial_001,subject_001,1777539175.6350622,1777539175.6350622,261967.244021,13,R_Femur,756,1,-0.6747,6.4982,-2.7706,135.3149,-25.3296,8.4839,81.3812,-4.812,-21.8793,0.6456,0.0924,-0.1706,0.7386
independent_20260430_165242,trial_001,subject_001,1777539175.6350622,1777539175.6350622,261967.2441372,9,Trunk,721,1,-0.445,10.5369,-0.1962,-2.2583,39.0015,-1.2207,97.9651,-0.5164,-13.8153,0.7494,0.0878,-0.0823,0.6511
independent_20260430_165242,trial_001,subject_001,1777539175.6350622,1777539175.6350622,261967.2442514,10,L_Femur,704,1,-1.7801,9.7091,-3.541,57.1289,67.9321,1.8311,112.8461,0.5328,-13.7,0.8269,0.1019,-0.0621,0.5496
independent_20260430_165242,trial_001,subject_001,1777539175.6350622,1777539175.6350622,261967.2443635,11,L_Tibia,734,1,-1.2585,9.8144,-3.5219,19.3481,38.0249,14.9536,113.2196,-0.379,-30.4266,0.8062,0.2173,-0.1471,0.5303
independent_20260430_165242,trial_001,subject_001,1777539175.6350622,1777539175.6350622,261967.24448,12,L_Foot,751,1,-1.5073,0.4402,10.202,5.9814,-2.2583,3.3569,3.0872,5.5865,-116.6309,-0.0273,0.0485,-0.8489,0.5255
independent_20260430_165242,trial_001,subject_001,1777539175.6350622,1777539175.6350622,261967.2445984,13,R_Femur,757,1,-3.0434,15.3891,-1.7992,19.2871,38.7573,6.1035,81.9525,-4.845,-21.5112,0.6496,0.0909,-0.168,0.7359
independent_20260430_165242,trial_001,subject_001,1777539175.6350622,1777539175.6350622,261967.2446972,14,R_Tibia,376,1,-4.2157,11.6423,1.5552,24.9634,50.9644,3.2959,93.2465,1.4557,-161.076,0.1109,0.7183,-0.6759,0.122
independent_20260430_165242,trial_001,subject_001,1777539175.6350622,1777539175.6350622,261967.2448053,15,R_Foot,365,1,0.2105,2.0768,10.7618,98.999,1.1597,-0.7324,4.9164,-2.2028,-93.6035,0.0434,0.0181,-0.7287,0.6832
independent_20260430_165242,trial_001,subject_001,1777539175.636065,1777539175.636065,261967.2449291,9,Trunk,722,1,-0.7991,10.6709,-1.6461,1.6479,33.2642,-4.8218,97.9816,-0.5493,-13.1122,0.75,0.083,-0.0785,0.6515
independent_20260430_165242,trial_001,subject_001,1777539175.636065,1777539175.636065,261967.2450417,10,L_Femur,705,1,-1.9763,9.7952,-3.809,48.584,60.5469,1.9531,113.6041,0.1318,-12.8485,0.8315,0.0943,-0.0603,0.5442
independent_20260430_165242,trial_001,subject_001,1777539175.636065,1777539175.636065,261967.2451677,11,L_Tibia,735,1,-0.6077,9.7426,-2.6318,22.9492,39.917,17.5171,113.6646,-0.9998,-29.8224,0.8101,0.2108,-0.1478,0.5268
independent_20260430_165242,trial_001,subject_001,1777539175.636065,1777539175.636065,261967.2452983,12,L_Foot,752,1,-1.3877,0.201,9.9244,7.4463,-3.479,3.6011,3.2465,5.5261,-116.5649,-0.0261,0.0494,-0.8486,0.5261
independent_20260430_165242,trial_001,subject_001,1777539175.636065,1777539175.636065,261967.245417,13,R_Femur,758,1,-0.0383,12.9773,3.8616,-0.5493,123.9014,22.522,81.6943,-4.9329,-19.325,0.6496,0.0776,-0.1546,0.7403
independent_20260430_165242,trial_001,subject_001,1777539175.714364,1777539175.714364,261967.3237143,9,Trunk,723,1,-0.9618,10.2594,-2.2969,-3.7231,28.0762,-6.2256,97.9211,-0.5273,-12.6672,0.75,0.0802,-0.0759,0.6522
independent_20260430_165242,trial_001,subject_001,1777539175.714364,1777539175.714364,261967.3239718,10,L_Femur,706,1,-1.8327,9.8239,-3.675,35.2173,50.5371,3.8452,114.3787,-0.3571,-11.8927,0.8361,0.0854,-0.0587,0.5387
independent_20260430_165242,trial_001,subject_001,1777539175.714364,1777539175.714364,261967.3241444,11,L_Tibia,736,1,-0.7896,9.5225,-1.804,28.3813,36.6211,20.1416,114.0656,-1.4886,-29.4159,0.8132,0.2062,-0.1487,0.5235
independent_20260430_165242,trial_001,subject_001,1777539175.7153723,1777539175.7153723,261967.3242925,12,L_Foot,753,1,-1.4308,0.268,9.9148,8.5449,-3.9062,2.9907,3.3893,5.4712,-116.5265,-0.025,0.0502,-0.8484,0.5264
independent_20260430_165242,trial_001,subject_001,1777539175.7153723,1777539175.7153723,261967.3244203,13,R_Femur,759,1,2.4787,9.4411,3.541,26.6113,118.103,4.9438,81.8536,-4.8175,-17.5067,0.6517,0.0682,-0.1421,0.7419
independent_20260430_165242,trial_001,subject_001,1777539175.7153723,1777539175.7153723,261967.3245445,14,R_Tibia,377,1,-0.914,8.1874,-5.6608,78.9185,85.8765,12.6343,95.3339,1.0272,-158.4613,0.1322,0.7273,-0.6603,0.1323
independent_20260430_165242,trial_001,subject_001,1777539175.7153723,1777539175.7153723,261967.3246614,15,R_Foot,366,1,1.1102,3.3735,13.0683,29.7852,-17.8223,-0.7935,6.6357,-3.2355,-93.7299,0.0601,0.0229,-0.7293,0.6811
independent_20260430_165242,trial_001,subject_001,1777539175.7153723,1777539175.7153723,261967.3247821,9,Trunk,724,1,-0.4929,9.9101,-2.3639,-5.9814,22.8271,-9.3384,97.7838,-0.434,-12.1783,0.7495,0.0774,-0.0726,0.6535
independent_20260430_165242,trial_001,subject_001,1777539175.7153723,1777539175.7153723,261967.3249166,10,L_Femur,707,1,-1.6413,10.3742,-3.297,19.5923,40.4663,4.8828,114.7137,-0.6921,-11.3379,0.8382,0.0799,-0.0583,0.5363
independent_20260430_165242,trial_001,subject_001,1777539175.7153723,1777539175.7153723,261967.3250184,11,L_Tibia,737,1,-0.7943,9.5895,-1.7083,30.1514,26.123,24.1089,114.527,-1.9775,-29.1577,0.8163,0.2027,-0.1501,0.5196
independent_20260430_165242,trial_001,subject_001,1777539175.7153723,1777539175.7153723,261967.3251147,12,L_Foot,754,1,-1.1819,0.2345,9.934,9.5825,-4.2114,3.2959,3.5431,5.4108,-116.488,-0.0239,0.0511,-0.8482,0.5267
independent_20260430_165242,trial_001,subject_001,1777539175.7153723,1777539175.7153723,261967.325208,13,R_Femur,760,1,-0.067,8.819,-1.1676,53.772,92.5903,-9.2163,82.4414,-4.5209,-16.04,0.6561,0.0625,-0.1306,0.7406
independent_20260430_165242,trial_001,subject_001,1777539175.7163718,1777539175.7163718,261967.3253022,10,L_Femur,708,1,-1.3255,10.7762,-2.785,6.4697,30.6396,3.8452,114.8401,-0.9558,-10.9149,0.8392,0.0757,-0.0582,0.5353
independent_20260430_165242,trial_001,subject_001,1777539175.7163718,1777539175.7163718,261967.3253942,11,L_Tibia,738,1,0.2105,9.6421,-1.6844,44.0674,28.2593,27.5879,115.351,-2.6752,-28.8885,0.8212,0.1986,-0.1524,0.5128
independent_20260430_165242,trial_001,subject_001,1777539175.7163718,1777539175.7163718,261967.3254846,12,L_Foot,755,1,-0.8565,0.1483,9.9148,12.6953,-2.6245,4.1504,3.8013,5.3448,-116.4221,-0.0222,0.0527,-0.8478,0.5272
independent_20260430_165242,trial_001,subject_001,1777539175.7163718,1777539175.7163718,261967.3255755,13,R_Femur,761,1,-3.9908,9.6373,-4.7947,52.4902,47.9736,-0.4883,83.4796,-4.2957,-14.8755,0.6633,0.0584,-0.1213,0.7361
independent_20260430_165242,trial_001,subject_001,1777539175.7163718,1777539175.7163718,261967.3256659,14,R_Tibia,378,1,-0.6747,10.4029,-4.4693,47.9126,80.8716,24.231,97.5531,-0.022,-155.517,0.1596,0.735,-0.644,0.1396
independent_20260430_165242,trial_001,subject_001,1777539175.7163718,1777539175.7163718,261967.3257556,15,R_Foot,367,1,0.3541,1.4403,10.0967,16.5405,-13.0615,1.709,7.3224,-3.6475,-93.7463,0.0668,0.0249,-0.7294,0.6804
independent_20260430_165242,trial_001,subject_001,1777539175.7163718,1777539175.7163718,261967.3258452,9,Trunk,725,1,0.6269,10.1302,-1.9141,0.8545,31.5552,-8.8501,97.663,-0.2911,-11.3049,0.7493,0.0725,-0.0667,0.6549
independent_20260430_165242,trial_001,subject_001,1777539175.7163718,1777539175.7163718,261967.3259359,10,L_Femur,709,1,-0.445,11.1303,-2.4404,-5.3101,26.4893,1.4038,114.7797,-1.2305,-10.437,0.8393,0.0708,-0.058,0.5358
independent_20260430_165242,trial_001,subject_001,1777539175.7163718,1777539175.7163718,261967.326027,11,L_Tibia,739,1,0.9714,10.111,-2.1677,52.6733,34.79,28.2593,116.1035,-3.2684,-28.6084,0.8256,0.1949,-0.1541,0.5066
independent_20260430_165242,trial_001,subject_001,1777539175.7343965,1777539175.7343965,261967.3434776,12,L_Foot,756,1,-1.0479,0.134,9.8622,15.8081,-2.1362,4.3945,4.054,5.3174,-116.3562,-0.0208,0.0545,-0.8474,0.5278
independent_20260430_165242,trial_001,subject_001,1777539175.7343965,1777539175.7343965,261967.3435912,13,R_Femur,762,1,-1.5169,9.154,-3.6224,46.0815,34.729,10.1929,84.1223,-4.3671,-14.3042,0.6678,0.0553,-0.1177,0.7329
independent_20260430_165242,trial_001,subject_001,1777539175.7343965,1777539175.7343965,261967.3436909,9,Trunk,726,1,0.4163,10.1972,-2.4835,4.8218,36.499,-5.6152,97.7234,-0.2637,-10.5963,0.75,0.068,-0.0625,0.6549
independent_20260430_165242,trial_001,subject_001,1777539175.7343965,1777539175.7343965,261967.3437904,10,L_Femur,710,1,0.0909,11.3408,-2.5409,-11.9019,27.771,-2.0142,114.6094,-1.3898,-10.047,0.8388,0.0672,-0.0575,0.5372
independent_20260430_165242,trial_001,subject_001,1777539175.7343965,1777539175.7343965,261967.3438879,11,L_Tibia,740,1,1.292,10.312,-2.5457,59.3872,47.3022,27.771,117.2241,-4.1473,-28.0646,0.8322,0.1886,-0.1562,0.4975
independent_20260430_165242,trial_001,subject_001,1777539175.7343965,1777539175.7343965,261967.3439811,12,L_Foot,757,1,-0.8518,0.0909,9.9818,23.6206,0.5493,8.4229,4.5044,5.3174,-116.2189,-0.0186,0.0578,-0.8465,0.5289
