Session_ID,Trial_ID,Subject_ID,Timestamp,Vicon_Recv_Timestamp,Vicon_Recv_Timestamp_Mono,Vicon_Frame_Num,Vicon_Subject_Name,Vicon_Gap_Flag,Vicon_Gap_Size,Vicon_Original_Valid_Flag,Vicon_LASI_X,Vicon_LASI_Y,Vicon_LASI_Z,Vicon_RASI_X,Vicon_RASI_Y,Vicon_RASI_Z,Vicon_LPSI_X,Vicon_LPSI_Y,Vicon_LPSI_Z,Vicon_RPSI_X,Vicon_RPSI_Y,Vicon_RPSI_Z,Vicon_LTHI_X,Vicon_LTHI_Y,Vicon_LTHI_Z,Vicon_LKNE_X,Vicon_LKNE_Y,Vicon_LKNE_Z,Vicon_LTIB_X,Vicon_LTIB_Y,Vicon_LTIB_Z,Vicon_LANK_X,Vicon_LANK_Y,Vicon_LANK_Z,Vicon_LHEE_X,Vicon_LHEE_Y,Vicon_LHEE_Z,Vicon_LTOE_X,Vicon_LTOE_Y,Vicon_LTOE_Z,Vicon_RTHI_X,Vicon_RTHI_Y,Vicon_RTHI_Z,Vicon_RKNE_X,Vicon_RKNE_Y,Vicon_RKNE_Z,Vicon_RTIB_X,Vicon_RTIB_Y,Vicon_RTIB_Z,Vicon_RANK_X,Vicon_RANK_Y,Vicon_RANK_Z,Vicon_RHEE_X,Vicon_RHEE_Y,Vicon_RHEE_Z,Vicon_RTOE_X,Vicon_RTOE_Y,Vicon_RTOE_Z
independent_20260430_173541,trial_001,subject_001,1777541741.5382922,1777541741.5382922,264533.1473463,1039756,001,0,0,0,0.0,0.0,0.0,0.0,0.0,0.0,0.0,0.0,0.0,0.0,0.0,0.0,0.0,0.0,0.0,0.0,0.0,0.0,0.0,0.0,0.0,0.0,0.0,0.0,0.0,0.0,0.0,0.0,0.0,0.0,0.0,0.0,0.0,0.0,0.0,0.0,0.0,0.0,0.0,0.0,0.0,0.0,0.0,0.0,0.0,0.0,0.0,0.0
independent_20260430_173541,trial_001,subject_001,1777541741.5472922,1777541741.5472922,264533.1571043,1039757,001,0,0,1,0.0,0.0,0.0,119.23932960401898,599.9734602523321,848.0683964268043,72.95712583873171,367.8848372234098,903.4768964229204,126.11418344557623,377.70570639400387,904.3896544470481,-113.60416909385995,530.1002348175506,721.8324212536505,-87.50696445741043,654.5813757149164,456.0491347010276,-117.15740497341557,607.3166566687485,333.48339084657084,-75.79104765565026,680.8938878846093,87.85870623187854,-10.943730643506115,628.6109350803832,44.552504433680994,-49.9687300572781,880.2081878667175,135.40454924701717,240.57067371028572,506.5195451867041,673.3229029889138,189.8932794839675,477.8212010190029,406.48546271543796,216.4200002980031,414.9073031193937,315.27424685816976,132.27832943967277,341.50289269312344,69.2816037963469,78.27986280391904,274.9885769585505,45.49546445558173,102.0857047064631,537.5931851899425,53.52267957848995
independent_20260430_173541,trial_001,subject_001,1777541741.5582945,1777541741.5582945,264533.1673957,1039758,001,0,0,1,0.0,0.0,0.0,119.05531435038208,599.0488761344125,847.4446590791823,71.71158550899584,367.2394507428003,902.9439799290483,124.98382669179882,376.8405855156074,903.9450226208818,-114.0866774803395,529.9451488766504,721.0773106820376,-87.20992029674584,654.7194653774183,455.6181857970254,-117.00923846627862,608.8168089501903,332.60572085791887,-75.11154353130401,684.9941912465072,87.85734758428437,-10.549397488673819,632.8729818438627,43.847232025934716,-47.781595274661946,883.4835101752877,137.95255208212612,240.1112541823795,504.5501966202172,672.9765943520902,189.59918203053894,474.42413850400726,406.1723956411628,216.16186640588347,411.190157758106,315.2792964449205,131.34437187896006,337.2772409608952,68.66763098908112,78.09611998826291,270.4836689267976,45.65049188714492,101.87887170917519,533.2425622895299,53.572247289261654
independent_20260430_173541,trial_001,subject_001,1777541741.5678067,1777541741.5678067,264533.177356,1039759,001,0,0,1,0.0,0.0,0.0,118.8413236775166,598.2752801436234,846.7972891891411,70.50612557888094,366.71645626557086,902.393709091246,123.82572027885593,376.09715125195856,903.5239934374929,-114.53203753419432,530.0258548486943,720.2845876259331,-86.85494184625212,654.7590510277504,455.04724702963915,-116.91846153282222,610.1278717462454,331.7708021690707,-74.59661622771863,688.6330227556614,87.65350788797357,-10.687573388178254,636.3343515539312,42.91461433029056,-45.46726170943725,886.2587792510021,140.01216023917274,239.65740192448885,502.6869340320498,672.6141281598556,189.5015457095198,471.25960836575916,405.9171425441221,215.8964613849037,407.482997820585,315.2429140091887,131.04163718458807,332.8402684670808,68.70685306938965,78.14172089626634,266.28408682534547,45.49066526877156,101.80275561573454,528.7366578576552,53.58537779031909
independent_20260430_173541,trial_001,subject_001,1777541741.5778093,1777541741.5778093,264533.1871944,1039760,001,0,0,1,0.0,0.0,0.0,118.57445751727322,597.5784735364149,846.0894446014854,69.27155004110841,366.1705247282103,901.8194525431411,122.67099955485992,375.42286957955764,903.0118495897034,-115.00310244283537,530.278862472734,719.4474858818411,-86.51065880111817,654.8066531440749,454.3570516934929,-116.91241956362128,611.1231947747207,330.7906382047579,-74.053901384044,691.6089445151758,87.26574890341199,-10.392031143044884,639.280408584538,41.93741082898413,-43.123958568833025,888.479512889558,141.4942705854363,239.17784753460683,500.8171752545008,672.2164330336018,189.0556550983034,467.50413504839673,405.5977133402899,215.6859268210811,403.7283501755709,315.2434893063896,131.57013875490176,328.2066849775406,69.42344490315882,77.77532798388415,261.5862921846362,45.72247963056317,101.59268043479338,524.2142783310886,53.50360831284267
independent_20260430_173541,trial_001,subject_001,1777541741.5878167,1777541741.5878167,264533.1973759,1039761,001,0,0,1,0.0,0.0,0.0,118.29398926037051,597.0432100305065,845.341260384312,68.04602962692819,365.8637118692735,901.2775984861959,121.39418483852138,374.8605030134713,902.4325159332824,-115.50360531995881,530.5107427429526,718.5359116295007,-86.10621215537903,654.879823921167,453.5915465399396,-116.88952424178336,612.0445843005087,329.8160117230119,-73.6405877384885,694.0495987888385,86.77697809213309,-10.967433712374362,641.2665217387248,40.70694053167427,-40.66501469666828,890.0885182603637,142.66801224496325,238.68113561525055,499.0128143220321,671.8074675678427,189.01990991653074,464.12362110341826,405.43512003500194,215.43082693916168,399.9161981600681,315.220803771082,131.41709014791425,323.73384988280685,69.4979887760802,77.83012046552017,257.40268809120124,45.66399255632545,101.40168362705928,519.7160765503174,53.53844609931719
independent_20260430_173541,trial_001,subject_001,1777541741.5978162,1777541741.5978162,264533.2072112,1039762,001,0,0,1,0.0,0.0,0.0,118.01669364879771,596.5193395615136,844.5815535184232,66.59240780679123,365.68935772494706,900.6276526724528,120.17433147113161,374.41857308486254,901.8628315617273,-116.07644293699374,530.7561901454104,717.5961140941625,-85.76541214840344,654.9998088185797,452.67155444545165,-117.01816345206987,612.970296385121,328.9008964580598,-73.46842819269591,695.8312003279159,86.217562873914,-11.481290446051304,642.6019503318095,39.43468031760022,-38.260329199369444,891.028515165618,143.3639123794618,238.16522804532983,497.2144474119752,671.3760136976077,188.70997661257792,460.50352079932406,405.15832519706544,215.10885150365482,396.0791144432678,315.23397348528016,131.01218674153105,319.2549718329054,69.60635182619619,77.59112691922446,252.8590162600062,45.648658943635134,101.2915117293042,515.143988551891,53.49965290426308
independent_20260430_173541,trial_001,subject_001,1777541741.6073313,1777541741.6073313,264533.2171405,1039763,001,0,0,1,0.0,0.0,0.0,117.70608163354876,596.1437839475539,843.7646315081757,65.32665963581167,365.53266770552585,900.040033414945,118.64227137870166,374.1500626257785,901.3090712878949,-116.56585322988322,531.2974507937445,716.5714872624791,-85.345492741535,655.1033767389845,451.72965108674487,-117.04137463886774,613.9285074508272,327.8855964231734,-73.12434857690272,696.7813813002471,85.27292091267155,-11.701551869095722,643.5830232412067,38.14477429816144,-35.84809205704209,891.3263090338959,143.63780897094986,237.6018772718208,495.5150855550975,670.9726585248919,188.52032187790277,457.05009953055844,404.9452464006956,214.82357697428637,392.26635291351664,315.23512399697063,130.689113215531,314.71434966211916,69.69846094524628,77.10018186320576,248.0758352384146,45.94836728372814,101.140607314779,510.59499172942157,53.5650522426138
independent_20260430_173541,trial_001,subject_001,1777541741.6179752,1777541741.6179752,264533.2271139,1039764,001,0,0,1,0.0,0.0,0.0,117.37062618220743,595.8511044151702,842.9150043928136,63.923542511791446,365.5847813590713,899.3127404615007,117.41827058227089,373.9266418638488,900.804320615877,-117.26873449654327,531.804344396321,715.5300103759048,-84.94609175791159,655.1831124711952,450.5953394521945,-117.17667451507964,614.5464074305415,326.7984723346736,-73.04480432415674,697.2729354733449,84.28556221695048,-12.212783339477774,643.5918277172489,36.556722913202165,-33.651189415179665,891.1080306238033,143.36143520173522,237.01692064785462,493.8387810844555,670.5070828207516,188.34391914570708,453.68190526308285,404.66679423939144,214.46613322965916,388.49281342765966,315.2584179496191,130.56727804367387,310.2339334086451,69.79383418642857,76.91139358972903,243.52726621033577,46.03099487306929,100.98342902455776,506.10906471045377,53.602114048062525
independent_20260430_173541,trial_001,subject_001,1777541741.6274946,1777541741.6274946,264533.2371204,1039765,001,0,0,1,0.0,0.0,0.0,117.04017045609417,595.6456374380339,842.0395892154734,62.428654414986866,365.74354256346123,898.5525585950679,115.85098981322585,373.75529758712975,900.0261378293125,-117.89762029336768,532.6651634655868,714.4630707302647,-84.52339255664891,655.379120286823,449.4289798086512,-117.51063683516959,615.0275402308935,325.75039374472686,-72.76707164702736,696.7568616213943,82.8578461070907,-12.614027594809427,642.8690114839409,34.57897000721877,-31.435826877529056,890.2204289116748,142.49069144650946,236.3444342192896,492.1733679001513,670.0356483684794,188.03486799375926,450.3753909574881,404.36591669937866,214.15343899365277,384.81777772649565,315.28020827963206,130.30006404029552,305.7732613078256,69.9493559609779,76.65630078403616,239.06449412778298,46.06707760592661,100.82596277183166,501.4775223243251,53.52570955782019
independent_20260430_173541,trial_001,subject_001,1777541741.637493,1777541741.637493,264533.2471315,1039766,001,0,0,1,0.0,0.0,0.0,116.66739142506667,595.5455639423828,841.0983164683186,60.74402024096984,365.9376852631852,897.8044864740892,114.39333778739774,373.76018537688236,899.4541767225041,-118.45917553946529,533.5003448183568,713.3319720021432,-84.00839531360992,655.5675007146522,448.1942329266496,-117.87371314636793,615.3316328187209,324.6345032043169,-72.77102175381415,695.9692242734106,81.4343440542337,-13.26045680137438,641.124118421721,33.352689215381886,-29.442662260158926,888.7056625091191,140.9436095438706,235.7073093584176,490.5713581145389,669.4812339171797,187.63652838818896,447.21449316295474,404.0834528538137,213.7102957556459,381.25483314521375,315.3319955528673,129.37972224063947,301.3705973599155,69.39861173978517,76.71269330040107,234.69050759301538,45.990228123894674,100.60161966572048,497.00706551219787,53.538459439603066
independent_20260430_173541,trial_001,subject_001,1777541741.6484985,1777541741.6484985,264533.2576073,1039767,001,0,0,1,0.0,0.0,0.0,116.31740665374033,595.5137251009954,840.1882103219501,59.094078046937014,366.222679168161,897.0739428829463,112.7574023579267,373.8429832404702,898.7529677840429,-119.12739111225657,534.6036417405235,712.2672881236797,-83.47553807366722,655.6098859424262,446.84222035538545,-118.63464156580051,615.5306466573032,323.44106348246845,-72.69383943210582,694.1225359924345,79.68264746394577,-13.842852452538198,637.8366728125882,33.472099802138075,-27.427523512192035,887.1261104448093,138.2076146223213,234.99903445962667,489.1204940009531,668.9403462334959,187.18162577065888,444.1521575564714,403.7285130460988,213.2193079147312,377.7361337027665,315.2688872571954,129.56191568194612,296.6784153338029,70.0804339224331,76.44023235458305,230.11415578159807,45.9788544402425,100.45431151270141,492.50093643310345,53.54507326220369
independent_20260430_173541,trial_001,subject_001,1777541741.6580083,1777541741.6580083,264533.2672838,1039768,001,0,0,1,0.0,0.0,0.0,115.90023768041681,595.6177674542112,839.2116004969422,57.55734608075248,366.78015537073014,896.3147275058539,110.99013112874874,374.10874659872707,898.0581914801322,-119.71918053370686,535.6930474411098,711.2119905451348,-83.11462400172195,655.8095234742359,445.40090556015406,-118.4988407159686,615.1306670674413,322.1596394663779,-72.59058186200032,691.6580375897513,77.96480047890681,-13.472064453591022,634.4929253611059,32.644921433202825,-25.85231839580478,884.6578774424221,134.69975039076738,234.29513451342171,487.7517787974208,668.3785249729764,186.73309304865546,441.2044325581899,403.4009864494821,212.6827821215562,374.35873185394513,315.32748224340986,129.28713971004348,292.26830300836457,70.30142222620447,76.07553648692733,225.47229814487196,46.36748929393469,100.19180647449794,487.90380056991694,53.55261651883127
independent_20260430_173541,trial_001,subject_001,1777541741.6680107,1777541741.6680107,264533.2774778,1039769,001,0,0,1,0.0,0.0,0.0,115.5005202895498,595.8120966665116,838.2388083106956,55.801092488037824,367.32572075530715,895.5064714636825,109.29395620178504,374.4381440962271,897.2794341699254,-120.31826383579696,536.988488905212,710.0158748333939,-82.78702540296975,655.8185988079025,443.8208436987964,-118.50299372283085,614.44125139023,320.7774490798307,-72.36832053497798,688.3944046022154,75.87769571718471,-12.930929900978594,630.7719840461501,32.089413151307525,-24.597116397231513,881.9845665300882,130.7456971380766,233.51360993247877,486.5016231766823,667.7983776250621,186.14983653079196,438.3256099408678,403.07575502309925,212.03652175262627,371.04033742826397,315.3802151713101,128.46938771086428,287.98025387613194,70.0310501968211,75.83572233274914,220.8583825162966,46.437402746670344,100.02265058843882,483.3436612960011,53.54444658433726
independent_20260430_173541,trial_001,subject_001,1777541741.681008,1777541741.681008,264533.2899301,1039770,001,0,0,1,0.0,0.0,0.0,115.045802416208,596.1627922164037,837.2443648621517,54.042836628473616,368.01795136847636,894.7681646974767,107.70463329910595,374.89763984522193,896.6056553228127,-120.8841166934987,538.2333687327928,708.7474930466686,-82.52957718841098,655.8640292646598,442.06597764006506,-119.18738798857561,613.8352081416384,319.4539091684343,-72.0295890953136,684.2622861408847,73.47077266889818,-11.672618921006391,627.3064545366382,32.56357171260836,-24.12730032338714,879.6492184206194,126.45682220019222,232.67571923673043,485.3522626999461,667.2019243121707,185.60410975748405,435.6144822495599,402.7258701553223,211.37770025998964,367.77327392574824,315.4230443235843,128.4346662005875,283.2783430566642,70.60868436999067,75.57261532543414,216.3800501318003,46.624520177854365,99.86234465178417,478.79720878693774,53.54779630978998
independent_20260430_173541,trial_001,subject_001,1777541741.688019,1777541741.688019,264533.2970455,1039771,001,0,0,1,0.0,0.0,0.0,114.53890624844459,596.6852593153345,836.2328357085562,52.24071875227251,368.9260296514836,893.8394685254999,106.04342712152489,375.4394533654982,895.8265338636579,-121.37173921931213,539.5753301341836,707.4561137687584,-82.30613670820189,655.9488077633542,440.193468362586,-119.3495605699896,612.7955940755309,318.0205297087804,-71.76290758545005,680.4252282010132,71.50979690162704,-11.47084694965248,623.5351268180859,32.74241588942645,-24.149020193995565,877.3464334984164,121.986136108715,231.74802433763543,484.3466899629309,666.5359103349987,184.92238253030237,433.02388354348096,402.2966361646014,210.68588593074375,364.6797972151941,315.4998543279662,128.0547513860869,278.7863995633407,70.84971231906005,75.27337715020694,211.86279457831975,46.687314907507314,99.69995830880876,474.19360805709806,53.47777394305803
independent_20260430_173541,trial_001,subject_001,1777541741.7013748,1777541741.7013748,264533.3106085,1039772,001,0,0,1,0.0,0.0,0.0,114.01301000459118,597.3109486119814,835.241497410663,50.525222927888144,369.9336949429265,893.1412826173668,104.30819014741306,376.1829039190016,895.0955363922816,-121.89286633370999,541.0055345535541,706.2562642537526,-82.00543134598193,656.015379855036,438.2322487216963,-119.18459572702896,611.4549488953097,316.48514260412327,-71.85804228379354,677.6602942589212,70.94426464435605,-11.463056590058546,619.9629057884442,32.94256992370136,-24.39693364378423,874.9741288888392,117.35357509613623,230.74256270590507,483.4609802837369,665.7882577539956,184.25201269821525,430.75530315846646,401.9008852206177,209.8394682891665,361.7703355942186,315.5713308790654,127.78424231600884,274.4613255015476,71.19275006206797,75.02842121891575,207.38332160751847,46.89425528006582,99.49570161970875,469.64758127620655,53.475333337627774
independent_20260430_173541,trial_001,subject_001,1777541741.708506,1777541741.708506,264533.3174375,1039773,001,0,0,1,27.177336199138832,602.2024410577558,840.7100028881747,113.40682746295717,598.0150676858486,834.2161021701291,48.639993188468125,370.9727240503396,892.389272030591,102.25679065422723,377.06155523095265,894.1678785278276,-122.43869525709064,542.3953584581636,705.2274781081045,-81.82473381699657,655.9163539482147,436.49996107537436,-119.08008757715234,610.0941063845402,315.03561614266556,-71.72818678918918,674.736175312303,70.67252442579631,-11.11627570177954,616.4240675063558,33.17600560120051,-24.29087433093931,872.753712409492,112.8712861750311,229.69106454255913,482.76494740797295,665.0308559856835,183.36414936485477,428.7100805996939,401.35068579975274,208.95426083755297,359.1455123489977,315.62817383751184,127.29935362147717,269.93903428297284,71.46368213140997,75.21700820947264,203.00826407410764,47.03786777020461,99.3521440614156,465.1501628872054,53.418723600749786
independent_20260430_173541,trial_001,subject_001,1777541741.7175121,1777541741.7175121,264533.3270817,1039774,001,0,0,1,25.87015838572055,601.460289781093,840.4389271786687,112.77515617543102,598.9197272468348,833.2468778920677,46.759336996970724,372.3203637413003,891.6387979138617,100.33539811364383,377.8944991926055,893.4648561464162,-122.96917603141792,543.7172421926224,704.3245887307419,-81.99663882461067,655.4497831950521,435.0027231540049,-118.95680783404059,608.5766579359369,313.5646352453495,-71.38486141126579,671.698355341293,69.60346242575935,-11.02850874818754,613.1036175241235,33.649989759940595,-24.184450693584818,870.7023150133102,108.57483419526734,228.51922463030112,482.2534784595483,664.2709500862416,182.28410114790407,426.99663001945584,400.77997875397523,207.9154217640598,356.78255103855776,315.7125467993785,126.88293266726245,265.47692077929713,71.77750473090505,74.93437395979831,198.45821750458595,47.18658518542666,99.13542266996323,460.64786944996666,53.35747860921581
independent_20260430_173541,trial_001,subject_001,1777541741.7320251,1777541741.7320251,264533.3413014,1039775,001,0,0,1,25.200326016371985,602.9225303927042,839.6291620842816,112.09029169969148,599.8406963821064,832.3024012573734,44.96107776246163,373.58861446542426,891.0716931214598,98.46067677594203,378.98237148824904,892.6412992236652,-123.52761590386915,545.2233686935213,703.6574698205817,-82.66831549050269,654.5931434003645,433.577920682735,-118.9715813366769,607.3491536410467,312.3125943233757,-71.31244413499529,669.2623274592611,68.89180992332909,-11.102749469121871,609.8051412856448,34.43378281897915,-24.12285623860076,868.6776682027839,104.28993462382077,227.28282856186783,481.9626405896878,663.4424040243803,181.0131880982453,425.60274419263146,400.2659065049793,206.81226191099464,354.7177952469134,315.84661934595465,126.84262771410316,260.80966114088244,72.45126917631394,74.68945178604638,194.04210853925562,47.604036004289355,98.84866723491652,456.06690680396235,53.19914805562874
independent_20260430_173541,trial_001,subject_001,1777541741.7378397,1777541741.7378397,264533.347017,1039776,001,0,0,1,24.499311989219922,604.3980125974691,838.9130807309015,111.35365896799856,600.9174494521985,831.4471655951365,43.04651959435797,374.8960359058756,890.5457434296701,96.75032999237403,380.0695134758541,892.0509439447375,-124.24652843251137,546.5475121668029,702.9773934587726,-83.88627819945812,653.9161449430553,432.3884567676189,-118.90628518632684,606.4278929191162,311.1034295850601,-71.44562330920094,666.6706287617689,68.33031124694405,-11.207096832139154,606.5025491501044,35.232002011456686,-24.09497383467187,866.8965504673081,99.4103338525441,225.94405901468767,481.9924399452681,662.7093701373651,179.54758969180352,424.482688013751,399.7760536746271,205.67338247450465,352.9744930784693,316.1357733586906,126.20234850712039,256.6316677534584,72.89135227900883,74.44687866510098,189.51454525095465,48.035043081041046,98.75697166480073,451.59740051801185,53.191731585619465
independent_20260430_173541,trial_001,subject_001,1777541741.7484288,1777541741.7484288,264533.3573851,1039777,001,0,0,1,23.3339372815312,605.1109771264216,838.3652933891933,110.57043074991363,602.0918130511991,830.7443390113642,41.40418637351974,376.38553589164684,890.1629811645013,95.27920241444902,381.32177746863516,891.5045710200874,-125.12645792892457,547.7498720744097,702.5292362828898,-84.99213829465539,653.8143740654674,431.6024057645749,-119.3252678294445,605.7783589735503,310.23205244186994,-72.66945995933948,663.9861309290529,68.21393165670013,-11.366204344935408,603.1073087580505,36.26566362505268,-24.367005859443992,865.0074613316502,94.55231851414668,224.51872325180224,482.2494063476537,661.8939980753225,177.96228457406247,423.6524599980332,399.37264903721353,204.38295149768246,351.35648467045314,316.44228441709606,125.77687141272398,252.54591693500973,73.57780707902936,74.16422921470863,185.18694679167547,48.57723494764069,98.49437354555945,447.1505652391981,53.07247202557328
independent_20260430_173541,trial_001,subject_001,1777541741.7574282,1777541741.7574282,264533.3672592,1039778,001,0,0,1,22.48868011425577,606.6537266584921,838.0964691866321,109.84265068601363,603.8278276746311,830.4112848903734,39.78811553948681,377.9270260921384,889.7333510846182,93.54005208955368,382.76177123821844,890.8328214521453,-126.14206423899103,548.9676700126975,702.1130827869712,-85.80781397969075,654.2305416919562,430.9235585567421,-119.97188130152077,605.2398018978056,309.57809280033666,-73.25192355158728,660.9538109009529,67.34827953302583,-11.716893981099854,599.431065146152,36.936443319908115,-24.980081043812344,862.5439157890379,90.438144068026,223.06085798629357,482.7709768733176,661.2043579789029,176.3250921933855,423.0675810959056,398.97719024973026,203.07328555986018,349.91400794369264,316.83658791399796,125.42788850947422,248.7811365973077,74.3431832295452,73.59087423898792,180.71416552242235,49.74928974140262,98.20737119352299,442.82299741832566,53.03209482894274
independent_20260430_173541,trial_001,subject_001,1777541741.7679427,1777541741.7679427,264533.377108,1039779,001,0,0,1,21.624599787934,608.4517605644673,837.9546885680498,108.79846335853995,604.8429636192003,829.8038524540538,38.27841740946967,379.5271907587701,889.4615591398585,92.03120440853456,384.17700816235225,890.36261498658,-127.22181677560368,550.5422667885534,701.9449622747832,-86.62375288652629,655.1785555793265,430.34386731896797,-121.09684353535816,604.8118888283853,309.26616389180316,-73.92350748396255,657.6494580967059,66.6759841144594,-12.151938512037578,595.7522598828463,37.47030445827965,-25.62303024469102,859.6819013212942,86.94728605625231,221.54410000415118,483.47918915953244,660.5542031045838,174.81615081149482,422.7335972944343,398.56660300528,201.91302590820337,348.7354043548658,317.32834867460184,125.00846907762141,244.85016171976167,75.20307144347326,73.59131284129828,176.84011821147925,50.73429606882159,97.98213266113171,438.51524339289074,52.87881144753608
independent_20260430_173541,trial_001,subject_001,1777541741.777939,1777541741.777939,264533.3872952,1039780,001,0,0,1,20.615078507287862,610.0708955946543,837.832235841125,107.80219668105794,606.3782719628718,829.5352610328831,36.90789031110135,381.0545266984314,889.1754367866147,90.7592979175428,385.62839953261425,890.0006821384723,-128.18181042314254,552.1997435733466,701.9283264934638,-87.82711148174641,656.1129413006747,429.74069526655677,-122.3672527651525,604.5118633620484,308.9911529165108,-74.74756146495336,654.1341663279403,66.02736052522789,-12.61408432381458,591.8903025393272,38.0265310396874,-26.200676559915998,856.678717540872,83.74368804143202,220.00127100124118,484.4140737565866,659.9825372475873,173.48345436940966,422.6675881730115,398.2229225224987,200.8238157038981,347.8915011593599,317.9040497590574,124.9152805725605,242.8606556197698,75.07157556164026,73.4802208485867,172.68699291490725,52.164289267077116,97.7168219255898,434.38994112890157,52.78395778756012
independent_20260430_173541,trial_001,subject_001,1777541741.7889416,1777541741.7889416,264533.3984263,1039781,001,0,0,1,19.557118039495837,611.8516516693367,837.9452650091222,106.80035912859736,608.2750880128198,829.5242106002448,35.63880770653335,382.71183412604626,888.9790421331908,89.44709797916073,387.10911303384455,889.6272798255413,-129.24090502834338,554.223113700974,702.2878704227165,-89.22657998712435,656.9777930124053,429.2167480988654,-123.90847271465545,604.2696130891509,309.01855542638395,-75.63797097811529,650.6545396827911,65.26339493495789,-13.00972816174624,588.0948240944497,38.70572785848845,-26.763973564738617,853.7078641299904,80.61945709079514,218.56795166600256,485.6157057062254,659.4496030257458,172.2022786397955,423.0478787132536,398.00223905527173,199.60978247218412,347.32216037637085,318.5630751371157,124.79248829073067,239.9621750157739,76.35869363311858,73.17876596479834,168.64067636445222,53.76261475698709,97.54098221949268,430.2784010871118,52.767952968515914
independent_20260430_173541,trial_001,subject_001,1777541741.797941,1777541741.797941,264533.4071266,1039782,001,0,0,1,18.45812399282325,613.6300828918522,838.2221627660184,105.61212858608987,609.5881606458719,829.3814401836885,34.46314578196718,384.3639910121219,888.7841809100402,88.0925856916266,388.67443215390955,889.349115847988,-130.28755990321628,556.6088639723977,702.8595343497719,-90.57976837740568,657.598886641606,428.74762247448257,-125.5859118628124,604.2394153070115,309.0322697570555,-76.52986409637032,647.1085137403728,64.57827757766302,-13.550575579610047,584.3780163090902,39.42024432389316,-27.395453480463104,850.7038794194362,77.65538770551481,217.11207271103763,486.9897141933475,659.0539741696193,170.86076727218918,423.8394230491754,397.75160927179843,198.6015297743744,347.29067174469674,319.3258794640109,124.1404429040321,235.5916327786575,78.94965347266752,72.90016606564218,164.62981779406957,55.97965422611028,97.3319991427265,426.07838862337434,52.55178037186044
independent_20260430_173541,trial_001,subject_001,1777541741.8083556,1777541741.8083556,264533.4172102,1039783,001,0,0,1,17.41789205019644,615.5608450226258,838.5964764454528,104.4737063466295,611.2413720545502,829.5331857606501,33.09760556846421,386.07483608310895,888.7065837416135,86.70865882030324,390.19892702830725,889.1468682955656,-131.26027015572382,559.1333497787139,703.6019008797372,-91.79019973117538,658.0818382640232,428.504523853784,-127.52393813817146,604.2889772201572,309.0622232458654,-77.01147093396956,643.5764532328969,63.74303528040442,-14.295219582705764,580.5836753174151,40.03667796302062,-28.14132268537588,847.6331588496242,74.60542544593592,215.60866046432125,488.47182642673164,658.7428165349818,169.4083063481796,425.1874876982732,397.51676582780783,197.44516386951105,347.5459536231529,320.19339119179915,124.12510883416267,232.7970956926736,80.67703359960157,72.86470762065306,160.97064918166922,58.61543516781935,97.19108358344972,422.3031089661684,52.414180253497136
independent_20260430_173541,trial_001,subject_001,1777541741.8175633,1777541741.8175633,264533.4271713,1039784,001,0,0,1,16.37305649537474,617.4001265401181,839.1385985363423,103.40858408867572,612.8691103318819,829.852251762194,31.699086582797968,387.78259120441385,888.7291703401823,85.30751210240011,391.78515945443013,889.0337873693637,-132.22451956206922,561.5341087212455,704.2381776450436,-92.97382809771794,658.4500630962058,428.2034934659581,-129.58500668139402,604.5715359145632,309.0837112222099,-77.93402289288248,639.8668612952259,63.38790454205206,-14.951430219170057,576.7935179443363,40.67930706242887,-28.731446421640253,844.4844126753599,71.81212754822924,214.10825080216605,490.06471320851705,658.633352546134,167.87097834991312,426.99152904844004,397.1759348222064,196.4023766925864,348.2890339576023,321.11126666263726,124.15789977003251,229.91456212173384,83.01806071490738,72.8379460740656,157.40717579065796,61.54596397819582,96.8810396688787,418.4261034859665,52.24233968671912
independent_20260430_173541,trial_001,subject_001,1777541741.8281002,1777541741.8281002,264533.4375234,1039785,001,0,0,1,15.354767237807025,619.3134704888391,839.7908399174144,102.3752928030636,614.5407595305156,830.3126049726255,30.194724316064832,389.51908910176473,888.7009201429804,83.94913972195725,393.37414521477075,889.0430101494468,-133.40187833435226,563.6417839852289,704.6905890033275,-94.21447879561717,658.7500052199363,427.8147026799234,-131.5062614979731,604.631362608171,309.0942961930424,-78.62281926636982,636.1803057720293,62.98591416904867,-15.50311967569332,572.9417529398887,41.208722862065954,-29.173301450344663,841.2079311153486,69.44820945199656,212.6525157479022,491.7279835674473,658.537728259831,166.39886223060142,429.313611893047,396.86332282799486,195.27682961206338,349.3479824567469,322.12511077341384,123.8172858374453,226.7369368215615,85.83295130249402,72.65764212723217,153.94236710823213,64.52331194076243,96.75402336718189,414.70161672996824,52.06598369742758
independent_20260430_173541,trial_001,subject_001,1777541741.8380978,1777541741.8380978,264533.4473614,1039786,001,0,0,1,14.433517772031399,621.2346966206625,840.4076056088438,101.42748558068644,616.2140233601524,830.9556259930378,28.557218892410045,391.24375116487494,888.9514553926857,82.43139895605421,394.90867034517765,889.2119271314862,-134.5600075824431,565.1672235697804,704.9615606491925,-95.3343347760691,658.7772348612975,427.31878698849914,-133.15524826164074,604.2803074790802,308.98531184994624,-79.31728552976158,632.4161199430972,62.814591918681636,-15.992878791105895,569.0223777916563,41.58841436546935,-29.316573414992213,837.6514241862635,67.3648137826278,211.18280662891794,493.49864166393724,658.5640128188088,165.2785455564898,432.0862619479355,396.6316995015867,194.2000092589547,350.83985336049886,323.1778090363471,123.88614147431632,224.43461903558898,88.50685193896331,72.70256026692019,151.0549303799014,67.82131080155733,96.51596291985044,411.0655813025775,51.85656481758347
independent_20260430_173541,trial_001,subject_001,1777541741.8481023,1777541741.8481023,264533.4572465,1039787,001,0,0,1,13.571216598438356,623.1198726308381,841.1180193204675,100.56948091169579,617.8005434134845,831.7075059494834,27.006817874657315,393.0069170689002,889.2436097506712,80.74820338588616,396.49764465116016,889.4739922539125,-135.69981577265835,566.4924400862981,705.0422295473132,-96.2819475672215,658.5150954313924,426.779291930937,-134.35456697906474,603.5518466546386,308.8549025683569,-79.94358250148197,628.54533527492,62.660522137372425,-16.26508894627259,565.0885197654897,41.81228920108705,-29.249185122161116,833.9369008386151,65.51326433342793,209.75010466899204,495.4716126806039,658.6471177816098,164.17673764261878,435.3083805668181,396.3511102129694,193.27870470815876,352.7876748942722,324.38868365336134,123.75723587369312,222.10444714327843,91.7497176939712,72.23061046784328,147.77085538353901,71.42144425862759,96.31407495049774,407.5899285783424,51.46059046667738
independent_20260430_173541,trial_001,subject_001,1777541741.8580983,1777541741.8580983,264533.4673598,1039788,001,0,0,1,12.750421999438846,624.8766685778102,841.8587288425622,99.75245110592779,619.3323965259665,832.5771282820052,25.191557711803398,394.6578034865951,889.5734124647583,78.86608892761842,397.87063565680324,889.8065158106647,-136.64637417473352,567.6557120509152,705.1084067645086,-96.89137884754092,658.1176945425123,426.2622568825444,-134.94617228757133,602.3807048939055,308.81772557354367,-80.07959186431168,624.5448295101871,62.62581902045073,-16.280858933454287,560.9764225798939,41.97369835294309,-29.076127604404498,830.0665736899878,64.13573508538694,208.2885755986705,497.57506022229836,658.8383050684546,163.09043706972187,438.9692372419515,396.03635373983695,192.42518780820666,355.07326949716327,325.72784907147405,123.67024885766403,219.98025171251425,95.26894508983416,71.83947551659296,144.65364835925976,75.15840881645025,96.16602840183619,404.3575630853155,51.192968858948866
independent_20260430_173541,trial_001,subject_001,1777541741.8713717,1777541741.8713717,264533.4802363,1039789,001,0,0,1,11.98383600804843,626.6118734601584,842.59110015235,98.95237380964387,620.8025195405129,833.5425658587934,23.440000257878808,396.44676670846803,890.1345841931716,76.99518625815469,399.39128042042006,890.3286512844912,-137.43920100512423,568.8318044544736,705.2122163749451,-96.99717735512007,657.5001794491675,425.8334708101344,-135.2247081783758,600.8570399608079,308.6857382985555,-79.73942434014889,620.2966349186695,62.68911558000111,-16.942341776666915,556.7070253219396,42.232693863813296,-28.973158859891072,826.0327654983546,63.04045380144275,206.8787403417772,499.85617752402896,659.179242620011,161.9808719266949,443.1631148851645,395.8235907852131,191.62024042564354,357.66957174284875,327.2460056405448,123.71056255528235,218.57480576787398,98.92830647482792,71.7062417581636,141.90491696933694,79.1593216677996,95.85672797516443,400.93640595666716,50.744339495065745
independent_20260430_173541,trial_001,subject_001,1777541741.8776424,1777541741.8776424,264533.4872762,1039790,001,0,0,1,11.173127724942919,628.3791412856997,843.4569280236357,98.1469407275074,622.1525235908357,834.6233234563957,21.542961863199956,397.9851606327274,890.6868637262783,75.08731817195563,400.66991563414416,890.872462640359,-138.08903666163448,569.8969233945105,705.435561184702,-96.80359936145864,656.5924463508352,425.51175491203253,-135.14905022369027,598.9612694763055,308.66856852290334,-79.69709762922581,616.117107037002,62.73949670267921,-16.988692288697376,552.462834391973,42.316120160029705,-28.970061486352947,822.0214677654757,62.25419193401015,205.51880973208503,502.2935663061728,659.5926553719218,161.26605331510538,447.75040942701605,395.61345205089106,191.0154967705488,360.5411855734751,328.9074412341229,123.40993400464589,217.17683663532452,102.79703204556094,71.46295697542574,139.94972330447501,84.47446806253032,95.787074654807,397.9948392593492,50.31073812133222
independent_20260430_173541,trial_001,subject_001,1777541741.887643,1777541741.887643,264533.497341,1039791,001,0,0,1,10.310075059699448,629.8938286486554,844.319450367953,97.27149791650828,623.4723410232103,835.8070865637719,19.837104692210236,399.4099283208971,891.4063732693352,73.48694438086213,401.88767129687625,891.4741750812766,-138.73997690648605,571.0950622051788,705.8071557095151,-96.76257669129772,655.4622940527865,425.3030512714762,-134.92135873256652,596.71830836662,308.68572526055647,-79.65360876958124,611.9063387725354,62.86457243189731,-17.153201319826948,548.1660563882033,42.2704471279885,-28.94667237677413,817.9157928600098,61.58606398714197,204.31710740730347,504.92986709252267,660.0452230993708,161.06741183750756,452.54598444863694,395.4119144199324,190.7695632597694,363.70187318541053,330.66678127415673,123.34273166114163,216.26387815696665,107.11117677431892,71.12412379052782,138.38213210491597,90.76133238967678,95.82952400699762,395.31450004390933,49.72073252138942
independent_20260430_173541,trial_001,subject_001,1777541741.9001596,1777541741.9001596,264533.5090267,1039792,001,0,0,1,9.491000196098206,631.5002796347225,845.3320414739601,96.39123210869815,624.7039843859218,837.0628398501103,18.130539217657457,400.73788411359646,891.9424023715387,71.89949835818251,402.99537411357943,892.1812246846555,-139.32677826453218,572.1601373845947,706.1656201835931,-97.02770512433142,654.0532566673753,425.0787517922049,-134.83472058003645,594.2363165167055,308.67889102343423,-79.69780746853282,607.7992612619246,63.01752344263517,-17.4133126140117,543.9844648818128,42.2347442048262,-28.86088525623717,813.7845869118194,60.99269564421676,203.1885712296478,507.67587000539453,660.5713865141896,161.355231013279,457.56722176465865,395.3583433445109,190.80048708629278,367.20128077107864,332.54767630594176,123.33288924125895,215.70957446054368,111.50350288789429,70.8532545690734,137.26976682079257,97.3880240972513,95.80876205225735,392.69816425979985,49.19810123875745
independent_20260430_173541,trial_001,subject_001,1777541741.907683,1777541741.907683,264533.5173737,1039793,001,0,0,1,8.614894424738209,632.7776742877666,846.3242487395739,95.51849022770986,625.7818819997589,838.3967734694768,16.83063596263104,401.8822498016425,892.7530458085705,70.46704287928605,403.95872566503357,892.8649584431859,-139.98000410198443,573.2389155079791,706.5701874378615,-97.59068733468025,652.3171647124291,424.6707199396038,-134.8265230222809,591.5169664238283,308.706217101699,-80.31590403838369,603.8272491130795,63.11899977696233,-17.571932635566966,539.7060071878049,42.30877726423808,-28.779569315766928,809.6139488574894,60.53909402025733,202.3348602926882,510.51960897883527,661.2033059090961,161.85576393143145,463.03056046991145,395.3422746052581,191.01289425219298,371.0894752534826,334.5792986323464,123.39847673520349,215.42514250816555,116.35281134147185,70.59885473638981,136.5555535814581,104.93319041728331,95.86791561562087,390.3416672229902,48.68636760289332
independent_20260430_173541,trial_001,subject_001,1777541741.9186978,1777541741.9186978,264533.5275931,1039794,001,0,0,1,7.786792514512864,633.9726020616588,847.3777682060553,94.65345162989188,626.7000276008479,839.7308119125041,15.288820306396763,402.86894452659743,893.4299252105508,68.99849254065614,404.80927359713957,893.5877685652847,-140.52112872642928,573.7906565326074,706.8399212735715,-98.45498777270608,650.5015509766109,424.235013960806,-135.05057561161664,588.8140452049869,308.70528607301975,-79.83731469797915,599.4125677398497,62.96520891733782,-17.7761051202664,535.4761665406627,42.34313993092035,-28.89235875075299,805.4044713867384,60.1692241871729,201.64589417791845,513.3795980551688,661.8772017429673,162.4885468494468,468.92297091909086,395.25977198831555,191.2330606729665,375.33450189074614,336.637427478966,123.58223850185934,215.57361549197378,121.52558999378938,70.49106967003503,136.9223804315758,113.1274215534248,95.95425375738746,388.2657553344644,48.18165183326797
independent_20260430_173541,trial_001,subject_001,1777541741.9282076,1777541741.9282076,264533.5373899,1039795,001,0,0,1,6.9464583377346445,634.9139708992922,848.3205824244675,93.80694906298167,627.4686815081133,841.0669613233993,14.146029373379609,403.73980456233795,894.0661318823843,67.68217319410452,405.49969397412985,894.2065773825658,-141.09045620751579,574.3007973512345,707.1140867567003,-99.0825347421702,648.931641477924,423.9736350186462,-135.5900478969654,586.2483665181954,308.71140203561407,-80.2047547225833,595.3445978131284,63.10253234457293,-18.010879908770296,531.2931730827777,42.49027866569773,-28.98319667120885,801.2387499903465,59.92048864310559,201.092693277098,516.1348836692883,662.5578088059088,163.34232333301648,475.1988249820715,395.3031199585058,191.6308478986493,380.1177872836187,338.8864299694485,123.84277310921141,216.39993145513,127.04669285288155,70.81756580737007,137.51556196402134,122.30734718631842,96.11215519671201,386.2336429939436,47.611074709102574
independent_20260430_173541,trial_001,subject_001,1777541741.9382083,1777541741.9382083,264533.5471514,1039796,001,0,0,1,6.163660575942556,635.7277189133912,849.1305344018002,93.03855472697256,628.0272869894316,842.3390562554209,12.725918189531171,404.4538428178893,894.5817245748227,66.34566570648059,405.9698600571373,894.7898269111392,-141.87036686232952,574.5425026031602,707.3470958546343,-99.71552301927854,647.2746205809163,423.6167818034367,-136.48610289566878,583.8167914237345,308.6387228611827,-80.98580907482054,591.3357134925385,63.18891362728509,-18.324507980220346,527.1412948041577,42.526694316688655,-29.232022171615863,797.0743606303632,59.780686447787495,200.7562359335107,518.8396051988271,663.3072422009955,164.45887656348975,481.70338436010695,395.45034007912625,192.01999011079567,385.24126476391604,341.14186407438433,124.10533731686402,217.3046980900438,132.78680481457198,70.33800914574407,139.16711242702567,131.54443861213645,96.53758470103386,384.3917927032034,47.13372902321105
independent_20260430_173541,trial_001,subject_001,1777541741.950639,1777541741.950639,264533.5595191,1039797,001,0,0,1,5.409186665893441,636.222430309456,849.8981253062489,92.2629769520572,628.4155992028694,843.5275831634669,11.520630433647502,405.0465357381163,895.1631292983745,65.10078518431324,406.4543494525404,895.3496456284491,-142.64209547226173,574.5878293961656,707.5440779327972,-100.48114585558682,645.419461938656,423.2624926288179,-137.58838705158848,581.6429089283816,308.56480201759547,-80.81843886549163,586.9180943924098,63.009989595222414,-18.711762798023166,522.8828121859555,42.572494910048654,-29.466305399680156,792.8854596942373,59.53742334224072,200.49050898781806,521.4705250857243,664.1365728274911,165.76626264248983,488.5118823283529,395.722877609897,192.6961230007976,390.6983240712107,343.44122928503646,124.6321676832656,218.67733609240307,139.03248117127464,69.77358216556513,141.38085723244114,141.48845683667062,96.98119600834828,382.7867229596676,46.63528867386947
independent_20260430_173541,trial_001,subject_001,1777541741.9581654,1777541741.9581654,264533.5671484,1039798,001,0,0,1,4.688462583683588,636.6466705319499,850.5357575831599,91.51084350780718,628.6277964372299,844.6386993233249,10.015134414199993,405.37827564095915,895.528400318294,63.81995119049324,406.6499878318808,895.8716657907264,-143.44830607149453,574.4009780223134,707.7118868385712,-101.54053391149473,643.5764865780543,422.8085522361205,-138.81107873022023,579.4790580822406,308.38135225113473,-81.09401648972677,582.7484224159828,63.00468094666118,-18.99458819893161,518.6850751368437,42.67932154828961,-29.718030763842954,788.6693207348874,59.391221871417024,200.38873930542638,524.1220413579973,664.9949482703971,167.15032110806297,495.4175115913665,396.0767792485443,193.45106700367856,396.4448733991369,345.8923453878108,125.07282072020185,220.28720079053,145.12988012454446,69.17283228524832,144.58601513416437,151.49040454778662,97.50498959692588,381.67822455905946,46.27258738818672
independent_20260430_173541,trial_001,subject_001,1777541741.9681647,1777541741.9681647,264533.5773415,1039799,001,0,0,1,3.934759890845124,636.8380379153782,851.0898854838999,90.76687121408068,628.6411486789546,845.6949537333215,8.767278927023241,405.644565453628,896.0380118980247,62.49010726341353,406.64202016718406,896.319930399152,-144.27467868775855,574.0263129073949,707.8261920549285,-102.59239705444328,641.5333923778436,422.41708445331824,-139.96328841366196,577.2373596329703,308.2173807453345,-82.0844933540157,578.8261298259513,63.30036148719093,-19.215754800592933,514.4832807538421,42.79548494424372,-30.05475548021917,784.5381812967119,59.196302265184734,200.3201755463496,526.7577944970378,665.9193874340773,168.74906100649753,502.37141274066937,396.58154087247704,194.21031162199475,402.28333589101885,348.384429981941,124.9540715084694,222.39858695022923,151.07547528722463,68.27741840283193,148.52321843293194,161.94481326311572,98.25966784432791,380.6797169966087,45.886068865557725
independent_20260430_173541,trial_001,subject_001,1777541741.9781687,1777541741.9781687,264533.5874354,1039800,001,0,0,1,3.1339124297078116,636.782602465173,851.5625273268088,89.9831769451889,628.5085405316911,846.6337786269155,7.408414375998929,405.76470819429545,896.3590835576631,61.21358894029248,406.61132142519136,896.7487345141916,-145.29579139562955,573.5496926339415,707.8507788442756,-103.47598203675813,639.4452260069903,422.0021065455378,-141.0840562288101,574.9656121367525,308.1127035072384,-82.44502446081022,574.645806116797,63.40669465201421,-19.642271673927425,510.3762377958556,43.009254735788254,-30.36677225678089,780.4062525703521,59.00668106618714,200.4496170198416,529.3739461512139,666.9041481594145,170.39165975321464,509.2687054231529,397.22575679500534,194.97791079300265,408.16576768032155,350.90173625390787,123.97481019805505,224.9925201231373,156.59952722571884,67.34623846004648,153.71011887104103,172.65977252411088,99.2382051377281,379.93799929734615,45.28076582169568
independent_20260430_173541,trial_001,subject_001,1777541741.9881728,1777541741.9881728,264533.597218,1039801,001,0,0,1,2.305718537955797,636.7279709335423,851.9673970366508,89.12101812144955,628.3840415966303,847.5286300201507,6.146706324937384,405.6560376091753,896.6801689287316,59.77757287158015,406.4819678164323,897.0820863660313,-146.0855281545854,572.6617055210224,707.8775860105463,-104.39267235378924,637.2868607693226,421.65136453406626,-141.8046253728618,572.2263375718115,307.976375539504,-82.0746002587241,570.3219339340513,63.20611042130742,-19.859490973647812,506.20015727145653,43.11985655212173,-30.540460641014736,776.2291045476555,58.80904639883369,200.62563459954387,531.8744312817349,668.0286074003016,172.14065579986112,516.1302694142945,398.0339038393456,195.7737082424626,413.9525435871956,353.5520849814497,124.36809247804939,227.80441526794007,163.54388220767908,65.80671824339711,159.33949459032812,182.81366999630768,100.26905719972505,379.037378612575,44.6154521932376
independent_20260430_173541,trial_001,subject_001,1777541742.0013325,1777541742.0013325,264533.6101997,1039802,001,0,0,1,1.3366456295747688,636.4432395910736,852.3004127034582,88.16825766082896,628.129354000337,848.3730060087404,4.895703817409913,405.4829611016793,896.9504444232776,58.6094060563267,406.1654582480281,897.4731459021084,-146.976113988741,571.6089215554811,707.8427429651009,-105.10995438223266,634.8567083682965,421.28533798039047,-142.50075720711106,569.4188544857642,307.95008206970437,-83.00430024639725,566.3691788900338,63.52896633365755,-20.130425572895536,501.98235663950607,43.138069748338374,-30.84526620609638,772.1102011534613,58.6804946234942,200.9213713116136,534.2445521255418,669.2916701135789,174.07460294784536,522.8464563949192,399.11068897611017,196.64542785483965,419.72331934303065,356.32627689374794,121.93328195295639,230.671340817181,168.02548144794943,63.73881301232899,165.62655188472561,192.1181631637452,101.81750503021392,378.78679288525734,44.30408199377567
independent_20260430_173541,trial_001,subject_001,1777541742.008032,1777541742.008032,264533.6173201,1039803,001,0,0,1,0.3026756050091044,636.1212910234964,852.594607044263,87.16904873001792,627.8427620385372,849.256426020348,3.7000696543022342,405.12053675506286,897.2303141632243,57.29515293751414,405.8725461363295,897.6984408274842,-147.77812634191432,570.5309679217761,707.7582886291474,-105.95647173276987,632.3150828211784,421.0007234334646,-142.83604372079793,566.0109862497585,307.80575703208456,-83.20354490376467,562.2107759974289,63.67383135494718,-20.42019758092859,497.69539070306905,43.22783883283566,-31.082176693101463,767.9015061082172,58.44946794143081,201.26357433609806,536.484793647511,670.6448087299427,176.06499375370515,529.392341490224,400.4494847731726,197.45888921476055,425.353665107874,359.25830371698277,121.29579026581428,234.7827127237074,173.43836430933808,61.00897122465746,172.4776120015711,199.33448197549794,104.12277035629539,379.9860084500901,44.7987872875985
independent_20260430_173541,trial_001,subject_001,1777541742.0175598,1777541742.0175598,264533.6272767,1039804,001,0,0,1,-0.7731159172063505,635.8025124687081,853.0045070307722,86.10457395941815,627.4551088592264,850.1655516169932,2.6410055330458637,404.77776259786515,897.4607433620279,56.29978168130686,405.409792431129,897.9983643450433,-148.58141636832485,569.1676283217624,707.6678512571274,-106.64136058691989,629.4717271083384,420.6949790019994,-143.0851637430567,562.424902667238,307.78825066265387,-82.56989031995553,557.8093652950797,63.47061836497058,-20.5092981304466,493.4683417602486,43.24937293788019,-31.29015073305314,763.701537387936,58.29228808077232,201.73096729441198,538.6562700059437,672.1008429712247,178.10698918288574,535.6526159428719,402.0198062679113,198.20167531812845,430.8098640544914,362.3022938228126,120.12954367546033,238.8945113818968,178.06673398154933,57.994862710705924,178.54365405204854,203.75136442744594,107.68483992385903,383.03023975435366,47.153231654364
independent_20260430_173541,trial_001,subject_001,1777541742.0286558,1777541742.0286558,264533.6375487,1039805,001,0,0,1,-1.8516280085603367,635.5096616522876,853.4685082084688,85.03824504458973,627.1578128871238,851.127612571981,1.677183946847142,404.3336796282808,897.6816121193871,55.25271478540746,405.04084284573605,898.2342195030216,-149.24563258076884,567.8437380967455,707.5274189001686,-107.45918849765388,626.6446457654127,420.3499774834917,-143.32796476234446,558.6527918872653,307.8304917150597,-82.66341183946011,553.5819599047853,63.49943136455747,-20.815284533861664,489.2146934083845,43.395554863700085,-31.56789015700809,759.5379861483959,58.15112435932878,202.31532265073602,540.7392825551765,673.7601376535151,180.30861970828076,541.6210513535055,403.8125837835353,198.82302445803626,436.0078490564411,365.3070389659003,118.9556199434134,243.77081399125032,181.89464198117514,55.13206581528149,184.54353035534763,206.39459689389875,111.22735666205762,388.3685950724786,51.078341614272055
independent_20260430_173541,trial_001,subject_001,1777541742.0376592,1777541742.0376592,264533.6472232,1039806,001,0,0,1,-2.994367011654418,634.9881038160274,854.0462165207557,83.97140723106452,626.8423354781621,852.1701608355539,0.773410688425572,403.8621198492957,897.8974029253872,54.358888147274726,404.5100922950765,898.5782557648175,-149.87946168216084,566.2834274938585,707.4854354194096,-108.26966622351459,623.8860207124278,420.0523665299602,-143.52843910071638,554.881223618846,307.85328921848287,-82.7482546240562,549.3801321371777,63.482934095413135,-21.06399029962452,485.0262287878778,43.37586712844709,-31.729076695924594,755.308245565785,58.02763467881797,202.92059970820503,542.654936567792,675.5772184363689,182.47902423062018,547.3079734187262,405.83558421955416,199.8559164894464,440.91102846313845,368.45370673795827,118.04358942338067,249.62607730314812,184.8647618596763,52.31828709773592,191.51748105391232,208.64230168883222,113.96757841249661,393.68512063181197,53.877458574106164
independent_20260430_173541,trial_001,subject_001,1777541742.0486665,1777541742.0486665,264533.6578117,1039807,001,0,0,1,-4.029060605710478,634.5543473724197,854.5787703212436,82.90492515060788,626.4678934217146,853.2539167619345,0.06838320375555434,403.205322889717,898.1173148908516,53.64404807328266,403.89927369281884,899.0217774977739,-150.46415219188899,564.8519600290826,707.4381148068001,-108.88705550105423,620.9441019024474,419.78397525781895,-143.7375568435988,551.3526933830676,307.9144738333923,-83.58338607559175,545.3650752986949,63.83817097806217,-21.098949911720155,480.7547548686005,43.5735192903994,-31.952011645453737,751.0491442773975,57.922208591626436,203.54592519947096,544.3701657132325,677.5718654738685,184.70451579162724,552.7828972465649,407.99050240777063,200.30449482332398,446.02474976570636,371.0489569688484,117.0191643359612,255.979910152794,186.82700251159108,50.34970518701719,198.87697595505773,210.06132255493708,116.96068867209586,400.3734272029326,55.992964466229886
independent_20260430_173541,trial_001,subject_001,1777541742.0576572,1777541742.0576572,264533.6673901,1039808,001,0,0,1,-5.137064877728043,633.8819361705449,855.292315857341,81.8705231206686,626.0940446723159,854.4611494020004,-0.6994819845873114,402.55535635058925,898.3757396542285,52.81424334654945,403.32723983083224,899.3581826858955,-150.87881450542838,563.069357406547,707.3107582670995,-109.36182195408723,618.0559835035378,419.61156728281367,-143.94855286909416,548.0105664240548,307.99276595261216,-83.68509326260981,541.0980202152401,63.93439296558416,-21.13811152396749,476.5342984191973,43.65748262499436,-32.13185853376126,746.8219290327006,57.831815744044306,204.16235641816408,545.8553255900702,679.5868549686011,186.81291140667497,558.0491675576827,410.17836445779096,200.67409234349373,450.993889991914,373.16750312892395,117.49962778465826,262.444652279656,188.9053050988307,48.86016001894453,206.42893516040505,210.06035836033678,120.15859128039506,408.20636530987633,58.11514831662949
independent_20260430_173541,trial_001,subject_001,1777541742.0681741,1777541742.0681741,264533.6777788,1039809,001,0,0,1,0.0,0.0,0.0,80.8577000716472,625.6518477083032,855.7269442930741,-1.2660874842272272,401.8641806349645,898.7776092767907,52.119549516040415,402.7544131092519,899.8735210335959,-151.43224667495707,561.5446467231022,707.3210794355219,-109.68377017548461,615.2036396289923,419.42045334448375,-144.23073649889855,544.7933904736557,308.0366894445381,-83.68206837408748,536.7715281532735,64.00390809569888,-21.433867899515242,472.19708746679015,43.93132963590566,-32.3313521257795,742.5060516682902,57.713640748121875,204.7012499456282,547.1182701748651,681.5253194729114,188.8037738439511,563.2114716352435,412.3599168602613,201.27962600461865,456.0950071868085,375.04141933922136,116.94764296420233,269.79640261341945,188.99373897230086,47.4381014739043,214.26686155105565,208.55990335724513,123.27529557235307,417.05157427638716,60.21350326357477
independent_20260430_173541,trial_001,subject_001,1777541742.078173,1777541742.078173,264533.687396,1039810,001,0,0,1,-6.789352237642246,633.3702128657956,856.9371076350898,79.92687507163932,625.1539738660875,857.0230532018483,-1.8803174857079354,401.10855594570467,899.0632907098387,51.47103927584937,402.0535862079665,900.4823272256696,-151.82867254840997,559.8873569925714,707.3186493410158,-109.91909042713,612.5712132909746,419.3087340234462,-144.57069890695837,541.6571024024613,308.24459894606656,-83.87473324005737,532.5933104893767,64.10891611784267,-21.50213940651775,467.9445152157523,44.090263401325124,-32.49139828516856,738.2831571322362,57.70597051063963,205.30985636087635,548.3507531938873,683.4372168414168,190.6073659048087,568.2229252260101,414.5333133424561,202.05196903894463,461.03418432005475,376.59203134316,116.67052685521054,277.69303888662046,188.19185217426562,46.32887983433915,222.46479484456714,205.74918312583281,126.2587934294946,426.8847402556918,62.22983105347938
independent_20260430_173541,trial_001,subject_001,1777541742.089173,1777541742.089173,264533.6980923,1039811,001,0,0,1,-7.719537769598408,632.5680975930517,857.7373915845768,79.02296397512119,624.5235857422268,858.2611431225217,-2.512187158002715,400.3193874572995,899.3924036073031,50.99418514731282,401.2668753779288,901.0624968704361,-152.21889729930007,558.2558303076354,707.2274199906589,-110.06975935519895,609.7703912889685,419.1199927549437,-144.83217031505168,538.4821092050823,308.29545130098825,-83.39125112100025,528.1332569887027,63.98202577452998,-21.866696281982886,463.61364785195883,44.175268342890135,-32.64954561210669,733.9303092956037,57.68765425133811,205.79572314376531,549.4943628844169,685.3448998022213,192.2121991570579,573.1054222577818,416.6570810007483,202.82194971137923,466.07864357962626,377.7145137398553,116.65960619047345,286.08833101223775,186.36998969180834,45.68844554813763,230.84542179230039,202.32725443868284,129.19932160061168,437.62687476858724,63.68868123168756
independent_20260430_173541,trial_001,subject_001,1777541742.0977445,1777541742.0977445,264533.7075603,1039812,001,0,0,1,-8.603189493459618,631.6841025789569,858.3933020655851,78.17032244389851,623.7828229597696,859.458135515947,-3.166469132666212,399.454646961559,899.6787197559061,50.3747569488937,400.5361411389143,901.4853691744611,-152.62977596605154,556.9003100531411,707.2428047054859,-110.32105419918469,606.7543422493679,418.98331343253074,-145.15532617255286,535.091536707079,308.4171607949312,-84.13996584452572,524.0138988965116,64.38385380174964,-22.002337786547237,459.29579291750684,44.30684990779668,-32.852386678866424,729.6863530130038,57.6553930581724,206.2732665131346,550.6327539666188,687.2566502352995,193.6203378039866,577.8360027515304,418.78753375345417,203.6573615339401,471.2058000511578,378.304510604137,116.86030538411954,295.02542148154373,183.68812626549604,45.727690865426965,239.95490898985037,197.12981689813262,132.09442891030065,449.01025467540074,64.62621853188489
independent_20260430_173541,trial_001,subject_001,1777541742.108538,1777541742.108538,264533.7174503,1039813,001,0,0,1,-9.397263191695062,630.8265336255773,859.0116263253008,77.36405608616012,623.0176766643658,860.5751508864433,-3.7281476794778965,398.5003518951242,899.9532546879632,49.82724387581548,399.66342917418103,901.9437319608592,-152.9186352371362,555.0635236108258,707.2610044262228,-110.62733087480244,603.8369881337911,418.7662383756303,-145.35541486821197,531.6572496445165,308.4629002281018,-84.19544596431959,519.62774269523,64.56690948081267,-22.139715924475876,454.9269555031559,44.38346174037516,-33.21344826031838,725.3352739260143,57.67379491008789,206.6901643148309,551.6574649500097,689.1000661635013,194.91673724718436,582.3879429232738,420.82386243763335,204.54952995265248,476.4607519308757,378.4370226256503,117.56028528638797,304.4691204950825,180.28376116966896,46.171301375257954,249.13641084287062,191.62011782695674,135.049684607129,461.22975196291674,65.39678470218706
independent_20260430_173541,trial_001,subject_001,1777541742.121404,1777541742.121404,264533.7304174,1039814,001,0,0,1,-10.12547331462196,629.8062271674283,859.5483017608382,76.63821006366753,622.0849003121853,861.6261361482507,-4.256142673936874,397.4918848884543,900.2118479686458,49.3340420947029,398.6759187534068,902.431153671104,-153.36189812761936,553.6493146144969,707.2701894331251,-110.99693434795212,600.6167229368558,418.59318705342207,-145.51410664096431,528.1022318882879,308.52536967370645,-84.23738124000425,515.3937046703069,64.61778770279122,-22.269485120743617,450.64747794556496,44.41524932934094,-33.382215698878575,720.9824036058286,57.61377393261037,207.07532116811623,552.5327305941095,690.8409307759446,196.1607367109175,586.8818013079162,422.8537111984318,205.46266430398666,481.7161765767412,378.09973657023585,118.39276956378997,314.333225286241,176.10466786385228,46.64126693649412,259.2214833794799,185.00840464689074,137.731722961599,473.7686586484809,65.56835765677336
independent_20260430_173541,trial_001,subject_001,1777541742.1278765,1777541742.1278765,264533.7372679,1039815,001,0,0,1,-10.780271991528894,628.7421566812422,860.0239989570392,75.96606313139472,621.1511644617786,862.5708689760415,-4.880022353820894,396.50313793545087,900.4424964949127,48.65980383855807,397.66416343647967,902.710770489277,-153.50561290386716,551.8440381281423,707.2119721341661,-111.2833977236425,597.4555745741256,418.3472193775261,-145.70194028027518,524.4518527734101,308.5712925830256,-83.80656784452705,510.87928868815936,64.41951811634159,-22.297238531233823,446.25993458305817,44.43782997927075,-33.45634113057429,716.6180476533201,57.58395941402239,207.44017652140045,553.2879800608126,692.489516351862,196.9931076926189,590.9976608209362,424.5565366278979,206.57400927524344,486.94373655232084,377.37990613478246,119.72338713891843,324.63002107666824,171.32878191810337,47.56759200971843,269.5092462921681,177.8520711738317,140.91776144716408,487.297871725477,65.73196599770593
independent_20260430_173541,trial_001,subject_001,1777541742.1392634,1777541742.1392634,264533.7482128,1039816,001,0,0,1,-11.36951617161768,627.6571297386024,860.4443443955178,75.3872906942917,620.0288734191143,863.4258744950811,-5.431974046857066,395.4259062777702,900.6712080933748,48.13901832840802,396.47042724692005,903.0478294407915,-153.93396530348323,550.3487217815064,707.1807444452986,-111.52357521491956,594.1682282450442,418.1560401074934,-145.88854995557364,520.8574488312282,308.6093308266349,-84.11144781524516,506.29285408512715,64.3971461133764,-22.20755339904922,442.07861752942824,44.32239803583558,-33.69649225295808,712.2568415324934,57.615216845751455,207.80494424111683,553.9513874859158,694.1112854355845,197.88941150811235,595.0716317936377,426.4042743395252,207.53125862564426,492.1730839391427,376.3289246432034,121.16278882028618,335.51895936148213,165.81886110627963,48.774531550745735,280.1731577505876,170.17638509390773,144.14302244275382,501.15552379848737,65.49148582279068
independent_20260430_173541,trial_001,subject_001,1777541742.148096,1777541742.148096,264533.7572355,1039817,001,0,0,1,-11.895311778963038,626.348878997058,860.737459373362,74.83644807504407,618.881332182841,864.1797066295801,-5.942525756461313,394.28025379465765,900.8627644949992,47.56290257515949,395.3077313439837,903.3422462767214,-154.08704682193462,548.4082294565317,707.1133094064681,-111.80999814186829,590.955020783223,417.95481877615356,-146.0114730380182,517.2565912967217,308.5662138846315,-83.7223701600186,502.0406534445549,64.58377960710891,-22.350509792407713,437.73333617629527,44.410360173390025,-33.8581136743664,707.8970425274729,57.586641159947234,208.15444379899952,554.5395510485627,695.6237985923324,198.56622099591607,598.9106353119085,428.12468233895436,208.52843303778252,497.36477372143963,375.1772407121332,122.85681019882317,346.83494405403593,159.93408557171998,50.594144935000976,291.8062597736249,161.83425217072696,147.53615459519136,515.3105722806556,64.8975357371318
independent_20260430_173541,trial_001,subject_001,1777541742.1578658,1777541742.1578658,264533.7671016,1039818,001,0,0,1,-12.380435190421878,625.1676289809292,860.9676390376948,74.33822567860783,617.6193310584046,864.8410052600525,-6.337123273596836,393.0035913085453,900.9967849013719,46.904199635933175,394.2149224367556,903.5508044861721,-154.38286345678833,546.7280652099728,707.0434501981143,-111.91619468133216,587.7447709956475,417.65069312439743,-146.2059375488348,513.6940915423787,308.52740428741026,-83.75075771595188,497.55687245833013,64.88803178231642,-22.448722802081196,433.3023806492405,44.328042698888005,-34.22114237382946,703.5131202836155,57.622123473851914,208.53677791927254,554.99825949804,697.1316852303075,199.03607488553783,602.4187888604787,429.73244916447425,209.39377018249456,502.54273516893005,374.03780453332826,124.74748793266686,358.5685095254067,153.75659665707934,52.46478377333606,303.97986897464665,153.21131428265312,151.17623242683212,529.8315538363858,64.05360740051987
independent_20260430_173541,trial_001,subject_001,1777541742.167893,1777541742.167893,264533.7770942,1039819,001,0,0,1,-12.822631991445945,623.7980836817379,861.1075806218271,73.86427862809818,616.4235452180226,865.3847174374532,-6.87428185629265,391.7550488946731,901.0559748785109,46.67013933915235,392.8446132160369,903.836964538219,-154.54184750512934,544.8184806767157,706.9331939771287,-112.09407654211385,584.3776814704521,417.3137110878721,-146.357672921574,510.2544653593785,308.4101481542936,-83.45644540552975,493.00344617347304,64.61262529340797,-22.59418042199186,428.91778599777393,44.31172788412878,-34.36817225740111,699.1562489788371,57.60144214339254,208.8809178140096,555.2931323160141,698.4763235733164,199.5072959387157,605.7550937676425,431.44939706340335,210.14923109780483,507.4519892788481,372.9968787803697,127.03278366927654,370.88112146639475,147.35109650981147,54.40857130654099,316.630525061609,144.25653927374165,155.1449707946147,544.6703575035878,63.16138437428175
independent_20260430_173541,trial_001,subject_001,1777541742.1781993,1777541742.1781993,264533.7875201,1039820,001,0,0,1,-13.23751685524658,622.3736757918155,861.1585296282408,73.4180521191894,615.0183539126987,865.7955411355607,-7.056735236282276,390.40248877731614,901.1366921285022,46.16480727836014,391.6324077346639,903.9315948270302,-154.67281641541197,542.9176105132399,706.6489006471177,-112.22188105664493,581.3690443995116,416.9553133054091,-146.50695283059977,506.877289774403,308.2934088817222,-83.97339701253313,488.62619830982806,64.92149242669407,-22.620466495614174,424.53380989766515,44.26099825372829,-34.64483133769514,694.8224795380452,57.549307757491654,209.16830344399432,555.3894022592962,699.700079484635,199.9308440034712,608.7568879463591,433.2086271980019,210.6873064319189,512.0916616266086,371.79297269870085,129.22412852524062,383.4205825814795,140.74710431054086,56.504420733457884,329.8507491387418,135.33898830813084,159.31425564370122,559.7800607287925,62.377439549419584
independent_20260430_173541,trial_001,subject_001,1777541742.188211,1777541742.188211,264533.7970805,1039821,001,0,0,1,-13.65842362373346,620.9640533628897,861.2018950837858,72.99258907327754,613.8287998968523,866.1349747117116,-7.469575220445993,389.17379158672986,901.2133479703158,45.95424537787352,390.2105072476101,904.1456977421875,-154.82463102711284,540.9144565382535,706.4460961339572,-112.12644598300942,578.2656592515351,416.58298006610823,-146.5324412367834,503.57867561829937,308.0562300340826,-84.32129740563643,484.46855532343847,65.4724994198582,-21.087314164968177,420.28698338542296,42.59587737150368,-34.77418714457186,690.4844955516936,57.479308315280186,209.4678608032923,555.330403483635,700.7238694590366,200.33341914041873,611.4116232167162,434.8726610106426,211.27294561625402,516.661657207671,370.48400646437983,131.58915304701316,396.38328852308433,134.1303317559759,58.852057452222674,343.67244801576635,126.24017111788197,163.65148619708535,575.2019136972042,61.86091254469911
independent_20260430_173541,trial_001,subject_001,1777541742.200797,1777541742.200797,264533.8098506,1039822,001,0,0,1,-14.096884687073388,619.4634975365091,861.1049762570192,72.56173747759425,612.446533427504,866.3292914566406,-7.736016056239481,387.75343147655684,901.3179561434566,45.434452524183506,388.96173460012676,904.2276297220266,-154.96339424831856,539.1257409823253,706.1640173148114,-112.02889575731936,575.1993410819666,416.14722303627866,-146.68575005515822,500.3677324685728,307.91770633434123,-83.54908406617295,479.84534697808306,65.25462816375979,-22.79289896583887,415.15942576984037,44.09889042474643,-35.045099261722264,686.2039623574988,57.38487059089996,209.75494914238968,555.2029570663826,701.6859971357493,200.67154019714872,613.8219915061825,436.3420806944201,211.74728576726605,521.1322802963598,369.10322429960854,133.98443182622154,409.7027865162938,127.50813776575174,60.947728237541995,357.8875886123137,117.12043601128741,168.16139824314516,590.712150161913,61.54274533648289
independent_20260430_173541,trial_001,subject_001,1777541742.2073302,1777541742.2073302,264533.817294,1039823,001,0,0,1,-14.51931724456866,618.0733793285939,861.001164411646,72.11006736539898,611.1414429133374,866.4601795801053,-7.951931698180466,386.39873593727236,901.2340895110793,45.437443809977204,387.5600677742376,904.3218493456171,-155.03747962433283,537.338170500481,705.9006571853666,-111.82461487395476,572.2363575108742,415.8039634897121,-146.81132722242583,497.2682485922927,307.7649870764551,-83.65306147179876,475.71854019417555,65.64889538277386,-23.306368807527498,410.48376944802067,44.463322413851984,-35.19729483235358,681.9000662483838,57.264938566933594,209.9691708526988,554.9456421733214,702.5517637946039,200.9586958816261,616.1010565186104,437.7617261678341,212.35326213574345,525.5866347023176,367.4378312354495,136.48141645959805,423.26747512865273,121.04615168438161,63.30176803423764,372.4993873716215,108.32091589663135,172.6311705551209,606.3092818499948,61.53478498325388
independent_20260430_173541,trial_001,subject_001,1777541742.2184787,1777541742.2184787,264533.8274124,1039824,001,0,0,1,-14.99608643464432,616.6227304080791,860.8213893816637,71.63196223462629,609.8819822760771,866.5022318212617,-8.25475729141721,385.0942439955018,901.2126722314148,45.05781403543916,386.3555058548726,904.2181998999539,-155.11780787991546,535.418587052864,705.585581524545,-111.73679593638364,569.3458665974202,415.4549566762762,-146.81409129799846,493.8026758255111,307.47853868591574,-83.37075165900045,471.033312804563,65.46055132656714,-23.305497412446048,406.1232849192143,44.23658199658458,-35.37944340971956,677.5372632989483,57.07103854562555,210.1598721629199,554.5330145312113,703.1661680118839,201.14523969004958,618.1230240601666,438.9303680919901,212.94605001237306,530.1754274219948,365.3397484473722,139.03435222370592,437.2334892961023,115.00315924820772,65.59147710594632,387.4939538074724,99.82599825769546,177.0410308241707,621.8595822601335,61.58208530505335
independent_20260430_173541,trial_001,subject_001,1777541742.2280054,1777541742.2280054,264533.8374571,1039825,001,0,0,1,-15.454922413890355,615.3353137090302,860.6074249269813,71.14714386184306,608.6515898729892,866.4674334912814,-8.38666767949163,383.7569098105472,901.3268591024154,44.914968412586404,384.97889983107416,904.422517289222,-155.17255136638136,533.5406978448852,705.3340669925025,-111.59405764732387,566.3747354184136,415.0353627329416,-146.97963459045047,490.6951109788273,307.40390345106283,-83.37495232840028,466.7071233460312,65.55530199251443,-23.43935410830134,401.68432579024386,44.16946092381826,-35.64200910268886,673.1630850386434,57.01516880839688,210.25142236806326,553.9749513619407,703.7481312351808,201.23601949666033,619.9040247643408,439.97605929129077,213.56971042385038,534.7647178380915,363.2813253072062,141.6153647104619,451.36465607474685,109.13879445740865,67.83289725201364,402.77322354634254,91.77042979607404,181.22108824271248,637.4776911897683,61.84673594431976
independent_20260430_173541,trial_001,subject_001,1777541742.238012,1777541742.238012,264533.8471375,1039826,001,0,0,1,-15.921451112779764,614.0984661576965,860.3614896782542,70.69318220727101,607.446961972836,866.4132215224474,-8.666588432589908,382.4836569678684,901.1468818479607,44.71752133791818,383.7957220120042,904.3828323993175,-155.3229270019527,531.9031582756533,705.0083461599039,-111.59747639671806,563.5916944436141,414.63855595762277,-147.03781057498037,487.4104156765172,307.26213329300407,-83.41788466509331,462.2905868458604,65.83164337947501,-23.546311492940053,397.30002524634864,44.0817717704365,-35.81552486088309,668.8517776635197,56.94054843093324,210.34304415630396,553.3891644341776,704.2714321812603,201.30932028059962,621.5689131576668,440.9239740894117,214.47336884814965,539.2951353613279,361.44381571542925,144.3186078238305,465.64439068994744,103.78263676850906,70.34194519645237,418.129202064571,84.32017730781561,185.02035431649887,653.0534922865912,62.50833301871989
independent_20260430_173541,trial_001,subject_001,1777541742.2472608,1777541742.2472608,264533.8573458,1039827,001,0,0,1,-16.390089411080858,612.7858932096585,860.1061436207533,70.2437901839052,606.2270321178954,866.2875267248938,-8.854245193593385,381.1705974906789,901.2302479006189,44.59460755372573,382.7023127685412,904.4007792448839,-155.39626508896367,530.1882900137115,704.8753903976332,-111.60956530108724,560.6319938442423,414.2194557125441,-147.16689743717433,484.1192737080456,307.12796081479775,-83.467178408687,457.8401521703096,66.01643885916303,-23.637924573429604,392.8887225047105,44.11622894623299,-35.96692160385423,664.4868050455813,56.850816212514424,210.41399107548813,552.6416311496189,704.6617065989171,201.35063790872672,623.0785280884177,441.8037382526478,215.49973109893568,543.950078484994,359.33543258815564,146.8141019579619,479.8967189675313,98.52778354682246,72.64758706871262,433.7532110061375,77.33367589778248,188.44205754488766,668.6178541456126,63.862110841300506
independent_20260430_173541,trial_001,subject_001,1777541742.261571,1777541742.261571,264533.8708034,1039828,001,0,0,1,-16.807505006240635,611.5035505376445,859.8448166091989,69.83857565273996,605.0289030963302,866.1310128530205,-9.159128988856114,380.01804002568167,901.1995518341065,44.412087370153515,381.4514201748964,904.4736218692059,-155.49117774542526,528.5098333892835,704.6116584674036,-111.68787742572874,557.7729470371419,413.8844064584894,-147.4088548735864,480.89156194405376,307.10600836746494,-83.66529215237367,453.6887823782194,66.14712077017363,-23.89996857327632,388.3974664312613,44.30914936326897,-36.173096839419436,660.1309989855448,56.72937326949469,210.46611389002183,551.7597758803454,704.9231374242326,201.3853485705116,624.4428811298399,442.61572766754404,216.51828793492572,548.4305242259625,357.525924150879,149.3256343850754,494.215978723805,94.04688895806059,75.34723420658742,448.81639685924347,70.95982562626398,191.12320225593734,684.1391838000173,65.55794098391294
independent_20260430_173541,trial_001,subject_001,1777541742.2678535,1777541742.2678535,264533.8772025,1039829,001,0,0,1,-17.206430382731227,610.275881329576,859.5705715202632,69.43402794192698,603.9508816218034,865.9414671855383,-9.130578878645936,378.76693073766876,901.1970309033035,44.23501101898994,380.3801267366708,904.4901871457464,-155.704232867034,526.8263463942767,704.4072341848888,-111.86438098398045,554.985093526498,413.48328069780354,-147.60605837070497,477.4721759161589,307.04893186431485,-84.31098431921221,449.1246529495853,66.19858507917216,-24.15379254367638,384.33273877651754,44.04941186372902,-36.38735492738458,655.79378735628,56.70556731130107,210.49810948106807,550.7755672130351,705.1589254801625,201.36023085108684,625.6750929227325,443.42657409836346,217.47620816645482,552.9402606326885,355.92380792534993,152.06127545240054,508.64310755756964,90.0737878222015,78.10764751170376,463.69621368201905,65.38310411106913,193.25782383523446,699.4291685906442,67.81030666434663
independent_20260430_173541,trial_001,subject_001,1777541742.2788548,1777541742.2788548,264533.8877641,1039830,001,0,0,1,-17.58344707808015,609.0887794581957,859.3020548876835,69.08188058837351,602.8736813376108,865.7386648105175,-9.200011032560461,377.6906457405855,901.184656182475,44.01315053865465,379.2006227683002,904.5222052389254,-155.88060395972857,525.3013758121426,704.2012349497595,-112.01345003222524,552.1845876271715,413.1404932966404,-147.93997435984934,474.2818426575607,307.05682860592145,-83.77200137921037,444.91532144276306,66.12257184880386,-24.495938038479608,379.9841732357444,43.96839846624488,-36.56284701060147,651.4374130574472,56.62679742796311,210.57295587011586,549.6968348365577,705.2491033577487,201.1973746427615,626.6962055829188,444.07553143510967,218.38071230635856,557.2603643040337,354.39833586551237,154.3952599989265,522.7466602703622,86.57499940143167,81.00716386440527,478.39901024963217,60.33981514993306,194.69576398622027,714.6225606319522,70.68475521909728
independent_20260430_173541,trial_001,subject_001,1777541742.287869,1777541742.287869,264533.897253,1039831,001,0,0,1,-17.953524230758347,607.9175532064316,859.0512871652196,68.7031661534241,601.91700015319,865.5339821103794,-9.316030679064221,376.50784897843545,901.2287699606928,44.06836638833443,378.34627305334334,904.3837802294056,-156.0387439192318,523.5114491323783,703.9847660169647,-112.27865746052699,549.3332104660906,412.7605023625394,-148.23614092981447,471.0224773451562,307.0475065939152,-84.08334998049469,440.3201550036674,66.11215090130665,-24.65123383394778,375.6042939141496,44.12233815337093,-36.75342142885855,647.1355171520382,56.65206474785051,210.6459510144972,548.6129435205565,705.2963308118874,201.22717608971647,627.8924919968429,444.95760901446727,218.6355593742093,561.5896826001738,352.8135018352591,156.75529470414736,536.6300173004868,83.67208509281369,83.79681686231861,492.7599384905765,55.76937524836066,195.89805433484216,729.2139114770108,73.98860849127017
independent_20260430_173541,trial_001,subject_001,1777541742.2973857,1777541742.2973857,264533.907174,1039832,001,0,0,1,-18.329993073991243,606.7394821554178,858.805551439205,68.38609839145784,600.9028290205214,865.3566492165661,-9.143414522861718,375.39679563120507,901.2207294706617,44.053358309464656,377.2197651071152,904.3182155528881,-156.2437035095076,521.9191078122177,703.8500237385731,-112.50005458518493,546.6213343756601,412.46022911407454,-148.50596191985025,467.8451655562354,306.99875329560047,-85.05925618660781,436.34877045140803,66.84100654505073,-24.82561411813466,371.1976768864341,44.18424041758113,-36.94534819645249,642.7843355324361,56.579105430453026,210.70402454059072,547.5915440827135,705.4082158982454,200.98711666397443,628.7374936924517,445.50811257771056,219.497686191871,565.8673183760407,351.479457153998,159.17720751731864,550.3226977984554,81.35569941612668,86.32998426600142,506.8952959704445,51.7049511338276,196.83783284148146,743.2913850426157,77.68804920764794
independent_20260430_173541,trial_001,subject_001,1777541742.3096478,1777541742.3096478,264533.9193287,1039833,001,0,0,1,-18.71795231376304,605.5330847181917,858.6173185937813,68.02346528658116,600.0502551883337,865.1596975209698,-9.190542608720618,374.3906848400168,901.0876798229424,44.113804692954275,376.398567534875,904.3384683439917,-156.4806877364583,520.1397811567377,703.6087294728619,-112.68067671293512,543.8603246346587,412.16904376758345,-148.63404525799123,464.61610752899065,307.0327628958998,-84.57109416486182,431.68896555316394,66.5353461816355,-25.092329745960207,366.81126274592907,44.2337376523908,-37.17996815166059,638.4981234683797,56.50772082060566,210.80190273477675,546.6862281388275,705.5025625068972,200.81459059809953,629.6310099644475,446.14749811256036,220.71639313362274,570.0369741816525,350.68846020726255,161.15605350059133,563.453144777646,79.51798464345924,89.06567474967345,520.369883761641,48.488854644763485,197.71751581449053,756.8504988727277,81.66576508804538
independent_20260430_173541,trial_001,subject_001,1777541742.3181636,1777541742.3181636,264533.927135,1039834,001,0,0,1,-19.076100925856522,604.5770790826884,858.3805978491048,67.65969514047974,599.144659470512,864.9824510591422,-9.029521840519596,373.33752411649186,901.061311492724,44.157281905334315,375.40173749367125,904.1722685306987,-156.6895834062851,518.6252393132481,703.4910239214072,-112.8068307822565,540.9913255258816,411.85560575951837,-148.90592754662842,461.49400871950155,307.1036232109889,-84.59052384388342,427.57948371414096,66.6656303697305,-25.21380343579617,362.45600363467173,44.37224165574423,-37.36424730067341,634.1282077829552,56.409441184652984,210.89053829843147,545.9371774513385,705.6147270763939,200.5777165969426,630.4270956594719,446.73698849954445,220.91503203316185,574.0709355708742,349.37155392792533,163.02028103282268,576.2404079905468,78.0231000923748,91.20209041689407,533.664059870435,45.78461272617711,198.40010638364055,769.724218465215,85.42132623126903
independent_20260430_173541,trial_001,subject_001,1777541742.3286753,1777541742.3286753,264533.9375884,1039835,001,0,0,1,-19.445830234775944,603.4827776876731,858.2430469994706,67.34364438147567,598.3165246025535,864.8415237244166,-8.797269764685348,372.4246111272489,900.9601509815974,44.51160651343279,374.5475127052721,903.9683807443563,-156.77032832377196,516.9069495372264,703.3218517704215,-112.8698041005096,538.2744953522506,411.58976603844684,-149.01543688329173,458.12102801815684,307.12517506065774,-84.65476404358317,423.1392501845305,66.70329226371013,-25.4182039635179,358.0922290201621,44.52426827660274,-37.64493796036171,629.7517601062299,56.304619203395134,210.9750117523474,545.3298949474661,705.704327612847,200.34915785225058,631.1795125820743,447.3181182224163,221.51072018670936,577.8549983371955,348.5343541324842,164.8868515013674,588.5150006731616,77.10301669604094,93.21855077532892,546.4571923661887,43.78404728114437,199.05363882700362,782.069191921465,89.37801667226422
independent_20260430_173541,trial_001,subject_001,1777541742.3382518,1777541742.3382518,264533.947426,1039836,001,0,0,1,-19.804048219236428,602.5626112127404,858.0596929248013,66.99781530299404,597.522505792541,864.6774501047221,-8.838681357825694,371.52507315903637,900.6181647480958,44.40405202813608,373.7169054095719,903.7715620628546,-156.91347819400121,515.1912979377339,703.1076672527488,-112.95458699801941,535.38316713484,411.2880853865227,-149.2153095135088,454.7760067659333,307.2156060428003,-84.93073112785883,418.54406030137864,66.83511320214588,-25.668611663225942,353.7081268008513,44.48418137508326,-37.820476934409925,625.3184674019036,56.26321213682321,211.02979489946563,544.8264113103015,705.744118133033,200.14805538033366,631.9023799977191,447.9061806919212,222.17530522630696,581.4907807324627,348.01143953294127,166.27748460073383,600.2721009299366,76.39655818487181,94.96424282210972,558.6744339016196,42.17814439866591,199.64082196286586,793.6930445125989,93.39543934560356
independent_20260430_173541,trial_001,subject_001,1777541742.3482463,1777541742.3482463,264533.957202,1039837,001,0,0,1,-20.14124832330457,601.5734570762833,857.8857553164867,66.69948072131838,596.8238804610944,864.5604654062115,-8.52763560110931,370.5722181622907,900.4503210219269,44.74342765610437,372.9676314807242,903.5480922785316,-157.0453636376935,513.5829402567014,702.9340437026807,-113.20417781392497,532.3972144609904,411.0357255008615,-149.37497233876616,451.40753756065624,307.3478332578561,-85.69729834333576,414.08594149665674,67.1350337560295,-25.843976212557962,349.3813153518743,44.65847825380984,-38.03915752827326,621.0106735931068,56.25529626828604,211.08622078436528,544.4358844826417,705.7640954464099,199.91721423035418,632.4999783096798,448.41616664437026,222.49814808150188,584.7802037342202,347.3278456263207,167.7240652732749,611.4141326236451,76.21503242410965,96.51129313757477,570.4233810973394,40.954633668846206,199.99273547378638,804.7358059855721,97.67039874094836
independent_20260430_173541,trial_001,subject_001,1777541742.3625133,1777541742.3625133,264533.9714372,1039838,001,0,0,1,-20.467293637655192,600.7372631820259,857.74040219199,66.38605451813551,596.1986156864699,864.3937154878852,-8.061585689088727,369.7910046342324,900.3218205950792,44.90030054465304,372.3643307655268,903.3147129397447,-157.10474613450322,511.87003132380227,702.6969379439643,-113.49037600778158,529.4554177758145,410.7715178181303,-149.53642226855348,447.8295029604656,307.38223759973914,-85.18688549409731,409.9828934607541,67.05319355066428,-26.1002306226317,344.9391820512127,44.680633306066824,-38.26169729479657,616.6242996907908,56.23321135866181,211.0523424635516,544.118027683544,705.7103888230722,199.74818196570752,633.0854891845154,448.8852778255115,223.37765927210597,587.9466977507024,347.0914903564673,168.95524728201806,621.9356737506523,76.21136427085867,98.49087716600133,581.0973333702005,40.053271316897145,200.09701101134436,814.9492253287252,102.07214004384153
independent_20260430_173541,trial_001,subject_001,1777541742.3685365,1777541742.3685365,264533.9774192,1039839,001,0,0,1,-20.754665968590484,599.953816401562,857.5766419839778,66.14850329022724,595.626927526466,864.2677864898434,-7.821194697807515,369.04801514775085,900.0380146470557,45.42818522612526,371.7424732568707,903.0416739179964,-157.10289941119638,510.2495184844222,702.5815027672754,-113.7420140765426,526.3041830374696,410.4676295551072,-149.60892265989733,444.2687373622168,307.44236936552727,-86.06202849435785,405.4188661969493,67.35376760669426,-26.196238320178832,340.4878245883942,44.82654549345463,-38.37043401966877,612.1811354261717,56.048934017743804,211.015621147284,543.8559298809553,705.6265566376334,199.56208775856174,633.6788043848903,449.3179119718986,223.21021611259889,590.9561285503132,346.39708449718114,170.1426867626517,631.8806542306909,76.3291019560531,99.84172111157373,591.5024510942084,39.31812136741775,199.94242777199668,824.5352124480455,106.48682648525427
independent_20260430_173541,trial_001,subject_001,1777541742.3785317,1777541742.3785317,264533.9875362,1039840,001,0,0,1,-21.027559360125522,599.150904786761,857.3916756422913,65.9067332565357,595.1000167010938,864.109981492764,-7.435349614716468,368.3118438541688,899.8234130011772,45.8872645719156,371.07538802152885,902.6568712421918,-157.1549549016179,508.7016261221616,702.4078252860112,-113.90198081532921,523.2282622109011,410.1460028537517,-149.82732354323656,440.88865552639567,307.4531733477442,-85.77673690254345,400.8509091513173,67.15243367350858,-26.431103567891373,336.10002279003976,44.896562027192914,-38.64932996268183,607.645615681358,56.14958133879233,210.97029635712676,543.6503638363176,705.5295011115172,199.30452698958666,634.3321182320201,449.68273071129005,224.10208654269852,593.8638314190534,346.4760627529797,171.3920931583087,641.1660550017049,76.87980704317789,101.42416217723527,600.9947864585175,38.832129129879156,199.46539683755853,833.4806698592952,110.91624712935382
independent_20260430_173541,trial_001,subject_001,1777541742.3883958,1777541742.3883958,264533.9972643,1039841,001,0,0,1,-21.473351325281456,597.9486351643,857.043448146237,65.70861335010245,594.6568596484827,863.9033021618545,-6.924446709595469,367.63259807973503,899.506347999818,46.17996722574413,370.6666884812138,902.3978930491642,-157.14179678680668,507.0725964218968,702.1963385613248,-114.04761118682264,520.120147811677,409.8855818374875,-149.85502543730823,437.3532188622414,307.5661977675782,-85.83612392976235,396.4792663447613,67.30899655114814,-26.553705495286778,331.59613973579246,44.91041391875884,-38.85937382684716,603.1486398317248,56.098189513566744,210.90837702906245,543.5320773986411,705.3463379173714,198.99731368509637,635.0895586831443,450.0370767375953,224.3166118985351,596.7641148211017,346.2252324439975,172.38423339347855,649.7666546979649,77.21881613487622,103.04478133556123,609.7541954957751,38.27374589731819,198.63925472445874,841.6527468400288,115.41623488316293
independent_20260430_173541,trial_001,subject_001,1777541742.3974073,1777541742.3974073,264534.0072113,1039842,001,0,0,1,-21.395206975481276,597.7940506329589,856.945180777798,65.55664695305835,594.2490419671321,863.675137179941,-6.325956750072168,367.01776604848993,899.2333917892103,47.668236057319,370.17018999200684,902.0624831628768,-157.0380376212335,505.4711024378635,702.0093986613062,-114.14572833484105,517.1710574241578,409.71641990292403,-150.04678497612304,433.8058862495441,307.66017360111937,-86.57004371705547,392.43998292072695,67.67264310707684,-26.611750947225843,327.1386691130776,45.160130820437985,-38.99708655588738,598.7629154805609,56.08000291627518,210.8719930574992,543.5195610334266,705.1020995458374,198.6335470928607,636.0082775176865,450.34096112161274,224.73798064562783,599.7199681945651,346.0622558749151,173.51914461057206,657.7482673342597,77.91533996152054,104.62203422595128,617.88344531008,37.726721472321145,197.47372402538846,849.0583629897712,120.03739652122792
independent_20260430_173541,trial_001,subject_001,1777541742.4074092,1777541742.4074092,264534.0173207,1039843,001,0,0,1,0.0,0.0,0.0,65.48451965286218,593.9430095969436,863.4095633399309,-5.845417491512977,366.5808701931816,898.9883031368948,48.35711315520977,369.691345300883,901.7253900188481,-156.91949993865083,503.9853148414846,701.7287814875573,-114.14578252173294,514.055043333842,409.44022781479623,-150.07349406870017,430.12649558771886,307.71650733019084,-86.06773262344599,387.9795260250231,67.43301879810521,-26.857510782761587,322.7162519791732,45.14614134822782,-39.288466699769046,594.3936909183132,56.05403675435963,210.86941579599824,543.5570554865118,704.7248137140599,198.14299322943353,637.0852531880039,450.56605988439304,224.56822446412198,602.8500580044,345.67766767807626,174.66280345825604,665.0028808738529,78.64862960354202,106.40799236179728,625.0428455258311,37.090788206310535,195.809645522155,855.7489964214607,124.44314416490299
independent_20260430_173541,trial_001,subject_001,1777541742.4199247,1777541742.4199247,264534.029061,1039844,001,0,0,1,-21.618204595834104,596.481486802844,856.3237942834907,65.4250257195888,593.6367838089781,863.0950215702436,-4.952585387068563,366.11371883092113,898.7975469741374,48.72747966420387,369.41535924546497,901.4087043869114,-156.81804835038005,502.4985451412124,701.510313803207,-114.31325645469852,510.8289053591613,409.083163148238,-150.2822516046255,426.77200455452567,307.7944603328204,-86.14091371628646,383.56946276707305,67.51657288044949,-27.03780833916916,318.32704575440647,45.26566185690702,-39.49924865265797,589.8882387158264,56.072788531940155,210.94939626983677,543.7783728090984,704.2724197140069,197.5546163751169,638.3998678796801,450.75745224329427,225.52243611560033,606.0165106494908,346.04110368332294,175.57432306642286,671.4396631329025,79.18306976663693,108.39747346873605,631.4001185464309,36.40953396982937,193.75204596116802,861.7945170323063,128.43754204645964
independent_20260430_173541,trial_001,subject_001,1777541742.428445,1777541742.428445,264534.0373359,1039845,001,0,0,1,-21.664861705977454,596.0415937675933,855.9185720290344,65.38574369441453,593.3983619466161,862.7244702704086,-4.210363247137778,365.6152839790206,898.4450824419752,49.54340964880403,369.2501142874047,900.9551847141735,-156.73548270082082,500.9983080862541,701.2935782569649,-114.58547702653715,507.92782589149203,408.8186454070502,-150.34337800550938,423.1678457700536,307.78117266364654,-87.00874177097302,379.18578921511886,67.86662987624062,-27.311276792743676,313.8586094187499,45.36306875919429,-39.68550464953248,585.4902691365959,56.08467676583292,210.96859061922322,544.1328293911126,703.8545025301324,196.89571566955547,639.8926913553395,450.9378060031578,225.5445724744413,609.2674209199588,345.8239860480723,176.83066119537727,677.1986365357963,79.83218281366592,110.40912290680633,636.725997116748,35.86708018569052,191.34086696571845,867.2524326372262,131.65661354589224
independent_20260430_173541,trial_001,subject_001,1777541742.4374442,1777541742.4374442,264534.0471016,1039846,001,0,0,1,0.0,0.0,0.0,65.37779348449949,593.2832618795255,862.3087032739652,-3.43830345179236,365.2206946143083,898.071917021641,50.00399522576715,368.96417430548155,900.4313930603925,-156.5737878591812,499.5031751228576,701.0867306977254,-114.75166173904877,504.6962384471392,408.5047955681466,-150.44616969309195,419.68303546237905,307.90668430001614,-86.5321228005225,374.7962371928442,67.72634904844777,-27.510265341452357,309.4289935293954,45.50550031754596,-39.93657500450288,581.1745257147945,56.06424709735929,211.07170545778624,544.6462000613986,703.3770881712438,196.08166990516074,641.490874337457,451.0622258195444,226.1865787195994,612.601927413129,346.0882793979298,177.8568362169322,682.3597430877169,80.33263080047865,112.33429287217399,641.2323364376542,35.34520800642114,188.74421504404725,872.0463054420203,134.17452365670732
independent_20260430_173541,trial_001,subject_001,1777541742.4484432,1777541742.4484432,264534.0575529,1039847,001,0,0,1,-21.707970258194987,595.3158779411907,854.9312828410527,65.38954824322921,593.2324941992965,861.8570801081111,-2.3500209180846774,365.01029542231936,897.6564378183585,50.64650336292007,369.02533257699156,899.9341952227373,-156.4218071768534,498.11043302292313,700.8871472089377,-114.83437326844877,501.70601959222034,408.2905081418677,-150.5022442228547,416.2086724333831,308.0150380824787,-86.66862658274596,370.3080301645219,67.71816363380005,-27.714174354391094,305.0130110653403,45.62014328766916,-40.1788025352885,576.7116403030379,55.95266570100092,211.24900920847818,545.3259742032062,702.7878252759194,195.2795762063222,643.294943308944,451.1527161580599,226.37451887806145,615.8426325426167,346.12450543351105,178.71421877914764,686.8269385394059,80.76272449698853,114.27139673539772,644.8734894750619,34.89084126748727,185.9854608891947,876.197550458796,136.00658883555295
independent_20260430_173541,trial_001,subject_001,1777541742.4576561,1777541742.4576561,264534.0673654,1039848,001,0,0,1,-21.681408812745456,594.8563887380808,854.6910227401135,65.40215847861428,593.2758547928873,861.3608626463514,-1.611848555988637,364.8666658936556,897.1841479508847,51.31835564543969,369.02110352777277,899.3130891746501,-156.16619605610697,496.76094626262994,700.677309716238,-114.92425765712885,498.62921463342826,408.03219074460594,-150.54046133830516,412.6976977950506,308.12030927726914,-86.77938863346185,365.93919015665006,67.80202114927566,-27.977044618574592,300.5816152980959,45.654926962235194,-40.28717664751026,572.2503437491397,55.9624736762608,211.49624131509688,546.2000520342472,702.1810517292145,194.44432482071565,645.2389578473275,451.1386364041098,226.7958025231227,619.0363063902643,346.41000232571247,179.46176647777529,690.5562079132795,80.82147479775264,116.15393618374921,647.782894420985,34.389162648383895,182.9727395223555,879.702761393741,137.31231163058442
independent_20260430_173541,trial_001,subject_001,1777541742.467658,1777541742.467658,264534.0773048,1039849,001,0,0,1,-22.856917186474305,586.0813177074995,857.5846233008743,65.45788127979426,593.3946398689119,860.8684963350853,-0.4205214857812399,364.7686963480488,896.8004586130977,51.882866664868786,369.0621611174256,898.7347680037891,-156.0961614682953,495.3958267757959,700.4064342229889,-114.95383575826419,495.75267128044396,407.7711778367328,-150.6400400420167,409.2859568804664,308.1610008988224,-86.92257712912907,361.52252618421505,67.97605949495959,-28.13965888142404,296.20721810589106,45.81941689331691,-40.5789283427833,567.8160338724311,55.93740965600562,211.7670529082801,547.2452361502059,701.6222407444467,193.71992075675354,647.3559164730499,451.2030336196389,227.05067035663632,621.8858133712139,346.51848884867024,180.08001636298778,693.6190994009416,80.9301055396845,117.90132266572394,649.8175391945427,33.82403882746836,179.8680736937389,882.5263814162146,137.95296146816386
independent_20260430_173541,trial_001,subject_001,1777541742.478659,1777541742.478659,264534.0876571,1039850,001,0,0,1,-22.918363439225793,585.732513502695,857.0749960783027,65.51731824908204,593.6447606214984,860.3555397205296,0.5892642854841951,364.73673007606436,896.0198868518858,52.6339023441556,369.40613295517716,897.9815403552792,-155.8751149092666,494.08443513465653,700.1415634329633,-114.98972085812488,492.6912048199861,407.4360016044174,-150.6810398694425,405.75364592476956,308.302394689012,-87.03886758742269,357.08232128698114,68.01825148811878,-28.35134217095352,291.73402097379807,45.915888035677966,-40.86306287632195,563.3691034438984,55.8364504578295,212.06526912996844,548.5032984425765,700.9960416164712,193.1744615206137,649.6254712315911,450.9289495400312,226.68962493440742,624.6675817579127,346.1349182356728,180.38016943598183,695.9533757141953,80.81654533668294,119.35211167965025,651.2523891762228,33.08505787499423,176.834275785701,884.673779229993,138.0620089281803
independent_20260430_173541,trial_001,subject_001,1777541742.4876559,1777541742.4876559,264534.0974318,1039851,001,0,0,1,-21.524237648247276,595.07346217294,852.8111611070716,65.54665652767514,594.0457631843976,859.8229464681444,1.73006545412347,364.78952146238976,895.5371497990072,53.58356541509128,369.6858306782287,897.2813240539361,-155.62139506648597,492.8156932460212,699.8377159819148,-115.20133209544574,489.74625575959453,407.1077162827359,-150.74935578279727,402.22188033651133,308.36738650984773,-87.26569961131203,352.7072128427518,68.20809586777955,-28.553278198524463,287.2679415003118,46.09684569739427,-41.011121221925656,558.8187555090825,55.77044422047072,212.3550749424635,550.0133601283438,700.3921508472419,192.3843404672529,651.4182915467753,450.7242194644925,226.74551263795198,627.1238861862088,345.95523546909993,180.4889580374458,697.5225987305492,80.39982690932116,120.43001259846069,651.8329245066559,32.26846896934901,173.95540364162312,886.1687635453611,137.619927712479
independent_20260430_173541,trial_001,subject_001,1777541742.497657,1777541742.497657,264534.1074586,1039852,001,0,0,1,0.0,0.0,0.0,65.59843331690408,594.5364739527515,859.2513593665176,2.9121307700665042,364.9743986631504,894.9427111015583,55.39176012354577,370.10563466943063,896.5957452134043,-155.36133082983545,491.5102425376978,699.4846080177692,-115.50253902642181,486.6315500190067,406.7904110805111,-150.6156605001121,398.65631590921305,308.4491699812675,-87.44213519593076,348.35517832760763,68.26110247618081,-28.773261049480624,282.7787765828345,46.21323426211778,-41.262755661451806,554.4376470375526,55.745010808396295,212.63923112858654,551.7592670993619,699.7775410509586,191.66955175006981,653.1748954866553,450.1012203956686,226.70913498856459,629.2747328037998,345.65201544572847,180.23072594793393,698.4130876866062,79.74862899684456,120.96414160850406,651.8317227239329,31.482548170559244,171.32759147456315,886.9723021678102,136.53158974927916
independent_20260430_173541,trial_001,subject_001,1777541742.5123525,1777541742.5123525,264534.1212649,1039853,001,0,0,1,-21.53026393862688,594.7986332127143,852.3068895251724,65.69317547099837,595.1561301376747,858.6718827992131,4.043176840531986,365.39836198514985,894.1732803396391,57.13358814285624,370.66238619478577,895.8554436902109,-155.07017287224508,490.367661886977,699.2741095456781,-115.75427527848196,483.71379303173546,406.5618104538806,-150.78061827954403,395.09047398941505,308.767722102656,-87.59001964023894,343.767429416038,68.36802543214674,-28.94336330624835,278.29130651819236,46.38108799970266,-41.51191524873438,550.0092410291975,55.58279192315633,212.8774118018086,553.6663525198443,699.1561678883892,191.39577519799715,655.2729071265563,449.4879277832,226.50205291901847,631.065190012664,345.07632349742823,179.6908970644743,698.5615854379137,78.88731051782406,120.977092702736,651.3975868541062,30.580693279580505,168.96252176754297,887.2507255836996,134.98981579155662
independent_20260430_173541,trial_001,subject_001,1777541742.518369,1777541742.518369,264534.1273409,1039854,001,0,0,1,-21.46118522597397,594.9888595800137,851.7264944561232,65.77642650236385,595.8950554739274,858.026024381883,5.479495910434168,365.7986759383774,893.547994537283,58.26505373904834,371.3361233505108,895.0564731313854,-154.75333189283845,489.2292076535468,699.0129142831422,-115.90087276150444,480.6235168296135,406.26133552283466,-150.83655201905992,391.63576659052694,309.02344158620895,-87.73551263245632,339.29930785409056,68.54767071938953,-29.211619252474392,273.8269497953628,46.60085020574677,-41.74715527793125,545.589175450287,55.56658580235998,213.15224895065117,555.8010335015374,698.4970153545327,190.81723348016635,656.9568780451127,448.6518620502419,226.17445779466578,632.534810051747,344.3203600571068,179.00544366304183,698.0539218796335,77.73145581745585,120.56122416108741,650.1179646004094,29.726114961348923,166.936339407686,886.8226960544742,132.9687742241956
independent_20260430_173541,trial_001,subject_001,1777541742.5276184,1777541742.5276184,264534.1373283,1039855,001,0,0,1,-21.3685211713165,595.292064947071,851.1429957399398,65.89775761023537,596.76342132977,857.3888264799316,6.851774632445337,366.31540274077463,892.821674486753,59.75494955224086,372.11910648482575,894.1685658980922,-154.422205000095,488.0879723097131,698.6900376409263,-116.07495531209956,477.8506296032247,405.9956127346274,-150.8146167634846,388.2454834046183,309.2434929450681,-87.94229286839862,334.88734189626354,68.62597178526015,-29.44415666907562,269.30125443802484,46.68634752158452,-41.95963843318248,541.0419176632265,55.519212407220095,213.4394007207224,558.0434118114913,697.7402329469763,190.23352387624703,658.5321493029722,447.6420079597948,225.69925634324932,633.7195887377636,343.4203974087637,178.0061338259572,696.900998754099,76.45668244449774,119.75949482927372,648.1198159318054,29.58149833426628,164.82754672127643,886.0563891983326,130.15377548353362
independent_20260430_173541,trial_001,subject_001,1777541742.5376198,1777541742.5376198,264534.1473855,1039856,001,0,0,1,-21.202417425278018,595.8238930686532,850.5557620422024,66.07713263176487,597.8123550509615,856.7173643083313,8.209258048632073,367.1043771938884,892.0583619872815,61.08954455927584,372.9910335079094,893.3030127042214,-153.95259634844857,487.07986560491486,698.4275023449854,-116.14652203986807,475.0827231192598,405.68018157624317,-150.83505990124561,384.8217656693397,309.52143205895374,-88.14284687922522,330.486239530456,68.73538441958219,-29.67718280728386,264.8695298838745,46.92199882686826,-42.18092870182797,536.5166942138128,55.41438500356519,213.6419132744022,560.3182659626844,696.9371178298336,189.59648611544353,660.0118972909214,446.4502677857673,225.04408837888516,634.5816977563312,342.3517150970828,176.95827182089454,695.1499668669245,75.14296737526924,118.85504568581612,645.2198452108452,29.765189953757922,162.69323919020277,884.8117706471386,126.54438918581994
independent_20260430_173541,trial_001,subject_001,1777541742.5482583,1777541742.5482583,264534.1572881,1039857,001,0,0,1,-20.992598154447094,596.3863380000181,849.8915169379077,66.30028702456814,598.9417568735363,855.9965018302203,9.929963709127016,367.819249692913,891.3005201910803,62.76165330297253,374.0595604514696,892.4153012601513,-153.43836905582137,486.1176281279684,698.1400700882484,-116.2478803716202,472.2052361841406,405.436156381544,-150.83426777544565,381.4159992993055,309.8005197384318,-88.25605614428943,325.9958191501333,68.9546129719418,-30.031292368134217,260.409695254297,47.0664026108792,-42.569456761902956,532.0560690126263,55.26528282760014,213.8628096412288,562.6303904492381,696.0087115618389,188.84245666264212,661.3555476132221,445.16675674750263,224.22782309989213,635.1966475341517,341.140244899235,175.64519559358874,692.8341741039781,73.62739321091556,117.82629037719069,641.7002449982192,29.798633327052872,160.4239262448685,883.123401009104,122.42039372136216
independent_20260430_173541,trial_001,subject_001,1777541742.559605,1777541742.559605,264534.1688491,1039858,001,0,0,1,0.0,0.0,0.0,66.58850856154167,600.2589870170921,855.246518459518,11.660596036506464,368.8075481886246,890.5004558706022,64.25977965643492,375.33839916673674,891.4166546065372,-152.8610153495129,485.31319223545756,697.7830876884725,-116.28918864258209,469.47484542267074,405.2108355747989,-150.61236648509214,377.94443802560545,310.07970584258214,-88.57104746938181,321.5878643206673,69.20144648516933,-30.191185120913097,255.81501517143823,47.3032802254061,-42.800013396842516,527.5541175971326,55.187109777289635,214.10495044382108,565.0110859281716,694.959664328191,188.05790269188955,662.6355483753889,443.74563591953023,223.26842677191271,635.548804199684,339.816801092753,174.2253701899202,689.8328508954542,71.94618634289732,116.99021376101514,638.0124630310529,29.936476575801347,158.2258917130078,881.0574055628376,118.02854699421546
independent_20260430_173541,trial_001,subject_001,1777541742.5681984,1777541742.5681984,264534.1771628,1039859,001,0,0,1,0.0,0.0,0.0,66.93383563664709,601.6943810378872,854.4229124336733,13.306776226229628,369.90982898743454,889.5997703047053,66.13450923859078,376.6199920329594,890.4534181081799,-152.3746304571798,484.5854066646704,697.4156239832921,-116.25432650406373,466.7982328199823,404.9500554729371,-150.53292692894811,374.6812445208727,310.4232313297237,-88.78702685462864,317.15743771221673,69.34983447689791,-30.45299818314501,251.3738545302596,47.556245240931965,-42.946997035268254,522.8834428568234,54.9969147696565,214.37230977888458,567.3824869243317,693.7724588906588,187.17942721638727,663.8567709843463,442.1620987568632,222.21455461382996,635.691157445797,338.35485109196617,173.25741671709653,687.2133317064923,71.2950345760821,116.48829807613619,634.3126948527088,30.430162765366003,155.95698930669687,879.4021305449127,113.17982388024328
independent_20260430_173541,trial_001,subject_001,1777541742.5786624,1777541742.5786624,264534.1877191,1039860,001,0,0,1,-20.042790207707448,598.935877587029,847.6738398278072,67.37315779118804,603.2135936185978,853.587978717825,15.187188605098259,371.129577063618,888.7293157411856,67.87407673625631,378.09059788151256,889.4178401724344,-151.62536638954148,483.87826016298135,697.145106542741,-116.26246258414153,464.12395372447514,404.7314108165588,-150.54219623651994,371.39768871317676,310.9231347759697,-88.97758685189976,312.8085718034243,69.55448899269626,-30.645208051943857,246.85785728619356,47.87587360004029,-43.31391174524976,518.5638488399344,54.861153279602476,214.63605465911738,569.7315472902255,692.4643434991401,186.195527581087,664.9989943315043,440.37901242738366,221.1245011295072,635.6119797860152,336.8176550744961,172.30864096443307,684.7393936777246,70.4345656953327,116.40434742736845,630.2482831891076,30.95221241620845,153.562663197243,877.9825600267038,107.86411320331003
independent_20260430_173541,trial_001,subject_001,1777541742.5883076,1777541742.5883076,264534.1971683,1039861,001,0,0,1,-19.450034509582057,600.2223859561966,847.0374986693472,67.93035792009289,604.9163683775934,852.734623418514,17.098553643004678,372.46886232837085,887.7773916936658,69.79948637651576,379.8046214962554,888.4354186083154,-150.79645712502517,483.4513488047466,696.8657269601694,-116.23664958838255,461.5249371721698,404.57518710371204,-150.41365474405015,368.17635335815726,311.4539608062804,-89.18447418456165,308.3282568819827,69.80508656302415,-30.941062784999566,242.42697977691034,48.14518863611694,-43.65939844439746,514.1944237879443,54.80419375591711,214.9051138411788,572.0610362487338,691.030548049714,185.10692358514365,666.0850735014309,438.5062665532429,220.00352512995013,635.419310002203,335.1815392343197,171.12796051801737,682.4010476322849,69.349788470847,115.62482641209812,626.8264190896531,31.409264008691064,150.78817162957017,876.6380380007087,102.2981885463799
independent_20260430_173541,trial_001,subject_001,1777541742.5977952,1777541742.5977952,264534.2072687,1039862,001,0,0,1,-18.803124613552455,601.4949152453456,846.1599924585065,68.60520466603873,606.6951354367695,851.8361543322948,19.02213338472596,373.9068784413345,886.956484278466,71.6949550906208,381.4056929922256,887.3680488600927,-149.9470630902236,482.91797058878484,696.5379918263275,-116.03911788287844,458.80287031166483,404.429592134646,-150.21041717366936,364.9667063556151,312.0684729347582,-89.48265107728795,303.9027570960842,70.03845014895916,-31.30637052856354,238.0150156637038,48.441474715902245,-43.931108986586196,509.8238393399071,54.72573869545357,215.22562991316784,574.3717959427173,689.5578871200998,184.0347499199987,667.0531802511761,436.6991247692405,218.84173683961617,635.149548077309,333.4731928655601,170.1094965421156,680.1568214949539,68.3567660082503,114.55937880540719,624.0320492509042,31.764018059567608,148.0066069721732,875.1755065919149,96.77562006503653
independent_20260430_173541,trial_001,subject_001,1777541742.611908,1777541742.611908,264534.2209854,1039863,001,0,0,1,-18.060360434642327,602.8289887518553,845.4940965298903,69.39618517624483,608.6098161567029,850.9379365032872,20.961659279817297,375.52390906571827,886.0089630659093,73.72701100219614,383.40370988228744,886.3371367449262,-148.97382644183094,482.47536292648124,696.2538157958602,-115.91356398905423,456.3575745029963,404.39724300120145,-149.60043600308694,361.658200648385,312.52220777285044,-89.7435167241936,299.66686364756606,70.43173250615337,-31.506522748359107,233.62637402034622,48.85661712614093,-44.24238297024194,505.41116180625505,54.52287872364904,215.45167170108323,576.5731438112028,687.9840409451497,183.28670098181283,667.7434727494584,434.8613004159857,217.80305057344273,635.0737648829653,331.741938162871,169.58941039316974,677.9055430668207,68.34575107373723,114.51598318559914,620.4659140257253,32.40197619517392,145.8303174160615,873.4944804123045,91.88283063415828
independent_20260430_173541,trial_001,subject_001,1777541742.6179135,1777541742.6179135,264534.2271972,1039864,001,0,0,1,-17.1940888039476,604.3845589165311,844.6155729015437,70.30798747397895,610.5330856751334,850.0220105834213,23.12625727219544,377.21902568464014,885.147008452954,75.64939840528618,385.20253340638976,885.330131345708,-147.84372163453895,482.3709194032164,695.9177323090813,-115.6660800272918,454.05031729003605,404.2422832059938,-149.56086924702765,358.7071651331101,313.2789934497968,-89.9849499242748,295.2954223389819,70.77234916805838,-31.89337464199385,229.23078586050383,49.124040008007356,-44.6012975079634,501.02953952617986,54.31799675905332,215.81274495152158,578.6554799081114,686.5091428791058,182.82424255234827,668.3150607597502,433.1840541793537,216.85053123825583,635.3175861994913,330.1493450818374,168.82157307051446,675.922028588547,67.48827989764935,114.66078840128596,616.8009920135456,33.34069567328713,143.9347389930405,871.5686985389364,87.26705899170659
independent_20260430_173541,trial_001,subject_001,1777541742.6282022,1777541742.6282022,264534.2372097,1039865,001,0,0,1,-16.23197684222491,605.8078411484704,843.7850569067809,71.32451882118666,612.5253623041327,849.1296563296665,25.17088528806078,378.8574974114286,884.4021271403739,77.79377856921892,387.1269613727083,884.4487542939773,-146.66768830924605,482.3160752513206,695.511334598174,-115.2499675924333,451.9783134178495,404.0760690090768,-149.0375626849694,355.81074134023737,313.9679240875735,-90.24295902490826,290.9065824370306,71.01710847865105,-32.20823065274893,224.76363205122595,49.513350040511384,-44.90280078635434,496.62909750762424,54.19926541235153,216.38977975572638,580.6398804444229,685.1102842153202,182.55392494022522,669.2296746236192,431.9923237634441,216.17076903021885,636.1726250893216,328.87350536420496,168.35719011295336,673.8055174948861,66.73090016484619,114.34099027940798,613.9678492077402,34.03380866019178,142.46541981485004,869.8814960091265,82.46194392616967
independent_20260430_173541,trial_001,subject_001,1777541742.6381998,1777541742.6381998,264534.2473939,1039866,001,0,0,1,-15.100064417410259,607.3785681743677,842.9662429038392,72.40439382316241,614.5522433302932,848.2784514254913,27.20683353871166,380.73085812493554,883.6086209355085,80.00948646783891,389.20171232097573,883.8089728499272,-145.48854350502071,482.35594540281994,695.1468798600663,-114.69338975341014,450.0486884969186,403.90791644849116,-148.5855887048869,353.30890713836544,314.8034495248259,-90.76252158194096,286.4008390809044,71.66281955647013,-32.370231258846715,220.43286646889706,50.000713414995296,-45.21765809729561,492.26918650919373,54.064887176681125,217.15850552528354,582.5468627252894,683.804574857928,182.30704836724433,670.9037120456208,431.03482146312547,215.90019794863446,637.5047077125763,327.9089308078924,168.17988596374676,671.4340158265419,66.13958618851346,114.48068051027417,610.3260212780564,35.197573493183675,141.67550454615525,867.7511850255618,77.23841082987626
independent_20260430_173541,trial_001,subject_001,1777541742.6481998,1777541742.6481998,264534.257488,1039867,001,0,0,1,-13.90338118272973,609.0086858855695,842.1325484364814,73.5853855770209,616.5839648381357,847.5361877460839,29.37414409774035,382.42729053280726,883.1828092285846,81.95216574000892,391.12046563135004,883.3283068331748,-144.14431377476765,482.47966249564837,694.7733142712326,-113.96347011482409,448.3373699941463,403.7816685043543,-147.61051532682959,350.72634812997944,315.44367015838867,-91.06197585895406,282.26664628283174,72.1536537240579,-32.72269200539003,216.0934398339778,50.47794014365413,-45.474379810615005,487.9241485229755,53.886339652574854,217.9571195859427,584.5086883941988,682.7984480597281,182.05319964056403,673.0798966264904,430.3497745613614,216.163836720522,639.3343224888832,327.32062907015506,168.17608474352423,668.8074892896084,65.74547126015281,114.48976969163218,606.974829200513,36.162650879411366,141.38950521303627,865.5324746726964,72.21341550448044
independent_20260430_173541,trial_001,subject_001,1777541742.657713,1777541742.657713,264534.2671324,1039868,001,0,0,1,-12.626123506135164,610.6234460289091,841.3920864224921,74.86160361061413,618.5136516579745,846.8743611819152,31.364211677147413,384.3220685196853,882.7355157431488,84.12705186283561,393.084818678887,882.8993892189125,-142.7673585390057,482.7021384290554,694.4401385382168,-113.05932448273052,446.9079001631954,403.67442852232875,-147.15555788385817,348.5431047451425,316.41345538920393,-91.0062863515857,278.5184480642466,72.61666547622582,-33.00044437517073,211.75854900885628,51.06783918171272,-45.67008374773776,483.6189189749372,53.77046426923083,218.85985888006977,586.7111042196011,682.0807510902686,182.31857761782967,675.4443471578994,429.7547868693788,216.94727878584746,641.4664110479254,326.96706593678385,168.32643675769552,665.9183564459338,65.53710040936046,114.55128360095571,603.4836219587412,37.13261830463951,141.4670661558452,862.7494504990381,68.00815050636987
independent_20260430_173541,trial_001,subject_001,1777541742.6684473,1777541742.6684473,264534.2773109,1039869,001,0,0,1,-11.260994819547708,612.1261189786155,840.8009791165975,76.20620434581835,620.3868607889275,846.2949519092425,33.39519640006746,386.1052452010145,882.4856776752001,86.30589681890011,395.26193269314695,882.7225475829555,-141.20728762040045,483.06966439923536,694.1149759746977,-111.97365033293434,445.7681832717554,403.56429222197966,-146.35177508376896,346.3425532279786,317.1877121878627,-91.71895870265493,274.8643088635699,73.68444072221384,-33.31401951034961,207.44891350029906,51.677643451264785,-45.906423096364925,479.33669626828,53.59368985611239,219.85815982273425,589.1785760245989,681.6036632889867,182.76075770848806,677.9330485994492,429.22001222167063,218.14991128617166,643.6571111205278,326.73212500856755,168.48700763446143,662.8485791369235,65.39772572667748,114.48415110090436,599.8926568394843,38.07601065002011,141.5548912711987,859.7240874004059,64.33879997579524
independent_20260430_173541,trial_001,subject_001,1777541742.6784601,1777541742.6784601,264534.2874171,1039870,001,0,0,1,-9.758543316022957,613.7996581549659,840.1453295234458,77.64951660777578,622.2811123826907,845.8564795553843,35.42397767940952,387.83207769767034,882.3002909418252,88.45736230047567,397.1528299795727,882.5233709638952,-139.65793172813844,483.53802167415176,693.7709119246223,-110.94869344931567,444.7990438991927,403.38328237838414,-145.53779419712237,344.5987648364469,318.0821922636158,-91.78612224714823,272.2412034900811,74.7742414687549,-33.64340305732616,203.3067652756882,52.46503503783222,-46.11768779759304,475.1266087892123,53.48349738275801,220.86994187542504,592.1061143219341,681.5198122036835,183.06886870748733,680.5705022496713,428.71821743118113,219.48434535036694,645.7797802662386,326.53814973975824,168.52224586663382,659.4368739036901,65.2941043243786,114.39460131317094,596.3396727150374,38.60859476198172,141.50273382001694,856.3604053378426,61.49509145082115
independent_20260430_173541,trial_001,subject_001,1777541742.6874585,1777541742.6874585,264534.2972387,1039871,001,0,0,1,-8.167714180064563,615.498006195755,839.5946595242715,79.17343202459347,624.1462406161952,845.5522060146542,37.54009704550875,389.69013355376103,882.1153942974986,90.44377115333141,399.05848110951194,882.3446602180197,-138.00926860973522,484.17141164263705,693.4482846664617,-109.95962841325094,443.9139999326327,403.2485024420695,-144.6402050182699,342.85234998825774,319.115689850436,-92.91059018041172,269.4366485361871,75.1290391781007,-34.07403438201255,199.15331028780184,53.54347796216749,-46.31689473588112,470.93822038886594,53.327295189086975,222.00889232555045,595.4530862520209,681.7703093588805,183.473371087874,683.0851179898001,428.247767371278,220.8002938359692,647.8052242227122,326.37159250271066,168.04360274145995,656.0577131720795,65.03592009039993,114.4687404641481,592.1957300939036,39.16553031640087,141.29836437436552,852.8616711619788,59.77634719668834
independent_20260430_173541,trial_001,subject_001,1777541742.697459,1777541742.697459,264534.3072192,1039872,001,0,0,1,0.0,0.0,0.0,80.82053687437464,625.993449789308,845.3907294019779,39.591999247849124,391.376756520078,881.9164036510247,92.65289901800496,400.9272734705686,882.2922189499553,-136.1515077146764,484.88296426208774,693.0908900343067,-108.86585341653063,443.4004171082329,403.12702211446725,-143.7892812845458,341.4379622889575,320.1855629893996,-93.23931459995481,266.9218389221933,76.02087636228151,-34.44822220148522,195.2033345135589,54.737641377057685,-46.591512799450086,466.905208409407,53.15209379507896,223.13285221435328,599.0396231312125,682.3145195021642,183.99994843567552,685.3500133777073,427.8322432714455,222.0546806464189,649.6589926181585,326.2617147190845,167.71190677689285,652.2279940517329,65.17891196132355,114.41866400193393,588.2014829382686,39.48594972933344,141.30262840946392,848.8929767727886,58.96165397366806
independent_20260430_173541,trial_001,subject_001,1777541742.7079813,1777541742.7079813,264534.3170727,1039873,001,0,0,1,0.0,0.0,0.0,82.53862620592771,627.8071555218262,845.3363113700135,41.79826951532363,393.2591917471813,881.8588439120355,94.8862697987932,402.78619689583593,882.2920927401024,-134.20026719237785,485.79575274204035,692.883500076633,-107.93417889186456,443.17319754806726,403.01435200535593,-142.50672834941756,340.1211116389707,321.14120432764696,-93.30544535348906,262.876745584144,77.24237256558749,-34.88009563138198,191.35579571364642,56.22170138718159,-46.752118633665106,462.8708540711651,53.01034066022401,224.35978014249804,602.7135190314056,682.9839666671113,184.65972923791782,687.2254484681505,427.4491046269303,223.37392944881086,651.2003189656215,326.0531632991705,167.71782235029949,648.2978218109072,65.55627537191724,114.25959492596054,583.9459632577378,39.67421999321352,141.24359001855169,844.8837137652591,58.45752606606197
independent_20260430_173541,trial_001,subject_001,1777541742.720981,1777541742.720981,264534.3307971,1039874,001,0,0,1,0.0,0.0,0.0,84.3440975778851,629.708807660488,845.4275550234112,44.088534047555186,394.90351035229907,881.7835158873397,97.02895789696721,404.73803901620477,882.2712370621939,-132.2567619014871,486.74284424856637,692.6759794128693,-106.67625007089346,443.1205558107375,402.92727866609755,-141.58125351506717,339.1173378570994,322.31856002735736,-93.31084120282385,258.8895969406265,79.18620250628632,-35.427407001421685,187.6435226349052,58.09878030740986,-47.01560275918285,458.9551376756882,52.834245730369354,225.61262141838017,606.3388880071952,683.6999786618871,185.37079568621334,688.7881904382718,426.93295033946094,224.70126618131815,652.3528781632147,325.7667199874458,167.41480796458583,644.0888263780517,65.48061036299212,114.28771356081754,579.6922005918825,39.73717625884114,141.1883181066567,840.744421276319,58.1599542471357
independent_20260430_173541,trial_001,subject_001,1777541742.7274961,1777541742.7274961,264534.3372482,1039875,001,0,0,1,-1.6870744762715533,620.370299897851,838.2290486930028,86.20963643503167,631.6852007822525,845.6174366276964,46.52337880369229,396.880042547177,881.8445076095314,99.47981022965381,406.8250889406773,882.3959936356974,-130.0714655106192,487.66062724456947,692.5812813346555,-105.36973441405603,443.53531201381463,402.84660334325406,-140.8629811892889,338.37893538112735,323.7683658976881,-93.4264601118942,255.39416562509265,81.45983115244827,-35.62576462416985,183.9936559096631,60.03687356265361,-47.339349848243984,455.04642901345574,52.59927663108995,226.90979616943292,609.5439355524608,684.2563223845034,186.0245183031527,690.0657074003709,426.3554519383982,225.7910398189521,652.88372833322,325.5129528122021,167.87545725082853,639.904952268048,66.27000034251961,114.19839226632266,575.5840710474552,39.935594415340844,141.20332097408826,836.6969670176356,57.821271918479596
independent_20260430_173541,trial_001,subject_001,1777541742.7378886,1777541742.7378886,264534.3470654,1039876,001,0,0,1,1.0121629763784434,623.652314262608,838.3832052182028,88.10643078240751,633.7462574781725,845.9029437881245,49.23272234214126,398.7878065211974,882.0299461236175,102.16240269587502,408.9590807491869,882.6486086004965,-127.97165921644957,488.7119309829238,692.5803041089724,-104.15567390623328,444.06397577878755,402.92399219315905,-139.39665876534755,337.73521978244327,325.15308874413495,-93.85829535311575,252.60396245683032,83.62054305196106,-35.49975238622668,180.3889193648633,62.09519901184103,-47.54532297496719,451.19130292103176,52.38379644549333,228.3074570306421,612.2711685323161,684.6445362471709,186.66334902271126,690.81233128142,425.7171698432571,226.57928432637922,652.6522415519065,325.2068950924999,167.14398982701104,635.8890669410998,65.65427566435402,114.13751143415153,571.3414388288278,39.90492203365339,141.0462685082416,832.5896728807987,57.457190128321166
independent_20260430_173541,trial_001,subject_001,1777541742.748401,1777541742.748401,264534.3575684,1039877,001,0,0,1,2.9282958767081566,625.2830691774936,838.5942805934482,90.01830731020675,635.8411700414453,846.2032046740699,52.17138268159365,400.6847671475003,882.2167120736586,105.000476148605,411.1213916472695,882.9903018463259,-125.75663717859783,489.74146995972524,692.7429765719163,-102.8565853837228,444.96442569545553,403.0799027783591,-138.2948333863774,337.3583260864495,326.8116944313241,-93.98792470640078,250.25434349050693,85.73676009440744,-35.53497119579231,176.88044495838338,64.4083070684624,-47.80104008151778,447.4091043965842,52.10015777532966,229.76778728019187,614.4802084362098,684.7616951900533,187.4400944579416,691.0213522044124,425.1762003833554,227.14601515719315,651.5561969336206,324.91151363035004,167.02608392278566,631.7622795571613,65.66666131329443,113.94220235888011,567.4278432919378,39.83966037050631,140.98797787105102,828.5138024328194,57.22740991798989
independent_20260430_173541,trial_001,subject_001,1777541742.7579112,1777541742.7579112,264534.367421,1039878,001,0,0,1,4.841830958416519,627.0118537117236,838.8092819363833,91.81802734603609,638.0428821858496,846.5625789827078,55.09383856787531,402.6244715030444,882.41508837148,107.95024020263862,413.2751340776824,883.3407329134363,-123.62759548038382,490.804688470186,693.0222900899738,-101.90555611556827,446.0963732473348,403.3852892366535,-137.32853288252522,337.2060727081464,328.8726692826163,-93.98847184624506,247.3553961589208,87.83933436970351,-35.461386815785296,173.51476032934124,66.82030125757085,-48.094510868205134,443.6040642065566,51.918371599160665,231.37546735235065,616.3131505726528,684.7743536077853,188.33562219705786,690.593047667638,424.5189847741383,227.75336044852932,649.6968557723737,324.5303282646591,167.00358842181006,627.5397746382282,65.63019462044744,114.09643705579657,562.9145762308536,39.966361409365255,140.98593851023034,824.3374136096652,56.932644362137516
independent_20260430_173541,trial_001,subject_001,1777541742.7679148,1777541742.7679148,264534.3771809,1039879,001,0,0,1,6.739992044959921,628.7879590526727,839.2493900011381,93.65856644190559,640.2615815674712,846.9820280717266,58.024202771408135,404.58884811433086,882.8638816734795,110.94183577500209,415.46249156820096,883.8923899687094,-121.31508713499227,491.93379976519736,693.4360277951333,-101.0044426644558,447.40569474004775,403.7547683872291,-136.1753596350436,337.31671685737115,330.9962689980748,-93.94115525424242,244.18692813346914,90.54300563963156,-35.57001557494895,170.21360046475374,69.564795067913,-48.358418309248414,439.93927079615145,51.620629883641506,233.025206965648,617.593920419769,684.5846519131225,189.51135770711966,689.6599240060964,423.7402288306025,228.33163608765946,647.1216590021911,324.02904293582964,166.85405618717635,623.3332681161082,65.49021670155078,114.03154365981595,558.7632368228799,39.899549524659236,140.90740924632453,820.2392161326444,56.67894490720215
independent_20260430_173541,trial_001,subject_001,1777541742.778465,1777541742.778465,264534.3873253,1039880,001,0,0,1,8.522077838669063,630.3182366904828,839.7780298973427,95.47030867217448,642.4094223953299,847.4327977052862,61.07353913464696,406.46922629215345,883.489226366163,113.7952230810152,417.634356246185,884.6128270973452,-119.10516615292019,492.9928603403995,693.9737506929648,-100.20021685886617,449.1172048990508,404.3199601030082,-134.98211582730085,337.278747614022,333.3072892054424,-93.94282403832885,241.34217019887862,93.84585132454421,-35.787817889952116,167.17161000640664,72.67923431770903,-48.634478725850954,436.40944903465373,51.285755681975985,234.68616212199092,618.3124938165853,684.2925613797643,190.6963353104175,688.0576462578324,422.8603321096827,228.96096019386928,644.1312173066711,323.4055098472031,167.4506793625642,618.9388858952766,66.01914379308013,113.92887220832195,554.5287514195368,39.78567016056194,140.77358949528295,816.0954710136632,56.478290309631134
independent_20260430_173541,trial_001,subject_001,1777541742.7948685,1777541742.7948685,264534.4037292,1039881,001,0,0,1,10.15794655642437,631.4443899963715,840.5484645449981,97.23615849995203,644.4376845905496,847.888639522395,64.0143467685427,408.2399584905905,884.2186411170396,116.87054845788026,419.5931335305019,885.3770896764836,-116.77156673085354,494.08704169968115,694.6093920319739,-99.22451328630498,451.20303455819527,404.88326436126687,-133.7218270577175,337.91609891210487,335.6898349980723,-93.79031913188219,239.06599025111254,97.2794548988657,-35.97717634441486,164.50722052065223,76.91830040115813,-49.02275134590457,433.0865838641772,50.770979096262764,236.3694375377157,618.6878812847752,683.9586683952004,192.0994071866984,685.9552128113304,422.0928390282063,229.620542517599,640.9701587512684,322.79184686659016,166.56462480759464,614.8776054323272,65.19197003884578,113.84270943134614,550.2049098500024,39.71156729572442,140.59351742350367,811.9955046248539,56.26811140447176
independent_20260430_173541,trial_001,subject_001,1777541742.7978783,1777541742.7978783,264534.4071987,1039882,001,0,0,1,12.025547326514499,633.1499724393908,841.2541975090388,98.97964333063142,646.3417726460177,848.4309022120601,66.73729861393508,409.8151180703325,885.071294607795,119.42168108658892,421.58667279221515,886.2432768647964,-114.54739945765664,495.2917404257907,695.3417940033314,-98.36452953875663,453.67492539530866,405.44065486740556,-132.25671549391438,339.2777199923313,338.3127420354749,-93.14247205267863,237.2134322023081,100.48889494866211,-36.14714897007436,162.13602964508607,81.53422364940288,-49.41649116951177,429.97842099866017,50.26998016203645,237.9984054749425,618.8859003791969,683.7896970446791,193.55649996564722,683.6364927528172,421.3991587559115,230.4005068761089,637.7787956360498,322.1574562514341,167.3162277616863,610.4553815205763,65.82352686287605,113.77890509538969,546.0267398773501,39.80712032584673,140.51047960863818,807.7353282466473,56.1302893846117
independent_20260430_173541,trial_001,subject_001,1777541742.8082922,1777541742.8082922,264534.4171779,1039883,001,0,0,1,13.773702667147244,634.5115548682497,842.0988310108287,100.71819261035266,648.0668755198369,849.0354590470979,69.94785599041082,411.6371679610607,886.2462122077369,122.20213039366963,423.2232603669044,887.2263437342842,-112.34955888783962,496.4676643207612,696.1263009723954,-97.5538656339905,456.7048408135923,405.94489690058055,-130.5051752069696,340.77530228825606,340.6342763786051,-93.59679766100248,235.8306978123054,104.21625389549433,-36.32397505398331,159.9955693970432,86.53954238683296,-49.842497538237765,426.912017687166,49.65574049447182,239.6917334691045,618.8759866222734,683.7163722015175,194.9149689210608,681.1687805631088,420.74841679981284,231.41374340676768,634.769149282498,321.6569750336216,167.24101879156044,606.1364186001861,65.68053703141221,113.73637016266363,541.7159980283946,39.764536146917585,140.33732585870317,803.5176099830376,55.95851117551244
independent_20260430_173541,trial_001,subject_001,1777541742.8178184,1777541742.8178184,264534.4273721,1039884,001,0,0,1,15.559558083365705,635.8094682135803,843.0515717049046,102.48073569265965,649.5210308706831,849.6905591563855,72.39594910807914,412.9629368200481,887.2758485226573,124.59592255738276,424.77899284396864,888.3074572662621,-110.21477384979632,497.70313360066547,696.8462207186753,-97.04544274774385,460.1205778889129,406.5941039723471,-129.620392004746,342.87359020121465,343.4997553380147,-93.25937034650651,234.27349589813807,108.04565751099737,-36.22591034267989,158.33086976619344,92.10536172476922,-50.16771152042077,424.0124291183937,49.00210884816203,241.3593208739495,618.6967602469377,683.7639893209085,196.27990005736012,678.7337971404438,420.3052657954153,232.4902526940508,631.9543358564651,321.32243238733867,166.67860665657656,602.1636039821419,65.0821336239445,113.6365964387159,537.5184552443534,39.854913536641895,140.42415261477052,799.2360754929676,55.84873857447147
independent_20260430_173541,trial_001,subject_001,1777541742.828339,1777541742.828339,264534.4373439,1039885,001,0,0,1,17.293122989164612,636.737211550561,844.0559076089107,104.28587566142414,650.7781407198959,850.406131795126,74.86459119149129,414.1334305028451,888.4162689039118,126.87576231687177,426.1050959861601,889.3632532602104,-108.13309606963611,498.9197960516829,697.5203315201941,-96.5373261187969,464.1122861433462,406.9100370240447,-128.15315941476,345.41815601786783,345.78742437474733,-92.83808017553109,232.8981510943128,112.23354692859843,-35.7994143758803,156.8782038864264,98.15748551537833,-50.580189256388095,421.354521943225,48.26348779411849,242.9910654326933,618.4498791761957,683.8971837177756,197.56753293294,676.2895550674208,419.967469268383,233.62181539001037,629.3255986928743,321.0322865677015,167.42026371336542,597.7190560100888,65.71863746395687,113.66159365223145,533.2736382173753,39.95514640702926,140.25498972500233,795.0359903895275,55.7132673755083
independent_20260430_173541,trial_001,subject_001,1777541742.8373365,1777541742.8373365,264534.4471521,1039886,001,0,0,1,18.991268572835537,637.238485957493,845.2426074139131,106.1139583275803,651.8705632629559,851.157442228012,76.87775324437244,415.1814949917358,889.4241453105252,129.0005312846834,427.241379561983,890.3858595513345,-106.17372427320636,500.3827310478391,698.1728667500419,-96.025347362062,468.3286961735108,407.1000675041647,-127.4414652112236,348.49759844979684,348.4573369886974,-92.24494722129946,231.9089527359788,116.82902252963578,-35.150639424147805,155.95804383674363,104.79413027333666,-50.93155818161245,418.8078655644019,47.49311995522229,244.63352386277234,618.1901880074942,684.1085580588855,198.77892406454788,673.8848050002141,419.67110347515296,234.91360314030214,626.8577171812817,320.83128815540636,166.88622355283815,593.7648137319306,64.9908031980427,113.42898372941914,529.3789095091961,39.8668218352881,140.2107192157993,790.8689657920507,55.656039159532334
independent_20260430_173541,trial_001,subject_001,1777541742.8483377,1777541742.8483377,264534.4574049,1039887,001,0,0,1,20.82493405432009,638.0382498047384,846.3040917023939,107.96233843016063,652.7647559181686,851.9201821151391,78.90496357140164,416.00463110647956,890.3263447578096,131.0132594949756,428.1903247266692,891.364604497455,-104.31280916454486,501.98763338927193,698.8671166009905,-95.74550073575728,473.1405625607047,407.349448443865,-126.31689890108578,351.90230762071707,350.63158636055266,-91.43052940820917,231.35847981610686,121.33643456132485,-34.415209493731616,155.5482745780682,111.82577200800519,-51.21492785179658,416.2725875313518,46.905321582847115,246.18939583702706,617.9038102767764,684.2859198598437,199.95670691522494,671.2520741528627,419.398287495054,235.8792974830064,624.1729199702434,320.55565594380647,166.9325782645241,589.5489080023635,64.99488487929085,113.35536880986744,525.2684998337168,39.94646284618356,140.23479227976912,786.7102666800378,55.52780255017088
independent_20260430_173541,trial_001,subject_001,1777541742.8583393,1777541742.8583393,264534.4673314,1039888,001,0,0,1,22.684518859687778,638.7513119573478,847.3390371548637,109.82535938736956,653.5605762606211,852.6565830009594,80.77923403727637,416.7114355175021,891.1666080624822,132.84268448397572,428.9867208830315,892.1822626091895,-102.61857429347211,503.82332370692484,699.4763337541376,-95.55536367753847,478.223076299448,407.67541743916104,-125.21158350762953,356.00337119627756,352.91606152416523,-90.20586720222546,231.08102479259873,125.87989603261184,-33.576904905386584,155.27320515824255,119.06327471504422,-51.50036127343438,413.79561527908777,46.40463900782444,247.76179628842704,617.4866317093534,684.4234773866968,201.11375878599304,668.4727271246528,419.0668010053565,236.91180244087653,621.2388702238534,320.2301313513032,167.11422906989694,585.3539627722665,64.99896829200925,113.61011870066116,520.6909298628559,40.168823630619066,140.10963035837318,782.5284345391028,55.43766418251428
independent_20260430_173541,trial_001,subject_001,1777541742.8688548,1777541742.8688548,264534.477837,1039889,001,0,0,1,24.553672308766664,639.2400862223658,848.3858823456684,111.68440455346295,654.2242362139777,853.3777661450423,82.88054901804996,417.2196898252063,892.0289618876126,134.8812931105381,429.5885681047274,892.9982620210945,-101.1542483124285,505.8615189172645,700.1109778633455,-95.47149472766064,483.6665339515592,408.0126685875568,-124.39788470960292,360.2043542931067,355.374860244239,-89.41683079283708,230.86035089112775,130.91322173886465,-32.30423910259992,155.6284994823698,126.73846627514968,-51.94033848575682,411.3556055591879,45.85619867054994,249.26653699939217,616.9475631435752,684.5059292467568,202.22156161209668,665.3763302700436,418.6360251025155,237.85769483207412,617.9953859530881,319.89063067390634,166.96144930876156,581.0763800666786,64.82054624071374,113.43699085992706,516.5420687424977,40.251332227691464,139.98909910230373,778.3953442744053,55.36792008104471
independent_20260430_173541,trial_001,subject_001,1777541742.8778536,1777541742.8778536,264534.4871276,1039890,001,0,0,1,26.22120446748224,639.4611164214181,849.1499844200051,113.48604152758354,654.7533289800431,854.0086873468658,84.85851144951813,417.62952695594055,892.8363851109955,136.59486968216612,430.007070236734,893.4470590095084,-99.73209891620758,508.18259072516,700.6795190277144,-95.39466052530216,489.32552151708273,408.3425626266466,-124.10278479022513,364.91470406483865,358.07351934756167,-88.60229949183618,231.0982034749629,136.28711048841555,-30.431768992184928,156.4684185706405,134.85692041500056,-52.48704867311535,409.12209121614336,45.31699994535647,250.61622530685207,616.266901620648,684.5250476609137,203.33523234878263,662.1750813358401,418.28565772148914,238.75555129823246,614.3877416956092,319.56624510243313,167.8278226814075,576.6637352371035,65.60546488906391,113.19779106424481,512.6256066729677,40.08857747601464,139.8245102807324,774.1978956858549,55.27402179657864
independent_20260430_173541,trial_001,subject_001,1777541742.8881323,1777541742.8881323,264534.4972678,1039891,001,0,0,1,28.142323733364783,639.9756591438122,850.3980323014342,115.2221139868502,655.1545778347207,854.5394577125268,86.55890758191393,417.92771877908103,893.4238019660221,138.2598896746512,430.41411608919316,894.0707082840497,-98.55295623189953,510.69775496248246,701.2397017783046,-95.20403513507777,495.2402104542285,408.6053413584589,-122.7638285264529,369.51775656257206,360.2824120350206,-87.68099049390328,231.66562177290018,141.73373878392414,-28.41336809393483,157.97571731610665,143.20300331973695,-53.02096890175277,406.9538806719883,44.80465029762607,251.86691021752355,615.5296304139574,684.5527904280954,204.43333661451564,658.771297101074,417.8359904020153,239.47350577780023,610.537822712028,319.23331443742575,166.94679847387636,572.6773499363126,64.90433732358315,113.18832612993302,508.0992275350609,40.4709129583373,139.64453317980986,769.9517133960989,55.23985400879819
independent_20260430_173541,trial_001,subject_001,1777541742.8985078,1777541742.8985078,264534.5073665,1039892,001,0,0,1,29.804056415221098,640.2200837856155,851.3479009929534,116.85814771358109,655.3797518050408,854.9687499115316,88.27114027154917,418.0557767968852,893.9203025465558,140.24180992592287,430.6387814364029,894.8522936747504,-97.37688478527659,513.2000466083108,701.770599088474,-95.1472026900329,501.3582322426901,409.0088766444734,-122.03468013095664,374.544693178315,363.14959949831746,-86.75860348235477,232.80805797935392,147.31902325349344,-26.177475132338106,160.018305649464,151.66809912809163,-53.38288934057588,405.1060440475963,44.26887443500189,253.10294529366496,614.6417712897703,684.5382568906897,205.41193864404858,655.3179200992867,417.5028106303683,240.11984947551088,606.6513216460402,318.9068856440647,167.5164339808205,568.2389019126547,65.55987826153559,113.08053252769693,503.92484427867345,40.395655696141176,139.54293282738817,765.7728514810847,55.14743526061714
independent_20260430_173541,trial_001,subject_001,1777541742.907547,1777541742.907547,264534.5170394,1039893,001,0,0,1,31.39313424776517,640.1971542409603,852.2392146753571,118.404829301014,655.4890380840479,855.3679582280048,90.13515508251345,418.1281818798572,894.6323863252334,141.98959381525157,430.73210435819936,895.504967589329,-96.31522873386413,515.9310579434623,702.3205069705168,-95.123727527234,507.46787278445873,409.4956131535541,-121.14247454542212,379.5295110608311,365.45994496377034,-85.66307136598475,234.04350601120757,152.72637620431703,-23.836439970524765,162.77647656199716,160.50615725559854,-54.228635048474956,403.65903003005593,43.65871195898894,254.25054011042064,613.5113724043841,684.4681925168006,206.34794185995585,651.8518301701939,417.1449724888985,240.74422395387433,602.8345200226245,318.5934735109445,166.58263239706795,564.2074460845585,64.85930722508542,112.51908403423022,500.1434627648149,40.21654025313398,139.33641331040423,761.6262165964106,55.168842350155295
independent_20260430_173541,trial_001,subject_001,1777541742.9181788,1777541742.9181788,264534.5272786,1039894,001,0,0,1,32.89101429911413,640.1954532985416,853.1202610914645,119.87507165802981,655.489890514617,855.6556887396539,91.80811942202477,418.05774883436374,895.1846393280077,143.5841776464903,430.7467871537365,895.9710228727404,-95.24967592421,518.4359631184396,702.9274734613205,-95.04350381935103,513.5521449576685,410.0629561320684,-120.54923532595126,384.7757281749981,368.2007021046691,-84.32200006587067,235.34213889803868,158.19758474049428,-21.44720539700054,166.38069091092595,169.74629343589788,-54.68796804417585,401.8144848939309,42.83506376385848,255.32432334486154,612.1786831892969,684.3928796796438,207.2438484339958,648.4198312673224,416.81261174233083,241.41711863527254,599.0832177972578,318.27367276598,166.5035136364338,559.9672164205537,64.8532765035457,112.65725984265755,495.3976606746454,40.484153775496864,139.13575155957156,757.4078355932406,55.04773293119973
independent_20260430_173541,trial_001,subject_001,1777541742.9286284,1777541742.9286284,264534.5374886,1039895,001,0,0,1,34.29059428384752,639.9817076812365,853.9096820320862,121.27491155827603,655.3163882009072,855.956344652575,93.29574436044105,417.8647286555498,895.6461681367178,145.1664146131415,430.5814002994973,896.6827224094009,-94.26156445002316,521.1093541765857,703.5701604660624,-94.85271209918375,519.7396724475517,410.7589165885499,-119.61696089031858,389.93614489014084,370.4553925193221,-82.67729733055914,237.2395211337311,163.74090794851392,-18.752484943100175,170.4798972123109,178.68444739809388,-54.975207016911504,399.9131788521582,41.80058060341836,256.3929397026655,610.7299965359505,684.2686178129497,208.05384869048802,644.8975759520436,416.4517411650017,242.0633453743953,595.343543430256,317.9514566001535,166.3751690063778,555.6860627583852,64.81117459640085,112.57217246094802,491.1347986843068,40.55057838530991,138.9757149350781,753.1195999329342,54.980930022997256
independent_20260430_173541,trial_001,subject_001,1777541742.938199,1777541742.938199,264534.5471624,1039896,001,0,0,1,35.704752843285775,639.9136287111133,854.6799809820942,122.63402453553141,655.0552018429122,856.2383801605732,94.71193567101257,417.6015832183855,896.23745554327,146.54372332054297,430.30980081854364,897.1132205003723,-93.40166214414617,523.655665583556,704.2978069893313,-94.52941576776256,525.7873404003238,411.4900005876762,-118.76789171054604,395.3628349250918,372.95808291364756,-80.99998991139779,239.5603430426668,168.90920941114342,-15.686338027513274,174.96098690473536,187.23876199438308,-55.4948310823679,398.49165670279797,41.00124995785384,257.3756456834224,609.1501418568904,684.1361537639469,208.862866590116,641.3317114435658,416.1058390224473,242.66621293703292,591.6082123746351,317.67589970236844,167.160988148982,551.1766215629195,65.65959661405189,112.0485326693802,487.31292077255824,40.45042427698109,138.84273140032582,748.9285469833487,55.03538548213809
independent_20260430_173541,trial_001,subject_001,1777541742.9482005,1777541742.9482005,264534.5574205,1039897,001,0,0,1,37.07722750132174,639.6062959926903,855.5079682988342,123.97522565222134,654.6732380312176,856.5114298140476,95.95430468079165,417.19013072928044,896.5775643174883,147.75751400432205,429.95052128391785,897.6098023421633,-92.546084158809,526.025308086873,705.0646505710989,-94.21649265641501,531.8176147851577,412.3802780117601,-117.82526813382424,400.5609562493957,375.2369844360557,-79.0278631382469,242.3486092071862,173.6332255313829,-12.821708411372775,179.89117152319128,194.8578441125231,-56.21999069824995,397.2073205227133,40.15262488312703,258.3441204888225,607.504592788866,684.0076302689595,209.70785542177163,637.8170022588266,415.86599309776676,243.30358973608398,587.9352556518912,317.4405179924666,166.24095755810876,547.0455939154078,64.84582739111185,111.93396933305081,482.97278185144825,40.37493607511129,138.64350920503128,744.5937044258486,54.965114171510734
independent_20260430_173541,trial_001,subject_001,1777541742.9626575,1777541742.9626575,264534.571563,1039898,001,0,0,1,38.410525143668494,639.2300533452088,856.2473107019171,125.30925841152084,654.2404952835769,856.8067241219925,97.14616313956301,416.73253161511934,897.0873531704332,148.74237347961602,429.5073670379942,897.8804543262091,-91.76433799930898,528.1564055333454,705.7772606558445,-93.8773301079153,537.6375224628663,413.3586462002124,-117.08311665568377,405.9387556060688,377.71604732839313,-77.74736417356031,245.90879815392097,178.2976994724128,-9.82387196814371,185.21040050858193,201.79028692889392,-57.33393790925381,396.67591269598483,40.155663240321985,259.3270349065399,605.836666533411,683.9264272399031,210.4140954362549,634.0623467438859,415.5708365737902,243.76494452707738,584.1313798489515,317.15331233790675,166.92465415282396,542.4736265553461,65.63369270948388,111.6796291878652,478.7674527632819,40.49137548921097,138.48403757125192,740.2742845252283,54.98595678000955
independent_20260430_173541,trial_001,subject_001,1777541742.9676714,1777541742.9676714,264534.5772478,1039899,001,0,0,1,39.77553826841751,638.9179435416481,856.9792818330714,126.6685093668249,653.6959792115407,857.1057738678471,98.09517033759366,416.20040751230283,897.405714626077,149.9794308642424,428.8610026895478,898.4376587276266,-90.90454309403046,530.1439352175524,706.512287827153,-93.4016593664873,543.4266039354438,414.48376218323153,-116.00437213116467,411.35475377142495,380.0173701819044,-75.86368859403247,249.35623729745157,182.37799400101883,-7.06576858633734,189.8985495277643,205.7136286863222,-58.6739599431793,398.5157326005409,41.90055870913659,260.1685398448266,603.9473729795741,683.7798137476467,211.1364389529341,630.4242329909758,415.3675253361056,244.17935845830624,580.252735403018,316.95900182613514,165.97715927019385,538.3083276633128,64.8897562920159,111.84210066671075,473.891188485412,40.75620730443263,138.33679160573982,735.8228526469939,54.93424730173299
independent_20260430_173541,trial_001,subject_001,1777541742.9785247,1777541742.9785247,264534.5874301,1039900,001,0,0,1,41.09929618600777,638.4692363043919,857.677554943836,127.99715458755195,653.099813096812,857.4193857105798,98.99880999597511,415.5861708134638,897.6882872863997,150.82630975349366,428.1880591838157,898.7592222629318,-90.01934404726052,531.8415098831464,707.242379505033,-92.71173221974551,548.9600753770725,415.5291046437073,-114.86786435528508,416.2868451041709,381.868457665917,-73.86295933802131,252.91296414863666,185.919251525083,-4.57687124681146,193.42544099070426,207.74572581320945,-59.988984631307666,402.53071763072387,45.63101841185887,261.07879252474993,602.0002938256446,683.5716570869041,211.84487716714983,626.6496511079082,415.0927660612895,244.67488538879783,576.3420354090671,316.74939674655167,165.86139554602784,533.9227405312371,64.93521156404641,111.36669703496257,469.8300760171268,40.519242942202474,138.07421442512404,731.5077340839572,54.925438295551096
independent_20260430_173541,trial_001,subject_001,1777541742.9875376,1777541742.9875376,264534.5972068,1039901,001,0,0,1,42.39572071088552,637.9300010856952,858.3229383294371,129.30391610725152,652.4382436276978,857.6707501221124,100.14724960469857,414.84745543973935,898.2005952021738,151.6815744413167,427.4897345779337,899.006064236112,-89.3609562821574,533.4306845172008,708.0501926819887,-91.97000766542851,554.2641196209058,416.63342615219733,-113.68562008564265,421.11877243227985,383.6751563966985,-71.84588293868717,256.6240802770022,188.91843213297525,-1.6345240254755786,197.51996013494215,208.56988891368522,-60.84654070328988,408.1303208043866,49.95169355978248,261.9154800887939,599.996740997931,683.3722925220994,212.56026053237932,622.8696188583156,414.8603860039393,245.17308665787007,572.3155736683034,316.5111335675099,166.58631952161045,529.3045291534268,65.72146807599819,111.09713506411525,465.47179677115895,40.656084934425444,137.9399402231966,727.0871236776937,54.892906828696624
independent_20260430_173541,trial_001,subject_001,1777541742.9975398,1777541742.9975398,264534.6072828,1039902,001,0,0,1,43.66734933964334,637.3869501949977,858.9627615183085,130.52527043617852,651.710230208718,857.89162948392,100.89207884645215,414.10494545776675,898.4390485520343,152.53860820378333,426.66232308175756,899.2983470204857,-88.62924876749673,534.6621897446778,708.9721833619134,-91.30555575122446,559.4520768355176,417.7951188246761,-112.47644631595708,425.92709198740084,385.5295510041609,-70.10520223630984,261.38306630656444,190.9181502773446,1.385635022890433,202.69541386999205,208.69617188944645,-61.34765450114674,414.44880923507094,53.19812979486196,262.6820675010288,597.9025708116752,683.1510307267515,213.29949212915957,619.0419759984536,414.54950667672983,245.47973550897882,568.1824127249025,316.3543917569126,165.5433423716247,525.0319968427972,64.95179038260841,111.32423915683678,460.5620378769833,41.031500190640486,137.7278297237406,722.5983473359378,54.89192290023073
independent_20260430_173541,trial_001,subject_001,1777541743.008539,1777541743.008539,264534.6177329,1039903,001,0,0,1,44.87137151861485,636.7417016683905,859.5705774738796,131.7539901220421,650.8262878705457,858.1023008276426,101.59071700280823,413.2883777485786,898.753488414589,153.32228304046717,425.7470988286854,899.6284539625699,-87.97749476737935,535.7605031518785,709.9301635537363,-90.53464108476497,564.1978633388682,419.05986663454263,-110.8457794918111,430.3113086111687,386.6998466511543,-68.83853211950091,267.07135502614165,191.79518163379885,3.584518144002833,208.27023569885498,208.1491652880103,-61.925701502293855,421.5500633964935,55.7430234446388,263.44871001713415,595.7137052543953,682.934448934572,214.00653070441703,615.2808329083643,414.3321322293199,245.87875573073632,564.1200347714156,316.1515244797623,166.32705891941146,520.3860807186172,65.89216089028383,111.21826486113541,456.02425724975865,41.04660940178593,137.59041747995826,718.1465135148031,54.854175349989596
independent_20260430_173541,trial_001,subject_001,1777541743.018051,1777541743.018051,264534.6271746,1039904,001,0,0,1,46.02814105680248,636.1284988534418,860.1848980334768,132.8817286538238,649.8822659790898,858.2764638735435,102.27613370752593,412.40711380980827,899.1171876645385,154.09465607070743,424.7370107914466,899.8638047642191,-87.32252981732046,536.7863545431236,710.920834987562,-89.73229328523892,568.8138885878836,420.36721157099845,-109.3842814723514,434.9594843830154,387.88928520470944,-67.77152374245341,273.60029744026684,191.66812666916832,4.77276826288707,213.7526831647023,206.55095542984895,-62.43487462585153,429.1827554291145,57.780355143542984,264.19431419122236,593.441127400039,682.7484496334482,214.58110512424003,611.434805302541,414.01735190357476,246.24100497569938,560.1526833908746,315.98657362316646,165.3370865189573,516.0837562060549,65.07661576002872,110.60775436907021,452.04957553963453,40.83771497643071,137.38391610810453,713.7250245943227,54.87026508879723
independent_20260430_173541,trial_001,subject_001,1777541743.031413,1777541743.031413,264534.640316,1039905,001,0,0,1,47.11056834484496,635.3853736903136,860.7666640759282,133.9779854792851,648.8614432318384,858.482729464234,103.08222030095594,411.46105947096504,899.6391668949932,154.83793654638507,423.72884784582914,900.1553616040306,-86.72060746138557,537.6562976485519,711.8830290256668,-88.87180701544044,573.2719944812723,421.88879808430005,-107.5117587959185,439.3970667253926,388.32410686248573,-66.7976783291186,280.02262502839824,190.61303631636065,5.695956218200479,219.8180418246662,203.93984237801232,-62.93933748620894,437.63632784784846,59.337935105150656,264.8527344838286,591.1166747398909,682.5199585427239,215.1050880201241,607.8283869663429,413.8812290705428,246.4334537037999,556.2681668384726,315.8991405439098,165.96901180260454,511.47691357442443,65.9395139585539,110.26666669741782,447.7331025654463,40.96206581113161,137.19308105979965,709.2696298171201,54.86414037768083
independent_20260430_173541,trial_001,subject_001,1777541743.037422,1777541743.037422,264534.6472216,1039906,001,0,0,1,48.13790089048931,634.4361978613099,861.376575018245,135.00130095627114,647.7399888614135,858.6290227877337,103.68634403943368,410.433759781418,899.9566298000422,155.5530295967194,422.76123092670355,900.5487650807676,-86.18773418164923,538.4204446431329,712.8557130939752,-87.76159282145602,577.52134892081,423.39751623208406,-105.78152099198108,443.7590435187983,388.64628393564305,-65.85481110259984,286.4661344506092,188.86141795672648,6.5639656522301255,226.53972036199787,200.25598287027884,-63.604190529314884,446.72131100403055,60.43476108395874,265.4597422355677,588.8150407635683,682.2559586781339,215.50966772106904,604.1424153398517,413.6397228447453,246.68311711562254,552.4504788757646,315.77857766967173,164.95825999204487,507.2148066092559,65.1976570735112,110.52147675801471,442.7267743004384,41.18649723925271,137.0160052003682,704.8206459994802,54.905811550916056
independent_20260430_173541,trial_001,subject_001,1777541743.0474212,1777541743.0474212,264534.6571305,1039907,001,0,0,1,49.133722889113166,633.4151441453022,861.9924293940511,135.94799040801013,646.6020983958106,858.7870759527977,104.51686263632996,409.3309597601204,900.4924923397754,156.31858441652017,421.6197523257414,900.8909369815683,-85.60878994054124,538.9886027599393,713.7454407404383,-86.65938586134149,581.6416937228464,424.7135119517611,-104.13644200322238,448.1101208201486,388.64386875743145,-65.1824735690913,293.53998799618057,186.36274675806283,7.3840493007759145,233.62512149837667,195.81741738553873,-64.34203846441228,456.80275764921197,61.48704485662381,266.05322986173275,586.4987921236568,682.0076729193102,215.88651353385004,600.6289845391547,413.392830111643,246.8511086893333,548.7055305508596,315.6960809603806,164.75305657338615,502.7884334740987,65.26059062463082,110.28783108155565,438.308989068679,41.142647653714015,136.84333613365297,700.3738023462239,54.87443659493806
independent_20260430_173541,trial_001,subject_001,1777541743.058421,1777541743.058421,264534.6674637,1039908,001,0,0,1,50.05896532648607,632.2854118476145,862.5428018221312,136.80730814898575,645.400363428649,858.8775901664825,105.11445641168817,408.1668191456702,900.8034536193801,156.9669238157241,420.3511265904281,901.2051502052378,-85.11943864580975,539.44657584843,714.6560300642327,-85.48618411197707,585.4876860430345,426.10335403090323,-102.5760737299584,452.3594416193201,388.2323407415154,-64.8912133145864,301.3837502982204,183.44618951204407,7.864430263642656,241.168840321475,190.26524789256175,-65.35087930496942,467.94509707461464,62.6914774685562,266.5792016292543,584.1739105387221,681.7443916525033,216.27842111196009,597.2445368041292,413.1923856285672,246.97671838571495,544.9612752385693,315.5198802120033,164.77098022201807,498.43277958152936,65.57060511667164,110.11350282999172,433.9886023389192,41.30986934933031,136.67283107888267,696.0340056614876,54.862132499352654
independent_20260430_173541,trial_001,subject_001,1777541743.06762,1777541743.06762,264534.6771858,1039909,001,0,0,1,50.88156165451801,631.1580506957615,862.9903287461544,137.57916858449556,644.0953861459377,858.9198170444143,105.70766076194408,406.9324533615007,901.1092758219038,157.50699239488904,419.14859726996656,901.4276679122277,-84.62383717362277,539.7188973098908,715.6039853338328,-84.29960644600985,589.2179618103845,427.5270950309836,-101.13979514318316,456.51902411668743,387.50860582193576,-64.52925375211395,310.1968941217473,179.67145627077338,8.20076470043222,249.18392023407517,183.755308917033,-66.31438761456805,479.6322958659903,63.51941269656806,267.05611310141416,581.8591883233478,681.494599970136,216.6510395962759,593.8462858893446,412.86079489370013,247.17077285312863,541.3883246353772,315.44971024017354,164.3672143455453,494.1729428124062,65.3907346871086,109.47578878170897,430.1405655704456,41.130738184416856,136.5138522051976,691.6594757057169,54.79113483167279
independent_20260430_173541,trial_001,subject_001,1777541743.0776215,1777541743.0776215,264534.6873343,1039910,001,0,0,1,51.63235624774947,629.9858094071847,863.3598338096625,138.30329493848845,642.6928806836854,858.8868023010211,106.49227396429721,405.6281755827467,901.5615317865943,158.3830896102068,417.813359924399,901.8328296542488,-84.21286965605528,539.99753488146,716.5097351470471,-83.28016415654234,592.8901666052321,428.90075291664283,-99.98290337564865,460.89033083804077,386.38853351684395,-64.05305064703025,319.0613501538307,175.17399290848368,8.374865085616003,258.02688227183904,176.6966248549252,-67.26778969863618,491.8195789812057,63.888721256055575,267.48234650380647,579.5332102763385,681.2751634966193,216.93131216037204,590.5857057552674,412.68923128310104,247.16948500730925,537.7217366841535,315.258503551551,164.76801100043645,489.6615071495141,66.00601066249405,109.78423297004075,425.2668946807992,41.47598023716402,136.27245926057194,687.3098329768591,54.718512627876905
independent_20260430_173541,trial_001,subject_001,1777541743.0881271,1777541743.0881271,264534.6972538,1039911,001,0,0,1,52.31670408469925,628.6852325670602,863.668943683668,138.9804099520281,641.2306093025899,858.8487084912232,106.98192000617868,404.3036309695708,901.8434161202846,158.89033463471878,416.4086704136599,902.0356518238052,-83.76263104905712,540.2273707525222,717.2641462379873,-82.1925411143125,596.1575107471613,430.2942881633385,-99.0336982219179,465.1450946593615,384.861331237433,-63.84639305014679,328.0705309474976,170.17483912058353,8.689989367470853,267.56055815523223,169.20679509650773,-68.49784813302499,504.22204987459793,63.95816752839745,267.9276030919883,577.2823002174274,681.062496413151,217.12893666699574,587.3909479927312,412.48869512577454,247.27958704033014,534.1669219413739,315.27084365042566,164.49608607080316,485.3023262349705,66.00306789971081,109.02490740830177,421.92041244879647,41.253796533001456,136.20349611457223,683.0155414942777,54.66532714842813
independent_20260430_173541,trial_001,subject_001,1777541743.100832,1777541743.100832,264534.7098759,1039912,001,0,0,1,52.96933393419961,627.3789939643397,863.9488940574001,139.56806299626132,639.7585334697624,858.7758018428347,107.51932768769255,402.91357263949004,902.1119449258655,159.43823235862257,414.9469109660701,902.2158703058543,-83.40243814194226,540.380701813644,718.1308771841125,-81.13154806984828,599.4512042884348,431.5707014698889,-98.5069892051248,469.67658747717803,382.81862751478303,-63.651149435837624,337.9904496925256,164.52570571504722,8.935912915959799,277.88267725280866,161.33729224730382,-69.54966443728527,517.3791775910232,63.52860503806205,268.23809679014556,575.0587178041795,680.7746296302896,217.37206713271945,584.2681650088604,412.27495524838776,247.2063534728737,530.5798437673826,315.2204299528463,164.29000271698368,480.9966829245634,65.99343978149388,109.56886664169505,416.1114951131936,41.89525858702778,135.95491594435046,678.739711402975,54.63637294394666
independent_20260430_173541,trial_001,subject_001,1777541743.1078308,1777541743.1078308,264534.7173428,1039913,001,0,0,1,53.5942912570325,626.0309991620676,864.2428402611303,140.16952601570233,638.2233504098697,858.7214150971889,107.99023669764291,401.40239574182567,902.2783361983741,159.98072704461242,413.52203875819237,902.3875456586982,-82.94967346879085,540.5566588033566,719.0013474994167,-80.03828614672277,602.6392796875335,432.8228310274193,-98.06718478849457,474.240313014086,380.4364893568498,-63.50108478113212,348.78908375419945,158.2819139630448,9.461189106332151,288.5654265047279,153.4445961913818,-70.85446648360237,530.9839759897147,63.194961676629966,268.53642966615473,572.8567577295315,680.5760131908497,217.60890544512992,581.133475344638,412.0104951861654,247.30162792924511,527.0359294359844,315.18589711794704,163.47275222546665,476.85831999358635,65.48807329926345,108.62727613592844,412.7197901749337,41.41630028551644,135.89109014981966,674.4619213095209,54.526983204450474
independent_20260430_173541,trial_001,subject_001,1777541743.11985,1777541743.11985,264534.7287217,1039914,001,0,0,1,54.18269931634766,624.5426158759624,864.4976972845409,140.69357649255855,636.6485822909441,858.6373711406465,108.39709899393816,399.90777418800667,902.489425405917,160.39232996991214,411.8857140105782,902.5774742910178,-82.61427115292437,540.5540601935257,719.8308886267647,-78.94796643925426,605.5800054096738,433.9652947764499,-98.05780478712204,478.9364106825209,377.82630242569854,-63.6953429645604,359.86119813945965,152.2225222562009,9.444655339090602,300.02364750530177,145.05715902325218,-71.83359397715309,544.7083878767851,62.470831810679265,268.76925240364915,570.6231871898832,680.3403831796402,217.8148702928427,578.038638240431,411.8025090059997,247.23442174275834,523.5142544940833,315.1875351190447,163.45178260347552,472.56077161835816,65.6744185771593,107.09414425218067,409.6288759611935,40.95572840366283,135.69444016123686,670.1358826673588,54.555800873595416
independent_20260430_173541,trial_001,subject_001,1777541743.1283782,1777541743.1283782,264534.7373779,1039915,001,0,0,1,54.78323290489153,623.1765085993298,864.7434363851908,141.26844568774263,634.9632538109804,858.5580623098249,108.65932842558112,398.3531252119753,902.6957551586581,160.67563856965884,410.23127005166657,902.7337233518446,-82.40229303865391,540.6415549294923,720.5565611678098,-77.94485369642521,608.3895158366443,435.0500404668987,-98.0464052529129,483.6459326695406,375.2451946289279,-63.84191625167352,371.2447722837134,145.85566141989023,9.144288305421277,311.9013050239508,136.68102561723478,-72.65748113179686,558.7004363655052,61.65234627761468,268.9835115899285,568.3817559397589,680.1224540841133,217.92515987001747,574.9924890378609,411.55229377580855,247.2016784834944,520.0037882492055,315.08293360374347,163.35552467082758,468.1486279893367,65.77159089555776,108.27909394795763,404.0431967216281,41.59328889709506,135.58112220141825,665.8188618145299,54.43925679441104
independent_20260430_173541,trial_001,subject_001,1777541743.1383774,1777541743.1383774,264534.7473167,1039916,001,0,0,1,55.3807029671441,621.7482235144286,864.8958624011876,141.81781658602625,633.2646743453832,858.4410913903268,108.78579017689943,396.80781951321615,902.8722220917937,160.80891321331418,408.5849087858186,902.8049082993278,-82.18584822900716,540.609229336134,721.2764702588717,-77.02410476411663,611.1683395574396,436.30894890508864,-97.78044079675226,488.5302814806974,372.5819875304313,-64.18850979577635,383.09622205248195,139.7090384230209,9.231697384980778,324.06561645751043,128.76342090198264,-73.21852565420069,573.0773572669327,60.79693561277517,269.23616809517625,566.140175420365,679.8374474109559,217.98281305361056,572.0396739171483,411.2730839540188,247.10936500979082,516.6020981530042,315.06223482608726,163.62695140739942,463.6510496793046,66.19200795815368,108.91048372723046,399.2252106456078,42.62580818650047,135.37601389777353,661.5457626759027,54.41946225168
independent_20260430_173541,trial_001,subject_001,1777541743.1479387,1777541743.1479387,264534.7575807,1039917,001,0,0,1,55.95375994852302,620.3008265443752,865.0162333592646,142.34235392921062,631.5381070493454,858.2954742534879,108.80087263553447,395.21928322586825,903.0472037856831,160.86570606720088,406.89084309081096,902.8562043370559,-82.01496249843127,540.5346043563823,722.0262065976586,-76.2096553044354,613.5212844796855,437.42986763918134,-97.70258981560089,493.24208163405206,370.00388867154226,-64.74383737300235,395.63362289878916,133.6706464273326,8.410182059677412,336.841076235148,120.97422138192859,-73.50361836868686,587.5599313457315,59.940897668418685,269.3880610033204,563.8938816095676,679.5587481301801,217.96787660201358,569.1201725817847,410.92981792610385,246.9367853495802,513.2334574948841,314.9720182721865,163.525483326266,459.3004105887465,66.39167647088567,108.20109804798358,394.9230516977074,42.37518028672486,135.19029821667536,657.1845994009473,54.26965202784723
independent_20260430_173541,trial_001,subject_001,1777541743.1581998,1777541743.1581998,264534.7670865,1039918,001,0,0,1,56.502999559149366,618.8385551804984,865.06005761999,142.87552364165236,629.7697781108567,858.130429954338,108.87298745475869,393.59254909983025,903.1960293973992,160.86301746648104,405.148925867869,902.8150425175888,-81.9507703896631,540.2959967863817,722.55601375137,-75.6335113833466,615.8310336017282,438.57563655003776,-97.45813421518503,497.99107793329347,367.3948413835679,-65.2598229778544,408.18372747270365,127.48257214357696,7.64625600853344,349.6480175222624,113.37338476774828,-73.46258823492668,602.386298530335,59.5848691997575,269.50688191626585,561.6266736405518,679.2624754634173,217.92613613711686,566.2386077827823,410.6681300313522,246.82495907745255,509.923001102877,314.8866600216995,162.74550072673682,455.18198293045157,66.01399479940633,108.07553180437905,390.6475879057837,42.43446931878841,135.07179264265585,652.9864788527495,54.27867144927431
independent_20260430_173541,trial_001,subject_001,1777541743.1683133,1777541743.1683133,264534.7774503,1039919,001,0,0,1,57.015268626737814,617.2427927561254,865.073984201095,143.3613662260164,628.0161417334015,857.9394420415633,108.84924570370752,391.953112612324,903.2680817877362,160.89870875903173,403.41207407493755,902.8719423607051,-81.9020712963453,540.0940284360187,723.2916044890454,-74.95237191601981,617.9359831025821,439.58872897027254,-97.29190055220329,502.58259118656264,364.7345871395427,-65.92182195668819,421.2028794700778,121.81120222260934,6.933660882236664,362.7858757993209,105.99244199503899,-73.278296414143,617.2885720846812,59.717871309180744,269.62860677229713,559.3248510587242,678.987204097822,217.8199138705878,563.200160314652,410.4288784552732,246.66634906583252,506.5547795225378,314.77845598291873,162.45465459500753,450.78304903278547,66.02916807019764,107.79782325234072,386.3078386468745,42.58754959699953,134.83140578160874,648.6611848167005,54.17212016474183
independent_20260430_173541,trial_001,subject_001,1777541743.1817877,1777541743.1817877,264534.7907074,1039920,001,0,0,1,57.511308345443744,615.7664706329762,865.0793806339908,143.83619361706772,626.2698115077885,857.7549182463539,108.88307305973281,390.28923353003876,903.3335476793084,160.8892373620935,401.6611516887075,902.896302754859,-81.92881899384932,539.7997645998323,723.7862857052951,-74.40891579438231,620.0812053106055,440.6343778351458,-97.3759034241427,507.4616530364653,362.09946674582807,-66.19981553501762,433.9734884868,116.12972819009678,6.262189681941917,376.07582358032425,98.97757416603281,-72.82167328165608,632.1895258654739,60.21398142045692,269.72390785843896,556.9233723346068,678.7161585328256,217.69630954586296,560.0232927523276,410.1597477131528,246.55175121923983,503.1112789873228,314.73289485437056,162.4528201407534,446.434818128053,66.25247200991085,108.04138459194242,381.7153363240959,42.97364161017295,134.60753948244414,644.3580812555772,54.17371580602552
independent_20260430_173541,trial_001,subject_001,1777541743.1873257,1777541743.1873257,264534.797107,1039921,001,0,0,1,57.95443728682174,614.3067446116096,865.0099387185502,144.23634809120225,624.4952043924175,857.5082166334995,108.61816365459107,388.65818604089446,903.2546442208032,161.13736448361976,400.09891815913466,903.1085100431713,-81.94279047180495,539.4006577655379,724.3071787290792,-73.95602284471137,621.9921466195626,441.6131880814015,-97.52267503815565,512.4687858970601,359.4717739175063,-66.62721188447361,447.27106368217505,111.22010983552485,5.344030390234283,389.5075501776566,92.44201515385934,-72.37317369275614,647.279614377001,61.31304015885907,269.75235264639355,554.5266683687919,678.4609854687111,217.76053031372797,556.7406420963056,409.82621444779636,246.43708563618654,499.4595323947153,314.5894801283781,162.6021545278245,441.8760227815961,66.50197741184081,107.44578890990832,378.32619843120347,42.749397353893976,134.5062134899545,639.987545915525,54.0577193948135
independent_20260430_173541,trial_001,subject_001,1777541743.1983275,1777541743.1983275,264534.8073783,1039922,001,0,0,1,58.366515663639646,612.7912408344955,864.9424068151552,144.63122649345908,622.7597372097302,857.2823955698137,108.62735205244161,387.0118271349958,903.3122884410033,161.0548578801921,398.3864212166946,903.1613100025088,-82.03545834112214,538.8924396908744,724.7315144220911,-73.4815271822013,624.012387045245,442.6384370929013,-97.81583767760365,517.5491187038691,356.97466604337916,-67.1035796687267,460.80685474089836,106.84795112232942,5.0675407778414385,403.06323978699527,86.18790346117868,-71.42582078930062,661.933710173198,62.37975755302283,269.82176823639446,552.0403998897984,678.1807301661738,217.7791542221836,553.4106802654528,409.60289099188446,246.28667247599338,495.80310010771217,314.5563757886789,162.56464927644055,437.50625711639003,66.69723281760358,107.33913026071316,373.70336257373907,42.5371584033225,134.180773232568,635.7299338977004,54.12263458281334
independent_20260430_173541,trial_001,subject_001,1777541743.2073545,1777541743.2073545,264534.8169794,1039923,001,0,0,1,58.78930337765231,612.1544613883057,864.8700743103426,144.99906876818733,620.9577082141782,857.0097082195452,108.58369913519564,385.3664636319037,903.37656884239,160.77302494286354,396.6856230828816,903.0510365642676,-82.14927899034512,538.3781491598606,725.1660925321147,-73.11854647292661,625.868433353793,443.5560120433147,-98.17535301282372,522.7704749969035,354.66307458279067,-66.91564707149513,473.76810740297054,102.35613355895437,4.589524668555163,416.614869727883,80.73517427297102,-70.46771156963612,676.5178288281362,63.56238155806184,269.88395625721165,549.5009193844031,677.9166070478782,217.7086728436048,549.902382849533,409.3906087366448,246.15702223956987,492.0095407341465,314.42859213177553,161.82574377331338,433.3472376156531,66.34604194321567,106.72550376512037,369.8570069724953,42.348250790076754,134.04893087253188,631.3458076252247,54.06810709483812
independent_20260430_173541,trial_001,subject_001,1777541743.2179425,1777541743.2179425,264534.8274166,1039924,001,0,0,1,0.0,0.0,0.0,145.3384058377302,619.2010792385357,856.7241350095807,108.38051629400216,383.7942529612937,903.4397568732157,160.68443591203257,394.94596255843334,903.0190926117135,-82.23833038518922,537.5490160900238,725.5617335375681,-72.61436212801422,627.8028854164013,444.55393830804076,-98.6385215265792,527.9658899841287,352.5394990269292,-67.01816437519444,487.1838432098349,98.60180860185166,4.548936448957568,430.689681899343,75.57842892492206,-69.21626252115936,690.7629796105809,65.04891404958512,269.93494324657553,546.8540244429926,677.6530389913261,217.78713232051007,546.4257709680078,409.10348174807416,246.05049394744665,488.17359555814267,314.3777393567144,161.9556770615158,428.8426188286881,66.73920107816734,106.4158046598019,365.5699964137025,42.20713008497421,133.87335856701907,627.0158349173184,54.09808443524346
independent_20260430_173541,trial_001,subject_001,1777541743.2284565,1777541743.2284565,264534.8374787,1039925,001,0,0,1,0.0,0.0,0.0,145.62346223459562,617.4847543432128,856.4582900133101,108.21884347904009,382.21350055971624,903.4615809969144,160.5062675877025,393.1944835065192,902.9109419258521,-82.4730074496433,536.9117140260911,725.8527408268012,-72.36442067211368,629.5927058258316,445.4951352032938,-98.8117497246099,533.1474271949769,350.4717960183195,-67.27535792932433,500.72507909958443,95.70484769015482,4.3367380059926095,444.1791012399579,71.23315342096957,-67.8427837051629,704.8116225587796,66.7822095345179,269.9983920653415,544.2103380298979,677.4098457261221,217.80908363451044,542.8540292363961,408.93520580315567,245.99146834075194,484.32516572910885,314.3371465037719,161.49728583881236,424.54825412711284,66.3645603905417,106.31112194199936,361.10962774105633,42.29023579586713,133.6531530524481,622.6359987701529,54.07922647875722
independent_20260430_173541,trial_001,subject_001,1777541743.2371278,1777541743.2371278,264534.8469125,1039926,001,0,0,1,0.0,0.0,0.0,145.94003609310354,615.7170984337785,856.15015387552,107.98965099901167,380.62717494667555,903.4440580883436,160.157141395358,391.55014492997697,902.9654520061724,-82.74646108704202,536.1073657495623,726.0982654090313,-72.13759091150831,631.2159530629258,446.4273063154369,-99.14974571424504,538.1337422033475,348.5416880058379,-67.27645096698846,513.6262672823261,92.91049807006658,4.217413632542814,457.52269519072485,67.32746753214843,-66.18113349918214,718.5767483363112,68.71424909238414,270.0219825022079,541.4997996637808,677.1622518002847,217.83533676938296,539.2316141933029,408.6934598911574,245.84493173598844,480.44686423683555,314.29946059955387,161.487493266616,420.65074512715853,66.96014785279179,106.14083223934016,356.76838080036754,42.32694271284483,133.48397458021236,618.276394645648,54.06619758929555
independent_20260430_173541,trial_001,subject_001,1777541743.2481277,1777541743.2481277,264534.8571736,1039927,001,0,0,1,0.0,0.0,0.0,146.26002630685596,613.9947477720694,855.8893136648295,107.87831560775646,379.0298914511296,903.4783146225407,160.1216490533211,389.7832830886471,903.0181264385561,-83.02298069543585,535.2873287553255,726.3783155138686,-71.97813871359065,632.5844766921512,447.35218695903615,-99.54885363187776,542.9686210389902,346.9615527707552,-66.9815175305987,526.3246482159237,90.27829671903933,3.7761658807158174,470.4664628059506,63.895260992182216,-64.42350704152989,732.0446840647991,70.92907952491791,270.05298099105227,538.7830667979727,676.9632384102531,217.85663033297303,535.6416380708832,408.5253082838175,245.7887293576235,476.5447768651159,314.2383162812892,161.24271355545335,416.33485496273295,67.07598903916328,105.86440619013962,352.3905743148101,42.55794533220003,133.22931126045432,614.1899674496979,54.120631544127335
independent_20260430_173541,trial_001,subject_001,1777541743.257643,1777541743.257643,264534.8674761,1039928,001,0,0,1,0.0,0.0,0.0,146.56565895420954,612.2495581736713,855.5987198915275,107.26103503579733,377.543056264221,903.3929448282175,159.89253818896265,388.06003745612173,903.0220585440003,-83.39309123275237,534.349265442451,726.5647760673293,-71.7812431945505,633.8188569900497,448.2809189583923,-99.82536353027142,547.7076830648964,345.2654141779669,-67.01738692160252,539.1377938571297,88.43257149485981,3.6241983294024958,483.33532394862505,60.87699962595783,-62.61062798090197,745.2216355074347,73.80444143661236,270.0686605869987,536.0877352745089,676.7479051242285,217.84267906072193,532.0111933655521,408.34688738187356,245.65007314402092,472.6976411107423,314.2462968474295,160.12254869798676,412.14278868190274,66.35966330612067,105.65028307409037,348.0629165836263,42.4816821449084,133.0688483721882,609.5448522188672,54.067165225308266
independent_20260430_173541,trial_001,subject_001,1777541743.267641,1777541743.267641,264534.8773621,1039929,001,0,0,1,0.0,0.0,0.0,146.87910025754542,610.5489467107008,855.3502072745123,106.97147741415937,376.01704135253,903.440523933006,159.47610929300336,386.4210472589277,903.0883238465591,-83.61837492600252,533.566964412598,726.7282311794094,-71.58068811288138,635.0298216223266,449.15370998439306,-100.20363227563088,552.53748183765,344.04774565721783,-66.87962343130111,551.6195967825258,86.82494519665251,3.3300900947372867,495.9899719407765,58.08646210863472,-60.674987243141274,757.9500184844932,77.40575070996405,270.0868317308167,533.4514257479125,676.5372974572119,217.8836213604704,528.3980360370526,408.16070033675317,245.53749112767252,468.77987275760785,314.1658553937261,159.88040327339309,407.766146824373,66.32145939782669,105.24169586495361,343.4662905239309,42.57702378267572,132.878088189224,605.201907645736,54.129584990086045
independent_20260430_173541,trial_001,subject_001,1777541743.2786427,1777541743.2786427,264534.8875379,1039930,001,0,0,1,0.0,0.0,0.0,147.16880600939837,608.8923064153514,855.0837602717247,106.59522256972635,374.4708508933543,903.2452250937547,158.99028368495166,384.7762284073827,903.0157193970531,-83.84867446164697,532.6783533280474,726.8263163572194,-71.30763500022856,635.9267223484338,449.8982383742188,-100.28511440364092,556.7628483362467,342.45709726081066,-66.82767161841859,563.4296833588724,85.26795492100878,2.8953601732235477,508.3341505034379,55.45012612044143,-58.635584987385485,770.2768757672694,81.61841291145569,270.0361961599843,530.8369264371455,676.3292321006224,217.91615177850935,524.7126490097147,407.9801359258542,245.4295594033854,464.8100222528728,314.0980857688342,160.4966623198923,403.2247373849567,67.01026659809457,105.29881016794933,339.4172110288818,42.56181237207927,132.7597704481525,600.8137724386664,54.11693261954107
independent_20260430_173541,trial_001,subject_001,1777541743.28823,1777541743.28823,264534.8980612,1039931,001,0,0,1,0.0,0.0,0.0,147.459054630731,607.231762295562,854.8177326361076,105.55682931099213,372.7751903335863,903.0885537053304,158.51849461663858,383.12790515150937,902.8436023223207,-84.1200798329584,531.7764254636907,726.8948026719391,-70.99684541773773,636.9226136827103,450.75233460136326,-100.5054159081518,561.2103205130068,341.3386049158706,-66.6712520564226,575.5800729649416,84.24762792004996,1.8261146491937448,520.2327772545045,53.310306441405224,-56.429967147502005,782.1661057231019,86.24602726375336,269.99281058868036,528.2264757137643,676.1777595691177,218.00390503093186,521.055021286319,407.7649626047255,245.39834650578493,460.83106808080805,314.0881638094622,160.39493921026673,398.8902434112748,67.17601173997403,104.79461221763214,334.7813656961248,42.79836488788465,132.56641298510087,596.4254586506781,54.1567892934243
independent_20260430_173541,trial_001,subject_001,1777541743.297249,1777541743.297249,264534.9070487,1039932,001,0,0,1,0.0,0.0,0.0,147.72786091913872,605.632495904075,854.5556413968944,105.0105168864945,371.3545177676659,903.0489675923807,157.86502086269326,381.54311309691116,902.7369683582405,-84.45623172728395,530.9744808758965,726.8942439848142,-70.8251962392902,637.744253088114,451.46955262981083,-100.65521784753828,565.2053127951092,340.1435028739105,-66.51527724376655,587.0113031549907,83.41291135021275,1.915901102291484,532.2447530502858,51.090366522753904,-54.00398117087526,793.6125791002282,91.06369325887947,269.9414984693606,525.612145836112,676.0015503656513,218.07856165886147,517.2795249060579,407.59500600215864,245.3362928839911,456.7634600273124,314.02334232061696,160.07310063371207,394.5297720154107,67.16133966677755,104.87830393775413,330.597429995238,42.58467317167357,132.3436970446566,592.0055452372067,54.16715268823465
independent_20260430_173541,trial_001,subject_001,1777541743.311251,1777541743.311251,264534.920818,1039933,001,0,0,1,0.0,0.0,0.0,148.01314524309208,604.0188335907033,854.284126656818,104.37980377308212,370.0101872650886,902.9305067423137,157.33860274479107,379.9773787908789,902.6796407092412,-84.70447457940995,530.1249263719759,726.8336926594997,-70.6364491719484,639.0555709847436,452.428439871849,-101.09366221487953,569.4325876189116,339.34885210076317,-66.65913889591707,598.6515631580035,83.41097965800364,1.2165148493877234,543.7246132745069,49.235217258132465,-51.41108249628944,804.5834019861766,96.02669529822847,269.8275372932523,523.0667525008624,675.7793338892911,218.1789130408069,513.5474625501406,407.40448653743294,245.21022609498934,452.74176674485443,314.0515069874625,158.93874907966062,390.2920295822075,66.36648059585217,104.66717725062162,326.27780270438836,42.733822986198504,132.141728160485,587.6728251212836,54.24311228298072
independent_20260430_173541,trial_001,subject_001,1777541743.3172905,1777541743.3172905,264534.9270976,1039934,001,0,0,1,0.0,0.0,0.0,148.25055768698394,602.5291172184888,854.0229118296237,103.55349169609937,368.7168249749519,902.6914935500722,156.81433778230257,378.50494412692444,902.7150087194639,-84.91750356765307,529.2592332365933,726.6579609825573,-70.50310440331582,639.0677548642569,453.01614053174126,-101.48123666699678,573.5535997661564,338.5279245500034,-66.62921932210895,609.7135103859347,83.41829592681187,0.5341569774233627,554.8030258760233,47.895022837045246,-48.821789524012345,814.9600924638888,100.94093195836433,269.6953488748161,520.5402347086596,675.5953398289835,218.18273845777193,509.79151106294273,407.26100661769715,245.0834399033278,448.67227786196287,314.03958573514177,159.61183371127854,385.70183169941805,67.15756284698638,104.52232103242709,321.8194679216197,42.839613533148174,131.98369804871618,583.2929134143162,54.33866980219092
independent_20260430_173541,trial_001,subject_001,1777541743.3278017,1777541743.3278017,264534.9369379,1039935,001,0,0,1,0.0,0.0,0.0,148.46085111553978,601.0685086644119,853.7318319891444,103.10345145931967,367.3188905839295,902.5096327553498,156.0017561294467,377.04599126906,902.3365304378593,-85.19972308596196,528.4271684393046,726.5053041513482,-70.11482515717634,639.33850737712,453.4553691564567,-101.85011180831312,577.6253022320559,337.7177602974495,-66.5316303146338,620.3716047413044,83.59007860678544,-0.42973903584502005,565.1146496303621,46.80275488088392,-46.02119122537211,824.8546553755974,105.92741340553977,269.6188741307995,518.0770992133984,675.4139135872389,218.15931379125482,506.06804251369505,407.0824758343792,244.92964371773257,444.6680652998884,314.03216624264326,158.5573748898998,381.53305677555034,66.4908174024613,103.98206886141143,317.17767646450915,42.97265758995879,131.87805887035154,578.7124049436129,54.31421270812387
independent_20260430_173541,trial_001,subject_001,1777541743.338564,1777541743.338564,264534.9474298,1039936,001,0,0,1,0.0,0.0,0.0,148.63679298079632,599.6985750724903,853.4568695075268,102.38213409409263,366.20048329084335,902.3367148855156,155.3175701816532,375.6391865773013,902.0887133512059,-85.47684882903707,527.7149872572194,726.2673350495929,-69.7420423605332,640.489080619444,453.9711143607643,-102.52555957397195,581.5049118269411,337.18136188021407,-66.35212686526064,630.4030410930828,83.92101814496861,-0.945422880339831,575.1269648104619,46.10080012251846,-43.26623768933821,834.1847577665485,110.83629469072355,269.46447213710036,515.6006326134839,675.2369462242767,218.10351544441536,502.32315451501796,406.996525657475,244.77667529626794,440.6644100270655,314.03831959907,159.2112178372715,377.04095662524225,67.37712319709293,103.98803121683088,313.00979522085026,42.95421113874091,131.68375332654924,574.4746108084183,54.379355131989854
independent_20260430_173541,trial_001,subject_001,1777541743.3475783,1777541743.3475783,264534.9570578,1039937,001,0,0,1,0.0,0.0,0.0,148.7668650758777,598.4071104819656,853.1808505675165,101.55589432982579,365.0987274037979,901.9657114772389,154.75959102195077,374.36464635438955,902.0629537872974,-85.89660981698621,526.9774769638082,725.9031061262201,-69.52387051475857,641.1567574753267,454.39035300572067,-102.87629601816484,585.1561977001741,336.62979105118757,-66.33813390676345,640.1128294535871,84.43643250303381,-1.4560313184118407,584.8548951284772,45.54868793624075,-40.47478115933484,842.983517783259,115.59726753253314,269.3430310628751,513.1946301640955,675.0329629848328,218.1405895438536,498.5646511950212,406.83017296586576,244.6315972689211,436.5801071795566,314.02166068779763,158.09206779682543,372.84417689013014,66.68901475151155,103.7570002317414,308.63435296897836,43.064159766605655,131.58602159343127,570.0677310726672,54.40028098197091
independent_20260430_173541,trial_001,subject_001,1777541743.3620288,1777541743.3620288,264534.9708989,1039938,001,0,0,1,0.0,0.0,0.0,148.87186234537813,597.1217967551664,852.8266703695961,100.69680502167051,364.06227991940415,901.7132821015393,153.85248874242066,373.1165458037784,901.6529006917015,-86.28897668465825,526.2765030170735,725.6393667685101,-69.20794513525601,641.7456413034166,454.78275407307274,-102.83041275497398,588.4659362243992,335.9827935284262,-65.9016312321495,649.0042607675044,84.98496738072664,-2.0691712582939368,593.949086268957,45.068691041451125,-37.841776447193624,851.068891047531,120.1023548218336,269.18871098803356,510.8098418783733,674.8776561188305,218.11487718887926,494.7354453438537,406.6562426664193,244.50439451446402,432.54132607556727,314.08099139549296,157.89934696279158,368.39505185650563,66.64288504953154,103.54810382898161,304.19368104667865,43.015020453703215,131.38024313448352,565.7061499077024,54.407020320699715
independent_20260430_173541,trial_001,subject_001,1777541743.3680408,1777541743.3680408,264534.9771329,1039939,001,0,0,1,0.0,0.0,0.0,148.92607811194833,595.9735907186222,852.4847932932863,99.91844460652305,363.0577475611324,901.3064043434658,153.2240710866952,371.9504496571365,901.4378593269827,-86.66381665623271,525.7527893762248,725.1799713240868,-69.0636364449587,642.3401627443891,455.1394972924501,-102.63079370326345,591.9743975382877,335.1861365626492,-65.74567809922614,657.633203454824,85.90434076583642,-2.373201131147531,602.6506410562132,44.861944153156685,-35.19930960381673,858.6998540214757,124.56688552287136,268.95815001267044,508.44987451781714,674.6572577064769,218.1714457013122,490.83349485976834,406.4810274539878,244.42431786532376,428.4413564846676,314.04691671092417,157.69615942242825,363.9787682161301,66.63377839620912,103.15667995444022,299.515799578155,43.1954067643044,131.1943086419785,561.184225448835,54.47152289401811
independent_20260430_173541,trial_001,subject_001,1777541743.3780406,1777541743.3780406,264534.9873765,1039940,001,0,0,1,0.0,0.0,0.0,148.95444766578987,594.8474078111016,852.0656185215097,99.0848366507872,362.16709705075044,901.0015855122915,152.47047972678394,370.88027511895575,901.2724904998381,-87.08072071871126,525.1947793751028,724.7682599617206,-68.8160028293354,642.875323885098,455.36751979316284,-102.57337796346548,595.1036274245677,334.6627697495297,-65.45834247650032,665.7108717639524,86.8770264827788,-2.5753167695754255,610.6200651786573,44.70639641406514,-32.78055612612993,865.6183184471811,128.9633177727596,268.737476854601,506.1352687584619,674.4219962709093,218.2175154521263,486.99244640967197,406.3187094143419,244.30890533755024,424.4009725546357,314.0666161890419,158.33219528320427,359.3885497098419,67.4508717936136,103.26897638750165,295.409549311638,43.10709983461688,131.0700889419215,556.7273551492968,54.52955445709495
independent_20260430_173541,trial_001,subject_001,1777541743.3880439,1777541743.3880439,264534.9971747,1039941,001,0,0,1,0.0,0.0,0.0,148.9580347606031,593.8252683153045,851.6209001620294,98.16887304987473,361.3467080553019,900.5991541763302,151.5380412983627,369.8432364152088,900.8809315396762,-87.48833222782747,524.8512695119435,724.2261074547623,-68.55432267655078,643.4979071048828,455.52854502265234,-102.7287837764904,598.16227255913,334.0639630469427,-65.15502987267308,672.9804356981219,87.72434935122209,-2.8024999750005666,618.1222374302039,44.411390707162134,-30.497328298712176,871.8401377526972,133.30464817544797,268.4874336289413,503.86707526665975,674.1999587589033,218.1998252191483,483.14951242159214,406.1904119945632,244.1947604918819,420.3797565446361,314.09281924146023,158.0175616535026,354.9768865396474,67.49453991463496,102.93452886319034,290.9791792509431,43.18791157809766,130.8812371421586,552.276789270133,54.497206781786936
independent_20260430_173541,trial_001,subject_001,1777541743.3980424,1777541743.3980424,264535.0072179,1039942,001,0,0,1,0.0,0.0,0.0,148.94857659361296,592.8560560585858,851.1314778569023,97.30734012843688,360.5714959345743,900.2549084259292,150.7121662245763,368.91882518096133,900.5822963011304,-87.88494219354816,524.6300047560779,723.6863939681235,-68.32968881655124,644.1161381069377,455.6119427695685,-102.95080243193672,600.9364146096931,333.5939110276121,-64.58673842564468,679.5723321484968,88.32266601701006,-2.9175329299594734,625.005026181859,44.012025749331436,-28.525330311629812,877.3507415277346,137.36875890317162,268.2380907709591,501.6766145128349,673.9597917323566,218.03532202146556,479.296518201134,406.0138121075765,244.09269089205713,416.389464279158,314.126480557042,156.8225010548291,350.66642807870284,66.76575376998812,102.7545038955454,286.5644170081025,43.22031601250541,130.73827989846532,547.9600650972907,54.628244179292565
independent_20260430_173541,trial_001,subject_001,1777541743.4085639,1777541743.4085639,264535.0175808,1039943,001,0,0,1,0.0,0.0,0.0,148.90444856159297,591.9804995026773,850.6200901860658,96.34401594191586,359.8656540299066,899.8423347568823,149.77265753553885,368.0607761719006,900.1874474989576,-88.22384342254877,524.5119031282702,723.0867231918292,-68.11585633216072,644.7074049364415,455.4830502082664,-103.13104657029115,603.2166767830851,333.0937580367837,-64.16975016239611,685.5453975835319,89.0263640111131,-2.7594092322936126,631.4121138530036,43.80225221837161,-26.728543621032163,882.4009933233197,141.09610034853316,267.9062542470058,499.4747750946478,673.6772670373811,218.00035390723417,475.60223355985653,405.9095714964794,243.86453676882763,412.322069542575,314.12351016538196,156.6152338431202,346.21658643893664,66.7611153643181,102.57499223310712,282.1269613498938,43.465753649586375,130.5895608279965,543.4768096486297,54.64459181273039
independent_20260430_173541,trial_001,subject_001,1777541743.418542,1777541743.418542,264535.0274094,1039944,001,0,0,1,0.0,0.0,0.0,148.82618393717834,591.1451687518703,850.0417216267722,95.3684292768707,359.27275948911443,899.3273138776002,148.7539177539492,367.2800922311481,899.7804231625597,-88.62510441271587,524.4906328304853,722.4487813449571,-68.00122433373464,645.4344920063052,455.38744997979137,-103.17944850619988,605.4988803274757,332.52544396951254,-63.75788850519407,690.9510821407765,89.6345444847436,-2.6334958484422195,636.9628838294052,43.51408621999796,-25.223194325716143,886.7962607256678,144.25998559410388,267.51535573733696,497.30886171404205,673.4168141046464,217.8750690521364,471.86694335107205,405.70736236889525,243.6671975779293,408.41432800120907,314.21311082662936,156.3796813277351,341.843405786753,66.89156461793816,102.33033496277996,277.6866743170301,43.364908484760875,130.37489814962248,539.057243876186,54.61893184657508
independent_20260430_173541,trial_001,subject_001,1777541743.4285839,1777541743.4285839,264535.037477,1039945,001,0,0,1,0.0,0.0,0.0,148.73734242839186,590.4117526630891,849.4397989919489,94.25162963566866,358.78250709479147,898.8124159819544,147.71474405132278,366.6325390597368,899.4718688310788,-89.11554001951943,524.6968767581095,721.8085487135128,-67.96944370019395,646.0175610042722,455.1413233116247,-103.0173423881138,607.4358696295608,331.89014961769107,-63.348981886230675,695.5633629996267,89.96057714237676,-2.2639219551880525,641.9181801112969,43.42613145904031,-23.902175499959448,890.6534630170122,146.91113877726505,267.14775305561164,495.26430476613814,673.1434554967933,217.73420711923296,468.2197471614058,405.5539350461207,243.37905020119172,404.4790034442424,314.2084120279956,156.13323117683603,337.4130120360402,66.90240034768573,102.069299617969,273.2269667277892,43.43037939575592,130.2263387057611,534.6267358383817,54.657086628220185
independent_20260430_173541,trial_001,subject_001,1777541743.4375806,1777541743.4375806,264535.0471769,1039946,001,0,0,1,0.0,0.0,0.0,148.6284048501763,589.7032645142368,848.7958714543759,93.19390962978423,358.392178681159,898.26856019981,146.7002824150608,365.9773452935614,898.9806768211446,-89.53174267542954,524.858143010903,721.1019182161665,-67.84266525550558,646.6704479173017,454.719974844403,-103.0363879421045,609.5717609798232,331.40573642683444,-62.90970624576138,699.5386385350082,90.16955757567776,-2.1475216163908977,646.0586455924346,43.020154900941776,-22.78422145864144,893.8657321997517,149.02217497538513,266.8103622774987,493.3004429613442,672.8080673556931,217.60843202252482,464.72102112390627,405.3821182434942,243.12000960218924,400.6949722080345,314.25256394489304,156.80385001372034,332.88934161206254,67.8202677052978,101.93300966010779,268.84546910956897,43.61963700043226,130.04697857501364,530.1285774499121,54.55143960512368
independent_20260430_173541,trial_001,subject_001,1777541743.4501302,1777541743.4501302,264535.0590515,1039947,001,0,0,1,0.0,0.0,0.0,148.49451188577902,589.1631358188366,848.1727018192338,92.03388989791351,358.08987982756946,897.7192994687265,145.52350057059806,365.42657728174174,898.4303047279266,-90.00005806793952,525.1986317733825,720.389414438545,-67.81959524572875,647.2938186804254,454.2497415965049,-103.42008397781092,611.2642223868417,330.73920479413397,-62.54064253975421,702.7341796301619,90.20805438008789,-1.742562498605863,649.5288293707928,42.55572680733412,-21.78041471927875,896.4658548492732,150.5359846601474,266.4530789459041,491.44194678725165,672.4994355831576,217.50485722285484,461.3015616452689,405.23735727548745,242.89555053207425,396.90918425683594,314.25347316573243,155.8214161868209,328.6948011871183,67.21109987679391,101.69343178099949,264.3807054816434,43.606107613589,129.8912063371905,525.7729858921448,54.577865176536875
independent_20260430_173541,trial_001,subject_001,1777541743.4576523,1777541743.4576523,264535.0670492,1039948,001,0,0,1,0.0,0.0,0.0,148.34979076439672,588.6490063115092,847.51790665094,90.89818921005467,357.78777046831345,897.0060044432058,144.33341390298074,364.99090360851494,897.9002704356877,-90.56466311789684,525.688281155077,719.5423510507413,-67.67144245955203,647.8742303832831,453.77774367867625,-103.4201406885576,612.5531085653913,329.9302370420821,-62.14081630194583,705.2696195876948,89.89482693271324,-1.6151133186386166,652.1562200948271,41.88319919761603,-20.86900614231009,898.5190500336817,151.41408029888063,265.94736853775817,489.6384910298491,672.1953692899544,217.42718716272776,458.18514716362307,405.01218756814905,242.63872223892795,393.2800089943958,314.3682583680283,156.37451782820372,324.18767952344945,67.98623482814057,101.48942456936678,260.0263643129585,43.73405625087465,129.6718695682159,521.3961798455852,54.54705382298993
independent_20260430_173541,trial_001,subject_001,1777541743.4685102,1777541743.4685102,264535.077476,1039949,001,0,0,1,0.0,0.0,0.0,148.172208747317,588.2402836006418,846.8636739620514,89.53162051084871,357.6689432799433,896.3388272886843,143.05267470509838,364.5887089927699,897.2064653233041,-91.22119853930373,526.2081683486341,718.7852984794815,-67.50431524139493,648.4674720078018,453.1972858908299,-103.40109927471812,613.6946996197161,329.191837769861,-61.74104330537,707.0201064954726,89.41952267833501,-1.3212279253296417,654.0697969901495,41.24568814813199,-20.179368422618104,900.036499176191,151.71550454647988,265.4427628109581,487.9741004102993,671.886734537805,217.34420371255462,455.08825766283866,404.76233806052574,242.3008875011579,389.54830713608897,314.3781448931903,156.14242943020594,319.7684395498288,68.06084302314935,101.23818012721811,255.7265273896497,43.82306344870175,129.55796493809808,516.9357841063111,54.53007292496828
independent_20260430_173541,trial_001,subject_001,1777541743.4825246,1777541743.4825246,264535.0916847,1039950,001,0,0,1,0.0,0.0,0.0,147.98801952394953,587.9138970834024,846.2157768539428,88.15362627162936,357.5366225936998,895.5667419804282,141.9338540842068,364.2993320034727,896.7021814102924,-91.70145754616479,526.8259294172516,717.8683929500155,-67.39950019689512,649.0773428592003,452.5238093088544,-103.47805624044831,614.6893580687299,328.3692685743379,-61.40195892854114,708.228940365762,88.7121317992218,-0.9506332040884315,655.1241730861565,40.520280556405915,-19.54414445376992,900.9092210879091,151.46763085062923,264.9039603411633,486.429327239305,671.5195812079887,216.87720215749331,451.5801564839002,404.5903066319912,241.9747239113697,386.04121316090436,314.54368907391705,155.85623020171448,315.36573438463057,68.15162364962052,101.0763588724252,251.26488370787297,43.85636862559615,129.4005515668095,512.475961608377,54.49146031348848
independent_20260430_173541,trial_001,subject_001,1777541743.4875271,1777541743.4875271,264535.0971925,1039951,001,0,0,1,0.0,0.0,0.0,147.7641781051343,587.688236390208,845.5619900472726,86.82709839104061,357.53212553809243,894.803297610697,140.5049554640068,364.13682976885457,896.0401199552305,-92.24582227282114,527.6627842232404,717.0289085425796,-67.2856398111394,649.5598843294318,451.67734483623326,-103.42183989482632,615.3586469270844,327.5187330972536,-61.10106990657763,708.5161649918681,87.83355772451901,-0.8555456124777493,655.5291180444981,39.38380873677862,-19.073302637743748,901.0882014652699,150.76377575680968,264.3247474127525,484.96674807755863,671.1339185159654,216.59655081956777,448.50701573404604,404.4010460046818,241.62240158877182,382.57838216665147,314.6483455887633,155.53075178413428,310.92295360678105,68.32473253958703,100.83380143236258,246.7758906295581,43.9956763036196,129.25543971464634,508.08654026640676,54.45588957937271
independent_20260430_173541,trial_001,subject_001,1777541743.4975266,1777541743.4975266,264535.1070453,1039952,001,0,0,1,0.0,0.0,0.0,147.50088437979537,587.547733862267,844.8906721009374,85.52252040498622,357.66051059187953,894.1302824232298,139.1404973275704,364.0495140222108,895.4018858712901,-92.71617495906177,528.4677982150804,716.0987597044234,-67.21682173772936,650.3400950211974,450.7958963907809,-103.26731909655156,615.7548863888497,326.4990336159372,-60.84156242124336,708.2700300720076,86.68241958273364,-0.4103765260606245,655.0603030055901,38.21614702956798,-18.68476165232906,900.7059911172965,149.7076021503966,263.68716059300124,483.61524520189533,670.7399783941727,216.2378093129147,445.57344940882143,404.1494980430611,241.19360173693886,379.1974786091509,314.74977639957314,155.1904566406487,306.53768132782955,68.45996640811107,100.71259323794496,242.4136121784087,44.226703403906114,129.09920268364868,503.56392332673136,54.37063381069254
independent_20260430_173541,trial_001,subject_001,1777541743.508661,1777541743.508661,264535.1177138,1039953,001,0,0,1,0.0,0.0,0.0,147.1896083936177,587.5101188225651,844.2118279031456,84.17288966106297,357.8637061243811,893.3692703255248,137.6348139847712,364.0826808188787,894.6521337176476,-93.18673091782976,529.3891496150912,715.0717745750813,-67.11058232107206,651.0318611012082,449.7324878359362,-103.37787861450852,616.1277311196033,325.4491230332093,-60.551703514741895,707.1814362379638,85.2501688746653,0.04784310595674927,654.0054507725966,36.47200393691081,-18.285990889762587,899.624711719285,148.23680607339136,263.0950195877395,482.36610233139953,670.3243082177765,215.82556793405578,442.7450738558002,403.84236146835616,240.79847868638112,375.9391686819612,314.8792836063043,154.94398299259268,302.14017552099637,68.66895105142034,100.43812736387339,237.89560678088372,44.30515132043871,128.97447446157898,499.14449467182965,54.321175407649434
independent_20260430_173541,trial_001,subject_001,1777541743.5173109,1777541743.5173109,264535.1271122,1039954,001,0,0,1,0.0,0.0,0.0,146.82691212450402,587.6110031130024,843.4771459754206,82.66650924136859,358.2506302169352,892.5693305650472,136.33512322060577,364.2308503726821,894.0907128220879,-93.82393750207015,530.408104937479,714.0505765810599,-67.02087122108077,651.6439359719888,448.53162020200256,-103.35601133813972,616.1830084954065,324.390421567257,-60.21341801433191,705.4864558359243,83.58416799403746,0.1382856764143821,652.1918130255694,34.686905721099954,-17.837781884531708,897.9671752097441,146.17769808103483,262.42499995776535,481.19520110453465,669.8431922737063,215.41226902725958,440.1216530026551,403.53606869224063,240.36857716297385,372.7689381058852,315.02578054600394,154.70079206177087,297.7424457855904,68.82450831968374,100.16011094829868,233.4536736339235,44.51220608715009,128.83968915221402,494.7483445997263,54.30763635505321
independent_20260430_173541,trial_001,subject_001,1777541743.5278215,1777541743.5278215,264535.1371042,1039955,001,0,0,1,0.0,0.0,0.0,146.4505849437189,587.7918204371765,842.7031272815067,81.19189080158169,358.8363192933966,891.7695457937144,134.78811946915414,364.4956866027586,893.2551605218662,-94.46754857221184,531.4719283509145,712.9330627947438,-66.86159955444293,652.2347748143343,447.2421628892758,-103.3401127538899,616.0349063059268,323.1768519882504,-60.04984401645152,703.265129460398,81.86928068155395,0.1831106794138127,649.6678023665927,33.030081288166805,-17.307993727440525,895.9045630457579,143.6283735104698,261.64506600321755,480.06105491815987,669.338033652877,214.93938415388217,437.5443229815606,403.22895084612924,239.80566698694616,369.62258502232294,315.1292485319136,154.42291100160438,293.45346266724465,69.14086051537062,100.07632541143984,229.02979302753496,44.749073000937514,128.5366347147581,490.3160953449837,54.27715617231883
independent_20260430_173541,trial_001,subject_001,1777541743.5378213,1777541743.5378213,264535.1472042,1039956,001,0,0,1,0.0,0.0,0.0,146.0132965468203,588.1373714550899,841.9013668326126,79.66822930234731,359.39529549572063,890.9865058504254,133.36558348720413,364.9293469628265,892.6172820105554,-95.11750996340817,532.646509720713,711.727589459148,-66.66980919766208,652.7090453792958,445.73871865472694,-103.24097168724927,615.5885033476507,321.84789754119913,-59.877256766295496,700.4293552338304,79.83666078297433,0.24604535758569812,645.6504875545794,33.24815781737093,-16.608687516517474,893.7035580811781,139.89965489663,260.9150987961479,479.11706365402097,668.905882611014,214.45894826773414,435.1286326930252,402.9516036140452,239.1858952482221,366.57303428527325,315.21966159927126,153.87116360251125,288.96259845479904,69.3528557632998,99.80288541933514,224.5982351032537,44.93234945670194,128.34499873962463,485.79008792344797,54.13708661739048
independent_20260430_173541,trial_001,subject_001,1777541743.5478215,1777541743.5478215,264535.1572734,1039957,001,0,0,1,0.0,0.0,0.0,145.54184232068636,588.5785913237147,841.0160806236863,78.18370197951742,360.21024651938103,890.1491484460454,131.859358836922,365.47115816797873,891.9414091716645,-95.79917468056678,533.7203948129116,710.4301212971999,-66.45949216934719,653.1550089356773,444.23184741197065,-103.21235034674326,615.2176284314319,320.46945424754847,-59.56621713807543,696.9781702594152,77.62443352295041,0.5777646250411984,641.8340810950208,32.55936464412548,-15.815353640539367,891.3360193045609,135.5851466380527,260.11565584755,478.21508269916086,668.3511669316533,213.92539082399344,432.8147944241509,402.5901751189466,238.55290131035486,363.62215751543806,315.31837311806373,153.6514699837858,284.5410413464501,69.65172077481974,99.64335594037001,220.0942649506022,45.10108235783951,128.19731761236704,481.3569646819744,54.09785072817231
independent_20260430_173541,trial_001,subject_001,1777541743.5582886,1777541743.5582886,264535.1671549,1039958,001,0,0,1,0.0,0.0,0.0,145.03756204315238,589.1859302897237,840.1010222275955,76.59912263408864,361.1848040800115,889.2990316389282,130.24423966798693,366.1593523365771,891.2134106543442,-96.56230650279916,535.1316791620453,709.177287280339,-66.40141389313041,653.6302512766517,442.5525369891081,-103.28320826200003,614.500457813868,319.0940823555897,-59.24815150479313,693.4058861238401,75.46886721853531,2.1464825004251558,638.8976133485894,32.357927861990284,-15.248901976125447,889.445256507133,130.9228055994271,259.2243845331826,477.38054608644546,667.8186367574356,213.32404360752693,430.62681421108897,402.2343229559862,237.95365000556532,360.7834660871628,315.51256088024724,153.73688453229988,279.8302842678612,70.09614790097196,99.43405672259378,215.6399979705489,45.48225860236734,127.99193373592135,476.8315418442951,53.96935055034741
independent_20260430_173541,trial_001,subject_001,1777541743.5678134,1777541743.5678134,264535.1773091,1039959,001,0,0,1,0.0,0.0,0.0,144.4599023478354,589.8740643771988,839.1502607673757,74.92251957169132,362.12344383730965,888.4764472195601,128.6483362927615,366.9816862613111,890.5199833966193,-97.26509643348624,536.5214573388806,707.8500647568795,-66.2245548783157,653.8510917391235,440.76030373457,-103.1660003685868,613.4966787155895,317.61111125487287,-58.95553960569225,689.7999689091067,73.16955215245932,2.541704994542676,635.3284724258989,32.33948668876037,-14.893012469084054,887.5005850707861,125.92420012108863,258.3470634654928,476.6942096278802,667.2624290209282,212.74435317742837,428.5209266072427,401.84890645880427,237.31717804691965,357.9962391159552,315.7612193101875,153.3518469790177,275.3942331201965,70.34477517202404,99.27357593068935,211.13044362977584,45.676976616919724,127.85904719460791,472.40340849050597,53.85881316443637
independent_20260430_173541,trial_001,subject_001,1777541743.5778122,1777541743.5778122,264535.1869986,1039960,001,0,0,1,0.0,0.0,0.0,143.8354456721902,590.6948225579735,838.1452411990828,73.30549797066661,363.2194572413877,887.6273892039761,126.9668838220492,367.94655640639974,889.8153141034173,-98.07370928190875,538.0002827928672,706.5423957308716,-66.12620755926596,654.0603132739843,438.8271273903265,-103.12074683774514,612.7548089913835,316.13935825040426,-58.42191859112493,686.2442163989388,70.92366261386998,2.4876676448097412,631.5921567576361,32.59445113662546,-14.725637513198283,885.3577684435284,121.12915773138734,257.32077446183206,476.0778379766472,666.6565056437018,212.06275348786303,426.49058755134837,401.47953363062896,236.6780774846413,355.3012804955076,315.9780947544575,152.88299852317343,270.97362668356516,70.64661499741645,99.02019930083804,206.65776152478537,45.84092920675502,127.68121744747982,467.88284521213535,53.789301890662394
independent_20260430_173541,trial_001,subject_001,1777541743.5878189,1777541743.5878189,264535.1971205,1039961,001,0,0,1,0.0,0.0,0.0,143.1026348553015,591.6882262181879,837.1168197245987,71.60449132082495,364.5768951487774,886.926507678984,125.29630490388722,368.99265354477217,889.0833560979926,-98.81440387205747,539.4944761281109,705.2718112689089,-66.068240285243,654.2301155312402,436.99066843357514,-103.03577296846599,611.8562445222193,314.6376818348993,-58.3655825567517,683.6866970465959,69.98122753681572,2.656277986946968,628.0431601678881,32.838335516763124,-14.318634124903951,883.3332545540055,116.33555217135194,256.308994735064,475.6502378208845,666.137611390214,211.3824539180846,424.5244426385671,401.1357747534971,235.99039482516585,352.6850822051579,316.2639248816553,152.50841255477766,266.78071135215345,70.9680626558173,98.89321713305691,202.1886959504299,46.181173155850196,127.51369329358398,463.3338405045886,53.654566308182574
independent_20260430_173541,trial_001,subject_001,1777541743.597818,1777541743.597818,264535.2074084,1039962,001,0,0,1,54.80203146975499,596.3895141524166,842.7373906862302,142.31259736881123,592.7213320941809,836.1105830999152,69.74636705833463,366.00225969955756,886.2638394535492,123.44935985199788,370.243328654188,888.4816988276422,-99.57297821271447,541.0176728760016,704.0547480477882,-66.04120292893641,654.5125180854016,435.2644945389991,-102.77138332573229,610.7987909039373,313.0625008134711,-58.14133973811344,681.0694309449358,69.45424970982378,3.103081755026662,624.7880798128926,33.214983104032,-13.522438816240774,881.5421469200373,111.37502228473204,255.1832435846579,475.32939001375837,665.4851779729354,210.65508481607242,422.68436740558656,400.80373029935123,235.10174814173533,350.10090386852374,316.5488658631522,152.13290838485398,262.46084780372854,71.25841526877515,98.72635956054768,197.68836447662457,46.37699315775334,127.34907372263974,458.8637421812173,53.5494356193688
independent_20260430_173541,trial_001,subject_001,1777541743.6073995,1777541743.6073995,264535.2171277,1039963,001,0,0,1,0.0,0.0,0.0,141.39400123124238,593.9284632440548,835.0831240549221,67.84080215934266,367.4920142644245,885.6113338838007,121.7102084412906,371.59989985628374,887.993259970137,-100.30659277923105,542.4302784575243,702.9083318420031,-66.13787457365724,654.5975947468297,433.7604056686417,-102.61475069096194,610.1036279457727,311.6468537045113,-57.76683375217631,678.5533284587249,68.83351275656727,3.133725017500975,621.533251741649,33.77937863713452,-12.691337666977477,879.8776626971248,106.33880442952717,253.97990797229818,475.15608767426284,664.9622224657693,209.82180585382076,421.0145620920193,400.49129167233514,234.2208684007625,347.74612305463984,316.964688720947,151.6309610666955,258.1575129106738,71.65450111213923,98.46013356069007,193.2251217712182,46.818662132450534,127.20761022972019,454.42425831297646,53.52743526677553
independent_20260430_173541,trial_001,subject_001,1777541743.6210008,1777541743.6210008,264535.2300277,1039964,001,0,0,1,52.85510543819324,599.6025545222511,840.6587684338284,140.35371650553452,595.2516265555076,834.1334734821652,66.02832064784486,369.0532112653639,885.1615721309788,119.84983666956927,372.99808617326266,887.379292892744,-101.18675524658086,543.7266575399674,701.8901749202006,-66.65113429624432,654.5192809871671,432.305541181144,-102.45856042592465,609.6765506191039,310.3157797589194,-57.39167051993609,676.3482659379348,67.72256431654216,3.161781179427206,618.3309890322374,34.748531120713196,-12.214975211849456,878.2328410970908,101.28846819428784,252.77736130801628,475.1730969570562,664.370345762536,208.74917397250482,419.53342311860905,400.2272571834624,233.47168469042867,345.5905711723818,317.37216385858574,151.26001748428212,253.93485684117056,72.0372695715436,98.14227955551841,188.7146848824449,47.14100857332665,127.08811714382634,449.96118645730684,53.37547651667398
independent_20260430_173541,trial_001,subject_001,1777541743.6282609,1777541743.6282609,264535.2372143,1039965,001,0,0,1,52.2089550882121,602.2365444357359,839.9607860343489,139.23629711612216,596.6102123013592,833.2152207408748,64.28418415515131,370.68140541053145,884.7034984024893,118.10923419194945,374.5181404462213,887.0341366169623,-102.1740600767274,544.9388421105007,701.0154867342429,-67.46205967319052,654.5295649471938,431.15233437253215,-102.48012495585796,609.5630304982234,309.2005940056642,-58.396957728799784,673.8593015103078,67.79254423303743,2.8962703833509957,615.1302815000608,35.560933078130745,-12.001878966330432,876.6219776979798,95.92562125536162,251.49223537842443,475.3218624260336,663.8196123120612,207.59968467442295,418.2661538877641,399.9495455976891,232.41279950261895,343.54284206156257,317.8688002785091,151.0455532482459,249.88492698799158,72.50051963450669,98.00045404218204,184.38441482304754,47.68183964693493,126.9138655451687,445.5794119736844,53.315760699534074
independent_20260430_173541,trial_001,subject_001,1777541743.6382618,1777541743.6382618,264535.2471797,1039966,001,0,0,1,50.90329769189051,603.8222831508517,839.1929639624694,137.95589348856356,598.0841232536094,832.3904371706965,62.41355590509373,372.4468734567952,884.428452560186,116.30359421560304,376.0805444481811,886.6651587562887,-103.2174544533899,546.2769599583187,700.3409468386662,-68.28196035191581,655.3171950317931,430.31698652711214,-102.68148501485209,609.6069615754938,308.3932683084998,-58.78485811280797,671.1387388961886,66.83150659945261,2.740663572059455,611.784633207149,36.5226042973752,-12.219739836397206,874.6782972663643,90.88848958557853,250.06024771752828,475.71751531471523,663.270187105704,206.33157195138892,417.2301473496072,399.71431179720486,231.29906078490689,341.69247867944597,318.4328756440196,150.76144637488196,245.9192956631369,73.0139344437661,97.86600378189483,179.94817629514336,48.499698090868215,126.81887969839518,441.1840521531366,53.2243309810455
independent_20260430_173541,trial_001,subject_001,1777541743.6478226,1777541743.6478226,264535.2573309,1039967,001,0,0,1,49.12121602011292,604.6400032939611,838.4049994228105,136.6757404624431,599.8678274870396,831.7423580830022,60.580574796590355,374.23009168689134,884.3133496237466,114.54545167688354,377.71764336344944,886.3908818896314,-104.36063049812725,547.734116783508,699.7531087021719,-68.83915180216529,656.4022616327345,429.6757362733552,-103.57399238995102,609.8915620519795,307.7804578547653,-59.331574207032126,668.0849140986737,66.06374666783991,2.4108473915309276,608.2800789979036,37.21424494525032,-13.047152620307907,872.2662751875977,86.61953021838035,248.56791988392638,476.3025386422442,662.7922417002686,205.04248975702802,416.4318112220281,399.56246733316567,230.32364331445856,340.10815779416276,319.0147864014056,149.95942050021446,242.982878261408,73.37375187315949,97.69054178767647,175.7508723584505,49.272701777078304,126.61242359302722,436.88688781081885,53.09144321364087
independent_20260430_173541,trial_001,subject_001,1777541743.657329,1777541743.657329,264535.2671027,1039968,001,0,0,1,47.70750351788508,606.4300174664303,837.9272621576262,135.24698688174317,601.4311392339229,831.0786963007645,58.87243233452076,376.0321088466057,884.2133395257939,112.9396297491576,379.38348456410415,886.3004628066683,-105.45974091413157,549.2512804155386,699.4194041202883,-69.57167885129985,657.7642983859558,429.21833527632475,-104.70925880027953,610.1065600177611,307.43937375857644,-59.12138195402721,664.6449460855246,65.16288143335714,2.1421440767491364,604.6708933955864,37.914129122647395,-14.121678171736333,869.5127160593004,82.82107117171125,247.09260282695547,477.09093535463535,662.3226205820599,203.704723790258,415.83242922427013,399.43365830450864,229.2426880351277,338.7782231495914,319.74343887531995,150.7050942045931,240.60170903925274,73.3889040069019,97.62997720576892,171.57650481530956,50.45556227419462,126.43416817778068,432.65127547999987,52.94640983269146
independent_20260430_173541,trial_001,subject_001,1777541743.6693337,1777541743.6693337,264535.278924,1039969,001,0,0,1,46.19817114830062,608.0413862973342,837.6395076301595,133.7412597467035,603.0131115461442,830.6118245200523,57.28965315646962,377.66384653974467,884.2531860557998,111.40058701982385,381.01231923773304,886.2177997791163,-106.64438454570401,551.3134257274787,699.4425112586032,-70.5461021598157,659.1294971979364,428.6235424421367,-105.90408558757633,610.3558983591192,307.31748176500906,-60.403772473023736,661.2550315554499,64.89204485372467,1.6143779128961235,601.007382456156,38.50717227262304,-15.310110850887277,866.6774569562331,79.15739434702729,245.5488008303975,478.0890315702257,661.8681058480199,202.31086276729133,415.54081331946935,399.30287523314587,228.2486103239183,337.755686184204,320.491759758639,150.27511574719162,236.28861287380587,75.56229727692597,97.59737871465036,167.53532593368257,51.9348087946545,126.11223098608674,428.435373724187,52.763710226945065
independent_20260430_173541,trial_001,subject_001,1777541743.6805701,1777541743.6805701,264535.289483,1039970,001,0,0,1,44.723534142361956,609.8557948694895,837.4789151765015,132.1469604685311,604.3191671190239,830.1868580061279,55.69824900793966,379.4288965468141,884.3756029319705,109.79378444297546,382.6935200325702,886.1702207005471,-107.74811999577963,553.6450806776853,699.838845879151,-71.48131737650067,660.3908320690692,428.20276292336314,-107.35778194558695,610.8416128223676,307.30806467621636,-60.96385357720352,657.8645709760403,64.40978166747105,1.1772854005585833,597.1925480202958,39.2017767226612,-16.138265606395148,863.8105228920259,75.64534764693582,243.86879315859287,479.1851546287645,661.4806123352412,200.97215091643415,415.6696862759937,399.1621768624084,227.17852803845446,337.0155816671116,321.2078104751016,149.99124593139334,232.44701615076121,77.12164558654992,97.51632482687177,163.43983372648643,53.703037924014076,125.83734766182292,424.3881855752554,52.66104676283736
independent_20260430_173541,trial_001,subject_001,1777541743.6881347,1777541743.6881347,264535.297071,1039971,001,0,0,1,43.15671240652423,611.4617033165309,837.4862993438635,130.57539116523492,605.9904432809444,829.9830269789335,54.05130034222431,381.1570914975549,884.434146426937,108.15741806412179,384.32107088569427,886.1024133671974,-108.86956377232251,556.7169878281609,700.4398027497884,-72.20571101556149,661.7274772628281,427.8668008512089,-108.87460721351505,611.5575876384692,307.4263684589129,-60.97157732652646,654.1537456048151,63.932759975639996,0.7773245131360236,593.4094655182794,39.83929528269148,-16.571270115105445,860.7281382709759,72.28608220472955,242.26910694327006,480.5211399557585,661.2124264113453,199.56346492909628,416.24185679095206,398.9739639546391,226.12748580638802,336.7181130044969,322.17926507088595,150.10729776916213,229.52195925083907,78.46288069094729,97.48197085472248,159.60410688916983,55.65010360657248,125.72238845296447,420.3830465076347,52.52307708213266
independent_20260430_173541,trial_001,subject_001,1777541743.6981356,1777541743.6981356,264535.3072403,1039972,001,0,0,1,41.66004705129587,613.3155810510615,837.7762394857538,128.977179794438,607.6261722667539,829.9673895642447,52.451274784963154,382.85778671069426,884.5988439991485,106.52344897524709,385.983033865254,886.1799871863142,-109.86418825931635,559.6854741488715,701.1789531835425,-72.7422365576638,663.156175009759,427.64238483148944,-110.55544909497877,612.5431824727893,307.5807206901732,-61.469454816743365,650.5977384780025,63.79125551490376,0.18502858131632693,589.55157203735,40.474617042543805,-16.879849957612926,857.7423573268858,69.21873815028239,240.52448331426208,481.9564302316298,661.0175130734056,198.05458124517108,417.3017287673717,398.8635695438028,224.96465395497566,336.7249381701532,323.1417126459568,149.90746948966094,225.97205122131155,80.72187691974655,97.30906506454615,155.84279614790057,57.87538097013992,125.59111068063484,416.376624286,52.349375358146595
independent_20260430_173541,trial_001,subject_001,1777541743.707638,1777541743.707638,264535.3170842,1039973,001,0,0,1,40.137607406119166,615.0156924343254,838.1741818590403,127.39001961624335,609.286234407243,830.1526107770904,50.766415923978016,384.5307103748904,884.7469109742326,104.72575816864097,387.6158426026235,886.2573578109423,-110.950689442548,562.4987824593122,701.8839301127724,-73.06543433674014,664.1575793035252,427.33871093487284,-112.43492561889137,613.7938304988937,307.68489498134517,-61.791710543357006,646.9087412746251,63.80938998348188,-0.3310020571118249,585.8027237802801,41.01029010191188,-17.021078693823284,854.4653616805874,66.35311960092879,238.79181038944594,483.5681442074126,660.9106974712639,196.59701235937268,418.80869649311643,398.70278344400936,223.9005978445981,337.1052654001729,324.14004050309006,149.73898940532365,222.78929963636563,82.89995456238535,97.1888801362365,152.2213120440496,60.405859212306254,125.33891976835639,412.57560792279077,52.26417725884638
independent_20260430_173541,trial_001,subject_001,1777541743.7186441,1777541743.7186441,264535.3275581,1039974,001,0,0,1,38.66690606765511,617.0397666035602,838.7027236418801,125.84240208951971,610.913323490281,830.5249354042942,48.791933945965354,386.3391507092212,884.9263805043846,102.72909835528333,389.2517013363192,886.3990498369078,-112.05656652224934,564.9932899691199,702.3796114415574,-73.43078450157434,665.2350757888155,427.1182109998145,-114.2061956972818,614.9663801901542,307.8976071974404,-62.29199886157782,643.3071054136585,63.99233930586229,-0.7895207577210795,581.9107706501321,41.47341036380042,-17.15035855534022,851.0658218935913,63.81804953506514,236.98737270081716,485.25853722378673,660.862516425409,195.22455974226617,420.7722105656395,398.47071367147214,222.83504490753154,337.8349882650982,325.215541841846,149.8444504605577,220.01977153599893,85.27577883298882,97.09382140925729,148.70429513164692,63.014545845257636,125.17085844932333,408.694515505942,52.004565175824766
independent_20260430_173541,trial_001,subject_001,1777541743.7276177,1777541743.7276177,264535.3373938,1039975,001,0,0,1,37.24575201753798,618.9586436999952,839.3337875489872,124.379535258234,612.5312814121908,831.0683616272811,46.56738857683232,388.13036789370614,885.1931498514487,100.68960088130024,390.8550360804553,886.6951523591978,-113.16757878583523,567.1539303578322,702.6345127404398,-73.74317505636517,666.3468621138549,426.65040314937715,-115.57584734107031,615.813956174524,307.87704425977876,-63.25072476684547,639.7338136744147,64.39134427906744,-1.071419516188526,578.0162642088688,42.06205397995807,-17.215010934144875,847.4812440976154,61.75982933421302,235.27948195656225,487.12276480046626,660.9646401613094,194.01014827199157,423.2179767213183,398.28729456924384,221.7249628079837,339.0328296856467,326.55497631819316,149.75821153932165,217.32247962781415,88.17006977271907,96.77465153077968,145.08233755910678,65.86015944649944,125.05763469535836,405.01621313055307,51.8556027388104
independent_20260430_173541,trial_001,subject_001,1777541743.7377346,1777541743.7377346,264535.3470868,1039976,001,0,0,1,35.898643228842246,620.785014023709,840.0238841836618,123.01820742127423,614.1098020020692,831.7676006410642,44.56794010381413,389.9194391132724,885.5814066450629,98.43601129734074,392.4680069385955,887.0184804476027,-114.3344167899919,568.8506206597948,702.6132591680728,-73.98691871486054,667.0579576232079,426.19156230061617,-116.60719327505188,616.16929683872,307.8599197691052,-63.32834332781422,635.5495790654365,64.88876522092984,-1.3686527696939506,574.0456182366332,42.24650524232979,-17.35740335481962,843.7230828084759,60.33785455132615,233.52225881975667,489.03765051255357,661.1881715331076,192.8432609387862,426.1633206902931,398.12363283471626,220.65778915504063,340.492740204154,327.93305025072704,149.6171234639366,215.00199410018132,91.178019315246,96.51074923787897,141.91292109717054,69.10027338460424,124.8721877199058,401.4759133331841,51.57247754811137
independent_20260430_173541,trial_001,subject_001,1777541743.7483106,1777541743.7483106,264535.3573832,1039977,001,0,0,1,34.67349502114305,622.7657619742258,840.6510920601344,121.73054556464683,615.6849372345949,832.5797454117321,42.14995524396868,391.7388501595303,886.0346540657204,96.25130462025452,394.0022862000606,887.463667741493,-115.36013141138997,570.4146776227444,702.461071983777,-73.95839955050883,667.4883263213349,425.6930791324692,-117.10165853019036,615.9680954536236,307.68838027437624,-62.78838886084745,631.5978860759657,65.08355790501369,-1.6519471887149872,569.7652574322732,42.40507614631029,-17.558744348563913,839.7199902741846,59.49484867984116,231.7802209478555,491.0650207127651,661.4903573648345,191.86590248634553,429.57053129689234,397.95042627027493,219.7517487103401,342.4160515966789,329.41884345083406,149.45836823255507,212.9429274629898,94.40868503227829,96.54570690987622,138.96741914787253,72.95457175744703,124.84040438950215,398.10769043743466,51.19841641753035
independent_20260430_173541,trial_001,subject_001,1777541743.7603755,1777541743.7603755,264535.3692772,1039978,001,0,0,1,33.45414852618492,624.6284617103139,841.3788103637672,120.52748357919522,617.1600592746114,833.5082263186466,39.77916978966112,393.5116600267564,886.4490295729795,93.88885479490123,395.4800821516731,887.8186314612796,-116.4566498909283,571.7074049645294,702.349964501257,-73.85227408035362,667.5006352069623,425.26301914513783,-117.2152208840925,614.854809242973,307.52685828945226,-62.74206439813707,627.4803523028867,65.28089590067034,-1.9976737406593996,565.6378444243611,42.366430735147624,-17.72765277942416,835.5625296155642,58.99455356814842,230.15424589140093,493.19910888245954,661.8689593927647,191.04924655268005,433.4976635950986,397.7446287772378,218.89987081003775,344.62879835826567,330.9654593305313,149.34808521430247,211.1698721055257,98.07813254874101,96.44922717708793,136.59819083860611,77.43701198757546,124.70178672540963,394.97224296061614,50.814195414353655
independent_20260430_173541,trial_001,subject_001,1777541743.7673879,1777541743.7673879,264535.3770191,1039979,001,0,0,1,32.33359793696076,626.3790830854124,842.1759759461945,119.38877600261307,618.5901121561399,834.5280532688597,37.50845051100596,395.2421522873293,886.9569388585819,91.40788063709535,396.931006011422,888.335284242358,-117.44770238846166,573.006939797602,702.3624869269547,-74.02775441930775,667.1904843601357,424.7580740416968,-117.22891295401837,613.3150479924934,307.3397628221925,-62.98107376001566,623.3993614321239,65.57049975783853,-2.557310201766587,561.1637451799356,42.35147480315664,-17.84886446906988,831.3642883377447,58.704384516692144,228.63707742663487,495.44593988317007,662.306909983906,190.52700227395218,437.9100659066193,397.4855436401502,218.37047445676012,347.3149705248147,332.7355299071052,148.9228477120715,209.72478056593008,101.99411898803199,96.31639363471481,134.47429929345708,82.64719425801852,124.69433748042069,392.04197700551384,50.25379828375375
independent_20260430_173541,trial_001,subject_001,1777541743.7783873,1777541743.7783873,264535.3874522,1039980,001,0,0,1,31.647425068414517,629.0322397159323,843.0582462349864,118.27882530791078,619.8984004997767,835.6217243653288,35.263523679706296,396.81924538024737,887.5085447023217,89.35994679007423,398.2232644346064,888.9884081006614,-118.42358298011624,574.526146497742,702.5836497691432,-74.60459705943596,666.5395169872696,424.38512977204925,-117.23132590591945,611.0925661169953,307.2429439333268,-62.85628774972703,619.0566922921515,65.44331953650072,-2.4636595409004127,556.981581370444,42.24769326671331,-17.86346562695078,827.2532111449941,58.51548432251062,227.2552311038734,497.8436314036592,662.8637361976691,190.45219914173884,442.71229731391185,397.3897014452933,218.1291794925518,350.4134261444631,334.5865072678037,148.96496065984866,208.8218804666944,106.29145362021237,95.93713042959844,132.9981037075623,88.75729935570772,124.6541129032419,389.4191768157007,49.62647998770889
independent_20260430_173541,trial_001,subject_001,1777541743.7881033,1777541743.7881033,264535.3970975,1039981,001,0,0,1,30.237651749673034,629.8257895602525,843.8140328053279,117.14599054157351,621.1430977144506,836.7594701006115,33.10599389156941,398.14319088364334,888.201982203953,87.32254539515908,399.4018286760922,889.6435526069573,-119.42711421611234,575.9178497102628,702.9534227628654,-75.66692155470064,665.4997781622409,423.92134830058035,-117.21001620006837,608.5683975557181,307.23969749896224,-63.09071914080226,614.9415803406023,65.69469226245553,-2.6776394887012085,552.8574503189938,42.358575730857616,-18.172319168585027,822.9929490831937,58.30793718345312,226.05614265023559,500.40006608418264,663.3936122720681,190.75473133007608,447.84123277528994,397.3047541200626,217.8488692739736,353.8515483939466,336.5597917291942,148.87066146253815,208.2239727111389,110.78572721945463,95.60249522106668,131.7782763807722,95.35977447276052,124.69890135405274,386.84882660840105,48.969166323218715
independent_20260430_173541,trial_001,subject_001,1777541743.7981026,1777541743.7981026,264535.4072005,1039982,001,0,0,1,29.4531530462547,631.93151676623,844.7905474623325,116.00593349270375,622.199802809694,837.9402365632286,31.267795284259165,399.5375916623318,888.8219039796707,85.11427748632349,400.4725240718711,890.069690500517,-120.5097916962919,577.1541395613435,703.428917217342,-76.88540756540698,664.2743551605068,423.588673940004,-117.37871762878538,605.5494433073974,307.19484891876436,-63.312689048634105,610.7105260258369,65.7733474638226,-2.683591320723163,548.6482815331768,42.416416564832986,-18.377115467676315,818.7491846137186,58.18392551084785,224.9906528628266,503.0345521239673,663.9127735846067,191.24099667526164,453.4212795370215,397.2743677528271,217.94886876457383,357.9505308043052,338.5989291908529,148.9461878973398,207.96938749093425,115.69670233398001,95.32658953020697,131.1600768434368,102.63209748370055,124.82914878408468,384.37692371331775,48.460553966489904
independent_20260430_173541,trial_001,subject_001,1777541743.8082664,1777541743.8082664,264535.4173455,1039983,001,0,0,1,28.00142492384393,632.2960830315146,845.5849936460273,114.87448366660718,623.1795884417661,839.0965262493908,29.3479535581953,400.63619748899634,889.3757113679061,83.39190262920792,401.4307552243218,890.8193596656146,-121.5351291081348,578.0961158250793,703.8115064939115,-77.91683992341557,662.4132337677611,423.3245736373973,-117.7528648621882,602.5112000916974,307.2094271855072,-63.56688193184159,606.5108247768553,65.92322914066692,-2.7907386363902678,544.5166248186599,42.44738096756679,-18.617362413952737,814.5439806122945,58.00283048278814,224.0380417169335,505.6630241028408,664.4586292385501,191.74852210381027,459.3890234980943,397.15507360749905,217.9963131132038,362.5598134269963,340.7420543813702,148.79588908499264,208.25324163442048,120.82437915838348,95.41756782970594,130.98719599190952,110.44715739030268,124.97499817131684,382.16182031116045,47.95492110741645
independent_20260430_173541,trial_001,subject_001,1777541743.8191772,1777541743.8191772,264535.4283219,1039984,001,0,0,1,26.871725462104973,633.28711125517,846.4141299717687,113.67578987826128,623.9727618071531,840.2092362831452,27.889601697084505,401.5436770602608,889.9764010428203,81.80369728621345,402.18566254279887,891.4477996122391,-122.66822003141075,578.6856221986009,704.1234880488768,-79.2279391263657,661.3420756184671,422.9521287503804,-118.43245025625264,599.7989385875442,307.2671710485899,-63.83932084860703,602.317150936179,66.05805870587086,-3.611892399201549,540.1645116652013,42.64017724631694,-18.92828348121321,810.418163932561,57.856871534448146,223.25975973703646,508.3077552817482,665.046657396148,192.45633028839865,465.73054829625477,397.1073996198393,218.15993631300321,367.5811720520345,342.79961148498387,149.12456261323774,208.92902596485214,126.1950255310876,95.62680724207023,131.33765365765692,119.11475082220046,125.08054820155657,380.1722971049432,47.531185857574705
independent_20260430_173541,trial_001,subject_001,1777541743.828189,1777541743.828189,264535.4373998,1039985,001,0,0,1,26.21835691681432,635.6638660820962,846.9688786088483,112.46255344221258,624.6317282758491,841.2569670930932,26.10798057982618,402.3785876217625,890.5800328385135,80.10830540328892,402.80157290105353,891.8202423057494,-123.85406799668158,578.8812388714183,704.3083419186534,-80.47149067226174,659.7637830187836,422.5572419322181,-119.58661221809152,597.2579021878653,307.1826527618993,-64.19610769247092,598.1101307236731,66.11952219794667,-3.484413388852587,536.0981585316782,42.443214558706764,-19.16878937679202,806.2084052070273,57.72772210899916,222.6023529613518,510.9296816298447,665.6884397517032,193.42449873264536,472.3404433995193,397.2586595831195,218.56920286321736,373.128667363888,345.0126604036735,149.3766896595601,210.01979632413767,131.84109505672666,95.59817992949556,132.54217485789061,128.23533428694935,125.25421625324466,378.21751008722185,46.85828919697571
independent_20260430_173541,trial_001,subject_001,1777541743.8422,1777541743.8422,264535.45137,1039986,001,0,0,1,24.428951988890862,634.6680970123514,847.8485796907667,111.22897935173312,625.1128425860916,842.3055345962919,24.47523370516619,402.9770428424998,890.9636458007168,78.5757978731633,403.3293681868922,892.4120064265112,-125.04558110884611,578.8885374294427,704.4314253135087,-81.56848800960753,657.9548515429574,422.12628125755776,-120.66333410622224,595.114774060211,307.15130472371874,-64.50677391668656,593.7968476523503,65.95451257097109,-3.957996444394751,531.8936180774557,42.604880682829226,-19.39348455592799,802.0422477590134,57.57087269137239,221.90952179695674,513.5727174479865,666.3309213731559,194.49954174011205,479.2520624409604,397.4607705829891,218.9692651084675,379.02130866594445,347.2902586716156,149.3923764582998,211.59139989436156,138.05987508538797,95.21002988298375,134.6164644495795,137.95053350240568,125.61849385649363,376.4585984776779,46.32757923641353
independent_20260430_173541,trial_001,subject_001,1777541743.8471954,1777541743.8471954,264535.456944,1039987,001,0,0,1,23.180213626853035,635.1137319297944,848.4742374728868,109.94970860918502,625.5147922246765,843.2766942527794,22.92880880934539,403.54438552372534,891.5292423921002,76.67285609266213,403.589436989238,892.7354342896165,-126.18912612075665,578.6811327956087,704.4047106827425,-82.48724378751812,656.2823305559216,421.67988485647015,-121.87713820391801,593.1863077259362,306.9822016195355,-64.87032676238034,589.647553735236,66.13998024057092,-4.010085183133064,527.7139543194945,42.717204643180345,-19.663283339104282,797.8267998660489,57.42461994060621,221.39421277763083,516.2518179580419,666.9895475065978,195.57899490421352,486.453599857692,397.8057769294522,219.3249029328591,385.0873264036834,349.6154090307588,150.2699738244877,213.43432730102785,144.44635200756548,94.2049259030798,137.73032951469386,147.88689067470827,126.19907577056706,375.13341977054796,45.80722645784257
independent_20260430_173541,trial_001,subject_001,1777541743.8571956,1777541743.8571956,264535.4673057,1039988,001,0,0,1,21.88543823718503,635.4918334865097,848.9737397308909,108.64627680676256,625.7397124854715,844.176990791516,21.37406168613619,403.9196707351153,891.9658688716463,75.1101166326484,403.80920823782907,893.2439370136242,-127.29028316087413,578.335006069763,704.4842626091412,-83.1497502572126,654.4516921066787,421.23272757694673,-122.96196489019127,591.2929801836656,306.7775736779878,-65.15024602203289,585.4723246333778,66.1998881236446,-4.573348338690448,523.334935181496,43.02490579219926,-19.95193903291087,793.5788724019889,57.25255566619607,220.90482223610368,518.9778723295051,667.7136241133866,196.65536162845774,493.70505526702317,398.2305600390078,219.82543865828978,391.4518890912535,352.07399837419683,150.00026513368206,215.47322674884683,150.5751960646927,93.19207931291744,141.37375070468744,158.23402224601884,126.88015358281145,374.1436466327525,45.37213595607412
independent_20260430_173541,trial_001,subject_001,1777541743.8682222,1777541743.8682222,264535.4771153,1039989,001,0,0,1,20.58941028868631,635.7520028860822,849.4007466965494,107.34620787657738,625.8299823484543,845.0386755701146,19.867001928901853,404.04726264310915,892.4249221945064,73.62654666145491,403.9245620967769,893.592473413401,-128.44118287000305,577.8193418441527,704.4903515495663,-83.6262549664639,652.4460703999206,420.76232840951803,-123.85588559143231,589.2209813918598,306.5325769508785,-65.3436917065642,581.3010852751534,66.20215156109238,-4.92054894948069,519.1398532800287,42.985742012196965,-20.12698659024638,789.4534318001669,57.216293851173646,220.55567323022186,521.7302302044294,668.4528688303342,197.75281822083087,501.0469500976996,398.8356595183378,220.26506251129595,397.974740748569,354.6673696339874,149.59885352249194,218.35976803703434,157.09308283688318,91.96448004945617,146.31274503230742,169.05622309484812,127.51557108218866,373.11661596723087,44.713021185291424
independent_20260430_173541,trial_001,subject_001,1777541743.8782203,1777541743.8782203,264535.4875595,1039990,001,0,0,1,19.289031816504323,635.7993301329636,849.8257872227722,106.05677533066164,625.930357114853,845.9079553146044,18.32983774371599,404.2238279915303,892.8501360230609,72.16598677505027,403.9246222187561,894.0266173896565,-129.44882720915504,577.2149385332586,704.5181762568078,-84.23129467409105,650.2949764393788,420.4484291893255,-124.7172537867163,586.6821968024313,306.37539940534896,-65.5882896052222,577.1254727411468,66.17891954332205,-5.19196811090159,514.8673069927155,42.90195660323918,-20.35894087346506,785.2396145424192,57.13524166788069,220.18040342756677,524.4616896400553,669.3637531126498,198.84835934053507,508.44023791721384,399.6725586787441,221.00906442887833,404.31255287575715,357.4113782285268,147.73959227420005,221.5763390231515,162.17542484727917,90.78550122722639,152.45322242052436,180.15980770719966,128.26354700482617,372.44076571639977,44.10991479314908
independent_20260430_173541,trial_001,subject_001,1777541743.888221,1777541743.888221,264535.4972459,1039991,001,0,0,1,18.398658969589505,636.5604012870778,850.3730367310086,104.80817358472306,625.7835943260292,846.7640420510706,16.89645874170489,404.13638335793513,893.1817267517931,70.66152978084882,403.8303664886334,894.3892202740392,-130.5993314157814,576.2987669592467,704.538698729772,-85.07709444304597,647.9517053511047,419.9380801480522,-125.42164028865781,583.7663433428058,306.2271164191531,-65.77895048529173,572.8596972933432,66.04800001783232,-5.260363407729834,510.59264353926034,42.94684783249336,-20.59150171528712,781.0668550455313,57.04749508124682,219.88841868840822,527.2565503410278,670.4163018458961,199.9292233934941,515.8003326884877,400.6434602631918,221.36153825192483,410.9675931387653,360.0662700408799,147.16929428532583,225.28312381267133,168.39029601178743,89.37513922281144,159.26579602547338,190.71262908186645,128.86746318627547,371.66625874988574,43.25118155001272
independent_20260430_173541,trial_001,subject_001,1777541743.8982193,1777541743.8982193,264535.5073152,1039992,001,0,0,1,16.811207115701134,635.6550133743781,850.7358212741525,103.54885964269285,625.7150817370896,847.6888484167202,15.58760572458447,403.942112159389,893.6594999942813,69.28526645201684,403.67426124554305,894.8043016394247,-131.56358301068684,575.3093235114641,704.5294579682512,-85.9846093233255,645.1417041144047,419.6401327659506,-125.88728289248772,580.2489055230317,306.1101720488084,-65.86066244927991,568.6154841948053,66.09049877016369,-5.18374016223487,506.4356888546677,42.68676598522001,-20.73810533025732,776.8308485298643,56.95867562809273,219.78171340113298,530.0343597486938,671.6005302383487,201.14752914714305,523.2938726657164,401.98453242849956,221.5442639416918,417.53196013962025,362.6457017256038,146.1402219627844,229.25852605317607,174.08956672270264,87.40850424405336,166.64392149043942,200.37353386504154,129.749888741145,371.3161063503838,42.49589529637553
independent_20260430_173541,trial_001,subject_001,1777541743.907734,1777541743.907734,264535.5171337,1039993,001,0,0,1,15.516542665127153,635.3246671756021,851.2526308731398,102.29719465248398,625.4923838292527,848.651823395272,14.325599400606984,403.773433065032,894.1563024451657,68.15674055130394,403.3715710374848,895.3188629441413,-132.498789372807,574.1487768369318,704.5980024051438,-87.07661885862746,642.1262752775001,419.28031316484515,-126.2126374930834,576.2504744631239,306.02493190127916,-66.13718454502437,564.4721208167931,66.22887895222112,-5.3982921818904375,502.31842155272636,42.72868827710204,-21.019893426775308,772.7070283133116,56.94603109047074,219.61221044584516,532.7502253906382,672.8812071333482,201.9844510700546,530.3528741975881,403.31861789338257,221.76029071795676,424.13809281044786,365.4228261001636,145.1516891262304,233.8246737456062,179.4148332375912,84.75965409175532,174.41945074170692,208.74517307949534,131.1525218559339,371.92121475704727,42.40408669783004
independent_20260430_173541,trial_001,subject_001,1777541743.921739,1777541743.921739,264535.5307606,1039994,001,0,0,1,14.287559925891097,635.0660979387696,851.7786390600186,101.04397104699923,625.2935549848536,849.6821910653412,13.241011421582309,403.3393327948958,894.5253168933172,66.95265862192208,403.04859745684416,895.7894364400239,-133.42927608507648,572.9364506194138,704.6132605671229,-88.1457545868245,638.9678686025353,419.0289429009785,-126.54016072920284,572.1737931443416,306.0538224022642,-66.30566317272914,560.2950743127669,66.26264362168243,-5.602260314895524,497.95754092626146,42.72384614728822,-21.21305715462993,768.4803485516055,56.9238867914467,219.54242718559303,535.4088461357599,674.2172979607564,202.90190787037164,537.3734938430994,404.88066930755974,221.78662463334106,430.5929991747607,368.1666842465242,144.0525769330359,238.6928527523467,183.9718218940629,81.91032272069663,181.64810905165334,213.90714130288134,133.80505263357776,373.872346640716,43.406691626672774
independent_20260430_173541,trial_001,subject_001,1777541743.9282506,1777541743.9282506,264535.5372306,1039995,001,0,0,1,13.377084277187087,635.499860682933,852.3638187373239,99.79258224014228,624.9807434653493,850.7171732730428,12.132741742590575,402.9176943115411,894.8877506806763,65.95372768616862,402.6301948420918,896.1542366132821,-134.2513798587165,571.5108569403786,704.6812803539216,-89.0374718687952,635.8049867378746,418.75760950648225,-126.8450669175667,568.1003333720421,306.1127610747872,-66.38783578767413,555.9833285679939,66.26293606918598,-5.775686254855918,493.79580434411815,42.81937821083529,-21.45890129221554,764.256545695133,56.88149338911042,219.49803826359354,537.9340729578718,675.6079384391007,203.74926442940182,544.1314003469246,406.71806858917387,221.64943686056694,436.89423369153116,370.9223503412246,142.52975572659628,243.89020522829824,187.91788637478336,78.99435612085132,188.00470974202577,216.44083590417017,136.28920767232438,378.814980538443,46.25811828324569
independent_20260430_173541,trial_001,subject_001,1777541743.9382515,1777541743.9382515,264535.5471732,1039996,001,0,0,1,11.763074434688656,634.1062654902338,853.0088329107549,98.55038281465961,624.5929396024129,851.7592638209343,11.223628016947385,402.3678843252878,895.290230111874,65.01889137069628,402.10959135308104,896.5910353673905,-135.10837231334898,570.1204093377111,704.6511085301664,-89.81509920439943,632.734796637762,418.5263654532704,-127.15765318152428,564.2645630573983,306.1138967291649,-66.50518168080721,551.7207415821974,66.19379446476962,-5.9467858053762805,489.5774156762445,42.801479681609116,-21.669617387038013,760.0568997303812,56.89205321951509,219.46426078953652,540.324855980719,677.1480379455409,204.53739098408948,550.6063659459587,408.5245413915531,221.52117722606678,443.0076884407831,373.4661157830724,140.97655509716176,249.76367102876927,190.8243037607301,75.63085488970225,194.37296354003112,217.90126575418478,138.96204404279294,386.14063218856694,50.606972708759685
independent_20260430_173541,trial_001,subject_001,1777541743.9482515,1777541743.9482515,264535.5575076,1039997,001,0,0,1,10.48791426957878,633.5076849754433,853.6146513493113,97.31890056360577,624.1890421005209,852.8396700004569,10.391292147348942,401.7564502314013,895.7957292756156,64.16789621237177,401.54875725402366,897.1862785336499,-135.88976609879012,568.4126662899265,704.7030772184315,-90.48233173148793,629.6180190328838,418.2606162235208,-127.59702359548027,560.6228675154658,306.04721520894833,-66.59861346563692,547.4247587487384,66.22281746682201,-6.115406475184606,485.21883546101276,42.718960036195334,-21.822274497494895,755.6873097002774,56.916906265463986,219.48620663024553,542.566193253293,678.8416867339267,205.18226893668742,556.7965830463359,410.42088452348224,221.2354216612734,448.9284766173536,375.6581322656954,140.01266729947915,256.7500466527873,192.79003232361524,72.94638448015894,201.7286150306411,218.3932853626312,140.7734763599908,393.6484073710757,53.76569550885585
independent_20260430_173541,trial_001,subject_001,1777541743.95776,1777541743.95776,264535.5673452,1039998,001,0,0,1,9.58889342347231,633.5374709993949,854.3086942731561,96.0941381821266,623.7100135657737,853.9085919613831,9.518246715192337,401.0036387986587,896.2679579213792,63.38518388038561,400.85087079600004,897.6913155246318,-136.6294080028218,566.8497032515345,704.6985809051004,-91.07818250833209,626.409056525804,417.97417625250927,-128.0625263292145,557.1404095257312,305.9728089937757,-66.74737811028919,543.1192130622331,66.29301563476305,-6.657855940712453,480.79754880801914,43.16177908538533,-22.048439705883972,751.3301599887186,56.83010002110914,219.48198638597287,544.6745544594568,680.6447483016503,205.81933283428316,562.7650167638078,412.34305445038865,220.79819447290419,454.649550033967,377.49848481934663,138.68328883655923,264.0745076468423,193.70212479173045,71.07413907546781,209.05172893247595,217.8527188626588,142.57498672835553,402.57078334305174,56.39507696622854
independent_20260430_173541,trial_001,subject_001,1777541743.9677944,1777541743.9677944,264535.5772345,1039999,001,0,0,1,8.365722333383475,632.7062403990636,854.8801771399728,94.88631943277788,623.1291932579601,854.9837267687491,8.807010644103638,400.1735189038207,896.6429154546074,62.519657745757044,400.22943524386795,898.1065256631704,-137.20902043438787,564.9072413547345,704.6707795486653,-91.557317143473,623.2908223389936,417.7334261003539,-128.6206741951985,553.9139182332889,305.98569794563724,-66.90631124713765,538.8477407395642,66.40228910797714,-6.762638952348088,476.3478932498356,43.17660781289733,-22.282482979616564,746.9645041071865,56.85186591683592,219.50059595855527,546.6154694498055,682.4546211597408,206.31696629127126,568.5478036957527,414.32814012024755,220.39681998986907,460.48071165317407,378.9977520045802,138.8095331710607,271.51715232598536,194.70612290377213,69.61253136907688,216.54645727816316,216.21314720210722,144.15137338245535,412.189684372876,58.51059005115169
independent_20260430_173541,trial_001,subject_001,1777541743.9777927,1777541743.9777927,264535.5873254,1040000,001,0,0,1,7.176549245127734,631.8351684736053,855.4721702434607,93.70543618034739,622.4058719006981,856.0463274015981,8.160093859761918,399.29653917704155,897.1162062459682,62.02560360818339,399.3827515018992,898.8755622114928,-137.9113689061965,563.2665164643674,704.7505464807473,-92.04250591917751,620.3619330772952,417.5514612994746,-129.16072875001169,550.5469695419853,305.9968079227739,-66.97695720977529,534.3410784747573,66.3959096279315,-6.849356515937934,471.939018727047,43.36775091787278,-22.486335755675544,742.5742102239493,56.87361441410829,219.4232947473568,548.4277936035977,684.260706040491,206.6663575449929,574.1406031727871,416.3579224464113,220.0646321840603,466.2060088004952,380.05610964334784,137.74241504868354,279.7236240957742,193.5710000342434,68.61503830465587,224.5600515167496,213.13851672710805,146.05816295490862,423.17015629142895,60.304360847338394
independent_20260430_173541,trial_001,subject_001,1777541743.987807,1777541743.987807,264535.5971682,1040001,001,0,0,1,5.998104428474438,630.8329109402912,856.0644742436136,92.55354612673223,621.5914818763575,857.1040690534136,7.497307585872197,398.3586768440306,897.5029417841774,61.29999944165423,398.5446528349465,899.5025759789443,-138.52940882015304,561.3841391610596,704.7449357483722,-92.45478580661813,617.1148934196902,417.29780097471524,-129.618508204206,547.2716899574822,306.0163347861256,-67.29185717686563,529.9534433410689,66.54233118095132,-7.15650118592524,467.4826123863911,43.393189372931104,-22.63963665170933,738.1455537956869,56.889293080138394,219.35066657553568,550.1057863956667,686.0365316532428,206.86543805591725,579.5750884300112,418.40318163931914,219.83010716413375,471.9738667807852,380.7676113428587,137.06503307190846,288.4721902610407,191.5569582874474,67.55944007328968,232.94340709647872,209.13242128376191,147.57485726709356,434.3330310382019,61.46450868921171
independent_20260430_173541,trial_001,subject_001,1777541744.0011246,1777541744.0011246,264535.6100321,1040002,001,0,0,1,4.868361139493717,629.7634308446937,856.5663676005547,91.43564129456996,620.7177863842143,858.0916003654594,6.8854187467111005,397.4093950202072,898.020128557756,60.60612927886525,397.65124634400945,899.8871575790542,-138.99832772210755,559.343695751137,704.7066203514968,-92.86661257437555,613.9203984903874,417.18409268805175,-130.06736071611672,543.7005754866885,306.01569610253017,-67.45567811657448,525.4611140433929,66.62166212787902,-7.391178792902619,463.0060847728217,43.390028822248084,-23.077086648550427,733.60803879599,57.03864121404516,219.28660393364407,551.6049983874254,687.678496185997,206.93793998958088,584.748567780507,420.3427683585728,219.5751384029263,477.54358986032236,381.1228443047326,136.63922368471822,297.60134616784256,188.74742577470062,66.7266320441147,241.98095720014229,203.83452443461024,149.41433798212225,446.64738973017916,62.54495631510717
independent_20260430_173541,trial_001,subject_001,1777541744.007742,1777541744.007742,264535.6171312,1040003,001,0,0,1,3.8069299628076756,628.6931142375697,857.0770116343581,90.40087232860212,619.7606137591156,859.0081888208545,6.335590466487205,396.33863514862446,898.4626352886343,60.01745413521471,396.72843815009685,900.5604861577743,-139.58420675793508,557.501127896652,704.7359668545586,-93.25815257886906,610.7469170390292,416.9407688389077,-130.53652890972043,540.0094110226798,306.0545560277843,-67.56234632676097,520.9594109944112,66.67296560955528,-7.492835077489173,458.5662032609896,43.47006878882036,-23.198194332023114,729.1070719548751,56.972837257149095,219.14742135910782,552.8634372545919,689.2874695213021,206.96437269953722,589.6957748577082,422.2449696790649,219.4309866789803,483.16735262404046,381.2345010625151,136.39288105977255,307.29327704473945,185.02918098768646,66.29795892888109,251.09416211143713,197.88453207507195,151.3375484847063,459.5092402065118,63.28952261940881
independent_20260430_173541,trial_001,subject_001,1777541744.0182543,1777541744.0182543,264535.6272914,1040004,001,0,0,1,2.8344783036787233,627.5738090668094,857.495207112049,89.4006119279182,618.8224157805109,859.8416481257842,5.643141200897842,395.2696087454668,898.8504211143093,59.37516856335097,395.62004232839,901.0540159762455,-140.0049078663414,555.4920619088998,704.5893706943132,-93.79819808744713,607.4382315521133,416.71710784802013,-130.97743344080476,536.1418609354357,306.08034105386787,-67.76012604142015,516.5730694983894,66.74649730230873,-7.7947587252585295,454.0370042031927,43.45455041867378,-23.417714037627714,724.6777627787544,57.023673339373325,218.94411493579938,553.8607469753474,690.8622193271865,207.00833504700591,594.4935761156656,424.2200225421393,219.17551434965887,488.7465945901281,380.7854023975369,136.4054944844362,317.38506955240325,180.54086334639092,66.17001460869666,260.91547838191417,190.85806336405128,153.3891594687757,473.5435157312633,63.89629866580327
independent_20260430_173541,trial_001,subject_001,1777541744.0287657,1777541744.0287657,264535.6377455,1040005,001,0,0,1,1.9131283020922538,626.3995523347241,857.867335668896,88.47570884282065,617.7374505678096,860.5842316431608,4.954486552612099,394.1894447548587,899.1463127878113,58.63961644607673,394.47326339438723,901.4839518828087,-140.61966888530657,553.5242442632187,704.5820334434279,-94.33906999861811,604.1141814353176,416.4476750529936,-131.19005856747495,532.3089172394668,306.12260004711635,-67.96132205001351,512.0281654218525,66.79093528524805,-7.872456442635268,449.6541050343066,43.481639135965246,-23.562739259803706,720.2195734127579,56.977854042465886,218.8225131117049,554.6576028055125,692.3046074475836,206.75842196863948,598.7725045999676,425.9187703055348,219.03753788805645,494.1197925583099,380.0536095906395,136.65463284877313,327.9934410559095,175.38428496645346,66.27337146417565,271.45433328159146,182.59857287304712,155.29179313848806,487.9448569274096,64.25224503943912
independent_20260430_173541,trial_001,subject_001,1777541744.0373642,1777541744.0373642,264535.6471958,1040006,001,0,0,1,1.0437186280014812,625.1464912045541,858.1657982776871,87.60396295903257,616.678919556737,861.2731222554551,4.449424825200355,392.9673271442346,899.453888352591,57.97640658016026,393.42931846545974,901.797022343054,-141.01311120156808,551.4275374918664,704.5201418515808,-94.92488139213637,600.6298447323809,416.1576039494997,-131.49715239630436,528.3170383102638,306.0620696777526,-67.6788506497849,507.66622195830314,66.64851574682775,-7.774891232553757,445.4614151275942,43.419648374031794,-23.7918966406822,715.7903576432287,56.8565003976046,218.70112732208122,555.3263580809969,693.7026380493113,206.71229304187682,602.9502389874132,427.7363049229114,219.17389628180922,499.4677102029839,378.8920439739473,137.0563573929756,339.12198994381356,169.42069137894404,66.73212944743486,282.4637647733625,173.97716303926123,157.26130719776782,502.8057180506735,64.47090194994117
independent_20260430_173541,trial_001,subject_001,1777541744.0473676,1777541744.0473676,264535.6571574,1040007,001,0,0,1,0.22209807071190413,623.8881005106724,858.352577892844,86.75430726911118,615.5174351604697,861.8047580973241,3.89949692378114,391.7650358622137,899.7348359222091,57.43786807262022,392.3303403071643,902.1851906970088,-141.52550482370714,549.4605190583354,704.4278794644471,-95.44945577329324,597.2449866937772,415.8533494595905,-131.73298850665032,524.3662613351091,306.04892719375675,-68.15669228153897,503.3170270961026,66.97288403034145,-7.995990666846711,440.9849910430415,43.44640693005505,-23.9546200035494,711.3782338173589,56.81262673052225,218.56675746723175,555.8772493395743,695.0985116688774,206.41580012362377,606.5918895944582,429.23508359239946,219.2418865553875,504.60396833989375,377.3541578675309,137.7452036668745,350.7123862317689,163.00469241899606,67.50723471546645,293.7779116227308,164.7234885416983,159.22568854313818,518.038049878147,64.28189876311447
independent_20260430_173541,trial_001,subject_001,1777541744.0583634,1777541744.0583634,264535.6672464,1040008,001,0,0,1,-0.5626864130760451,622.5695393823402,858.4824402431158,85.96332555617356,614.409680018053,862.3568572900767,3.248908931152966,390.5369262499767,899.9287050146718,56.98155580761242,391.0986118727967,902.5289558804061,-141.94258468799705,547.480310223654,704.3771899173443,-95.93819749275212,593.7564201646616,415.64551730496413,-132.04802808456168,520.4385185619748,306.0555553053735,-68.0079554004948,498.7550103343573,66.7325093971365,-8.0008242580693,436.6593520907654,43.40236903064032,-24.332090945319024,707.068891071976,56.96061052322421,218.45188337123355,556.2126823671975,696.4056844655104,206.20452766499935,609.9412865390243,430.7597021526048,219.4748584915618,509.8576103565106,375.64203111511137,138.754599411401,362.7436696260167,156.22576412599832,68.34344959090824,306.0269169187738,155.22662520376204,161.38676428841626,533.4966000050961,63.651945766401
independent_20260430_173541,trial_001,subject_001,1777541744.0708807,1777541744.0708807,264535.6800346,1040009,001,0,0,1,-1.3049622249750765,621.2210625107475,858.6130048630968,85.22514305464975,613.2253469988057,862.8134357895161,2.8255251756244544,389.2618539136711,900.2968012224444,56.36927076660458,389.9248977178738,902.8879672919213,-142.34118131286698,545.3700366253562,704.2819209534641,-96.43074133266428,590.5182627056613,415.43644070829055,-132.28240091828044,516.4665365007994,306.07715987565643,-68.17139998354652,494.3950893442469,66.73542237807249,-8.124928714205241,432.1836921931336,43.38419319266929,-24.506777311376446,702.6361297617972,56.884115728246606,218.31762006187637,556.3530589039542,697.5937290101452,206.10795036151075,613.1304613253102,432.37391401690013,219.61926151974671,514.785474727667,373.83139213771625,139.8926526022045,375.3147603140699,149.043186716433,69.419752479228,318.9911003351473,145.57095633773525,163.86697033123428,549.1568269570296,62.663939304558625
independent_20260430_173541,trial_001,subject_001,1777541744.077577,1777541744.077577,264535.687311,1040010,001,0,0,1,-1.998239487935784,619.8703881932635,858.7068131607466,84.53175034769606,611.951072045055,863.1640330970184,2.2201227787316378,387.9853512512149,900.4959456669532,55.99212874807483,388.67741491780845,903.2940940167197,-142.86510273888558,543.2631748240116,704.2166121851,-96.86251669459764,586.906427878672,415.22014332946065,-132.6020326189096,512.5999507130883,306.09976907055517,-68.33971352705649,490.0896139219137,66.73060982368429,-8.588967681350043,427.8856597796551,43.54640330341026,-24.75442098900654,698.3162707011367,56.91209504956653,218.22595884820623,556.326931154373,698.6244470684744,205.67573443283916,615.7355378891384,433.75286736150395,219.6215195324787,519.4796192798208,372.05959739896355,141.3837247583632,388.3018250924561,141.83519574913225,70.80769843454208,332.31404145694506,135.87868017766036,166.39143279378783,565.1542079459525,61.73129556245668
independent_20260430_173541,trial_001,subject_001,1777541744.0875812,1777541744.0875812,264535.6971097,1040011,001,0,0,1,-2.6726174858561587,618.4562092311047,858.7275870676056,83.82877223849708,610.812182959786,863.4756538561343,1.8059825455374183,386.70174867968086,900.7570038816062,55.4654850032668,387.5072175850776,903.5543539613649,-143.24919183516965,541.1179273503681,704.113729786123,-97.36696497754144,583.0517848356694,415.0464304678308,-133.04154759123452,508.81600307008125,306.04027649676965,-68.60930655862956,485.6749323507998,66.68023789056676,-7.004015506001971,423.63190254926275,41.978520641636685,-24.888649537813606,693.9800808748456,56.922907192377814,218.08768372104743,556.165553817599,699.5875117756063,205.59657057932407,618.1620323041801,435.30859921619276,219.55664042817412,523.9412378395997,370.33377541435357,142.62767947157008,401.548931932514,134.49470162091353,72.02909065926022,346.4464118061616,125.93604567016988,169.42902418146662,581.2816469196222,61.00365756208038
independent_20260430_173541,trial_001,subject_001,1777541744.0975826,1777541744.0975826,264535.7071476,1040012,001,0,0,1,-3.3139142098227072,617.1153519215682,858.6998230167025,83.19374744749115,609.5618229177962,863.7218572594975,1.4147811821428762,385.40013719863896,900.9588977553143,55.12747628847638,386.2785727238556,903.8611259159962,-143.69295122443367,538.953027589946,703.9662674382192,-98.02857002024577,579.989080904121,414.7126155765265,-133.42300573239464,505.03239054361785,305.94275571239797,-68.69986092968854,481.2699958165909,66.68474167248868,-8.516787913655723,418.68561182871764,43.34236735400971,-25.149862529611948,689.6542882948843,56.88956095729556,217.97640303593576,555.8381105951644,700.4617463309294,205.30359408389876,620.0331760534797,436.70065443985317,219.37852966714513,528.1318632575153,368.4232022105858,144.168238677855,415.42973170870374,127.14001090404109,73.26863531110729,361.0890281976364,115.97493638151413,172.58085764421742,597.6152902406151,60.539467444763126
independent_20260430_173541,trial_001,subject_001,1777541744.108096,1777541744.108096,264535.7174075,1040013,001,0,0,1,-4.017227509854832,615.6182491146759,858.7024934292294,82.57142967993249,608.328944852078,863.8939792299761,1.1426536071950641,384.09130122410045,901.2269083593565,54.71120250551873,385.11913293483957,904.0849829560991,-144.18485416705454,536.8760700788696,703.9259651997854,-98.47835017464833,576.2578878313278,414.4703022327406,-133.9595213057623,501.3634493813365,305.8642640826192,-68.86986473831382,476.87025909318936,66.69000604644347,-9.320709236509632,413.810780598956,43.816724658816085,-25.377945021108822,685.3290808806537,56.862723306478514,217.82646079871563,555.4019912658249,701.2047126351079,204.85372791893505,621.4483635228744,437.8244135011876,219.2877868081261,532.2497596218786,366.45704718161454,145.68403946751206,429.5541277256604,120.13280310899192,74.67596019711952,376.35908611816825,106.42609150560405,175.85147365271223,614.0332666902236,60.3075058905707
independent_20260430_173541,trial_001,subject_001,1777541744.1181695,1777541744.1181695,264535.7274114,1040014,001,0,0,1,-4.682237496439942,614.3160040415139,858.610316317062,81.90319124299063,607.1676754919828,864.0122620633447,0.8743934831733001,382.8090807221828,901.4506382798207,54.52392848736012,383.90505446691066,904.3509317457153,-144.5987064224405,534.6337313109753,703.8417097796796,-98.99722001752524,572.8680770812988,414.1652636437483,-134.43510433577782,497.6152619302259,305.77665837954646,-69.06607582323186,472.5486364602131,66.7230340720243,-9.211464894010534,409.7309484781341,43.52254162357824,-25.602510253271873,680.970895787803,56.82899711947177,217.60592210190208,554.857037496457,701.8969388993394,204.48118328186217,622.8000201980618,438.91987236939855,219.28362978936437,536.3814297745628,364.1591963047591,147.14721990910945,443.9704536389787,113.34408335885027,75.81681829255143,392.0114166650521,97.31158072081143,179.32497329463024,630.3101577566968,60.36955719516561
independent_20260430_173541,trial_001,subject_001,1777541744.1281288,1777541744.1281288,264535.7374477,1040015,001,0,0,1,-5.41030108216006,612.9093898906634,858.5225405102303,81.21240526924821,606.0413622913787,864.095341531901,0.5981881591346141,381.57043374493327,901.659789990481,54.35379194243634,382.68519559717106,904.5850217060429,-145.00201618464246,532.4421401854044,703.7863221221103,-99.43125559670328,569.4433401788115,413.9050481243249,-134.92516889851254,493.9869443087679,305.7157500625639,-69.5445783721411,468.3797233777775,67.02051556915514,-9.278979934224742,405.38229140226593,43.47423453292437,-25.65672712113228,676.780707241802,56.74593723105387,217.48719884283764,554.2719727961777,702.4855346154453,204.0709232797379,623.9876838572212,439.8372390357787,219.24140981045645,540.4651195184224,361.88419953041,148.54744640804552,458.6263092883018,106.96415390955404,77.33753532854429,408.2742342334129,88.65800032081705,182.9641781403245,646.5236807111852,60.784772589297305
independent_20260430_173541,trial_001,subject_001,1777541744.1376574,1777541744.1376574,264535.7471767,1040016,001,0,0,1,-6.116949975015119,611.6252398491922,858.4043838060913,80.49817497578073,604.9213139876856,864.1321743230026,0.5892654788102593,380.2234368742034,901.8410308714556,53.95043047592217,381.58852007243195,904.8147373286473,-145.41404503722956,530.1808070519394,703.7321226687671,-99.93440110075585,565.9834166562648,413.6896043765802,-135.35379285976518,490.2542600947484,305.6386460899186,-69.51478147559801,463.9358952951583,66.76685319678137,-9.551874084755454,401.03504125891425,43.506549965616394,-26.07600967051804,672.2662206552602,56.800569386740015,217.29916117240091,553.5562593345896,702.9873651787394,203.80743722932738,625.0860743237112,440.7861786448124,219.40546113326977,544.6068818135043,359.5588184687179,150.06884789788654,473.34561403886306,101.12983482529772,77.87971668037213,424.3626484941114,80.70654429456744,186.40753795633265,662.6446794700088,61.662920133046
independent_20260430_173541,trial_001,subject_001,1777541744.1476603,1777541744.1476603,264535.7574062,1040017,001,0,0,1,-6.859213069493473,610.2735885915224,858.2974638171082,79.77572953202299,603.903836974244,864.1509119280507,0.2523310366496905,379.11570390434986,902.0369049135068,53.76381902482416,380.41012333537,905.1083436031406,-145.85770995640775,527.9626968630394,703.6568853213048,-100.4706101804449,562.7665388157367,413.48458544056484,-135.86476347105534,486.608848304324,305.73327684282606,-69.66295556549167,459.5039580518618,66.79006903420436,-9.674823979233432,396.6569472025617,43.621616966808524,-26.29550223549227,667.9353863604359,56.7055090571679,217.15372370886843,552.7667622494246,703.4400773903297,203.30769718494452,625.7273177712312,441.4262795148643,219.37179418319337,548.6490073127063,357.3245126454178,151.47667648387412,488.27138420086425,95.85992495468703,78.84373250719771,441.0104925578369,73.3205235917653,189.62516951380067,678.5905425581143,63.19346185742998
independent_20260430_173541,trial_001,subject_001,1777541744.158178,1777541744.158178,264535.7671856,1040018,001,0,0,1,-7.619872885032006,608.9280943495737,858.1461530258847,79.07136761291561,602.848374131496,864.1394282306036,0.34552355344938435,377.8863898599739,902.2043193206835,53.603678362088075,379.3955630377909,905.1585659651475,-146.30543730605305,525.736105220387,703.5343490776147,-101.02812405411309,559.2128153068118,413.2130401109014,-136.17492588469173,482.5682240324143,305.7555981000776,-69.80998508437771,455.18525658206954,66.81362190324806,-10.106776545985475,392.5347849007585,43.43331748831178,-26.590703489234492,663.5316308880124,56.64980154065744,217.04874260693217,551.8546299474706,703.7638733128133,202.98333649521788,626.3551723912854,442.1595741583737,219.5546390867841,552.6596395824366,355.28467346895206,152.78147775884082,503.11810539432247,91.17608180530542,79.93842818505507,457.4211795762697,66.7485045740918,192.388140105827,694.3786836410466,65.38333153028067
independent_20260430_173541,trial_001,subject_001,1777541744.1685007,1777541744.1685007,264535.7775786,1040019,001,0,0,1,-8.370432152786524,607.7563826535777,858.004149699093,78.32675477254732,601.9315242017021,864.1131919244532,0.17055407382508384,376.7252807787178,902.3127108933625,53.68877158890869,378.45209367040087,905.3773125155335,-146.75838753514589,523.5616688566723,703.4956186858815,-101.60075550042372,555.737726934753,412.963846159779,-136.65388171672768,478.72610154702164,305.8252726349416,-70.03287170494573,450.77870409861976,66.83773794125686,-10.252183127146305,388.13155928906883,43.53596088910559,-26.556598583568185,659.3903078293383,56.68518071164922,216.9227916294464,550.8074526263295,704.0664340553038,202.78894075676405,627.0352510948446,443.03016303858436,219.70158912342154,556.5271604392506,353.42679857208117,154.09904841414124,517.9423471218597,87.20853265748508,81.0307494454449,473.41595315129655,61.04377285235841,194.54806069627074,709.8811768972844,67.98807028273498
independent_20260430_173541,trial_001,subject_001,1777541744.177834,1777541744.177834,264535.7874336,1040020,001,0,0,1,-9.161448015206682,606.4181241193484,857.8442879866295,77.59431111683014,600.945501892922,864.0358671110185,0.08876830243542937,375.51047452366277,902.4229191799355,53.58335082431556,377.3407382440923,905.5606169144207,-147.20355547217238,521.3330257288043,703.4134130471391,-102.2143159031386,552.2254979596504,412.7008319620455,-136.89669186587093,474.827907887788,305.8795257462039,-70.1763480869013,446.36131591192503,66.72900703285559,-10.453528876490076,383.7067803266562,43.611525205762405,-27.025358348177893,654.8606014332443,56.70513637494638,216.80103622312785,549.7515296448142,704.2686438464071,202.38602251663357,627.465923046712,443.5917946532106,219.74275678504634,560.4024132919411,351.82778403091504,155.51124208012985,532.6228138956515,84.00915174123502,82.37696215673378,489.1123315166104,56.327779535424554,196.2713668089294,724.9380674659974,70.91026980164438
independent_20260430_173541,trial_001,subject_001,1777541744.1878362,1777541744.1878362,264535.7971367,1040021,001,0,0,1,-9.922464487805746,605.0905276064124,857.6719962545315,76.86815808898349,599.9963395130105,863.9225919210404,0.11371710889097458,374.2890377745162,902.6595292465598,53.585932458628555,376.3150883371421,905.6031893120874,-147.52937259448652,519.073555960897,703.3307499260768,-102.78017793842756,548.9112782106997,412.534840993926,-137.30313851162506,470.99448067645807,305.99860845035386,-70.57521561425737,441.95133961954656,66.87573836119408,-10.67527494184223,379.28755356501296,43.583645551036106,-27.171332377364678,650.4567608229952,56.60212332949673,216.68179415984494,548.704505896662,704.491661161851,202.1570649720345,628.0020210548136,444.3214523114965,220.34541653708118,564.0460895351779,350.7408597218164,156.63383688464324,546.7160031694312,81.17682426731092,83.64487217266952,504.3317579341553,52.240309948526594,197.37699430219232,739.4949554814999,74.5122609393233
independent_20260430_173541,trial_001,subject_001,1777541744.1988363,1777541744.1988363,264535.8084662,1040022,001,0,0,1,-10.641628828077454,603.9450223921228,857.5224085766212,76.14549549328328,599.0460908385174,863.7976291967761,0.2546565008200528,373.34325973473454,902.7530852991299,53.600806737933674,375.3843044762127,905.7908530696925,-147.89896362063385,516.9011484352976,703.2079605490658,-103.32012270254926,545.7057410030532,412.28685954841006,-137.5203318142997,467.1351135264798,305.94692853349994,-70.73144954537892,437.6050742588994,66.97201548038292,-10.837918373775517,374.90592002640426,43.686160354201746,-27.40216538241239,646.0314441249942,56.620944833445016,216.5955636115655,547.7241362265945,704.6685025631175,201.85895263971386,628.4921978599067,444.97097997080556,220.1329686276833,567.7918079575707,349.22918267085294,157.8578757109716,560.5083248681514,79.16619353039023,84.98431798478305,518.7952474028061,48.668014470891286,197.97997010131039,753.6204579181081,78.95741539617543
independent_20260430_173541,trial_001,subject_001,1777541744.2108524,1777541744.2108524,264535.8197746,1040023,001,0,0,1,-11.36023162791473,602.7450750998181,857.3400088671516,75.46204065203145,598.1603541980296,863.6630270364494,0.2855349140815319,372.15749945144154,902.7831272273013,53.61495664316904,374.42841359132007,905.846766385034,-148.19075764999644,514.7321053995256,703.15252976776,-103.6773219416972,542.276057123361,412.03995686782275,-137.8325679551711,463.3733386918745,306.0220506242304,-70.82667644544105,433.0608694152433,66.95378746509166,-11.051474249589193,370.4676835969564,43.698402484647545,-27.575920487580333,641.6656952152667,56.6412701936169,216.55762765743083,546.7800221894853,704.84149117128,201.55417080478773,628.961790373017,445.5876741064734,220.47586594906628,571.5803343670044,348.06295147625104,158.97058217622927,573.945103860993,77.510308654367,86.35436905700472,532.854697577439,45.45782546541763,198.06344747777592,767.208974359623,84.18671652150323
independent_20260430_173541,trial_001,subject_001,1777541744.2183785,1777541744.2183785,264535.8273015,1040024,001,0,0,1,-12.027826854272037,601.4784663556703,857.1690198294397,74.7989974287317,597.3376191422219,863.5182758241505,0.36283285712186103,371.05535549692627,902.8662589916047,53.76726955961613,373.6456155854492,905.8671060104689,-148.53736459089987,512.6522725283571,703.0271894420115,-103.99325451883945,539.0102899521319,411.74293209586597,-138.02083968771208,459.75447971614983,306.0992106015651,-71.12551109696716,428.72798417006015,67.0941132967899,-11.283757622231198,366.02572815102764,43.764648864657616,-27.790162000105365,637.27004769057,56.64265358189799,216.45140177169145,545.9576512803907,704.9977134866081,201.1605029141304,629.4377532331213,446.1900176006064,220.7354759408789,575.3593968495296,347.0636261847794,159.87787753370543,586.7931793738579,76.433701150174,87.81068570130047,546.4873614759949,42.836287213927356,197.8294258313108,780.1306772803036,89.67247794188067
independent_20260430_173541,trial_001,subject_001,1777541744.2278922,1777541744.2278922,264535.8374791,1040025,001,0,0,1,-12.629337123613201,600.3361178960334,856.9716192680927,74.24717137888298,596.4330569866474,863.3492482315434,0.4756624382940675,370.0872383518661,902.8865782991913,53.70092838594431,372.6584239482374,905.9048601846541,-148.79463575408215,510.57169155625337,702.7998154500312,-104.26352043883479,536.013151563076,411.50489353719,-138.38368952832778,456.3378852894031,306.16877362971644,-71.10981475151611,424.1649195148559,66.93043615679792,-11.450849800591408,361.6804033674741,43.912134648538654,-28.066454823331085,632.8804130691944,56.60987852041194,216.36694093179557,545.2837332101429,705.1755438156019,200.60007172172075,629.9495353299127,446.729606875569,220.8994676807229,579.1193447516773,346.09826482952985,161.005727984137,599.3834333481723,75.78546962808296,89.5679181634195,559.3584679882305,40.65160929770806,197.25682759736085,792.3073359095366,95.33654826849069
independent_20260430_173541,trial_001,subject_001,1777541744.2378907,1777541744.2378907,264535.847072,1040026,001,0,0,1,-13.183397406846167,599.2406007219495,856.8149277071958,73.72825675653168,595.626607240935,863.1891191243792,0.47605908669199837,369.0155569425836,902.8650029534435,53.951265408493974,371.92028087105155,905.8894257015219,-149.04356481370058,508.5725523129865,702.7270782665455,-104.57758387373495,532.962899550276,411.2431588938742,-138.48763604374946,452.84158474673575,306.19197406469505,-71.42612030450132,419.9289004482766,67.17118492679502,-11.658002626228795,357.2076106270615,43.88977487926665,-28.295757331902585,628.3670713863534,56.46724683617935,216.20853133705742,544.7456839827042,705.2686617032114,199.90583729690908,630.5523772798343,447.26794168892036,221.36669202167175,582.918747404353,345.52818942198985,162.07846406479163,611.328015961218,75.56085799131459,91.08145590148779,571.6500305635861,38.72430562528298,196.53387060799636,803.8696328688874,101.1022411895056
independent_20260430_173541,trial_001,subject_001,1777541744.2504425,1777541744.2504425,264535.8593038,1040027,001,0,0,1,-13.651233680610053,598.2398476429765,856.6362415470742,73.23600033672788,594.9188994336216,863.0550540859357,0.9544013359408519,368.1119755467138,902.9153591537963,54.13149975445497,371.0811069483928,905.7338868342664,-149.26729647513574,506.67136530547873,702.4738995426702,-104.89687784539969,530.1181402957806,411.0137730673204,-138.78745254662894,449.4863698985723,306.28617216655766,-71.48656646675559,415.3952432010161,67.11947982284765,-11.90687645243233,352.86457395994734,44.01761297108042,-28.527228594599826,624.059963190725,56.45609194518898,216.00481870621795,544.3345513317521,705.3834570076333,199.11547167187047,631.2469414007534,447.84992248375954,222.08544180091596,586.7860400908539,345.24718350502496,163.05626624884118,622.7179212936932,75.59565925093106,92.63100469825179,583.5405002948996,37.30346906872298,195.5772066959679,814.8534693806495,106.94554097322947
independent_20260430_173541,trial_001,subject_001,1777541744.2574549,1777541744.2574549,264535.8672589,1040028,001,0,0,1,-14.139401194499206,597.198089128095,856.4403651067497,72.79816052309697,594.204339622204,862.926284908664,0.9991177108378597,367.2184598003757,902.8116278952149,54.392993997844975,370.22380965780883,905.7260172601492,-149.39980213999226,504.876073652776,702.3484888504939,-105.07722013469554,527.2969922361517,410.7364000993334,-138.79003010529024,446.02500042238137,306.3623117012511,-71.7045347200322,411.0653407998005,67.23163015557128,-12.075883035964862,348.48425879738676,44.17370972559739,-28.735046477371966,619.7108806003815,56.27991896500336,215.7278563982195,544.0321829666206,705.3765482084129,198.18082920668581,631.8890833325697,448.3594949235631,222.3179285865347,590.3407124142781,344.9908679913965,164.0967211080322,633.5866226512162,76.08492465367111,94.24503648576163,594.6234196115495,36.36735582640495,194.3236933825755,825.1242832240016,112.71222694606827
independent_20260430_173541,trial_001,subject_001,1777541744.2679656,1777541744.2679656,264535.8771388,1040029,001,0,0,1,-14.564867164756889,596.2277045633127,856.2774321324441,72.35886960003232,593.6131541337713,862.7810705905409,1.2818725389800443,366.36334767679176,902.6996333474046,54.55743005665258,369.7056915142373,905.5731872964654,-149.50015747181754,503.03324372622444,702.1358950405404,-105.13577925821588,524.4637827051646,410.4663939832191,-138.90455946643038,442.7030575817129,306.54538777311535,-71.86508012987295,406.66876642608094,67.46150229461799,-12.320632854122671,344.03139145984636,44.26127452887001,-28.82547861517493,615.1292182798043,56.295456504859715,215.41632068619907,543.8128204114486,705.3339882115968,197.352921076822,632.6241944907365,448.8544411549913,221.95876832226412,593.8801742231464,344.4670379528338,165.09996593072583,643.6862770599186,76.70032117769401,95.6765557841936,605.1275435945281,35.52795567014193,192.75338891764252,834.6777725371222,118.22736512196279
independent_20260430_173541,trial_001,subject_001,1777541744.2779658,1777541744.2779658,264535.8875826,1040030,001,0,0,1,-15.012531582848688,595.4411615277744,856.1209665825737,71.93048590628084,593.1422902819268,862.6860656326197,1.7868919558904435,365.6210126574811,902.5780150851812,55.12062687273655,369.0368425808423,905.4309174246499,-149.65238519697536,501.30698664406003,701.9518250749376,-105.2125535254701,521.6942534723635,410.1204071138203,-138.90223918764946,439.4127475566877,306.64386999093165,-72.02318587847661,402.2370771292103,67.46041276216943,-12.441440867129593,339.6612639782985,44.43161901634385,-29.17321338424892,610.7512124496311,56.25290065034029,215.01556624617464,543.6665996474169,705.2043470450287,196.55842152543852,633.4190993025811,449.45186178146224,222.07121891727925,597.2790303445607,344.3773010017936,165.78955251881848,653.2795374807048,77.41397799845338,97.36918061017839,614.7984952406313,35.175492469306946,190.82484189275337,843.5629750616376,123.4445743401022
independent_20260430_173541,trial_001,subject_001,1777541744.2913797,1777541744.2913797,264535.9002874,1040031,001,0,0,1,-15.45883516817403,594.5844581988438,856.000885299262,71.5070489765139,592.7543010545296,862.5902217291647,2.2929222384139205,364.88325247044304,902.3551766507807,55.349955459258005,368.6440144639886,905.1430193923071,-149.69521190812432,499.6690983332643,701.6056912484745,-105.29125300748214,519.0870150483413,409.85579716117047,-138.69063193743742,436.02464757043606,306.7032261846204,-72.18586310764061,397.8243628891979,67.5381181010616,-12.573284602298818,335.23341043894857,44.54065423558505,-29.29802690215453,606.3715495697048,56.17019613663132,214.6623187068275,543.6171854814148,704.9956873791368,195.70635745044177,634.1102322726913,449.72282205276844,222.72238039027852,600.5106850029406,344.6373769206073,166.79628090064145,661.9427613453087,78.4388409807233,98.8579816824762,623.6034470547543,35.028370026522154,188.79362886591318,851.7782218547811,128.3319057356762
independent_20260430_173541,trial_001,subject_001,1777541744.297907,1777541744.297907,264535.9071821,1040032,001,0,0,1,-15.885061150249836,593.894205028945,855.8179348187783,71.09384216234486,592.407854386051,862.4893780251974,2.7975501527740536,364.2651983870528,902.1431393627907,55.94859523061387,368.11445615574706,904.9270625955712,-149.64672933568824,497.84957443545875,701.3984668489684,-105.41694461275704,516.4921536410025,409.58003231807965,-138.74894457885793,432.79250941608035,306.92988407890067,-72.39498986089238,393.4601605522277,67.72557462539417,-12.755041059075817,330.73112122474134,44.6329732470932,-29.53435099193321,602.0483895088022,56.12377827129022,214.4008485008528,543.6908716852089,704.75924100473,194.87885706594898,634.9396189749623,450.0842214683862,222.38400317510735,603.5904121778882,344.4212981468706,167.40767885136708,670.0774578634453,79.38101887963688,99.89416231516381,631.7314188915092,34.90825835609227,186.65391192275962,859.3427371794778,132.87297162660923
independent_20260430_173541,trial_001,subject_001,1777541744.3079066,1777541744.3079066,264535.9173527,1040033,001,0,0,1,-16.310841735831065,593.1903787166015,855.6385533216946,70.70439595256148,592.1855479733198,862.3428661364798,3.3660754172835294,363.72397923774395,901.7950945341045,56.50536455475991,367.7506012311491,904.4552595265459,-149.6323744968479,496.43716310853864,701.1266149803542,-105.558376839852,513.8805920692573,409.23588891111075,-138.80467466207304,429.52540318934115,307.09476705765115,-72.23433631988411,389.4432395299972,67.78085506138255,-12.857141003073911,326.2754591295354,44.752089029286935,-29.776060443879615,597.5973701354212,56.11608040115502,214.18937018814995,543.8687040017799,704.4576137906065,194.09099071740425,635.9627203497513,450.4385832555895,222.37245647132855,606.5587965723179,344.502363141049,167.91737419363855,677.4858992217248,80.24499299763568,101.23913109063973,639.067119970077,35.03250718119046,184.33094119710503,866.1350269094296,136.9072280576818
independent_20260430_173541,trial_001,subject_001,1777541744.3184185,1777541744.3184185,264535.9274536,1040034,001,0,0,1,-16.724490251600674,592.5240611368628,855.4761756554376,70.29635497414556,592.0561359230894,862.1631055306099,4.055970916322006,363.12858622079256,901.3949694891406,57.109807824378294,367.59514162593985,904.0600636888039,-149.58772439643099,494.80612148351014,700.8487028971985,-105.55626797080092,511.1148952498183,408.8808209442481,-138.7789348675893,426.3630305700152,307.14502003180513,-72.56992895908583,384.71882946580257,67.97977093191979,-13.096200839502524,321.8757224555038,44.825258231058946,-29.969043209509504,593.1105252285686,55.99731629796812,214.06121593357577,544.1384174616167,704.0951474168592,193.23911841899016,636.9333882387859,450.52663705645955,222.2746036501503,609.4571147676289,344.52442270629695,168.24612711059865,684.2045515288502,81.19246519933913,102.24691067079176,645.4557610207121,34.98048922671395,181.7950683989395,872.197238986274,140.53296235454795
independent_20260430_173541,trial_001,subject_001,1777541744.3276162,1777541744.3276162,264535.9371739,1040035,001,0,0,1,-17.140310047466752,591.9713875132546,855.2738956548984,69.94387340288745,591.9262773622971,861.9507887782528,4.787671459361874,362.70162962979094,901.0619885633623,57.962322111218256,367.3139238891477,903.721056288424,-149.42232064089467,493.38126534550224,700.601803170759,-105.57345854192705,508.58999075845736,408.46022883883757,-138.5298579472122,423.0684331148936,307.20854848171945,-72.6528176807905,380.36938559792407,67.99761291531256,-13.343116938319916,317.4474006752615,45.00977177703826,-30.212434372612456,588.7974865515677,55.971464821589386,213.937676248926,544.5998776778695,703.6487004232566,192.42457471616416,638.1738212205805,450.7604410687023,222.12587831412318,612.2903385904675,344.5405950084682,168.34364108595506,690.1075091654001,81.80576904469427,103.10039243572515,651.186287720244,34.959078475418124,179.1701042570552,877.6285965869823,143.66580717440613
independent_20260430_173541,trial_001,subject_001,1777541744.3376138,1777541744.3376138,264535.9471252,1040036,001,0,0,1,-17.494683146786027,591.5637186294739,855.0524926377184,69.61544292888048,591.9529227823243,861.6896286170428,5.616443301960311,362.4721691622268,900.6273832414696,58.60995747938624,367.3703812797492,903.1467940067593,-149.3963743247459,491.9678400073503,700.1913892264691,-105.59520699769897,505.94903479547435,408.1255361632566,-138.64212251817042,419.9258079818777,307.27873136998807,-72.76870484167459,375.98763262037704,68.1078088477885,-13.464769983991157,312.99986231032875,45.19317328580565,-30.428524685696505,584.4010882057344,55.86658379793669,213.91325673720854,545.272782050437,703.1890655511668,191.57487239375857,639.4048753509953,450.6644289808242,221.94515693863647,615.0377690345471,344.5612075307858,168.51888047046899,695.371473656404,82.58793428877502,103.72058733860173,656.08046117868,34.89522671392206,176.44917135986063,882.2915168281298,146.27950129323312
independent_20260430_173541,trial_001,subject_001,1777541744.3531206,1777541744.3531206,264535.9619832,1040037,001,0,0,1,0.0,0.0,0.0,69.26916350735831,592.0932822955627,861.3218026593389,6.242462849779749,362.2336823038701,899.9732899516595,59.39258975358379,367.2641026353736,902.6248930950306,-149.26904957062257,490.4875644706328,699.9777886282835,-105.62795267581757,503.4043556796504,407.8031568828251,-138.42033112473104,416.6683121285918,307.40931677202275,-72.58730206975825,371.8342552208535,68.30104343843064,-13.773552182357136,308.59623782445,45.29851039250062,-30.611496482268947,579.9960496762421,55.73640577689026,213.84929274895887,546.1517148452631,702.6839148186672,190.7764973912939,640.9554466858074,450.7100459960054,221.28787161515734,617.7220816731041,344.0873498573605,168.15174375955948,699.7747317857373,82.81039065722725,104.29476674976276,660.0792239216408,34.61599815884866,173.47332794353144,886.2358095593652,148.32107282900617
independent_20260430_173541,trial_001,subject_001,1777541744.3581343,1777541744.3581343,264535.9671153,1040038,001,0,0,1,0.0,0.0,0.0,69.02026886594629,592.1717620503977,860.9054971282536,7.262712777810193,362.13757253751726,899.5754358690563,60.30396510693689,367.34875499332554,901.8678665045542,-149.18246243911744,489.1593625376903,699.7412889543899,-105.69527665704211,500.8446859370423,407.46382803742597,-138.7437640863251,413.55475066366614,307.6346772495167,-72.81351911303217,367.43706392666746,68.32192551956199,-13.897091662878607,304.1239129365094,45.50272978594652,-30.81825862742999,575.5163469091129,55.69087927270402,213.77605400825817,547.2309536142267,702.1451383729931,189.90161459689935,642.4728507060587,450.4402408071667,220.98734875250767,620.322234212989,343.992511028331,167.92692129800562,703.5085547302178,83.16372003606344,104.61895722967404,663.2235528081997,34.30260448389531,170.54691992084904,889.501868353027,149.70122118532578
independent_20260430_173541,trial_001,subject_001,1777541744.3676486,1777541744.3676486,264535.9774199,1040039,001,0,0,1,0.0,0.0,0.0,68.83538995998084,592.3910042019892,860.4298749579768,8.120974248510008,362.0373732273053,899.0590148770841,61.171013075441266,367.6123375143846,901.2564632541397,-149.03827131112706,487.9472565975116,699.4364522440126,-105.88331122032959,498.0339733901383,407.05218066159034,-138.48709264111474,410.1164595423711,307.62805543902005,-73.34021802637892,362.7205305721068,68.66903536299289,-14.088718055706842,299.7264505506958,45.61992120948562,-31.15724255000074,571.1203753211447,55.6218974727971,213.7083734425111,548.4965893861346,701.6576444158283,189.14830203681493,644.3273898348928,450.3251008793318,220.54766515145212,622.8090306902031,343.7982881790002,167.23008243839595,706.3507528873764,83.04963055970396,104.6625955234748,665.6042555648777,33.65491429857136,167.5565215247075,892.0554336504271,150.42649947825095
independent_20260430_173541,trial_001,subject_001,1777541744.377648,1777541744.377648,264535.9873,1040040,001,0,0,1,0.0,0.0,0.0,68.67979231716713,592.7295412052601,859.9042724291816,8.899526920798648,362.2181358392819,898.3926399347888,61.89385023630887,367.8362353863569,900.5885837434734,-148.9130740202846,486.848106825775,699.2170105191385,-106.12809546228645,495.09992342100674,406.66542898737816,-138.96393605459687,407.0116591496033,307.8213908701313,-73.47597990944662,358.34943566027164,68.70731708772564,-14.320972152852297,295.21063428976316,45.754711996130915,-31.173455867188654,566.3913333834413,55.467587349212536,213.65974371686062,549.9441846986994,701.0908417340436,188.17348906750252,646.1243693031731,449.87144042717597,220.0540202397858,625.191956246164,343.54026073138226,166.43506240958453,708.4116227573425,82.66541824215612,104.62206840899513,666.9997136113439,33.09934130698652,164.61962391536179,893.9858655246475,150.394285625655
independent_20260430_173541,trial_001,subject_001,1777541744.388511,1777541744.388511,264535.9974438,1040041,001,0,0,1,-18.635280819641576,590.8780650990307,852.5683035815782,68.55304861750845,593.147486794946,859.316644062518,9.944210454412474,362.2396094730181,897.8090039498234,62.806615470920406,368.113215516429,899.8039979136303,-148.75454606126357,485.8136963744311,698.8849528692085,-106.36650286549909,492.39229697014235,406.3677744969577,-138.645046979184,403.5291829934446,307.79759823009516,-73.58940760475407,353.7887204206823,68.71780466375023,-14.463677878575096,290.78862345815764,45.944842771717795,-31.45005428809573,562.1541009996629,55.43012390853151,213.6702949746151,551.5721593881906,700.4518163857508,187.30733069757198,648.1128290540853,449.41938951737427,219.5731770896884,627.3833024078416,343.1076958490576,165.50072143975785,709.7784221383384,82.12610309197188,104.21377782129176,667.6038298832925,32.380872558861256,161.66246482447082,895.2699143422896,149.54486150499588
independent_20260430_173541,trial_001,subject_001,1777541744.3985252,1777541744.3985252,264536.007629,1040042,001,0,0,1,0.0,0.0,0.0,68.44594684336688,593.7066583160752,858.6901274355971,10.764714731600431,362.4549344667592,897.1904296834482,63.71960123870271,368.6006950799793,899.078251001541,-148.60615588444568,484.65881691014454,698.6019623781516,-106.51189924399235,489.6573100298457,405.98220661593507,-138.9256460638201,400.3512270889145,307.91089714933025,-73.81131978684853,349.4090079395823,68.95148757368821,-14.604703918107056,286.27141653801084,46.03601918021176,-31.845917969293453,557.7645535447379,55.36791131811139,213.69058287168988,553.3458919512758,699.779744928726,186.45268489280548,650.1433055534919,448.8417019141354,218.920785105739,629.4079872601557,342.6119929476826,164.46922473634777,710.3569200308295,81.30684661015428,103.51160370037675,667.4489526721019,31.627454518888374,158.83087582542186,895.9381134759528,148.14034599410564
independent_20260430_173541,trial_001,subject_001,1777541744.4078102,1777541744.4078102,264536.0174949,1040043,001,0,0,1,-18.770599822597287,591.0700228325679,851.9705186536887,68.44848866401558,594.1400010454319,858.0042519571501,11.777056430917256,362.76638679931966,896.4120788928698,64.90898128445036,369.11132262611324,898.2075000873697,-148.38827177728646,483.6617536741611,698.3783678580749,-106.68779938393854,486.94151995955053,405.5829329364609,-139.23584650157312,397.08064435387314,308.0447572389722,-73.63998046392396,345.3717833721581,68.92133903287271,-14.784998983218072,281.8476738908886,46.32617823130347,-32.009825528963454,553.3461841211013,55.33297831391637,213.69533104864388,555.2524193942874,699.0479827312979,185.6989854631263,652.3604626171399,448.1268865966208,218.2231573390118,631.233157826554,341.9390501736963,163.1757857031538,710.2166365948228,80.08333076392773,102.73940571324559,666.6338996845772,30.642435244868263,155.94108735438252,896.0765439293448,146.2026055443995
independent_20260430_173541,trial_001,subject_001,1777541744.418403,1777541744.418403,264536.027455,1040044,001,0,0,1,-18.82873956358234,591.3076032002117,851.395027643915,68.39809156616016,594.9533854270609,857.3457419717184,12.90244929826873,363.24726663321565,895.7864980171835,65.98835666857559,369.9109934049212,897.3230894938633,-148.19658506992027,482.7506807168325,698.0448746195215,-106.89452376023972,484.2557074941107,405.259459873148,-139.13817072751607,393.6491070616987,308.07996739430706,-73.94163657191086,340.98337609688184,69.17228765191378,-15.133157754398407,277.3225869063772,46.43002064361008,-32.23064488259004,548.8295606848415,55.22302525900117,213.67249660624378,557.2699654447861,698.2260828066563,184.73934299815517,654.2956981936841,447.27606915516174,217.37559416877593,632.8588280113279,341.1614401565152,161.80631046455846,709.4488874556085,78.7095937018916,101.778253608784,665.0821358805753,29.40475023265852,153.05225072081524,895.5428869599099,143.88173162642252
independent_20260430_173541,trial_001,subject_001,1777541744.4338083,1777541744.4338083,264536.0426731,1040045,001,0,0,1,-18.871672056533463,591.6645153120121,850.804628007635,68.3843092051653,595.8369775498649,856.6327320155006,14.178179494908866,363.8524859038871,894.885689748535,66.85120602184602,370.73200808503054,896.2817137920582,-147.93916091868783,481.9215000629427,697.7969367461201,-107.15695505491976,481.4031617805767,404.9057859549005,-139.3373330168627,390.33153863282155,308.24043744111316,-74.03892959163488,336.4907185046689,69.24458998224743,-15.320602493606879,272.80405788601473,46.58872199919527,-32.48883006659086,544.363157250568,55.13596337389262,213.65487907886285,559.3403826514372,697.302124090717,183.74158453194107,656.2255750851258,446.3180020607971,216.57136259480401,634.3643359680264,340.28692497059956,160.5147451572398,708.0660064968025,77.28568094464559,100.77472012969515,662.6931606150414,28.48574387421201,150.0060485793485,894.4528101118036,140.89929668568843
independent_20260430_173541,trial_001,subject_001,1777541744.4378233,1777541744.4378233,264536.0469458,1040046,001,0,0,1,-19.026206958603925,592.0136952977307,849.9813295256916,68.36938397426822,596.8545412044774,855.8612351807438,15.439497838527195,364.5837922240957,894.15318269139,68.34152091068204,371.65542007367037,895.3319618271165,-147.73494885399188,481.22635317682256,697.5471376207973,-107.49025459563377,478.5021403156959,404.5780404650008,-139.67425388276095,387.11585493392465,308.4959781038108,-74.43984478747505,331.9639817932658,69.44863157704515,-15.565043934613838,268.42002168996083,46.76217121620189,-32.830656185812394,539.9168625567617,55.055156130107335,213.70360942588923,561.5117047301342,696.3046012638572,182.61819828889875,658.0890593605995,445.2101336918907,215.57470491217478,635.6427227346796,339.3097926978431,159.03636770048536,706.1302556066819,75.77527973600561,100.01021407135309,659.1343893507897,28.492423627489973,146.43899563825323,893.2831195710581,136.94197883594106
independent_20260430_173541,trial_001,subject_001,1777541744.447823,1777541744.447823,264536.0573835,1040047,001,0,0,1,-18.873580131788067,592.8784043913769,849.5828522833598,68.42285800207316,598.0263276941588,855.1365370798294,16.6409898801508,365.34959221757686,893.2311446770387,69.52325093450996,372.66201662883395,894.3686374230433,-147.33198332148172,480.43267967313835,697.2585194676028,-107.88994249697964,475.5453753179331,404.2766585796483,-139.87487679139323,383.6246266078423,308.62033369480685,-74.77952884381757,327.1708474773734,69.69267855996083,-15.983415464677714,263.87445329925976,46.859570829937546,-33.08005860563551,535.440243560339,54.96348598591117,213.67143412322375,563.7635241455765,695.1991211746601,181.42208190662464,659.9052683473261,443.96805765414496,214.51911891224103,636.7771414581622,338.24321317088294,157.5891131391864,703.6882888002538,74.17026210590383,99.01984704670538,655.2565293258127,28.426366752733376,142.75609497268928,891.8444285831972,132.4795822127235
independent_20260430_173541,trial_001,subject_001,1777541744.459737,1777541744.459737,264536.0694978,1040048,001,0,0,1,-18.85324258250426,593.5954386105296,848.9186739238919,68.43251347528765,599.339803934865,854.3215402716825,18.123652617731207,366.37471199571826,892.4766713911233,70.75855500100357,374.07327643881183,893.2493277242011,-146.9895739109387,479.9128988405048,696.9439945957358,-108.18074812221089,472.8154884291026,403.96508771639753,-139.66845622314526,380.28104459235965,308.74837378081327,-75.18362421346107,322.69970164966423,69.92360446006758,-16.09002653691609,259.3508632991521,47.14865808133592,-33.2829003772684,530.8600298071711,54.90225732339752,213.65199289140858,566.0628874865997,693.9865414365646,180.1768006275946,661.6569502736575,442.6358777453555,213.42360684788838,637.7913795656717,337.13316736403635,156.22496807146035,701.040637276235,72.78114831648489,98.35538427001076,651.6548669669049,28.65911879064732,139.1125333668413,890.4034803911279,127.81347494936364
independent_20260430_173541,trial_001,subject_001,1777541744.4677436,1777541744.4677436,264536.0771277,1040049,001,0,0,1,-18.818471521216786,594.5296215517409,848.1539295119311,68.48301806159438,600.7977731954379,853.4884015379838,19.69563916522085,367.48862770757177,891.5239813314336,72.17025698237067,375.50998798061204,892.3118025573899,-146.58429915748624,479.23108900030434,696.6268032100519,-108.20291324363677,469.9452853934937,403.70241007100975,-139.9382595254753,376.97506675883415,309.1687926769641,-75.22560831633709,318.18610240897885,70.14654479711692,-16.371020086734887,254.75034783144372,47.293924841126746,-33.50778343720238,526.3270402074401,54.796537686010836,213.58555139625037,568.4134440283735,692.7207272488248,178.86462448507967,663.323546735285,441.2216814578875,212.26446926667174,638.6385965997034,335.8506052714963,155.29549723555436,698.8142262403393,71.97832343095016,98.0117373184082,647.865176248323,29.090365958073498,135.69031219527943,889.4749124988027,122.63191453793127
independent_20260430_173541,trial_001,subject_001,1777541744.4788249,1777541744.4788249,264536.0878814,1040050,001,0,0,1,-18.781802622903204,595.6377116721088,847.4282218849587,68.54353034973724,602.4211309239056,852.6881523866762,21.11428222807107,368.88001272139905,890.7510103319919,73.66136433188578,377.085712926026,891.2325855892765,-146.0818170194493,478.7622563211439,696.285569343209,-108.22583261203326,467.13364275431417,403.3881413919264,-139.64097425997062,373.55721507930724,309.357823035548,-75.20848049446404,314.13453092456876,70.38561237565942,-16.517266984869895,250.2966077027026,47.56128384580437,-33.88569352329386,521.8398036131407,54.66355964649437,213.52719415849106,570.8468423287791,691.326819875477,177.45744675558532,664.8554162514397,439.63682136753374,211.01813984076486,639.2995511938774,334.5077976295897,155.60935482989422,696.3651861179519,72.23253948559086,98.33023482051674,643.6154682489914,29.609650392740182,132.49926746804132,888.2993521592434,117.20793524867794
independent_20260430_173541,trial_001,subject_001,1777541744.487759,1777541744.487759,264536.0970629,1040051,001,0,0,1,-18.64149173423548,596.822480173708,846.8438194672735,68.65548384570316,604.1717080526989,851.8216471846594,22.58460840817313,370.2886622560028,889.8639934900101,75.24243665354909,378.8239650770137,890.3051569825134,-145.62040388776623,478.2838159419651,696.0182006833328,-108.20238516317288,464.42254780624114,403.2266630213984,-139.79621413379232,370.1259992050962,309.77601202237406,-75.33619160137557,309.7535401524389,70.58266594369232,-16.862182324436525,245.76413927663086,47.73563370668531,-34.11979241976938,517.356177640541,54.57765879037524,213.37427395864222,573.3157803045448,689.9370667649321,176.0221963822671,666.2182435426741,437.9468715847292,209.79979140444655,639.8605656945498,333.0598401130037,154.43620608589427,694.3791703955501,71.22134427320628,97.9659927547304,640.0036382033705,30.17895919707442,129.28320383033378,887.1954735916921,111.52133165765464
independent_20260430_173541,trial_001,subject_001,1777541744.4983506,1777541744.4983506,264536.107365,1040052,001,0,0,1,-18.457479687548712,598.2872233330032,845.9854807640739,68.8323758776941,606.0265125541716,850.913324581086,24.25242568250042,371.88502178329935,888.977224086107,76.89153742783087,380.7405106785445,889.2892105269163,-144.99218744121677,477.9699094330077,695.6830172565885,-108.23844782689109,461.5950068816222,403.01185431833784,-139.34316022748388,366.659610272485,310.07059418885086,-75.88781651342444,304.86804155014363,71.18614854001402,-17.202696139551,241.27153865380092,47.894004371024074,-34.355557322379404,512.82267394135,54.47780303709762,213.2512773811305,575.759259286914,688.4886763600194,174.50772219337165,667.3997237780934,436.19330029475185,208.46766427623362,640.2959898681453,331.5315217245241,152.31674355214824,692.5091857435023,69.20046724080086,97.3290334576024,636.6892000169977,30.605991991846064,126.19094344284011,885.721233484293,106.12450749219161
independent_20260430_173541,trial_001,subject_001,1777541744.5085564,1777541744.5085564,264536.1174559,1040053,001,0,0,1,-18.243645696300845,599.6680806969206,845.1674357464524,69.08435283628823,607.9619480271919,849.9888378981686,25.85625831373981,373.5567060612222,888.1487853232198,78.39315725623925,382.645640050216,888.2847558324768,-144.461867919004,477.5950514886998,695.324768470385,-108.31649558900135,458.6979484184527,402.8093715685647,-139.49968144741717,363.28123040643857,310.7178698593753,-75.92383299319752,300.40383657416777,71.46767034266666,-17.3387162412225,236.74995861862442,48.2918471359773,-34.61630489672817,508.3187137091951,54.377792142508625,213.0861365168586,578.1946649781588,687.0590312689616,173.1773534811444,668.5334527707495,434.61254216456064,207.25299020836414,640.6538480481594,329.99185273536824,151.684401729722,690.3489269563204,69.134062600214,96.825128846541,633.2419321917828,31.22523564630141,123.60440083634141,884.2618781195721,100.92793796968698
independent_20260430_173541,trial_001,subject_001,1777541744.5180986,1777541744.5180986,264536.1272905,1040054,001,0,0,1,-17.890782844765933,601.2076640331777,844.4007246747861,69.39947801963595,610.0221111746453,849.0729291585459,27.530585315017618,375.3510152054638,887.3281567313815,80.10595618069608,384.84357836456996,887.3077898960177,-143.764386427992,477.43775486372317,694.9607540003169,-108.45596855644882,455.9714223895302,402.6535910849679,-139.26984514589603,359.9487198590828,311.19401221480825,-76.10606593374828,295.97950160036766,71.75364100304643,-17.500821586488826,232.1479245827689,48.62965516631788,-34.967759198738534,503.8175533473325,54.247013504429745,212.92661944680088,580.5816586374201,685.7031168280233,172.258858930755,669.4862244824884,432.9575615073781,206.18442450969474,641.0748643097089,328.44287278247134,150.67069202687273,688.5161031686191,68.34415592830086,96.58290626996776,630.0200875735756,32.12072735567143,121.69282996025771,882.9257518357637,95.90620706629988
independent_20260430_173541,trial_001,subject_001,1777541744.5310614,1777541744.5310614,264536.1402807,1040055,001,0,0,1,-17.490479418079886,602.8791466444479,843.5824873326208,69.79322798992813,612.2251852092818,848.2460925865677,29.23782467975579,377.2983298190505,886.6209534489319,81.75616050297079,386.8969991291857,886.48371011924,-143.072080082667,477.2039820800516,694.5582337015536,-108.23506764913441,453.3088553271216,402.5418734000873,-138.54547245998373,356.5850458728814,311.72292087009134,-75.97029650596278,291.9955680536894,72.09729490754263,-17.66051892127088,227.75722731082197,49.009316870948,-35.28972910838502,499.30600683214357,54.11750367641995,212.88436760712412,582.89473211009,684.4149372065181,171.67554069354716,670.3518522646291,431.57894236942536,205.2252692127278,641.7229015292626,327.1346065376342,149.97016509834907,686.4793985942075,67.65415036161342,96.01601468771659,627.3276429616519,32.85868486634029,120.2693688254984,881.389534885723,90.80532195094864
independent_20260430_173541,trial_001,subject_001,1777541744.5376866,1777541744.5376866,264536.1470568,1040056,001,0,0,1,-17.013915216063776,604.5514373730948,842.7215000917893,70.29662436173865,614.4080149880075,847.4618431460676,30.94477134183994,379.31250615059656,885.823633227049,83.37030523782191,389.158881745863,885.6967967021385,-142.33577337287258,477.23792533405685,694.1760082285689,-107.92422734015913,450.91875609096195,402.40159252853107,-138.07975752899793,353.5751388429496,312.3253062058428,-76.12373937124987,287.78941423631,72.60824795830258,-18.035579365050616,223.36466588999798,49.280459124792515,-35.57345653072588,494.91104754071904,53.998079760080124,212.95807173346807,585.2046027305737,683.2834476769953,171.33412117991003,671.5470329255651,430.5423169804596,204.55662172748023,642.6250784069932,326.0815886584826,149.61586858228765,684.2490231165818,67.00655857726906,96.20056580812007,623.7184142430946,33.885106715449396,119.37962825224385,879.6370646105116,85.46232392618825
independent_20260430_173541,trial_001,subject_001,1777541744.5478811,1777541744.5478811,264536.1572244,1040057,001,0,0,1,-16.385023127891657,606.443079060443,841.999852945885,70.8643512840284,616.6534475769012,846.7762586767233,32.34549105061071,381.298616381162,885.0695428424942,84.96607587950817,391.3397604870399,885.0368974586098,-141.43638007891985,477.35971821196006,693.7891827010061,-107.47213088871811,448.83782533497083,402.2579646596366,-137.64968806237232,350.6989213770754,313.04161430087487,-76.31723470548808,283.5271211102801,73.22951905612275,-18.37589406654075,218.9370934459011,49.62284018550921,-35.85106883988514,490.4671750705789,53.84490823236395,213.17350139588095,587.5149133357545,682.210318751441,171.01950888835597,673.4761840646577,429.7111060830601,204.30279891879346,643.8826309182489,325.33550002315127,149.55068140904874,681.7729599173714,66.43863227441784,96.22026002169422,620.4051805533514,34.87540777811788,119.03390881887178,877.7901660569455,80.0262780548516
independent_20260430_173541,trial_001,subject_001,1777541744.5578806,1777541744.5578806,264536.1672859,1040058,001,0,0,1,-15.748414832701323,608.1461996492659,841.2711617641219,71.50977996568724,618.8495794446598,846.19988383292,34.01433566566871,383.34300613787036,884.5916616794287,86.89009698710672,393.6994400613742,884.6983994302677,-140.51826261314156,477.7229918987981,693.3845067609267,-106.78632131916521,446.93612090714674,402.1407919129037,-137.05943910907322,348.1268921500182,313.7660447318468,-76.7483409481115,279.13583117568675,73.76584667903714,-18.57000069314421,214.50961129874906,50.15696649648261,-36.08278753579746,486.1481728475987,53.707520619320185,213.4342943561538,589.9200911818314,681.4391843933857,170.65993700362125,675.7816420670548,429.0625877273703,204.62280586416276,645.404278374914,324.80354091858214,149.66145382889465,679.0919655924766,66.03614221777165,96.18710983253573,617.0101617547075,35.83924986104953,118.95369419369038,875.4500641386999,74.91073486964184
independent_20260430_173541,trial_001,subject_001,1777541744.5707288,1777541744.5707288,264536.1795905,1040059,001,0,0,1,-14.916391248826175,610.1406612936088,840.6806839611111,72.24908679729953,621.0621998572424,845.7659415992418,35.620997968732425,385.42700124119847,884.1104260760809,88.35896770639569,395.9283473826756,884.2567041470254,-139.48944019988352,478.06236115522915,692.957985253486,-106.14753739213616,445.196527920464,402.02280581257247,-136.3437760453406,345.701289928869,314.5373223732852,-76.86925013294264,275.13075266079096,74.29940037951339,-18.745129704435694,210.21105797947652,50.581339753119174,-36.27780583978424,481.84935172618367,53.64156119401775,213.88361298490958,592.64804161429,681.0350891426259,170.6989867405269,678.0526827478842,428.4800157541824,205.28886547127888,647.1036845510633,324.50787135353556,149.79499493488473,676.0726420574844,65.66860413017355,96.05163457429397,613.5241336281963,36.680250257039724,118.97107753369228,872.769455602537,70.58969658528454
independent_20260430_173541,trial_001,subject_001,1777541744.5777428,1777541744.5777428,264536.1874894,1040060,001,0,0,1,-14.147546335354972,611.6619539096854,840.1735080592479,73.12565360391358,623.1055212329879,845.4358396127305,37.07287154743913,387.40962677601897,883.6972843331023,89.71192248684778,398.074924623369,883.8792241912846,-138.3210459407269,478.6671221927724,692.4984960913544,-105.43615029067242,443.93860328823285,401.8890314790938,-135.67881953358892,343.68531391473664,315.31805281294766,-76.37744401821996,273.0233107337727,74.59670963278747,-19.013064951991904,205.91485883830882,51.1804299987472,-36.558802123576484,477.5386691367558,53.55011266736202,214.57441184946708,595.7771717963818,681.1000336436879,171.08573099822334,680.317590109455,428.00380073693015,206.07986802919754,648.7991776164789,324.2481155629629,149.91345589267476,672.9728440299034,65.43340432878603,96.20687748664562,609.9300714965381,37.62208379994787,118.95335668156139,869.7644473864707,66.81832962093848
independent_20260430_173541,trial_001,subject_001,1777541744.5878112,1777541744.5878112,264536.197412,1040061,001,0,0,1,-13.068851585918404,613.800100574525,839.6172128318742,74.03801733511507,625.2088091223621,845.2568885840097,38.55980909666525,389.3691263202344,883.4310799196999,91.29417145493207,400.2144465666008,883.7447539539513,-137.11313168945168,479.3226084129424,692.0460242507127,-104.56491659425829,442.92894770073434,401.6065838311925,-134.8309168713187,341.84705350480414,316.196494610245,-78.58669727498702,270.67897251158615,74.84816533434551,-19.333079166056557,201.684579860481,52.01323624656849,-36.721885769532776,473.2435488373061,53.405889509166975,215.27170116829456,599.2470402048258,681.4766818861913,171.5033918419037,682.6027187489433,427.62522839479567,207.15471696473045,650.6123020502572,324.1280898830378,150.0271939660502,669.7507833341472,65.39225942098112,96.19103186597951,606.2582529090263,38.361607832256475,118.55978154630309,866.6598101300843,63.56133591569497
independent_20260430_173541,trial_001,subject_001,1777541744.5976932,1777541744.5976932,264536.2071897,1040062,001,0,0,1,-11.998710121935009,615.5958504358023,839.1329774288046,75.0749622294582,627.2984311135453,845.1751961146236,40.027256471807064,391.3297131213533,883.1901561892699,92.87566395546904,402.2569573121033,883.5432072430017,-135.78623068873011,480.274295662417,691.5452002463677,-103.63272830072223,442.51418131640224,401.2310244147335,-134.07293207298414,340.311310467005,316.9547235333868,-79.17439943490716,267.88996894701506,74.82529452460462,-19.641518539805464,197.66405701729158,53.269349286182255,-36.86104867170474,469.09580981584213,53.2487073810403,216.04443635928718,602.9628789041716,682.0939376927352,171.91209499179993,684.8896824074661,427.26089504095717,208.3677609973742,652.2895720939874,323.967813324623,150.082241092254,666.341131672164,65.48388781269203,96.16499126290056,602.5115415249584,38.94730842623186,118.15163996176729,863.1905307579237,61.256877102570485
independent_20260430_173541,trial_001,subject_001,1777541744.6077147,1777541744.6077147,264536.2171027,1040063,001,0,0,1,-10.777736866237696,617.4886795100404,838.7370259692788,76.22081230838106,629.2751273471763,845.1392255903168,41.62728752856364,393.3037875487117,883.055986366397,94.25187224514575,404.39676533303395,883.4253589944076,-134.38828442246043,481.3957185778884,691.1173090973434,-102.58688363789886,442.40449176871954,400.93979386241637,-133.29777646984817,339.23843772277564,317.8751221581587,-78.04468027739264,264.15280387233594,75.4309040510504,-19.9907322268009,193.6644395060847,54.442007789807626,-37.108914945005196,465.0106804868715,53.08730242037861,216.9349471776915,606.6659203729196,682.9308680875049,172.71511004678905,686.9227594216921,426.8782201483042,209.69008775265297,653.8439637251789,323.7605893271483,149.95970494308702,662.5872292805747,65.52878866252743,96.12011088488009,598.4588367871705,39.49173774291253,118.14482969223734,859.4729674224957,59.803059779271635
independent_20260430_173541,trial_001,subject_001,1777541744.6178257,1777541744.6178257,264536.2272942,1040064,001,0,0,1,-9.644378746547186,618.9321277608638,838.4240579442054,77.43198025024272,631.3631864021585,845.2213922539505,43.26893843208526,395.3208437535289,882.9155242271597,96.22284094688187,406.47464502428454,883.5594168465284,-132.88138369209972,482.53457439654585,690.619448712794,-101.44879494132093,442.64936217935036,400.5629386874179,-132.47051061107285,338.5421992974024,318.74916139993945,-78.64014546202685,259.4535945697763,77.40060388164524,-20.265137941770362,189.9045690306895,56.10578168167856,-37.42425886377528,461.02284401234135,52.87410099806609,217.92162826162146,610.0699463991571,683.6726784425085,173.70254716234166,688.5285145687967,426.4936216659231,211.34663152864317,655.2202368091691,323.5939612221533,149.52988849796836,658.7301418893466,65.01009777429331,96.1627978630267,594.2507294591654,39.70086164789152,118.2425680048104,855.5026490293749,59.22474701790603
independent_20260430_173541,trial_001,subject_001,1777541744.6293423,1777541744.6293423,264536.2382866,1040065,001,0,0,1,-8.740983902752694,619.661637293287,838.1052000829213,78.69015080043692,633.413471735936,845.3391317510907,44.97827726154988,397.2919771987337,882.8223899034347,97.96826837674946,408.62910438744535,883.6138014662794,-131.27810360576066,483.7408785527324,690.2168890591498,-100.367084301124,443.39020740056725,400.20477802627875,-131.53958947165842,337.9707908103309,319.8576563552865,-78.59075709243544,255.79582357727008,79.85147326082347,-20.550097946734887,186.10053843443367,58.06618834128883,-37.62762046272412,457.00299852250487,52.66425621830452,218.94585585365334,613.1744968362894,684.2635201303347,174.63150883542858,689.7936103913243,426.1262011726599,212.83866987576752,656.0686907650398,323.41053486984924,149.82855506972535,654.737348319584,65.33390764337123,96.1477175353265,590.119299081252,39.80254486283845,118.35829395422465,851.412236168841,58.684308136271476
independent_20260430_173541,trial_001,subject_001,1777541744.6374502,1777541744.6374502,264536.247256,1040066,001,0,0,1,-6.96356276806671,622.5671546994834,838.0252166852451,79.99282302126221,635.59721357319,845.5383269046404,46.896062622432616,399.33684283003777,882.7771334245313,99.70976421565395,410.8286725408949,883.6245681178268,-129.57010130641825,485.12722543812146,689.9108390973153,-99.05329558839404,444.21862463770157,399.9307415852839,-130.6060901929656,337.6369188161206,321.10706502244494,-78.58356248876134,253.05151155040457,82.16545418518751,-20.692581696343144,182.65718079860417,60.35352626821266,-37.86158468326306,453.2192498193346,52.38140338243616,220.06713566207483,615.857053146829,684.7186517294572,175.3254811536563,690.8631619876381,425.7074026482331,214.1085135724968,656.369092580045,323.22235790357115,150.1287132663984,650.3444840857823,65.6371724806467,96.1970093949407,585.9457248664426,39.87954792433812,118.44731452998197,847.2886153242309,58.409083143274934
independent_20260430_173541,trial_001,subject_001,1777541744.6492732,1777541744.6492732,264536.2581398,1040067,001,0,0,1,-5.496132111347289,624.6470953740622,838.0288760216954,81.34659028850317,637.730719923835,845.8084239387878,49.07049304413438,401.31625241493805,882.881133773152,101.97341297969679,413.0314054283402,883.9678383628064,-127.74348822553355,486.64433894526763,689.8964070478912,-98.04548593732756,445.4651374173946,399.84326659645046,-129.6609823551044,337.71324193049315,322.4369731094507,-79.19963567273342,250.86509753214236,84.3275473627275,-20.728869936791355,179.0639647817007,62.90788460295565,-38.07419191873515,449.49096298964434,52.096756894431216,221.20480816767235,618.0796456745968,685.0030644892646,175.89640140919545,691.5018621302326,425.23854895984726,215.0237538495005,656.0890436287889,323.0393689676876,149.76614068310082,646.4921256638956,65.37204791390135,96.21021238388263,581.7282472326615,39.8769062656803,118.46312845436614,843.0716442750376,57.9956913330122
independent_20260430_173541,trial_001,subject_001,1777541744.6577961,1777541744.6577961,264536.2672856,1040068,001,0,0,1,-4.0482865925594735,626.549335688576,838.2435401147329,82.72504857294457,640.0076863071029,846.2160338869796,51.40821085007152,403.3219868451373,883.0238829610117,104.05503970734536,415.2638955687639,884.3074220306149,-125.86155977142914,488.0797905457347,689.9687943719458,-96.98587491214192,447.0156658556989,399.80313445984314,-129.09307671437085,338.00859668297875,324.32296239838985,-79.13593379691918,247.7540314105721,85.79124732309906,-20.306982186641907,175.9667622786342,65.62549133705598,-38.37907462315677,445.826783878402,51.81050295082206,222.3688648232713,619.7692487579899,685.004610002935,176.3377192999477,691.473987947662,424.6570234653514,215.55503824163026,655.0613386478933,322.6592011178855,149.3300032889118,642.2181443404166,65.07627585644059,96.25030156892831,577.4980809741071,39.852900098559424,118.33539517112622,838.9281476534304,57.80886900734749
independent_20260430_173541,trial_001,subject_001,1777541744.6677947,1777541744.6677947,264536.2774416,1040069,001,0,0,1,-2.8202837226183757,627.8800878077706,838.745423191719,84.11166476269715,642.2777028981036,846.730956091934,53.53981688812214,405.32131702578096,883.4754421651014,106.36585771987667,417.4330487305916,884.7125409456506,-124.07521978451379,489.63680907336385,690.1338317817642,-96.10737778513504,448.82857148191397,399.9434985146932,-127.66396253881602,338.53127233729,326.02034384939486,-78.8961234108359,244.97756527102456,88.29245454583203,-20.50611910668766,172.7814852624787,68.48734140728006,-38.581460193428946,442.17963127441783,51.42721918939645,223.69141866689586,621.0728998293114,684.930919881344,176.88806522304034,690.7260239129664,424.0263126275759,215.80483327171166,653.4559848193795,322.2276060499434,149.92518960470613,637.9905542629377,65.79645062447538,96.1337423495987,573.2499231041282,39.70918151683909,118.24922032741546,834.8782249930371,57.71650997387538
independent_20260430_173541,trial_001,subject_001,1777541744.6786723,1777541744.6786723,264536.287557,1040070,001,0,0,1,-1.2411847191076189,630.0689190266999,839.3452558480103,85.56999066503371,644.3923250991307,847.308018438589,56.149270387241465,407.18889731835094,883.8595532534933,108.5809661184601,419.58751960135,885.2538046148475,-122.2028519085604,491.36655101868394,690.4969270332531,-95.25303363529524,451.09939272378966,400.30578673406956,-127.17218767268518,338.95501939321997,328.33602157781127,-78.29511169434154,242.18488561274552,91.4896508203318,-20.65402565706729,169.66963972345533,71.66465683090193,-38.9453971810449,438.68568953463256,51.056319055737845,224.91816644380168,621.9683295901935,684.6993168281639,177.5022761882126,689.5725216421754,423.3316498246561,215.93962543906383,651.2971440755656,321.750893064772,149.08283457442016,633.8367361659672,65.00664644652672,96.07253462994001,568.9589040155415,39.620809023022694,118.07326896314274,830.6421938035629,57.52682072149308
independent_20260430_173541,trial_001,subject_001,1777541744.6883125,1777541744.6883125,264536.2972669,1040071,001,0,0,1,0.15543198946300563,631.6643300243504,840.1142481786306,86.92525722146041,646.5433036083276,847.9562476650883,58.17084441912685,409.01015397796874,884.4535332840295,110.89032688299629,421.6010478182204,885.9539497533497,-120.38928277986336,493.06727878619205,691.0426597472041,-94.51475647125997,453.52070954844953,400.65344308287007,-125.53524006554686,340.08059554263065,330.5001096685004,-78.89869459613561,239.89965216287388,95.33177076520569,-20.936580206288582,166.8000449314189,75.29979020586235,-39.361636619008664,435.28750921766414,50.62183453649738,226.052667224621,622.6087965693911,684.4474986111319,178.10290546038092,688.076966215446,422.6193744181347,215.98989808414942,648.6313272098892,321.21049567216596,149.35039553618944,629.4908442828812,65.64258491758267,95.92812140592427,564.777832814424,39.52499092944393,117.82242887407479,826.4074700765825,57.37705003386621
independent_20260430_173541,trial_001,subject_001,1777541744.7018297,1777541744.7018297,264536.3107428,1040072,001,0,0,1,1.583626475810535,633.2962320602759,841.0206015317866,88.35582000014834,648.4563602105566,848.6567741105304,60.61641908364788,410.64316263084163,885.143927781634,112.97269281585861,423.55103251405905,886.6951482592625,-118.59888106941845,494.74540733063526,691.692587826119,-93.89747621361765,456.4275034058531,401.20726104277264,-124.60921254116099,341.3926237877087,333.14845870743466,-78.59005203957577,237.98827465022717,99.10338625873234,-21.307738129510632,164.2540887369477,79.49318979878028,-39.7137241951166,432.00336165867265,50.180449242358094,227.12640963918048,623.0870907512539,684.3001615956448,178.7645620741896,686.2128061730327,421.9729013754011,216.03629300862585,645.6529165666552,320.82255404336354,148.44658709997773,625.4263908861357,64.89936799132897,95.71791483523197,560.455329346345,39.470425234464074,117.66092661949529,822.2677188884621,57.283474526524614
independent_20260430_173541,trial_001,subject_001,1777541744.7080054,1777541744.7080054,264536.3170821,1040073,001,0,0,1,2.9967427110085993,634.7447727100789,842.0672444639384,89.78264462639804,650.2192967423028,849.4596610694114,62.59253202823776,412.3015255104461,885.9798056548417,115.08365233217914,425.27850319234966,887.5362616170955,-116.80567683225257,496.4571939189377,692.3761578828587,-93.5409319393501,459.76794318851887,401.7434670900771,-124.04967299650338,343.0851720502768,336.2036414868841,-79.10114979415117,236.3070279363427,102.84399171644459,-21.549142027703887,162.17112054465306,84.61019764693998,-40.22411182375068,429.01334846777405,49.63816880580582,228.18846439938676,623.4250921384631,684.2560156112246,179.48735979723617,684.0058206936542,421.46124730877534,216.0768753412604,642.3033587850673,320.44473224294074,148.18935357683972,621.1964207889251,65.0139392551857,95.48475438994565,556.2224119739772,39.57850791483856,117.38403238070943,818.0831249953185,57.277693143130165
independent_20260430_173541,trial_001,subject_001,1777541744.7180114,1777541744.7180114,264536.3272979,1040074,001,0,0,1,4.3842441519675965,636.071321908906,843.2068949627819,91.1950857693525,651.7945027810908,850.2952587047776,64.64617343349283,413.6409721092424,886.908725715057,116.89266095356288,426.7997362868324,888.4190446364948,-115.22917336101342,498.2687458177421,693.1093245692754,-93.44814416629636,463.4970189409443,402.20043437859994,-123.33212258816444,344.95362675964077,338.9113225453722,-78.68715030460096,234.99200331119144,106.43707421706446,-21.795432576256612,160.35123110603777,90.1488284272905,-40.71352329836803,426.0864999166299,48.95866925906177,229.2636519623697,623.5698932156702,684.3148976976865,180.30966001856373,681.686210454782,421.0185357270363,216.486655332083,638.9369077459075,320.22569972247067,148.50759539000504,616.7088797179425,65.54694100295437,95.3311712634389,552.01708051166,39.56507814390994,117.20471272451572,813.9228422963133,57.19169385537743
independent_20260430_173541,trial_001,subject_001,1777541744.7275221,1777541744.7275221,264536.3372466,1040075,001,0,0,1,5.849176177266259,637.3357844116732,844.3030674562966,92.63465526651102,653.116846067439,851.1462437380145,66.77316840500323,415.1769657868591,888.1243491610678,118.78271051293538,428.08881956933885,889.3568104691759,-113.581450910517,500.0150769674263,693.8065634594184,-93.65420047368399,467.65259840816776,402.59680181714197,-122.65214669478114,347.8021293635644,341.6909866098312,-78.50791148293868,233.80796166731443,110.43822119164913,-21.650761371401753,158.92817516370312,96.40844416663693,-41.204332383815384,423.3725977186953,48.2497186432712,230.34980657434426,623.6320582696694,684.4371142530276,181.3552185439845,679.3300166138879,420.7514225886847,217.0251740595158,635.6553559989546,320.1770715912962,148.5875832697695,612.599362151212,65.7572819090813,95.18938076076739,547.8431746663758,39.62603822354251,117.05183624867739,809.7317742118502,57.134229757840494
independent_20260430_173541,trial_001,subject_001,1777541744.7381618,1777541744.7381618,264536.3470958,1040076,001,0,0,1,7.249491386399111,638.3234367338148,845.4636965759138,94.05506040204455,654.3199038364166,851.9934968623649,68.3844889505307,416.26646272877866,889.034653695356,120.38247594554105,429.2717872297034,890.2159554047487,-112.09724158077029,501.71842414129395,694.4270668463647,-93.92398811170133,472.25323726422715,402.99540947597893,-121.96762178719013,350.8655501099461,344.0861249127899,-78.37359412451937,232.85691632585375,115.15663334158704,-21.23839993725303,158.13003141786115,103.21115194077069,-41.72420147710432,420.8364354740027,47.443781525817066,231.4599860278911,623.6529522416141,684.574322107813,182.3019104291237,676.8416828309558,420.4882663544344,217.66987775291992,632.5474794363795,320.0030160660787,148.45706937063042,608.2438947824913,65.6836212092992,95.10972846802079,543.535171583381,39.61552842890979,116.92547926404579,805.5351276102504,57.086911044898656
independent_20260430_173541,trial_001,subject_001,1777541744.7481678,1777541744.7481678,264536.3571039,1040077,001,0,0,1,8.66397501304352,639.2017935309271,846.5559843294092,95.46783362952985,655.2990906418238,852.7717794555142,70.21962528924098,417.1418482755734,889.9666492701441,122.04047901722892,430.2416777210903,891.1076200450897,-110.81527437372523,503.57814702538246,695.080107980261,-94.38305293873599,477.35887840719556,403.2824289769529,-121.8264285042446,354.7206551993169,346.81233932164577,-78.22482218757831,232.55823621730303,120.12899427745654,-20.901839116569832,157.6623427172815,110.51854222054119,-42.19177830822638,418.31946327210966,46.779621989444074,232.61826575794544,623.5695199792308,684.6905317303223,183.20449339444653,674.374991936727,420.1387037019561,218.55337090336673,629.7379874804951,319.81181049527265,148.52159984331416,604.0607768451604,65.83426491459984,95.10970193475953,539.2783128705622,39.77412304024965,116.8424855875581,801.225862391257,56.974075132438806
independent_20260430_173541,trial_001,subject_001,1777541744.7581708,1777541744.7581708,264536.367312,1040078,001,0,0,1,10.082835579373647,639.967659090854,847.5659754516097,96.86712620020202,656.1115879922784,853.4462796159869,71.77314646385146,417.8611061682517,890.6522678600243,123.59528611177514,431.11322754954983,891.906463883122,-109.71486940781338,505.4592219729963,695.7214829078922,-94.88873790136277,482.70446659936675,403.51559495395605,-121.64237564028262,358.9931782570953,349.3906794406004,-78.17713879031938,232.71759890071743,125.22802843496383,-20.74137727549574,157.46480851486925,117.99745977105816,-42.633337851417295,415.8061718208455,46.18317212746853,233.7293708546894,623.2938950306587,684.745163502374,184.15669817256665,671.9639146846242,419.79587384235145,219.47411301916668,627.2313339522381,319.49430570271653,148.56025617176158,599.7189784193258,65.8120808619268,95.05432458005494,534.9332810936894,39.782084197954745,116.77387720520777,796.8801525919752,56.87544145133944
independent_20260430_173541,trial_001,subject_001,1777541744.7714803,1777541744.7714803,264536.3804331,1040079,001,0,0,1,11.480150954017322,640.4977319652504,848.4842324147384,98.26646119085251,656.7783245591594,854.0508820878472,73.29863411588524,418.46095587161966,891.3634950474561,125.10288072997825,431.8060326425365,892.5187390127624,-108.74670915537536,507.5883442523775,696.3807057509143,-95.51475796017147,488.4363080809477,403.8443439745905,-120.93040563387275,363.5102323736769,351.67191309540266,-78.04509941494379,232.90453421760924,130.34950275758834,-20.12085205083185,157.8576310273258,126.08414407035808,-43.09698726210856,413.38303221897036,45.651308910392785,234.85114288372637,622.912161525798,684.744647061049,184.890665938262,669.4520471801399,419.37071765177654,220.43466078184895,624.8434721334775,319.102347076586,148.5027860630353,595.37774120267,65.79801554909383,94.90423426818327,530.5364578993862,39.83012430439174,116.70065680638,792.5924749868927,56.820353392837525
independent_20260430_173541,trial_001,subject_001,1777541744.7780848,1777541744.7780848,264536.3874219,1040080,001,0,0,1,12.706113327553862,640.4996649837101,849.5651389850863,99.62774080433302,657.3426873739297,854.5159307680624,74.88541001238931,418.9102774007338,892.0113852026923,126.63515476862293,432.3590383168685,893.1263000214378,-107.7824910191115,509.73029269511585,696.8139717951542,-96.12258702494205,494.43148717752763,404.12972557386803,-120.88794712787511,368.4152301353075,354.3234836417092,-77.85850936066416,233.42759749310525,135.71986975712232,-19.24162145835588,158.78486978759105,134.52368633902495,-43.75302842742928,411.0720140502184,45.1839495674694,235.99333791484992,622.4625108531803,684.7283541625945,185.6413157800977,666.9219582590684,418.9071492382501,221.36938703025953,622.4860709582082,318.72530502536335,148.56776460186165,591.0874312069071,65.87657353760942,94.80222459253662,526.245042150893,39.95128517588169,116.53874639584407,788.2826215520346,56.79291102386164
independent_20260430_173541,trial_001,subject_001,1777541744.7880838,1777541744.7880838,264536.3971482,1040081,001,0,0,1,14.095058511466362,641.0286341200352,849.9910201793041,100.97806137248355,657.7196397247205,854.8755802488149,76.74326691929893,419.1901195974379,892.7379020895025,128.31667118125148,432.7650127870387,893.8139153034072,-107.08526876147633,512.0995672844625,697.3089871628406,-96.77501830038237,500.52330760368403,404.39139977687915,-120.85259997511889,373.38819128968106,356.87080646494763,-77.64285691195137,234.11470579351942,141.29927855493142,-18.10652679556658,160.25428833270954,143.2226939209827,-44.609944984909745,408.9107082578379,44.642929409457324,237.01370194196804,621.8745808074059,684.6968446455053,186.2996080249803,664.2578985889069,418.5161770251282,222.03177305391742,619.8526144685098,318.29361689470755,148.4098927537307,586.6560792948765,65.83885081572079,94.70581922769694,521.8748917014195,39.940190672149264,116.35565112607058,783.9512752288985,56.69963067560187
independent_20260430_173541,trial_001,subject_001,1777541744.7980843,1777541744.7980843,264536.4073104,1040082,001,0,0,1,15.546138622541244,641.3221932800919,850.9345136847974,102.27780452926964,658.011951731608,855.1541609949928,78.19845694072175,419.3765235765292,893.028638159151,130.00676684525612,432.9898827968226,894.166964510026,-106.23562416629858,514.4018278797456,697.7597305647391,-97.5878785916571,506.9941534577642,404.67949916017733,-120.78891661509532,378.5929705047871,359.4753258480731,-77.63638743789902,235.26321254883052,147.28265286982764,-16.777600632435707,162.37936334724628,152.10175527986172,-45.36265242918065,407.10022980705946,44.10569815632984,238.08066149163068,621.1691672710306,684.5688707418703,186.95421470335646,661.3436738901419,418.01236461930745,222.62379408383535,616.8408400254656,317.90971038330497,148.33564866327777,582.368841693444,65.92672341862739,94.51525166926129,517.532022531218,39.94953513359272,116.18747888008791,779.5935329925868,56.65717537171251
independent_20260430_173541,trial_001,subject_001,1777541744.8080819,1777541744.8080819,264536.4173098,1040083,001,0,0,1,16.70788411261549,640.9474706345397,851.6977435962648,103.56139955610509,658.119596158093,855.3837869115074,79.89817741668766,419.448556862746,893.5309176822072,131.4801510343972,433.1970123185848,894.6827326399389,-105.65100505963025,516.9624104848148,698.2188509863194,-98.33627504818877,513.2883266666543,405.17328255585704,-120.78851746558534,383.8996208653899,362.04203531166434,-77.77859197471695,237.13039450969123,153.2874770267346,-15.372754549417602,165.36144397527218,161.36751402888584,-46.23305232553214,405.3705194924851,43.440302923495466,239.00777550529614,620.3260351288186,684.403809429722,187.63530611783744,658.2296651382347,417.5705841222809,223.24853617183254,613.4444215428774,317.5037007685058,147.45136546765184,578.1493210241468,65.1313801127124,94.35617236758603,513.195282042924,39.93434824260989,116.01865283335759,775.2679520721015,56.57543952824498
independent_20260430_173541,trial_001,subject_001,1777541744.817591,1777541744.817591,264536.4273742,1040084,001,0,0,1,17.981253943052835,640.8982618813818,852.3440029210024,104.80649285253085,658.1485942092512,855.5192170335528,81.26009949300119,419.4166750634497,893.7354530304557,132.85675166581032,433.1619525492142,894.916042879605,-105.0785644870008,519.4302205105993,698.8441900002219,-99.07920364092959,519.4589784069848,405.7735766054776,-120.83674903676035,389.3756931177752,364.7063783740116,-76.67988471802383,238.907020981319,158.41352214066663,-14.033063980524595,169.24226039907208,171.0533432798433,-47.13294338202551,403.78983195878544,42.69594408988128,240.0898995192606,619.450228225795,684.281668096959,188.47737406909891,654.9421699844798,417.0678663477247,223.75503831869273,609.7144856075328,317.1218982652856,147.9434287726994,573.649245947424,65.86334801651549,94.25210172477395,508.8150607890865,39.92498605902255,115.78308011121513,771.0091982014508,56.48157832299084
independent_20260430_173541,trial_001,subject_001,1777541744.8281043,1777541744.8281043,264536.4373144,1040085,001,0,0,1,19.201062446631564,640.7252484549574,852.9598874343337,106.0133393965251,658.0557858389658,855.6343398375923,82.66149679429091,419.2397385161178,893.9730010082272,134.24724898728627,433.1210640210315,895.3082185744611,-104.5757809319821,522.0241887688115,699.4375398672804,-99.75918775276166,525.7136028634408,406.50860133946907,-120.97971484233868,394.8833166039092,367.3414698435172,-76.13503294518567,240.73181852995575,163.9154659158791,-12.51055244391678,173.6537758195717,180.7450410924335,-47.92736670194741,401.86795100524745,41.65712530861344,240.86797626954322,618.2432230146113,684.0391721546943,189.3456185460938,651.6220387554214,416.59744013511545,224.2546635755637,605.800182397952,316.7683497538133,147.00727074163999,569.4712247500112,65.1856635373406,94.08198804584767,504.48474336309096,40.07515184981933,115.5861937950066,766.7247408259306,56.440072943288634
independent_20260430_173541,trial_001,subject_001,1777541744.838411,1777541744.838411,264536.44727,1040086,001,0,0,1,20.460072694951183,640.6600560825507,853.5277854585037,107.25489220265554,657.8289875343718,855.7943263284417,83.93794625927363,419.029627334749,894.2949871554854,135.42496167093535,432.82729509772173,895.5405705829653,-104.07423161317415,524.4904395397724,700.2140052511025,-100.40458166014622,531.9163903572232,407.40521750967133,-121.0720461061211,400.4826243618614,369.7630299761627,-75.20821705118841,243.0478297633977,169.5222845594499,-10.726540058610409,178.61786606251403,189.84909170705407,-48.876681744385614,400.45752525468885,40.77514334580748,241.88059626558183,616.9129522215918,683.8596180561117,190.1182772875054,648.2685794837212,416.21435330460065,224.7619835916356,601.9019725940774,316.46792236401245,146.794567522549,565.1022082482402,65.17037551335736,93.89212164742408,500.1172671413162,40.06419694737027,115.42410657457391,762.4329002564413,56.283267442981916
independent_20260430_173541,trial_001,subject_001,1777541744.8484237,1777541744.8484237,264536.4575613,1040087,001,0,0,1,21.732164800871978,640.4904950056709,854.1309163859636,108.5060630760299,657.496554023789,855.9398242278772,84.91952400740813,418.7269445031048,894.4386497894523,136.5190059454597,432.5261478174863,895.701560287208,-103.54323449875446,526.8664798611281,700.9535955059179,-101.03257041688511,538.0770538447497,408.4494402635433,-121.05261459205181,406.06815546642287,372.1478550542353,-74.1468616451813,245.85239899325228,174.5825618151484,-8.727517810619677,184.0801517397935,198.5531446922677,-49.85188219501064,399.0568367834194,39.86142120744527,242.64610763957992,615.3298751766147,683.5811484454329,190.83247513764525,644.8284695057833,415.83890182889417,225.1928143900198,598.1366122075798,316.12288520995895,147.39913739288053,560.6969830888282,65.97017214088442,93.71688976257335,495.7898737345061,40.099135990776176,115.2139485640791,758.1996509387038,56.27282736553611
independent_20260430_173541,trial_001,subject_001,1777541744.8579319,1777541744.8579319,264536.4672123,1040088,001,0,0,1,23.04079960451611,640.3566382823403,854.7948961187305,109.78251704564478,657.1267892405366,856.1748984415493,85.93699205788904,418.30943679629485,894.6640988814348,137.59609997902234,431.9778432594995,896.127905779298,-103.03117249626106,529.043281025724,701.7573494201177,-101.4353260456987,544.1877294363987,409.52127220053853,-121.02976806718942,411.6327166925704,374.4890170936318,-73.6791743661691,249.7995600374351,179.55572443832966,-6.656719626162897,189.9221118664859,206.5384135008223,-51.14137621528592,397.8959886807267,39.124320521895704,243.51874630490542,613.6817999999312,683.2936503646473,191.53739640516181,641.5524301418626,415.5018986371533,225.5943963792722,594.541224590663,315.8502245608152,147.16019781944973,556.3617147027469,65.91198993279127,93.44093787657958,491.5997469106793,40.06654084553019,115.0145387110851,753.9431620902983,56.23470623378205
independent_20260430_173541,trial_001,subject_001,1777541744.8683817,1777541744.8683817,264536.477566,1040089,001,0,0,1,24.32722836076268,640.0595116278803,855.47415200104,111.07333675556215,656.6238727645973,856.3763184208544,86.86919999100353,417.7725337427451,894.9453737170081,138.54688922686847,431.4093066755017,896.2671807206075,-102.59629936535207,531.118296899566,702.5953930512323,-101.6028543470399,550.0632432146673,410.7653054639981,-120.90016534207578,417.15925150223177,376.7688654379991,-73.03153040958716,253.5498116207638,183.6895560747786,-4.670805283173325,195.9836120491404,212.7708257848703,-52.77731448332888,397.8956654183596,39.36427310649743,244.41247144177166,612.0282197518684,683.0375749166307,192.16698569881024,638.3717712821866,415.10799623172454,226.08782206380593,591.163549497341,315.4920498931543,146.9628118056043,552.0682970171636,66.03455687955797,92.92026923437687,487.647037215855,39.82608987511387,114.77866065455949,749.6695505088809,56.199201818697944
independent_20260430_173541,trial_001,subject_001,1777541744.877383,1777541744.877383,264536.4871315,1040090,001,0,0,1,25.57468680148376,639.6115320462637,856.1765908338422,112.37683855763673,655.9994962319777,856.6228846126575,87.69826509518559,417.1394226190667,895.1629434081075,139.50478572039438,430.67671083578466,896.6110492400315,-102.18361593323868,533.0835602812273,703.5060181885648,-101.68436947388703,555.7843240304715,412.06356541050314,-120.82594033367059,422.6880197126989,379.1525329244819,-71.91806182037098,257.21836289614816,187.31186942579848,-2.58506404373765,201.07732298904153,216.16803821845693,-54.31879529045674,400.46304512274355,41.26471623209101,245.09153194466256,610.1348306704782,682.7316473048835,192.73855825302508,635.2635299844248,414.7062072147852,226.401478704842,587.8840877309037,315.2010593405732,146.81053701307496,547.7893940048456,66.01513875095524,92.72567466585693,483.39909185090954,39.964887964083054,114.61959917783918,745.3886108659809,56.151807728019904
independent_20260430_173541,trial_001,subject_001,1777541744.8903852,1777541744.8903852,264536.4997057,1040091,001,0,0,1,26.872824150212544,639.3603839400427,856.8446706176753,113.64251064614862,655.2902540553423,856.8182009420302,88.39075097695645,416.4647418690359,895.4140328015103,140.09551748690734,429.90822123803594,896.7215578678492,-101.67516444927604,534.7220373918988,704.4732491058586,-101.56361980880254,561.3269636069366,413.44132963266253,-120.35328430370227,427.859210961184,380.9116645341849,-70.78654393532928,261.08112355413834,190.6804665876367,-0.950007795116661,204.85687801247786,217.6119029523286,-55.973001703328684,405.6651937373342,45.21251220330889,245.89989664049182,608.2350559502227,682.4461046883629,193.25682384001087,632.2099146783877,414.4055713079305,226.77197143992828,584.6704564728088,314.88821521573726,146.08265471598253,543.7373213857857,65.49653848192959,92.91660107495557,478.7168694552468,40.278877621426545,114.45280997682602,741.1302743138589,55.98693360416269
independent_20260430_173541,trial_001,subject_001,1777541744.8983817,1777541744.8983817,264536.507233,1040092,001,0,0,1,28.139973671629217,638.8227690023314,857.4894944603793,114.92378034978935,654.4908338576793,857.0681379437588,88.79329301332557,415.7875654793429,895.686087678686,140.70675230069952,429.0459638283571,896.9875503232636,-101.3198990352723,536.3010947562371,705.4676916664016,-101.24738182336506,566.6902199571829,414.7119422901885,-119.88816677140896,432.74148115094147,382.7231392057838,-69.64259915109946,265.3690086881948,193.12835552527275,1.1375144729006408,209.09142923803532,217.84269783549846,-57.13575280712267,412.39720107301787,49.66814444973395,246.6933353231573,606.2710586862964,682.1558607347595,193.73454091082445,629.096585390659,414.14535272563177,227.08414152569213,581.376243635923,314.66239502019494,145.73914909550084,539.4384124771925,65.44553564826525,92.42628771160443,474.77473000117357,40.16065724807853,114.25449594031754,736.9204567387303,55.94299750761364
independent_20260430_173541,trial_001,subject_001,1777541744.907899,1777541744.907899,264536.5171567,1040093,001,0,0,1,29.394609999989633,638.3112080233591,858.2092886842777,116.18539582216901,653.6032048031234,857.3212555784355,89.2840307639458,414.99247499808774,896.0510765142815,141.1597799433442,428.08758458779363,897.1798554730818,-100.83780250509608,537.6553284454976,706.5812643626,-100.85644863796722,571.646775946853,416.0797914202154,-119.29297146537827,437.50337189588026,384.3607905005947,-68.96509491948257,270.879795896024,194.42627556873472,3.0330491094819814,214.2010355533442,217.07720598909694,-58.0481729557617,420.1594923760785,53.14675222205364,247.46067185092323,604.2533615618917,681.9627894199601,194.24327579529586,625.8392580261758,413.8197455890818,227.27564947554185,577.922443552971,314.5274478854246,146.3356858097521,534.9625476332324,66.23178102054042,92.23595854752955,470.5099330001657,40.25486443237164,114.15271651680703,732.6770168813168,55.8531732853707
independent_20260430_173541,trial_001,subject_001,1777541744.9184647,1777541744.9184647,264536.5273361,1040094,001,0,0,1,30.584329539621507,637.5923682510202,858.824770722044,117.38459616117834,652.630393671747,857.5630831363803,89.84176896593692,414.0807312297643,896.3024093411939,141.69931031249817,427.11550371061185,897.4120326152133,-100.43499863369092,538.9448252915982,707.666694171554,-100.52645064012782,576.3922321425862,417.62820683777716,-118.36898328290502,442.062629409888,385.64508429559316,-69.33821439081187,277.31117378517007,195.18474663246667,3.822493911964488,219.65000699480478,215.45586752411222,-59.104905695753835,428.39404975939743,55.84681764724306,248.09066435419172,602.1135876200975,681.7003152729865,194.7690434195778,622.5886849570392,413.6147271328306,227.50489594790838,574.224905326234,314.3472605835824,146.22701308263862,530.716925837935,66.3241290550577,92.37517870427419,465.83951225331714,40.5793953409003,113.96624863054706,728.4143840091797,55.8329111377467
independent_20260430_173541,trial_001,subject_001,1777541744.9286184,1777541744.9286184,264536.5375011,1040095,001,0,0,1,31.73646047365732,636.9351428751088,859.5786532968987,118.51419020357581,651.6354528074937,857.860429444312,90.38114723109103,413.1320412191639,896.6771568073585,142.28826253389767,426.1035436954527,897.5924003586623,-100.07897368296162,540.0854658098486,708.9686972703436,-100.14590305861522,580.9912146026807,419.28815061263134,-117.35814820915404,446.74142885213854,386.5344922506124,-68.64579961538288,284.1764992165364,193.84480782449796,3.880188002776476,225.15269718088774,212.92165013141195,-60.147180796428174,437.3469512113232,58.19206264565909,248.74141424908132,599.9928241323464,681.5166820751896,195.28404462957587,619.2344645896629,413.4635933365489,227.77893445557947,570.4936023157567,314.30823100678197,146.1082626445313,526.4625332144469,66.43526724597955,92.12658714769752,461.7063636542706,40.70668410219969,113.92164925346,724.0143088580055,55.688553520076766
independent_20260430_173541,trial_001,subject_001,1777541744.93763,1777541744.93763,264536.5471583,1040096,001,0,0,1,32.8186131979999,636.0795047427836,860.3214219306842,119.58703140769988,650.5778543467582,858.1805979501397,91.07484947327791,412.12813314477995,897.2264645393402,142.71382631729378,425.00433907078707,897.8240791692182,-99.55656807134291,540.9894955683413,710.1915698595151,-99.50960504719995,585.0651709531393,420.9759372633845,-116.37804278800671,451.1618749315841,387.30273548786676,-68.43939340029432,290.4799012182828,192.1211165647216,3.859564709171387,231.19421815187673,209.26214699757583,-61.357835837728494,446.85341202135226,59.93210084539461,249.36468914675217,597.7724056161891,681.2758976584677,195.845169080859,615.7692896329272,413.2694542453466,227.9388975583909,566.5910738755678,314.2382534358378,145.0788782396654,522.296056252159,65.77810005283581,91.96036300745429,457.26044708150465,40.8328255259716,113.80280310429116,719.6738830879544,55.71144440945261
independent_20260430_173541,trial_001,subject_001,1777541744.9476287,1777541744.9476287,264536.5572791,1040097,001,0,0,1,33.847151081376886,635.3254679618557,861.127842800701,120.601235847065,649.4291267372296,858.5410354036721,91.57421044896557,411.05431866910965,897.6237881074065,143.26732984656087,423.7916989005128,898.1510925292006,-99.2328590544922,541.7589627091401,711.3994973251292,-99.03806760904547,589.139849023186,422.70768022096524,-115.18114338611738,455.2763866902178,387.30576654584826,-68.4297044610213,297.28206355899283,189.80721791906987,3.8891122451085223,237.8589569174542,204.66896359960555,-62.683420790625846,457.1128560643102,61.24212866420448,249.95502141584802,595.476271705511,681.0926284389956,196.35683750935735,612.3152991922537,413.0691434256585,228.09979974100273,562.7474536133235,314.17433405233703,145.66114356067644,517.7977923722812,66.56360195977116,91.39221261111174,453.36994191397775,40.74056275667433,113.61095045897302,715.3607909108365,55.68488236692994
independent_20260430_173541,trial_001,subject_001,1777541744.9575434,1777541744.9575434,264536.5672226,1040098,001,0,0,1,34.81508216594015,634.3558848786298,861.9252469557623,121.54065895455219,648.2476140533576,858.8698364877152,92.08826235393386,409.91739581143287,897.9319573206689,143.93834509874478,422.6335610700033,898.5340437972364,-98.89553836446836,542.4750529604661,712.6153792850531,-98.35251228944792,592.7185484937801,424.3440357694902,-114.15103846246124,459.2967792604479,387.27972603693297,-68.99791022511538,304.5948548991748,186.88728180108427,3.7165732587360942,245.06259592379203,198.92527081103944,-64.22174328740576,468.1707409050558,62.38255362721262,250.4846197703626,593.0956578596108,680.8954680561308,196.88118803652864,608.9066858026055,412.90101216990223,228.29541291086036,558.9128401419287,314.09350917653086,145.46907446959014,513.4474946748018,66.59295592300957,91.22236491357128,449.04555231858075,40.83656275112038,113.41110128418833,711.0606303535601,55.637319685935836
independent_20260430_173541,trial_001,subject_001,1777541744.9675472,1777541744.9675472,264536.5770604,1040099,001,0,0,1,35.70294598049852,633.3198812651992,862.7397952238695,122.37639338445766,646.9788077336793,859.1061722130956,92.69116314565098,408.74986533786756,898.5143683894026,144.44940204141207,421.300071868058,898.7925610675348,-98.61632854115157,543.0159469518258,713.8183392420538,-97.73600739311816,596.2175706746459,426.00418048097345,-113.06150978253154,463.3251701216532,386.6559274317664,-68.93634397733993,313.45027071700594,182.83386139613623,3.3468771808873314,252.75900167574724,192.19341493533182,-66.15600979939543,480.1298209646694,63.35463672578191,250.97408551106176,590.6443803212327,680.6851291234885,197.27868868420856,605.34276759497,412.6649497408278,228.42422006387704,555.0406013517966,314.0631158039359,145.40246818072623,509.11409373336306,66.6694006437775,91.32435303798657,444.210964696727,41.15224684412647,113.25509078516544,706.7501535782272,55.64178523422027
independent_20260430_173541,trial_001,subject_001,1777541744.9775474,1777541744.9775474,264536.5872912,1040100,001,0,0,1,36.54900283601591,632.2717108174045,863.4407713779868,123.19499855005316,645.6213617605645,859.3286954661784,93.09030375800202,407.5280790007006,898.8989207074405,144.86220430745132,420.0429545844331,899.136503892649,-98.29952549288116,543.4842644548402,714.9685194629052,-97.18511198326105,599.5728958720747,427.612354661451,-112.26792035923452,467.2681183401549,385.8445708045257,-69.55160786624711,322.44832199668855,178.47521141387878,3.122934572814689,261.36158587063454,184.66364663949068,-68.11687137444292,492.4799012205123,63.985463830646054,251.46782072749286,588.1317266139307,680.4946848219514,197.67321733320978,601.7843627076087,412.471726114709,228.65234932041733,551.1591874618318,314.0313150575963,145.35671129803103,504.7603442729744,66.7290466759708,90.64075992134939,440.33662968237945,41.06150350106315,113.13207543556547,702.3443326423857,55.55603797340125
independent_20260430_173541,trial_001,subject_001,1777541744.9875512,1777541744.9875512,264536.5970552,1040101,001,0,0,1,37.30425116970184,631.1592158475107,864.0453286569723,123.93121727358972,644.2188482647804,859.4959322734879,93.48045731871107,406.2316935717398,899.2361688912237,145.5506184546852,418.80147975529746,899.6800861196753,-98.03309012116272,543.6742861046481,716.1377392500987,-96.50687478252641,602.484727547471,429.20515936102584,-111.56559399147397,471.0574243539748,384.42421884396606,-69.66473024134837,331.49359297515105,173.07417897435863,2.8262189374829134,270.6036223214494,176.33521732145576,-70.38908360743459,505.3716843151306,64.29005543225595,251.96421747007392,585.5567428390274,680.3461830977116,198.10998211307597,598.2864104827426,412.3748309510598,228.7596632584032,547.2176462743146,314.06321372378613,144.87876965910291,500.544375828722,66.55976586258433,90.6699804670327,436.0212552699539,41.097589702683415,112.92198608757641,698.0350942632051,55.60884664944567
independent_20260430_173541,trial_001,subject_001,1777541744.9975567,1777541744.9975567,264536.6073728,1040102,001,0,0,1,38.03316596168751,629.9505479559227,864.5492179337208,124.64803196596178,642.7547445744086,859.643268798623,93.76575873073952,404.95742394449474,899.7549395672374,145.99499964981666,417.3986395193314,900.1122149547388,-97.78372155239614,543.8188695213278,717.2681517273198,-95.862120033534,605.2766096110976,430.75252172095963,-111.23312034631066,474.9245089292815,382.83133774589663,-69.91972843008425,341.0220145409639,167.00411683178626,2.7134032673925503,280.62024154378076,167.65844731525672,-73.12733590183265,518.9840265751147,64.38840198107859,252.36832745043307,582.8946527789191,680.1769534854739,198.49202752334128,594.5895060098834,412.22717325622074,228.9049431339239,543.2125332630296,313.9803366027164,144.76681251947375,496.16926963129555,66.64129367513551,92.13434805159703,430.723100246162,42.558895872390835,112.78367381251684,693.6073668608178,55.52139675135766
independent_20260430_173541,trial_001,subject_001,1777541745.0078204,1777541745.0078204,264536.6172598,1040103,001,0,0,1,38.74092770918948,628.7050255131575,864.9966295872174,125.30381389637013,641.2699588558788,859.6654806588448,94.16124594086389,403.606323677609,900.2240505088364,146.3904711118786,415.94096491583167,900.4386286561585,-97.57176817000818,543.8661988542791,718.3688293114249,-95.20449736146928,607.8268801035215,432.2181524503318,-111.00451534690326,479.0019954842936,380.26422473710005,-70.54041803125145,351.2336382375718,160.51968696994092,2.779300843934628,291.3315497349516,158.76804775948938,-75.82403692162242,532.5662900442609,63.98542931210225,252.7706760268227,580.264055026555,679.9759521157894,198.94421876219909,590.9198548676279,412.0708565391257,228.9598684087642,539.2136719058184,313.9732252739775,144.1090289208382,491.8958838209937,66.09306349886067,91.86458453926436,426.3876945495262,42.66655464571934,112.62944597950589,689.2991498749436,55.56724226935171
independent_20260430_173541,trial_001,subject_001,1777541745.017845,1777541745.017845,264536.6272571,1040104,001,0,0,1,39.43596271446586,627.4087638314134,865.3007864892004,125.98634470059501,639.6940901194483,859.6523825256296,94.48684387476284,402.1546419473355,900.5276333573595,146.5824964244435,414.5164799847318,900.7570728956116,-97.40376225365894,543.814569404725,719.3795900965912,-94.61693653614078,610.2636895624204,433.5388698610982,-111.1183299466766,483.13583169405666,377.5079026066597,-71.31576617082463,362.30810421231024,153.9269157241273,2.4873071934064286,302.81671313131244,149.32759371147904,-78.43185491396487,546.4296813467312,63.46631783923793,253.18660891500033,577.6236083912235,679.7660801197585,199.21746184208783,587.2173720263971,411.9451624181983,229.13431645409105,535.1921105513151,313.8860401160865,143.85355423256607,487.54458466089915,66.09587886268369,90.67943116803936,421.9799063331015,41.86080395761971,112.42908394620706,684.913465923493,55.514894861108615
independent_20260430_173541,trial_001,subject_001,1777541745.028536,1777541745.028536,264536.6373978,1040105,001,0,0,1,40.0956961560802,626.1449550569138,865.5784446546018,126.6163150335492,638.1122163936436,859.5746341601056,94.60036407508947,400.7809071851684,901.0242329331951,146.80817946179005,413.0026716045473,901.012924537833,-97.27758542723606,543.6792669930381,720.2775321006285,-93.88583669187253,612.4573052912006,434.6924488740174,-111.36808896943165,487.3716341968106,374.6939797803101,-72.15963718004419,373.56130723691365,147.1087985063713,2.2130091944139285,314.61075621897584,140.41539881340213,-80.95207802652607,560.7971966119062,63.02749512623736,253.49299361860412,574.9574485866614,679.5546127872648,199.52784249379494,583.4907573613907,411.69363780355934,229.1952936435913,531.2210012230504,313.8593818904151,143.66578934721812,483.19900028830216,66.11632783557052,90.77468400217404,418.1112335337134,42.525551200938594,112.29330366829683,680.5877387181687,55.557414843070156
independent_20260430_173541,trial_001,subject_001,1777541745.0385478,1777541745.0385478,264536.6479565,1040106,001,0,0,1,40.695751902911034,624.6381136396121,865.7414129090323,127.20778384060424,636.4965544332225,859.4027670090496,94.90751454948347,399.32452717590877,901.516592349443,147.26324251693885,411.4260642285137,901.4990380936921,-97.13823759789875,543.3871322258369,721.1635330434808,-93.25647315039218,614.4691104093554,435.72473623324476,-111.65216574658278,491.7528896762753,371.7945681643886,-73.0651040703354,385.210992378533,140.29280411173534,1.4638136454109558,327.0546856562185,131.3418657729084,-82.90912587732002,574.9268879296311,61.946360649174984,253.77709351665183,572.3190510115588,679.4067145454048,199.85859608018575,579.8548939922102,411.5247246187717,229.31572008907125,527.2251591986387,313.71912347346785,144.0059143122798,478.7272719024223,66.63374345814314,89.58190120514546,414.1659837394724,41.25002835749459,112.10248123963153,676.2260394125465,55.4702317892279
independent_20260430_173541,trial_001,subject_001,1777541745.047548,1777541745.047548,264536.6571086,1040107,001,0,0,1,41.29646365669447,623.2053726058164,865.8394401082834,127.78325121573583,634.8186450563479,859.1934271593376,95.14084174048236,397.7693726484133,901.8271034121832,147.40440739284782,409.85340687957114,901.7529096408515,-96.98606829952523,542.8339346792046,722.0138955698528,-92.64732272404667,616.4006379695854,436.839109520778,-111.80702160911223,495.9879661223666,368.86940972765666,-74.14806401209617,397.45302530627663,133.4736690880029,0.04234156937760025,339.85956428425715,122.39585568643847,-84.47242498219764,589.5134329504418,61.00318963118627,254.0551347886225,569.6660850459408,679.1147452950898,200.07238579813438,576.0961539711882,411.2198400316069,229.45865399816878,523.3457588471875,313.61851129992647,143.74201330936586,474.35229401408264,66.55621118146242,89.70053585457485,409.25132074018325,41.78775613931906,111.90311321292168,671.8740933292897,55.51884371198153
independent_20260430_173541,trial_001,subject_001,1777541745.0595481,1777541745.0595481,264536.6697013,1040108,001,0,0,1,41.86669795222125,621.8570948581701,865.8347705291715,128.29791081449687,633.1165146950962,858.9289730071932,95.35182038242012,396.2619219393324,902.2296237205428,147.50324317436903,408.2364556332149,902.0075894432086,-97.02274327860698,542.3523610006084,722.7514055035249,-92.26316480221281,617.9712389106013,437.983493848784,-111.91691657736581,500.326849112295,365.9931592234887,-75.50795956358483,410.26636456778584,127.07816202902373,-1.0423915987304713,352.8402166128554,114.25997101161754,-85.64915117549937,604.4948355392293,60.355030828548635,254.3207423228034,567.1019192230328,678.8858129013678,200.3821415194779,572.6043690996291,410.99726104719736,229.45792396465885,519.4802697520562,313.47773717208645,143.5319133812747,469.90233869332064,66.4082215047394,89.32333191527707,405.9669290491846,41.05710536748822,111.79562284843023,667.4995610641735,55.472026548284255
independent_20260430_173541,trial_001,subject_001,1777541745.0675864,1777541745.0675864,264536.6772992,1040109,001,0,0,1,42.37214425061396,620.2277624207384,865.8092544863518,128.80276002142222,631.4014199509845,858.651968667365,95.45664828142529,394.7048860032828,902.6389003265085,147.60237248148877,406.60117815404027,902.2413242477456,-97.03655850269404,541.6917495584511,723.4296154011997,-91.95135313556791,619.4188312532402,439.1569215037984,-112.09685762525268,504.60701739461865,363.079621861769,-76.65858083522579,423.2966702599239,120.63709944277743,-2.7008800109689703,366.0412184474282,106.18538976976986,-86.27592006820672,619.5590976429073,60.11514965952665,254.55351290756357,564.5381842773492,678.6560034091798,200.56430468811266,569.0498129211323,410.7460912041146,229.52057357131318,515.6190255686727,313.32165629739296,143.45845919544743,465.5763364678745,66.50626127236205,89.14645976751483,401.573624038373,41.1819566067963,111.58287854524812,663.1781123910234,55.49445654678351
independent_20260430_173541,trial_001,subject_001,1777541745.078588,1777541745.078588,264536.6875112,1040110,001,0,0,1,42.87514082821969,618.7141773539939,865.7541020776166,129.28461511207686,629.5906125619899,858.3454137927537,95.57884443465808,393.1160581622984,902.9598964151057,147.62060537916426,404.9150245193995,902.4119325942829,-97.10942947213563,541.1383209517445,724.0170642453021,-91.66134583155076,620.8446729620584,440.1780252189238,-112.54637720507709,509.0904953883857,360.2425803443527,-78.25176854072429,436.85713248028094,115.10281289521852,-4.272885105536079,379.53172447180384,98.54487575675628,-86.52078631481521,634.7323534268642,60.450274040252836,254.75383698143312,561.9331323967906,678.4247662035281,200.70057003059128,565.5530929486166,410.4066608202498,229.49535871793168,511.85935464827276,313.2537621554186,143.30693337950618,461.1983475761847,66.50000292337492,89.71853628774693,396.3045966265996,42.16650789398195,111.47799142766424,658.8081099560796,55.41161392638731
independent_20260430_173541,trial_001,subject_001,1777541745.08759,1777541745.08759,264536.6973681,1040111,001,0,0,1,43.35369889211849,617.1904564360315,865.6823759547807,129.76716156142973,627.7651458672603,858.0391966391944,95.62868985884961,391.48637442491344,903.1599311956837,147.7337700074307,403.1508655507152,902.5918409169069,-97.26233272583339,540.3128758004831,724.5330527276135,-91.33224535169721,622.2276143456567,441.1227021024988,-113.05432916463792,513.6509329514344,357.39866198991336,-79.25777398527612,450.0149571145034,109.44148811613725,-5.481778101230399,392.7206348748128,91.96500314280215,-86.5759268309417,649.917080682604,61.29829382296537,254.9542587226853,559.4240323810325,678.2180507431124,200.88541733314977,562.3225309051253,410.2290878775621,229.53944983947682,508.1027200883004,313.1144537967559,142.6446092280138,456.94412381168956,66.00293333507523,89.20317222174626,392.33159654752984,42.24170063448479,111.29379599615947,654.5557745997487,55.41304947040889
independent_20260430_173541,trial_001,subject_001,1777541745.1012533,1777541745.1012533,264536.710721,1040112,001,0,0,1,43.82227013900957,615.6674763720262,865.5948007479999,130.22521713236895,625.9193611308596,857.7642555691275,95.60114241146972,389.84521773859433,903.3952235519729,147.70431363955987,401.3959190408826,902.7202595633356,-97.25945975684375,539.356623006026,725.0010990410852,-91.18537522825459,623.6751110580254,441.9052871873512,-114.00753772461532,518.5179412293646,354.9858707216555,-80.18450958117947,463.54346570865033,104.53533803591999,-7.046920620521229,406.68014088602513,85.13449450499103,-86.21447269299705,664.9255575748015,62.33398234452017,255.14928849608253,556.9004106549808,678.0055408958979,201.04767017523133,559.0137086734437,409.95428461021316,229.49715465830602,504.4222620243661,313.0650592557618,142.5341611171834,452.5842223148737,66.12902169200204,89.03530846769932,388.0069852196292,42.00613392758463,111.10186146457433,650.136165280492,55.28684948172235
independent_20260430_173541,trial_001,subject_001,1777541745.1072748,1777541745.1072748,264536.7170521,1040113,001,0,0,1,44.259658323987445,614.0516800935293,865.490036513293,130.64555863214858,624.1362303439936,857.50685655595,95.47045955517696,388.22182206222124,903.4981883149422,147.68571726060827,399.62701478361146,902.8514770325496,-97.43286913188612,538.4071661019997,725.4364957177828,-90.95461540556208,624.8733553842266,442.84864475596777,-114.76748977663283,523.4423720370246,352.39347523996526,-81.26357446290818,477.14953650921575,100.03923428966534,-8.100824766755553,420.4213606460205,79.43740277767833,-85.4469657056092,679.9719706416581,63.64674580636889,255.28960564581905,554.392667331711,677.7956755457024,201.11096506517134,555.6561084806731,409.70227514233676,229.3757741257508,500.7361023317188,312.9999175756535,142.37144852160165,448.2487833821993,66.14248842747396,88.48938509209003,384.1571109429455,41.55683298434473,110.8766708232072,645.9980544538871,55.34693967248435
independent_20260430_173541,trial_001,subject_001,1777541745.1182866,1777541745.1182866,264536.7273646,1040114,001,0,0,1,44.70465214717844,612.568492429915,865.409203194645,131.0843585160204,622.3817247787036,857.2801797290813,94.8268952640873,386.3715744795796,903.4992469375989,147.56540658523892,397.8816048728982,902.9094057770751,-97.66033896163147,537.420339316867,725.866517619078,-90.9180357005433,626.1546240712892,443.80050934716996,-115.42025163486751,528.3422480457374,349.8697823336666,-82.09688713150071,491.06250238818006,96.44051738305936,-9.708470025241422,433.4581099627754,74.70446067695612,-84.55813713082827,694.3496453774256,65.23224539599366,255.41712069287968,551.8507504415359,677.5773277841984,201.17308733354307,552.3511719454427,409.5190157373871,229.40467823636226,497.072329946718,312.93350575477774,142.6149611554932,443.73239036942823,66.57531426315389,88.56561625265235,379.2618562929125,42.12086572059608,110.70002547953543,641.5829277203685,55.24352471079919
independent_20260430_173541,trial_001,subject_001,1777541745.1277976,1777541745.1277976,264536.7375309,1040115,001,0,0,1,45.08859256857901,611.1368419484437,865.319264351368,131.44969105728163,620.6402951940524,857.0605668384322,94.63969345972453,384.8180560131567,903.5910037918043,147.41669962617613,396.15339990129706,903.0040234886532,-97.82142174934442,536.2857753103622,726.2112524340869,-90.7335207651607,627.3455911922665,444.7265292386245,-116.26250039408542,533.3351236530826,347.7943230267132,-82.85806193096037,504.38258742480684,93.06832179046636,-9.987987095872215,448.4904297213161,69.25065800202489,-83.37339982611904,708.7193658741852,67.23311077246504,255.47590855857882,549.3406835627867,677.395627383264,201.26835120975923,549.0114479965475,409.3320532204047,229.24879160807805,493.3569566320341,312.9278073523326,142.42974142404987,439.3020330846907,66.5828014131229,88.38331195642745,374.95840763199703,42.19259684272197,110.48807692770825,637.2829457107138,55.258797775515504
independent_20260430_173541,trial_001,subject_001,1777541745.1375504,1777541745.1375504,264536.747093,1040116,001,0,0,1,45.43674686440957,609.6632171430921,865.2512409509765,131.80732794827642,618.9011630853015,856.8708228520402,94.47540015521744,383.1622481971689,903.6930807864668,147.29818016841506,394.4520034915164,903.0667887423423,-98.11144650179234,535.2136472185782,726.6058248054596,-90.66394717697663,628.4390413737243,445.6204866017029,-116.91256704622222,538.1726416948019,345.87417880227474,-83.2024237689274,517.6525794617538,90.28350556047819,-11.108724964308639,461.7480942477602,65.09843417375092,-82.01033474263163,722.7073443646922,69.45907968943108,255.53199467013937,546.8751916963698,677.1628509586873,201.14179326786626,545.4899748339142,409.09193068578,229.20036338718702,489.6444304535146,312.8860946039396,142.17585781980043,434.9360315063153,66.5509891095205,87.93101996094309,371.0794526592483,41.88439940430719,110.36985144361488,632.9427447812503,55.18273838941279
independent_20260430_173541,trial_001,subject_001,1777541745.1501522,1777541745.1501522,264536.7590105,1040117,001,0,0,1,45.70927030865039,608.1082354414895,865.1525026807783,132.0911620216258,617.1560284617517,856.6839368806504,94.45395820463342,381.46447566963735,903.8220223541284,147.079218095122,392.7915348638611,903.1599163172633,-98.40886009547044,534.1079591763892,726.9514023446792,-90.37685488628442,629.236854291008,446.59460367198875,-117.58775923451086,542.8748970357831,344.1692395443835,-83.59462590217397,530.6914557548326,87.93064673542301,-12.131644122501278,475.1724742581278,61.4168506426573,-80.47820517643301,736.5032668219819,72.19890839131197,255.50978859843718,544.362552436259,676.9578403527061,201.21793691969177,542.1332595772247,408.9343482683842,229.1513682926584,485.91775835530393,312.8974753492348,142.03073938379723,430.4645549403561,66.58509474566011,88.00950246353898,366.25186630846866,42.29250028320753,110.17395470423239,628.5767131172207,55.182607923171695
independent_20260430_173541,trial_001,subject_001,1777541745.1581087,1777541745.1581087,264536.767121,1040118,001,0,0,1,45.93131445309556,606.6722009759853,865.1010991375563,132.31108912608892,615.5068251991489,856.5095767506759,94.18377650164192,379.975507464128,903.8509218486569,146.95230066680435,391.1280976854175,903.2364453486886,-98.73012748196444,532.9565681191692,727.3591210161434,-90.15396751336881,630.0304230337501,447.6134783244467,-118.2212674163872,547.4046062764216,342.6192484781967,-84.42106201878471,543.9357230513967,86.36438403652105,-13.320405367587394,488.1002551060309,58.181925503839835,-78.96301939507617,749.8341732755075,75.23916664981445,255.49100446161043,541.8553943283371,676.7814455916453,201.13078562721503,538.605856950916,408.74362520724924,229.07090098409537,482.1015137720447,312.8453448945982,142.32644958831884,425.8451580381731,66.92940053046871,87.48626782454201,362.3363538776819,41.98387850515982,109.89139117072538,624.404361381726,55.14690128469784
independent_20260430_173541,trial_001,subject_001,1777541745.1676307,1777541745.1676307,264536.7772657,1040119,001,0,0,1,46.08690762222764,605.1447471151193,864.9965502006575,132.4716544773457,613.7720014362332,856.2997014914512,93.81664813269782,378.4886987457202,903.9848387571699,146.72632590979737,389.50630937855266,903.2764356258506,-98.93389998463753,531.7569341084873,727.6424363404291,-89.75824269075714,630.7115396963197,448.6408212297904,-118.98937908644176,551.9785554953598,341.5109934577441,-84.77134552330661,556.5072241295219,84.68161379099372,-14.486542209931999,501.0588684422728,55.43003840331045,-77.4939332317828,762.9183579344868,78.91656955476861,255.4538983495934,539.3257422819179,676.5696792306738,201.22685426458958,535.0995297625346,408.56620572843343,228.86776594046452,478.2985870009297,312.8760075413128,140.9960980615609,422.42260109194274,66.35082099486677,87.31998504309601,357.9644995686398,42.05479668713939,109.83621827955663,619.7955631189091,55.18748239212917
independent_20260430_173541,trial_001,subject_001,1777541745.178197,1777541745.178197,264536.787294,1040120,001,0,0,1,46.183251175934416,603.701486943866,864.9255613997583,132.61973366091738,612.1372599615119,856.0916651403387,93.59710432467189,376.9745883884277,904.0300535730363,146.64461900303448,387.8655480797827,903.3651145013214,-99.22591466885478,530.7769220596211,728.0070111557378,-89.5530856029517,631.0819334152918,449.567396755804,-119.43837926660024,556.232436829321,340.39054408253713,-85.39050290770159,569.2753006264485,83.97524553209936,-15.444217272290848,513.7807944627364,53.00291040298307,-76.07533432671657,775.5029074447704,83.23073981871316,255.3333340851399,536.7732105113798,676.3776860827678,201.2017751134168,531.5659328995704,408.438816219128,228.74817862135302,474.38079823012396,312.82520847671395,141.5482830192254,417.847188023498,67.02606698378159,87.35828831097672,353.16855873896526,42.36832380961404,109.63164902574265,615.4076359532262,55.17911757079882
independent_20260430_173541,trial_001,subject_001,1777541745.1881952,1777541745.1881952,264536.7970833,1040121,001,0,0,1,46.30278347548635,602.3668894657774,864.8571932731412,132.73564738137668,610.5155424213082,855.8728370709583,93.33824810450817,375.4040029029791,904.0191534034798,146.20819729045326,386.3633837396927,903.4544897668529,-99.53230113009762,529.783430662573,728.2419968787907,-89.30390290822069,631.627466720302,450.45945910007896,-119.62478820013793,560.294765387911,339.1923536234332,-85.81471144435254,581.4617724877958,83.5046595386445,-16.91571862787084,526.1325629477944,51.189532042659,-74.64683183452232,787.6255411150375,87.9756440329953,255.24481822452015,534.2118331343157,676.1905504729214,201.18246471327984,527.9114378880596,408.23707306058,228.6351456461773,470.59697094827,312.90680646608064,140.57851575892897,413.70063364436237,66.41518644552053,86.93121735064906,349.19681897496724,42.17028415929049,109.40492028072872,610.9842381344004,55.07700633109813
independent_20260430_173541,trial_001,subject_001,1777541745.1981995,1777541745.1981995,264536.8073169,1040122,001,0,0,1,46.403828421472355,601.0666532373147,864.8095663111385,132.84941243036755,608.9683347345635,855.6706463774456,92.74478644429618,374.06668711211154,904.030377678409,145.78314072714477,384.8109779937786,903.3675838015214,-99.73727473850921,528.6598927226047,728.4431250134942,-88.9063322724042,632.0951318134828,451.46580509379385,-120.03426199996514,564.4066771123074,338.6016985430373,-86.22370029009541,593.0109170847101,83.13173981703565,-17.21881759223551,538.6499882775433,49.466505809249945,-73.13963580181624,799.2851084971417,92.98660760096158,255.12512077577196,531.6649766237412,676.0203553641314,201.0647908952853,524.3711882469612,408.1280451961211,228.49904721790114,466.735560282494,312.8871903847389,140.2831915270796,409.329551893937,66.46582149945031,86.68658699259454,344.87041038170184,42.3053832407525,109.27006723460832,606.7417878555331,55.18445146128108
independent_20260430_173541,trial_001,subject_001,1777541745.2083073,1777541745.2083073,264536.8171671,1040123,001,0,0,1,46.548766036945935,599.8488193760033,864.741004597273,132.99586921505784,607.4652622392553,855.5044735457767,92.53130338451875,372.6575503472911,904.1066537002947,145.45976078254367,383.2423711784964,903.2974646847208,-99.98408371857457,527.6747892912958,728.5755257025817,-88.58070702098411,632.5414015150664,452.4122899138462,-120.24111763879043,568.0776124519398,337.960708729775,-86.44180776405342,604.8456690028901,83.4448712625277,-18.005408708440278,550.2890990350426,48.22366781230402,-71.59697998521742,810.4699265998478,98.3427928406336,254.9687080288037,529.1018114736677,675.8527965895146,200.9433655734654,520.7937167732396,408.0678291371436,228.21428638549463,462.90947809477626,312.9395308451412,140.7999913570642,404.7764663064158,67.19743025061435,86.41631696609096,340.50811478564054,42.328766980825606,109.09098568722465,602.2725175393142,55.110085359732395
independent_20260430_173541,trial_001,subject_001,1777541745.2178514,1777541745.2178514,264536.8272312,1040124,001,0,0,1,46.68692506518111,598.6586201193062,864.6536809010934,133.15274528273528,605.9971538529845,855.3383391034059,91.87841853747095,371.3929661924984,903.9911801156363,144.89014742146364,381.7904671550526,903.2896048054173,-100.32988601735428,526.6661678843452,728.6878704435633,-88.31406392724854,632.7662627346489,453.3832894460957,-120.49399453235685,571.9087349562195,337.39933706349393,-86.57070741003908,615.5937819080862,83.66404785575337,-18.731312642024747,561.8180212272839,47.38843037362216,-69.9675995629977,820.9831711819464,103.84338316678145,254.82519012276404,526.607587435331,675.6501716935519,200.84593625596366,517.2194475662103,407.92744147688165,227.97964969220774,459.02028261563567,312.9900782126389,140.60570215563828,400.3723584074031,67.25256355910932,86.19926534275717,336.0742250330225,42.46270516673203,108.81478334006653,597.9639524580582,55.19344041100096
independent_20260430_173541,trial_001,subject_001,1777541745.2283716,1777541745.2283716,264536.8375126,1040125,001,0,0,1,46.85776268204435,597.5459256836118,864.5798520354425,133.35346317765047,604.542957962135,855.1603965827201,91.49112803701618,370.04511674602026,903.9539151545594,144.34549330203046,380.33305954791194,903.2568273769608,-100.68175248179365,525.6702299679331,728.7582925949991,-88.25512093387813,633.2624163928912,454.1914832731272,-120.5543620896991,575.2723077354909,336.85387757044896,-86.65868910362764,626.4569103474431,84.69865581322759,-19.216250230752614,572.8273221115165,46.728143560862804,-68.33654560424709,830.9099429524113,109.53061351971283,254.6160232341051,524.151694633946,675.4877086645496,200.68458454916106,513.641817833376,407.8062639808224,227.79522525422138,455.21852485013966,313.08935420595225,139.6019277108354,396.2303102257916,66.6461515544266,86.02410284691719,331.65718257536497,42.60291084283617,108.66183721699937,593.5882406336158,55.21777722164075
independent_20260430_173541,trial_001,subject_001,1777541745.2401197,1777541745.2401197,264536.848984,1040126,001,0,0,1,47.05139448759726,596.5231280153021,864.4642782622418,133.5396110133191,603.1355186985602,854.9642024097466,90.78529082630892,368.7483164022559,903.9399161058248,143.90410984373213,378.873532358928,903.2552002306899,-101.13794271343673,524.638958101349,728.7510736779562,-88.07531108007107,633.5767164087702,454.99384311267215,-120.82259528572246,578.5946433073607,336.4661792542043,-86.55784035257462,636.4360516599987,85.5859007553866,-19.933051279767323,582.8970959775081,46.61344321355605,-66.70544301824476,840.203973186516,115.2706947960838,254.45012653762208,521.7127819902051,675.2962902976462,200.56836999885277,510.18224716557415,407.71019112328526,227.5380482439349,451.439359902336,313.1268791977581,140.1551671245434,391.6469799955976,67.39660437932439,85.73475128458105,327.28040903186013,42.71401294409871,108.50677336764487,589.1241290982784,55.200412243189355
independent_20260430_173541,trial_001,subject_001,1777541745.2478776,1777541745.2478776,264536.8571101,1040127,001,0,0,1,47.217994584854615,595.4530661350001,864.3416464003006,133.76464031129535,601.6869873904012,854.755219149255,89.97873104208337,367.6136434324212,903.9107337613481,143.369036382228,377.4511986794256,903.217878355694,-101.6003884643454,523.9152860087378,728.7617935968026,-87.86932205275718,634.2188001913102,455.7775434466023,-120.85070522024915,581.9329122986841,336.22397112393145,-86.36650837981301,645.872931076394,86.6498264223422,-20.22852540449615,592.8470686172154,46.642466293607484,-64.99615019250885,848.8691670506834,120.74653869659473,254.29710097939522,519.3384830841183,675.0955354748446,200.401193314016,506.67658052495733,407.51734539987257,227.39165275557139,447.68118241005004,313.18936824272294,139.96616505223204,387.2748918021628,67.41103492807244,85.45863671599594,322.83060450261775,42.73669963217,108.31026746754833,584.7187293919366,55.23771095533828
independent_20260430_173541,trial_001,subject_001,1777541745.2578785,1777541745.2578785,264536.8675212,1040128,001,0,0,1,47.383438699293315,594.4413069866923,864.1681014919064,133.9451716375087,600.3378592896062,854.5351081675348,89.28327237410646,366.34987292650914,903.7368047721342,142.54333569310137,376.09232529613666,903.0311081088053,-102.10119045865495,523.03915455709,728.6666234644314,-87.7772913242849,633.8348159705079,456.33379564179626,-120.87945421103618,584.7309917451748,335.86100997196485,-86.20912421505363,654.7500368316258,87.86381992002119,-20.296248867038774,602.0705844448396,46.939597997904926,-63.548024705998884,856.9449805363918,126.02706487083209,254.08872417871467,516.9819876397817,674.9096263458963,200.27052034818115,503.31291255497285,407.3752844479073,227.15409120444164,443.9694612897803,313.27176920472573,139.67165589815943,382.86628375914694,67.4913856892257,85.2825556191626,318.4410257160478,42.94018757079657,108.13549042734559,580.2762521541305,55.247799641606605
independent_20260430_173541,trial_001,subject_001,1777541745.2683873,1777541745.2683873,264536.8773757,1040129,001,0,0,1,47.524282163346896,593.4403907288571,863.956309114802,134.0731058830838,598.9978870414166,854.2660028898543,88.67711968269134,365.18436565965385,903.4777487562028,141.80033210988057,374.7401649601596,902.7688656065277,-102.55947031632478,522.2490877857674,728.586462432784,-87.58332769745398,634.5453190339662,457.09309248741187,-120.82292898260958,587.6830789991222,335.6890058937499,-85.85848503046157,663.0368997818248,89.20650507506092,-20.236323743146027,610.7754761501363,47.42162071367929,-62.060075623308286,864.2995093551208,130.93890260568884,253.85736990607646,514.6616157437751,674.699108564783,200.12878924600238,499.9560574942406,407.25401176900544,226.86635651025034,440.16333759828274,313.2969191130369,139.4198931042964,378.5103508648514,67.6666094312751,85.1218114353396,314.0237478347943,42.938860871233594,108.07440107729087,575.9312268609959,55.32864670482119
independent_20260430_173541,trial_001,subject_001,1777541745.2783883,1777541745.2783883,264536.8872672,1040130,001,0,0,1,47.61309778983777,592.6274796947375,863.6848049144643,134.1648099361529,597.7113447748399,853.9785464978752,87.98630811938297,364.0683368507887,903.3740261929183,141.1823826939194,373.4127515966348,902.6902852670574,-103.23293913917426,521.7910923367236,728.4273876411834,-87.55871524214605,635.1145414356835,457.7129419174925,-120.8039717277688,590.7015133973531,335.6221544921813,-85.44458619822849,670.6731258433845,90.52148950843397,-20.110972772016307,618.798557272089,47.79423206278009,-60.69504976302159,871.1451387256268,135.66932455335495,253.606908040568,512.3993854380303,674.4968105083934,199.95892036929578,496.5306330573823,407.042873098052,226.57632299465743,436.43225824341687,313.3603086611159,138.43645864438457,374.3023564497109,66.960390138757,84.8497709652983,309.5777818398668,43.06199972679953,107.93895399880557,571.413973063959,55.17944815362296
independent_20260430_173541,trial_001,subject_001,1777541745.2917132,1777541745.2917132,264536.9006212,1040131,001,0,0,1,47.67526846563938,591.672834507956,863.424024350449,134.24154280491086,596.4345541297295,853.6619421147867,87.0142225009462,363.0078540901754,903.0716617983916,140.26878186125887,372.18682819314535,902.428343536157,-103.70969651545255,521.1867551110192,728.3510189312192,-87.27970927944595,635.7124470064363,458.30006118920255,-120.4854155196195,593.2127041185497,335.427264923518,-84.9315878518156,677.6292000748347,91.76332681075534,-19.659198302474255,626.2249698863145,48.41533386006053,-59.359684356484955,877.3405138300637,139.9636635059179,253.33128172393182,510.19720606320686,674.2802802811867,199.77470819890084,493.13115818614693,406.86100868243926,226.31905131168642,432.6847686736748,313.39193261612996,138.95832971112836,369.6957540428053,67.67011628698037,84.71734979538203,305.1953209357927,43.151940187718566,107.75917277488182,567.0370863396593,55.19592522016519
independent_20260430_173541,trial_001,subject_001,1777541745.297724,1777541745.297724,264536.9072661,1040132,001,0,0,1,47.67388869991578,590.7420814683634,863.1070698072218,134.26605615624487,595.1966064097088,853.3181141382349,86.13029308602587,361.9489483456892,902.7370099816343,139.48823409694106,370.8812409914303,902.0462614934537,-104.2232392694135,520.849767478201,728.0997663886105,-87.15059179630012,636.2757010190495,458.71536277114467,-120.2839982695785,595.6949610974276,335.2349533510801,-84.33480330628406,683.9329925135089,92.99879575723774,-19.159808711907026,632.9311610494013,48.96156401583774,-58.213351181235026,882.8892429077086,143.91127074129727,252.99872816596263,508.0058322752061,674.0224765522854,199.61360773045146,489.9017005148864,406.7262353656316,226.06220265497623,429.01178151186076,313.45237143284794,138.56602960225854,365.24929177768286,67.71529967293624,84.53254161213664,300.6930336583571,43.346956615192944,107.48402715410145,562.6108949592059,55.181057193559035
independent_20260430_173541,trial_001,subject_001,1777541745.3081949,1777541745.3081949,264536.9173643,1040133,001,0,0,1,47.648864951064326,589.8235135475279,862.7650633002065,134.25028429978835,594.0053191878866,852.9675670157247,85.2906587148339,360.96533374893244,902.4987503904558,138.49519418515706,369.75576107525603,901.8098261967482,-104.6492910959884,520.6147379075811,727.8410020975113,-86.90890090500673,636.9077132270592,459.0457636215478,-120.02709266331976,598.0595076564115,335.0344167926097,-83.39415493322375,689.4265383133289,93.99509876030172,-18.24642010015095,638.9066741951833,49.61037598974786,-57.14028821582246,887.7037817389928,147.38173109550718,252.6281326942418,505.85092468508316,673.826395147811,199.38351601583372,486.6046307863981,406.5101952856342,225.8073139033569,425.4094742993374,313.52137988733494,138.33770880335626,360.8850887490857,67.84987313251808,84.25103724948997,296.30942099893605,43.38165684111013,107.26804382663511,558.1312604254507,55.14817361106531
independent_20260430_173541,trial_001,subject_001,1777541745.31781,1777541745.31781,264536.9271568,1040134,001,0,0,1,47.569567464147525,589.0447573896813,862.3738171515876,134.17923175028724,592.8593783251758,852.601621769869,84.32127495255746,359.9518867919562,902.0274738850565,137.66124673313152,368.598137757274,901.4771044632562,-105.1023126665252,520.5346875513065,727.5442001377248,-86.6518782584762,637.4828731114973,459.2618621457188,-119.8645629620813,599.9293633289385,334.8510156377356,-82.62461629410943,694.240155471421,94.87965271684489,-17.535337634764247,644.0602659598555,49.93023304844472,-56.16733709986011,891.9524892138824,150.40247281228326,252.26843569643856,503.7822997778176,673.5732710119316,199.1246930702077,483.36456620773686,406.33504173514694,225.55726549032855,421.8404139766484,313.5427676847667,137.2241262107522,356.665445354988,67.18527513972855,84.1394335047864,291.8013053285661,43.57064544412514,107.0694027237574,553.8036068546554,55.10870476861911
independent_20260430_173541,trial_001,subject_001,1777541745.328318,1777541745.328318,264536.9374022,1040135,001,0,0,1,47.48934009972789,588.3598210489646,861.9932210047153,134.09710254333515,591.7801160105759,852.2244843229902,83.4312592337324,359.0237361096335,901.6073005262161,136.8481306697237,367.52225321581375,901.2427349166801,-105.48625716011242,520.5192818594834,727.1855310724508,-86.41699474114667,638.3499934371464,459.4661874822439,-119.38612251955799,601.786641712059,334.54021466004036,-81.67611433826484,698.4231178333404,95.66629281181369,-16.515699465165298,648.5237454125507,50.28367157651709,-55.309009173854534,895.5584094434176,152.9684734429477,251.95607994702468,501.7813327718796,673.3174157725604,198.9467327272664,480.2035330612022,406.13555457755314,225.30373002001707,418.31709332929245,313.63998503612885,137.02093379908453,352.2956254478575,67.32416988683143,83.88123720745413,287.3625466442407,43.86888752650664,106.97484590273606,549.3481413509273,55.07160542833279
independent_20260430_173541,trial_001,subject_001,1777541745.3373184,1777541745.3373184,264536.9471427,1040136,001,0,0,1,47.383752110261156,587.670145487035,861.5843668793912,134.01790007927892,590.7437720868081,851.8319450425953,82.6045080306611,358.1832358858911,901.2079326894857,135.8812447322996,366.4931301829591,900.8091519990639,-105.87676521029263,520.5410151275698,726.7187970001748,-86.18791920534414,639.1465074102321,459.6060552697429,-119.03340089373424,603.5779544484643,334.42787150982383,-80.76405437137923,701.6968306219486,96.06130761756133,-15.353759319660716,652.4674833074753,50.677911953223195,-54.56187511112411,898.4715622358448,155.0723178627809,251.61095396766237,499.84845613524664,673.0402670112044,198.6144304317064,476.9809799349939,405.91327844980583,224.9214229047424,414.7390487785266,313.65460197770125,136.69633825374456,347.92714249432777,67.42809448532476,83.59224525507362,282.9765681243315,43.76177958963339,106.83128340001282,544.8570653319161,54.98645517223676
independent_20260430_173541,trial_001,subject_001,1777541745.3502898,1777541745.3502898,264536.9592373,1040137,001,0,0,1,47.24521139766225,587.0316627480219,861.1555304214475,133.894476442202,589.7926295350019,851.3884064445173,81.64308258676141,357.4280150953613,900.697729245366,134.96709663659604,365.54057980420544,900.4576587923052,-106.17771924673342,520.6018238700541,726.2351063418142,-85.88323309850023,640.0157514589815,459.6342810003919,-118.51204486156288,605.118478976613,334.11786577856486,-79.61726981615254,704.3973685915413,96.26047109687302,-14.15920529536293,655.4114403376786,50.687494815374755,-53.84721403185422,900.7354482453086,156.5770833204928,251.1605664841709,497.90634740932455,672.7963370320185,198.43665186852854,473.8830489614081,405.75079884349316,224.56510788325915,411.16869023108177,313.69446730981616,137.31314988896727,343.44732587823194,68.28846289819538,83.42618079348729,278.63628632323207,43.908016193378096,106.52252109052937,540.5062558757878,54.96121441368409
independent_20260430_173541,trial_001,subject_001,1777541745.358335,1777541745.358335,264536.9672216,1040138,001,0,0,1,47.084967345189256,586.4611908477065,860.6766568431497,133.72859431960268,588.9238788469792,850.9584658699494,80.78143484618869,356.5889038799934,900.1693255085311,133.96663188277947,364.6502372352522,899.9688431755905,-106.45111317418608,520.5761881453989,725.7419283066274,-85.57838645653852,640.8435832383252,459.5625187261645,-117.89300448890228,606.3918451452347,333.72961162474206,-78.51827017781254,706.3365116607451,96.30224940985698,-12.944223823692646,657.5554548019314,50.60138189762337,-53.164248385064646,902.5243645445164,157.50460292341552,250.68747525305068,496.0264184736397,672.5175423535902,198.11640447480025,470.7060481960179,405.55610154929855,224.2103454981817,407.60897177595666,313.79003200067945,137.03762422964616,339.0659834523688,68.35376487506016,83.22141496919878,274.2303507845738,44.11945743296312,106.37871733039103,536.126938696899,54.97781874228666
independent_20260430_173541,trial_001,subject_001,1777541745.368339,1777541745.368339,264536.9772514,1040139,001,0,0,1,46.890403987363776,585.9533771916524,860.1952532961589,133.58165137351057,588.072681062651,850.5136270216831,79.57568373368267,356.08390942614596,899.6288081479013,133.15652570527027,363.8250651890631,899.5731023222744,-106.850456456152,520.8399658675256,725.1858670930254,-85.2622399706547,641.7121779652985,459.46605377315956,-117.27679777750646,607.4081602547475,333.27467676921736,-77.40001003123504,707.6269731770778,96.0655596051373,-11.775721686397588,659.0889901494888,50.38371735686803,-52.480836251361545,903.7136385058825,157.79769277702252,250.27675027920785,494.24449343435697,672.2299856749772,197.78737111755498,467.5848512667603,405.3689699462557,223.90703624249883,404.0502547241075,313.8648522417002,135.94622306311183,334.8663898631431,67.74346508341655,82.99708392032105,269.83284912088055,44.24544570132399,106.14606718478504,531.6860691679765,54.85047337877041
independent_20260430_173541,trial_001,subject_001,1777541745.37834,1777541745.37834,264536.9877721,1040140,001,0,0,1,46.649429814219495,585.581808245581,859.7032657301199,133.32568597752936,587.394710297644,850.0622550541842,78.51852386196217,355.5081440121933,899.0239479201605,132.1011571316609,363.09546988595605,899.0494126235168,-107.24680540121786,521.1162337344805,724.5276616959028,-84.8602489480557,642.6192225122855,459.1898471239919,-116.53055422696518,608.5902878131269,333.0084136851552,-76.3744784517588,708.4698260880863,95.7448402572919,-10.435235164316945,659.9749408146218,50.09020215173255,-51.735721799402036,904.3777542460216,157.6246706226338,249.79311483915876,492.52613072651087,671.8960156953884,197.57156445245366,464.4953983095989,405.12743281325453,223.65197261843173,400.59824246737037,313.9667787755345,135.77285379684233,330.51484865346094,67.98080782427864,82.46101095865177,265.08415817609995,44.60691463356719,106.0450775048765,527.2465663645198,54.84712002223852
independent_20260430_173541,trial_001,subject_001,1777541745.3873363,1777541745.3873363,264536.9971244,1040141,001,0,0,1,46.40268781977948,585.3164191742345,859.1818500580897,133.0822198686629,586.7705744118642,849.58471187091,77.64305622471915,354.9822649145719,898.4612651769011,131.11260868511803,362.43731998523043,898.5544824419575,-107.53643541314311,521.4929883134641,723.8778896869923,-84.39100773265066,643.4516176524647,458.8116781979251,-115.994925388068,608.8760027124557,332.365813639833,-75.14408939495559,708.3581415880674,95.0022342722272,-8.830822266734337,660.0878772787491,49.35082585208566,-50.986532571614354,904.3238122895438,156.8342518665754,249.2789252634518,490.80539219528504,671.5819103294322,197.30325637508437,461.4383188003864,404.8835610272669,223.28193574070707,397.13517386659214,314.04310954575504,135.4955363999301,326.15499344314475,68.17072674470765,82.58331812155396,260.8673864295714,44.578842247475535,105.87098600944516,522.7828686750025,54.766416413033355
independent_20260430_173541,trial_001,subject_001,1777541745.400889,1777541745.400889,264537.0097712,1040142,001,0,0,1,46.1095785312832,585.0680276049851,858.6429697392564,132.78675591725542,586.2017745081282,849.0555179679665,76.3268950560779,354.63031555550623,897.8663636871794,129.86157336655003,361.93857864581184,898.0205818056968,-107.98948819969162,521.9180912734582,723.1865101482971,-83.92065150918341,644.1297909941957,458.28160978410375,-115.09044807044585,609.2495887680157,331.7296985200771,-73.9880750183484,707.864866735948,94.16052682501055,-7.571106986107782,659.353927039523,48.75046343072641,-50.20844689742272,903.9060890014392,155.71153163588951,248.7878894719066,489.1570272281559,671.24341118454,197.15135107152074,458.5746012127778,404.59533766874654,222.95032668165547,393.6679627377608,314.0361316386212,135.94961961512325,321.5442588595004,68.93388658390255,82.40529313123473,256.4776322173877,44.633538849930524,105.71971568426565,518.3633371388232,54.75904871271504
independent_20260430_173541,trial_001,subject_001,1777541745.4080305,1777541745.4080305,264537.0171416,1040143,001,0,0,1,45.79658136705276,585.0242383107229,858.1124013599976,132.4852538482413,585.7278794280717,848.5373344911834,75.31900288540376,354.340179150915,897.3100253642305,128.67959227565038,361.5054413533807,897.4547647525103,-108.36774845351333,522.3434999161047,722.4027577307978,-83.46931163570116,644.911495365545,457.5914534539998,-114.35004426473274,609.6980776971036,331.1989136607802,-72.73467286956972,706.7080162568855,93.12746613817087,-6.258970557039808,658.0708363270235,47.89736324479415,-49.339345423994246,902.9480361472417,154.08347712083057,248.24160663983065,487.5621311098076,670.9314670488217,196.9375189803915,455.7083433760838,404.3337478886328,222.6424491630692,390.3447354730211,314.12087756278834,135.6687839221232,317.161905040355,69.06592518343525,81.91623407729186,251.8473659990586,45.053668910745685,105.4744978565076,513.9388423819593,54.638223693295345
independent_20260430_173541,trial_001,subject_001,1777541745.4180381,1777541745.4180381,264537.0271617,1040144,001,0,0,1,45.48729596658838,585.0802211434648,857.5367086572105,132.20248068486936,585.3722352693266,847.9852709613583,74.1012876444235,354.2661775267952,896.6310446688468,127.47604608882096,361.15042133700246,896.8489230606491,-108.755110160189,522.8668000384268,721.5566053762155,-83.05500694049287,645.5736841635008,456.8002695039517,-113.4916785469488,609.2075703599102,330.218888642819,-71.586784964086,705.0899677648549,91.92130412861081,-4.901004953569926,656.3288239172035,46.89216387564614,-48.34984183132568,901.5415374228368,152.1269645909046,247.66401737404428,486.0688281373637,670.6724685781949,196.7726905510611,453.07822203804835,404.05570505772084,222.2338165042028,387.0816831128572,314.26855930845636,135.3608682141104,312.8350330744647,69.26170811886044,82.0470143660592,247.63187829363636,45.14361103706448,105.35027722472665,509.5666286843046,54.54158256531168
independent_20260430_173541,trial_001,subject_001,1777541745.4275565,1777541745.4275565,264537.0373975,1040145,001,0,0,1,45.20545914355567,585.1450078614071,856.925276862888,131.904103621708,585.1229719610607,847.4634476023525,72.77207862514724,354.23751017341505,895.9561311316113,126.24428780610893,360.9096266409232,896.3333287011717,-109.01860137430106,523.613250971092,720.7014099946148,-82.63745149013648,646.0185185886825,455.7283964967079,-112.8860641965385,609.008393571216,329.38497883771186,-70.07293148053479,702.8866140123083,90.38959905018432,-3.5436126653906768,653.9728249942696,45.674229795970085,-47.24286325906681,899.6310339837249,149.79661880653342,247.03502813160216,484.633735385175,670.3358297208249,196.58006044288462,450.52389859166493,403.8765276571409,221.89036623441342,383.8732516467763,314.4736963842619,134.4702330077773,308.6677123573027,68.90975194539232,81.51603533307227,242.96193709566123,45.50756959146087,105.20756872567213,505.1008974575492,54.38246127955234
independent_20260430_173541,trial_001,subject_001,1777541745.4375548,1777541745.4375548,264537.0472373,1040146,001,0,0,1,44.89542997678894,585.3708233581866,856.3286230161353,131.65580251685185,584.9824624883539,846.9342138686732,71.42694523356244,354.25740189867963,895.3281851348816,125.04983961090635,360.7936386366577,895.8768402277756,-109.25822182324315,524.3440195707078,719.7850567484813,-82.16781386306545,646.3185427235028,454.58538387422,-111.84533485058414,608.5878990641484,328.50296932833,-68.69354258621716,700.2525543989244,88.59134499434546,-2.026341765374948,651.1656841556975,44.35229902222797,-46.00684597355808,897.2654174393704,147.30256526706947,246.37264633718746,483.26684819068663,670.017594503387,195.95013905987616,447.54588186861383,403.6865488447224,221.46547429663897,380.649232681158,314.684322318445,134.12193293162633,304.2579589756969,69.13287425680447,81.54746201478454,238.73212824332393,45.48050299675786,105.05757349566767,500.64966812118,54.36020954272036
independent_20260430_173541,trial_001,subject_001,1777541745.447555,1777541745.447555,264537.0573477,1040147,001,0,0,1,44.57965648729436,585.6585357290575,855.6837468762476,131.3712399030662,584.9262534031014,846.3768981472617,69.97632363882296,354.39729306329826,894.7155136829153,123.52943043344158,360.7839882849499,895.2234758495838,-109.55380337693579,525.3251217066831,718.8219773250767,-81.73406476090567,646.5449830885365,453.32564421337094,-111.04334138121811,607.951274296233,327.3835401512497,-67.231688973814,697.1446315318328,86.77929011785582,-0.5662947764756856,647.9182739577216,42.67264799299635,-44.59838857626292,894.4422041383135,144.61385340056344,245.73562836297677,481.95161319181267,669.7556652749981,195.54816182110272,444.8735326894241,403.4305702023103,220.97642989810612,377.3706159483293,314.88110175145636,134.53614972147557,299.7850120421611,70.07826733865306,81.1798808030362,234.06600060593848,45.97757715222984,104.91943223335946,496.2595295994947,54.29986428342409
independent_20260430_173541,trial_001,subject_001,1777541745.458632,1777541745.458632,264537.0674997,1040148,001,0,0,1,44.26008073984655,586.1931766422633,854.9994839463621,131.05238164822393,585.0268644740053,845.7987818279014,68.58100545968563,354.8084708311664,894.1160128389652,122.26303800616847,360.8695202100665,894.7452021833545,-109.8220326382711,526.3672212031365,717.7548726275281,-81.18341653591578,646.6318001284545,451.93851387069884,-110.2007924117733,606.9214187234654,326.15423087493366,-65.88181513141235,693.8625252495183,84.89205627381047,0.8978379890233946,644.1528221440515,41.00695801349246,-42.82503550619859,891.1657591111689,141.904659921605,245.08657870092298,480.729374146797,669.4216484078885,195.2043065170968,442.2586498045114,403.23513615976515,220.44780565046585,374.15270117006224,315.0425634368381,133.2023431906761,295.45883671483637,69.67510248600466,81.24046873414756,229.81420941843075,46.02735219847825,104.70392624207484,491.78394497749673,54.22211696767132
independent_20260430_173541,trial_001,subject_001,1777541745.4676423,1777541745.4676423,264537.0770909,1040149,001,0,0,1,43.858622284659766,586.6493646495929,854.3169771077099,130.72823159489525,585.1851130172449,845.1837609747141,67.1229490281044,355.1590541606386,893.4768018142752,120.71208832015806,361.08370636952884,894.1329259711226,-110.04654237084632,527.4322345614975,716.6668719477907,-80.43847184257886,646.6100845445102,450.3545291207147,-109.51097276849764,605.7812900120705,324.72879439386605,-64.41432469783399,690.0621358496519,82.79686076635511,2.184516013281626,640.0878787609606,38.98637756719647,-40.80748941467604,887.5766814620451,139.09755692410113,244.29894229163185,479.5684909522247,669.0947948495149,194.90295723068542,439.802380366607,403.05758443608414,219.9555367227932,371.04319617791504,315.3024553593355,133.70908461777222,290.94889300891236,70.58475890904379,80.9871850258612,225.32989216600654,46.225010737622625,104.37816055300026,487.10945082503054,54.016401805235155
independent_20260430_173541,trial_001,subject_001,1777541745.4806414,1777541745.4806414,264537.0895958,1040150,001,0,0,1,43.47154985415047,587.3688012119022,853.512408150136,130.3173516678385,585.4649913257639,844.5099956152551,65.76608093952088,355.7862181776992,892.8827193659542,119.29510541420524,361.4698382105053,893.7076473880982,-110.39630377849173,528.5460931018241,715.489464549809,-79.58732716701498,646.4205388481222,448.5423121260803,-108.82624437074368,604.6280499582982,323.3011019284079,-62.98201137145645,686.1096812309183,80.5402595676134,3.304681145651593,635.6924303968368,36.959010620419185,-38.3069943392359,883.7297480443356,136.10225053041805,243.59274072934306,478.5424922646921,668.7150103165942,194.569217749108,437.39263996563585,402.8593822190505,219.45904455446475,368.0576059898285,315.64124352029904,133.47400970407318,286.706884848907,71.00290237596717,80.87836255488334,220.8780934567274,46.49090149103956,104.17167546517113,482.6679882123583,53.961398781763556
independent_20260430_173541,trial_001,subject_001,1777541745.488197,1777541745.488197,264537.0970976,1040151,001,0,0,1,42.99247935124661,588.1437453379799,852.6793088371537,129.8771566267246,585.8557807214224,843.7770920604905,64.19141589931742,356.49639598005336,892.3577252841377,117.75496726349849,361.9535354209441,893.2051169815627,-110.60056265212914,529.6518151638413,714.2273286429954,-78.69004435017578,646.1960073846748,446.67639850075255,-108.1441639237057,603.3156771292056,321.8199819465803,-61.63070161462369,682.0490975727103,78.39872618842294,4.157965992036652,630.8189322888524,35.20647349802578,-35.2224092229451,879.7152802066458,132.8675251914282,242.74859602495638,477.54049205329346,668.3206126878052,194.18551645297305,435.1347486242343,402.6235591298066,219.0479225015475,365.2634684085317,315.9439361289751,133.2032524220413,282.4549026248338,71.36504848554813,80.78834721599405,216.4062187976675,46.7753089742831,104.24162045369447,478.4106317064735,53.914434833115706
independent_20260430_173541,trial_001,subject_001,1777541745.4975965,1777541745.4975965,264537.1070483,1040152,001,0,0,1,42.491117280189954,589.0698936396913,851.7710337817628,129.40327564059803,586.3366257381849,842.964366208392,62.60702529325577,357.469847177795,891.691931302783,116.14751999305614,362.5479917962819,892.6492111879228,-111.01613216540294,530.9372098848771,712.9249856030219,-77.77115531062631,645.7007305563722,444.659795899876,-107.55938477496089,601.8536978947831,320.14128252385717,-60.22480427161555,677.7993737615237,75.96483058752719,4.507846002597411,626.1910762560452,34.81581771790344,-31.05663366688506,877.0491164012674,129.06628400791428,241.99986727300856,476.67621638355917,667.9645751034562,193.72768046238662,433.0305027184596,402.3548316184977,218.5092169383675,362.4483256650719,316.16341225268235,132.87376823527973,277.9646415347825,71.5611502453574,80.74523103092127,211.97137641053976,47.210165640643524,103.83350498175105,473.8830763095141,53.7180642872379
independent_20260430_173541,trial_001,subject_001,1777541745.5085952,1777541745.5085952,264537.11749,1040153,001,0,0,1,41.982976690380326,590.2008212352599,850.7971114132031,128.88857467612954,586.929896709476,842.12368469817,60.8166957433996,358.3515551940069,891.1787581602756,114.52193405294697,363.2901528635157,892.2283812575671,-111.32239660638703,532.1241503000718,711.5370021237948,-76.87445073771578,645.050166847457,442.41767818522885,-106.95387783388205,600.2867409647141,318.33117116847916,-59.157806708226495,673.913786291575,73.7339459065891,5.907012091887035,622.6776009682657,33.99826680249841,-26.551143331289445,874.7704791934423,124.99605810537295,241.0987269018474,475.85356997725324,667.5297157259494,193.27172002670244,431.0373386839201,402.05111635881417,218.01585432806473,359.78904005646365,316.5067341999543,131.84331262941708,273.8060228411108,71.4418095112137,80.59203376777413,207.52552334754358,47.575277615399514,103.9275477514354,469.5118335558019,53.685330708010056
independent_20260430_173541,trial_001,subject_001,1777541745.5181086,1777541745.5181086,264537.1272478,1040154,001,0,0,1,41.41587284656052,591.39759007752,849.7903786813567,128.35632623780373,587.6571711176474,841.2133711363412,59.09424644219466,359.460147118219,890.632463170017,112.47827770168269,363.92817287197545,891.6421364040848,-111.6323763186729,533.5401809967123,710.0779647360424,-75.80084041624305,644.0863366624168,440.1783945641169,-106.46062226644118,598.917498410539,316.6001426951567,-58.00933491054465,670.5158647605878,71.75818506932875,6.637728595843937,618.7482318955389,33.587539649728626,-21.932429256822275,872.4322024369856,120.5175012507271,240.23963979966024,475.20408424661963,667.158761202107,192.7856175993478,429.1656394482852,401.7762917639194,217.53673755222297,357.28434675395033,316.85400362253364,131.7602995406852,269.52880714807355,71.75932348110524,80.48941650934333,203.1677414963528,47.80833853166171,103.80956075956223,465.1280659510937,53.620330063038004
independent_20260430_173541,trial_001,subject_001,1777541745.5276175,1777541745.5276175,264537.1371819,1040155,001,0,0,1,40.824481190499974,592.57711761595,848.727099454649,127.74088074782935,588.5337776131762,840.2649325702084,57.219412137710606,360.7236163334024,890.0611396351275,110.68981076181724,364.9584040751973,891.1934408556388,-112.04973555625594,535.0463670367839,708.6569033529944,-74.74028686119941,643.0699777549078,437.95827803490505,-106.6711922890595,597.7027522748784,315.34294616479696,-56.82814740031661,667.8718689940545,69.96604601016863,6.7646985091319705,614.5984704090206,33.54372538185862,-17.486694001833825,870.0405610811777,116.0824986236218,239.2601452736562,474.62808035145844,666.6901355981485,192.3134142858397,427.38040733532705,401.5183469121021,216.95865889684796,354.7389059197442,317.1276468109766,132.50995368047992,264.7640037806497,72.74462383419439,80.36310559171605,198.63439950626875,48.13629638642345,103.63628757441373,460.7502405900485,53.48893143705593
independent_20260430_173541,trial_001,subject_001,1777541745.5384347,1777541745.5384347,264537.14745,1040156,001,0,0,1,40.14189089354391,593.978192567146,847.6494843948249,127.07182820452923,589.4634126939145,839.3139815365327,55.293940038880976,362.0400626471985,889.6411383076787,108.75514931963207,366.14711073904857,890.712122400182,-112.53325382522982,536.4060062216836,707.2716303072007,-73.65094489281266,642.0752123580814,435.73029475270005,-105.7041681982634,596.7351221207828,312.9983702824551,-55.66327414330592,665.6671485942428,68.75190315143573,6.959317410756431,610.7340719662675,33.442124325311106,-12.818794420036115,867.8575301352755,111.39527373742486,238.27677971532378,474.228096882391,666.2419332423797,191.74914709042858,425.70298185621414,401.24255418906483,216.34786349049625,352.34540310883733,317.5893758234762,132.38161575447293,260.8571670560008,73.13963801306033,80.16284809294274,194.2600640699198,48.73625644760132,103.47238133703674,456.3161940890063,53.37086121028124
independent_20260430_173541,trial_001,subject_001,1777541745.5484462,1777541745.5484462,264537.1574373,1040157,001,0,0,1,39.38281902580025,595.613248154827,846.4422808784234,126.28587818410723,590.5561242483187,838.3394030505449,53.48151096599905,363.53141003272026,889.1193902253502,106.9979333720702,367.2596204316713,890.3262287921384,-113.07146612366745,537.815771624936,705.9707049598389,-72.58256944135746,641.0340065854987,433.8172811710901,-105.73014687790328,596.0936795322075,311.3499578001931,-54.44210125267261,663.572703115895,67.63132341245257,7.304284664433435,607.1764184021051,33.61430299938716,-8.398243118165674,865.8800873111373,106.38646010497803,237.26941327114312,474.0430449577712,665.8193970707516,191.10353836590673,424.14487318921016,400.9589223712391,215.7635318715997,350.0873461630411,318.0548077410867,132.187766656796,256.7069971068602,73.48704872454297,79.85012541151019,189.6104331859374,49.40828165880965,103.38801409171839,451.85029360998095,53.30982398800417
independent_20260430_173541,trial_001,subject_001,1777541745.5584462,1777541745.5584462,264537.167494,1040158,001,0,0,1,38.45823037125409,596.8520137682405,845.587586608057,125.39195637752333,591.7422298089434,837.3693545638622,51.70556168399388,365.08386260605243,888.824992629878,105.16531030597136,368.6234132757534,889.984930094054,-113.61073563343199,539.2122915085918,704.8298833869634,-71.67232393022009,640.1239896235634,432.17966236352254,-105.1504225752748,595.6677607698728,309.6144946289069,-53.96056223819676,661.1682072506416,67.30452044106536,7.239579131580351,603.7680064267468,34.200635471649086,-5.151730585302355,864.1096826251763,101.48959338114398,236.17154788281408,474.006905539702,665.3449671003667,190.36704875133407,422.6807706758466,400.71997137576125,214.95337434222716,347.8025979241871,318.5339787189186,131.8572773548913,253.53985676856374,73.47045962463925,79.81315315518685,185.28405706303562,50.18502714895541,103.10858482610197,447.38257202517804,53.03340151314707
independent_20260430_173541,trial_001,subject_001,1777541745.5679586,1777541745.5679586,264537.1773682,1040159,001,0,0,1,37.11242045442027,597.5920593188125,844.5510972943538,124.40194855102307,592.9956275589363,836.5090060620005,49.75072437345858,366.736269518308,888.5153393908693,103.32032247777323,370.07381201170926,889.6457565349774,-114.23323243427717,540.3864858732394,703.7498282343877,-71.0364706925505,639.4661970576907,430.7059856843193,-104.7206921509066,595.6023485638168,308.0646831391031,-53.309253541016425,658.9780166019285,66.37627088846651,7.151550304395191,600.3001813004369,34.87629618902205,-3.370369111774395,862.0826142292802,96.77734475683197,234.95907901002715,474.13572220528374,664.927192772086,189.54727380570034,421.41368817282205,400.5389715766866,214.3717093690386,345.78031272625583,319.09195992799937,132.24700861293454,250.80506742302907,72.70550546152339,80.07992976788412,181.18510454227152,50.915921407747106,103.0885946472782,443.0125777806679,52.93745289709219
independent_20260430_173541,trial_001,subject_001,1777541745.5779576,1777541745.5779576,264537.1871666,1040160,001,0,0,1,36.359867119967554,600.0283595499081,843.7994453809524,123.27148934808008,594.3221478013054,835.6611055159183,48.058094065586914,368.30248038135414,888.3578585617215,101.49540516456851,371.55764998980294,889.418817782803,-114.84133520247069,541.4925273412962,702.7590879571491,-70.6539101068006,639.2630575927279,429.49383899898,-104.53500836949418,595.5785826209791,306.87494567636656,-53.31938953020442,656.1502112133444,65.8543282188595,7.093515450289169,596.8560194040989,35.57986646889694,-2.977460666034173,859.9303766459464,92.28782804910868,233.70410127396448,474.45837290393354,664.5439819318535,188.68775648327133,420.2567084049894,400.39058446283025,213.55524088549953,343.8401756213871,319.72618697973803,132.04995962953893,246.32004717535068,74.76266281894695,79.9631126877151,177.0059028059868,51.88712371383865,103.12520460372903,438.7738022281235,52.881518018387474
independent_20260430_173541,trial_001,subject_001,1777541745.5879638,1777541745.5879638,264537.1970431,1040161,001,0,0,1,34.81450291067498,600.932452535948,842.9759890860805,122.12307861359689,595.9356046821187,835.0650904109581,46.26032646943889,370.0098445115548,888.2139858046154,99.87832692074511,373.0381583497016,889.2808733586617,-115.5994757043149,542.6444712156481,701.9619456387396,-70.74754667023187,640.0125089490189,428.56914610680525,-104.77702784217233,595.3963081280532,305.96022028738815,-53.710867934189295,652.9536731995685,65.28150174327203,6.773660932088823,593.3155837514246,36.31494933953557,-3.7533121632080597,857.477785593809,87.99050824661798,232.47216255162127,474.9948978635145,664.2098077873792,187.8323246794789,419.3547199957404,400.25197304948864,212.88172761771645,342.2005459795315,320.47570384349467,131.58474609207568,242.2164769495481,75.84821929556932,79.7620579729742,172.42718842235078,52.92785011856791,102.95391626357416,434.40055331209027,52.66166036837459
independent_20260430_173541,trial_001,subject_001,1777541745.5979679,1777541745.5979679,264537.2074111,1040162,001,0,0,1,33.49030027792344,602.5480409410563,842.3938109206904,120.71881890868418,597.1876925674144,834.331497051371,44.663667491331296,371.53720401901154,888.2807804965313,98.22708916482459,374.5705074299665,889.1750161190979,-116.68576502887885,544.0218415490572,701.5337006320603,-71.3562363162424,640.7985723339779,427.8545705337203,-105.49774861302225,595.1384160334602,305.45187007292975,-54.28935000383387,649.6640410863693,64.80245843241818,6.466986957345524,589.7833607545024,37.18471411499311,-5.446965001291818,854.9007002662278,83.78286337291003,231.13769360944275,475.6826983573401,663.9130540378067,186.87346332058567,418.73230198725486,400.21352031021695,212.08787805506088,340.71225725191033,321.2550179169458,131.8186752304692,239.11414601189819,76.65002929625216,80.0738665155625,168.51216395030707,54.217603749832065,102.9068721337793,430.11975195315404,52.55921236467888
independent_20260430_173541,trial_001,subject_001,1777541745.6076107,1777541745.6076107,264537.2170377,1040163,001,0,0,1,32.01543574364609,604.1284520320027,841.9672267986127,119.26670653656431,598.6779498996274,833.8516053063034,43.185086318124476,373.2130471011234,888.3376370282125,96.71068354253211,376.1466122088893,889.2315705307992,-117.68933399676274,545.4963167006586,701.4408115644039,-72.42288069392245,641.5688401907315,427.3260288477767,-106.83529714015403,594.7827957277394,305.16424454761153,-55.10092039574915,646.0554826314697,64.46907044259413,6.044145555496914,586.1939434232787,37.954617473265074,-7.114112906306323,852.1445926404555,79.82632576298877,229.78182585380046,476.5793507001158,663.6903406465635,185.8200419804186,418.353621172641,400.2254279480859,211.2215802383713,339.4480135231383,322.07358169468387,131.73479136523852,235.1895038592334,78.4218405609311,79.75959368047594,164.19368986047164,55.994962239537195,102.74489307450231,425.9025196441212,52.41705648459076
independent_20260430_173541,trial_001,subject_001,1777541745.6210701,1777541745.6210701,264537.2299725,1040164,001,0,0,1,30.497627278635214,605.5551437048202,841.7568439762075,117.77342702808953,600.2312462976389,833.5251801602808,41.83572460344467,374.7761142367257,888.6359741385174,95.33078033706312,377.75381183049876,889.3366854174068,-118.87375025536211,547.2266001952172,701.672406890375,-74.09738652415406,642.526412878075,426.9782632718883,-108.44063512481024,594.4150445517741,305.02548457949587,-55.28238494830199,642.3762658330919,64.11419398944594,5.6022269235737845,582.3685854612708,38.62905378379498,-8.457660222818648,849.2003301815076,76.23992743310453,228.45736605272393,477.63108334576555,663.5303539611623,184.75936584355026,418.3183172802047,400.2737022646191,210.4692845641838,338.5540790675542,323.043728399078,131.59820107380662,231.49170734752434,79.96287904275593,79.64644972049496,160.27671430766918,57.80575317605042,102.54807313390276,421.7523304594483,52.25407430800523
independent_20260430_173541,trial_001,subject_001,1777541745.6281104,1777541745.6281104,264537.237575,1040165,001,0,0,1,29.290829224096047,607.8847279945392,841.742390710245,116.2101464447447,601.84184207694,833.3024528993468,40.50105292624471,376.47591101558095,888.8132604701547,93.91660349655051,379.48647263402364,889.4942058945059,-119.9704390636594,549.1483754241038,702.1246385258435,-75.93568908595358,643.3458423524713,426.71452657666407,-110.39891717527688,594.2959462274403,305.06294891583786,-56.03426124502146,638.5855578802764,64.00737144034727,5.062786313322312,578.5472776568358,39.38227610764089,-9.206335042793862,845.9637464696781,73.20178229400005,227.0775379536928,478.84504027924487,663.373959774869,183.6846500560104,418.6024939981154,400.32012925703947,209.5982385842412,337.83261754201095,324.0045473574915,131.7481263789872,228.26835014019727,81.71372979478232,79.68997206284598,156.30901102246585,59.89880627808676,102.29941397880943,417.72458907377626,52.15499371181602
independent_20260430_173541,trial_001,subject_001,1777541745.638108,1777541745.638108,264537.2470246,1040166,001,0,0,1,27.374805917220378,608.7836247305858,841.7788164096986,114.5655586341359,603.5662715229524,833.2317479042025,39.165626840232164,378.0317978233794,889.0660188239889,92.77770349259615,381.1926341276655,889.7898372268785,-121.29530589042378,551.105658691749,702.580636823753,-77.94297981300876,644.0889814457416,426.28656943423334,-112.47005007883182,594.2451476523058,305.14150748920605,-55.47816577804231,634.9926158813105,62.763451527509616,4.5414455598461485,574.784345806123,40.22308886421895,-9.968076569911716,842.6917855079479,70.25129218596886,225.59685941991435,480.2048418444215,663.3473582596436,182.53212043772933,419.1405325133411,400.3059379476988,208.81359344701602,337.5206620330302,325.1032405563162,131.66786907227672,224.79795723971375,83.79347495394506,79.76597181672807,152.37591643176262,61.87535692087508,101.91022596561368,413.616505917633,52.00293557196642
independent_20260430_173541,trial_001,subject_001,1777541745.64811,1777541745.64811,264537.2573873,1040167,001,0,0,1,25.680982734445294,610.3833345236784,842.0643066482859,112.91447527286492,605.2980747338602,833.3049278350162,37.98721428731627,379.67462787237065,889.4636450397235,91.54111191982535,382.96702963348605,890.0126352001191,-122.5706207216405,553.0193230217855,703.0970177224464,-79.44521252523666,644.4331801995179,426.12043074804984,-114.7188727650751,594.805454840821,305.24165628209164,-57.05479684371982,631.5268175940872,63.59409957291965,3.843900508801298,570.870360766697,40.80907892173802,-10.830606893050165,839.3946314766266,67.54951042929426,224.18509980809637,481.7371083582522,663.296530022935,181.38492493882413,420.11495840018296,400.37825515121614,208.01344495192396,337.4949522457188,326.3473884939567,131.76234852725688,221.6459040858788,85.92684439740505,79.4835607361916,148.50844710421853,63.89947725019286,101.83194167175144,409.54808177491896,51.86043862020725
independent_20260430_173541,trial_001,subject_001,1777541745.657621,1777541745.657621,264537.2671985,1040168,001,0,0,1,24.012477453716286,612.1856934823899,842.4767305031546,111.21830439265102,607.1379967413712,833.5615505180593,36.52450739259789,381.3601512853637,889.7032872302508,90.00039187529511,384.71062832975434,890.1884844302101,-124.00498356028388,554.772254717178,703.4296393770059,-80.76771114325541,645.2803886350309,425.8463661621468,-116.7542792643466,595.4690920641327,305.35379213350865,-58.47695441467506,627.405103433185,64.39464123803798,3.478532818524482,566.9859048016607,41.43258530391614,-11.581768721659133,835.790624881029,65.08908093908032,222.80047734339217,483.4501341239544,663.437407693904,180.1698555527857,421.4842616914041,400.4855509705496,207.1126355383622,337.7613941191048,327.6467935420207,131.85953086686234,218.7892305183967,88.41941175090211,79.56150014288208,144.91212276262038,65.84849958538938,101.61690877930482,405.56707361181367,51.773282012777415
independent_20260430_173541,trial_001,subject_001,1777541745.6676202,1777541745.6676202,264537.2774376,1040169,001,0,0,1,22.3387511557081,613.9891150109577,843.0000370973027,109.56690114902784,608.9684638205941,833.990887114095,34.90859675122189,383.2186920046928,889.9401145308116,88.48689411910523,386.54354449324757,890.4500741167216,-125.31193917640775,556.4847346292764,703.6149680033251,-81.74543222361402,646.6187257744273,425.4441915364433,-118.69227798784515,596.5451476280732,305.48429790074374,-59.14509601648492,623.7466619359975,65.1436631977352,2.9591013656500773,563.0245467242923,41.950909225048726,-11.87129103742838,832.2743765494542,62.86999793433346,221.29909623029548,485.2965250626855,663.7329373026853,179.06278670617124,423.35047706596265,400.61972959817706,206.150540376347,337.9842677678343,329.6677022181949,131.83270508619822,215.9502116839473,91.09613741471512,78.9657834817363,141.10772556676318,68.37189939917674,101.3513566977056,401.69152352260744,51.62046380208567
independent_20260430_173541,trial_001,subject_001,1777541745.6783667,1777541745.6783667,264537.2872772,1040170,001,0,0,1,21.072417449202554,616.7260789600031,843.546430392536,107.95519664827223,610.8191359170248,834.5461307718573,33.16389771033555,385.2188216248817,890.1377994090767,86.85311911209635,388.38698489522903,890.8059983349833,-126.74504248152338,557.8530491804609,703.5979544678083,-82.28766355410336,647.5989324574384,425.0252083640684,-119.97831323179466,597.2205985920953,305.43285741190283,-59.36911892797598,619.8640698591985,65.66567871531811,2.54600993677377,558.983128190625,42.25686396115238,-11.910837965878565,828.5379282504233,60.99625216769911,219.72859123271323,487.1903791086386,664.1002993968411,178.08511631901027,425.69183526821996,400.7855385907473,205.01855643821756,339.03323953633003,330.8747157928599,132.19136728780327,213.41473872644232,94.28354410012693,78.86091004630447,137.45563368650969,70.65829337004085,101.04664828973733,397.9478184089941,51.43885331403088
independent_20260430_173541,trial_001,subject_001,1777541745.6873636,1777541745.6873636,264537.2971411,1040171,001,0,0,1,19.222347296780136,618.0027049240515,844.1021483967495,106.42701843187518,612.6856948157712,835.2373820150104,31.21184521530337,387.1615016950185,890.2519703758506,84.90383723468315,390.1688360230899,891.1138408503891,-127.94206090508884,558.9944417694642,703.3151384292963,-82.29032621141279,648.34359039776,424.5035981529974,-120.7691811483884,597.4009616101961,305.4325021823243,-59.415503962574796,615.9820247251189,66.34838685801996,2.310183394290858,554.8284908905634,42.475941179169666,-11.928506961321396,824.6628601603333,59.82664732900376,218.24317832363,489.26203542951487,664.4825663908412,177.15653936802767,428.53276511948195,400.93510897037004,204.00498382400818,340.8824860369295,332.1324803782283,131.98942668796562,211.39713395025296,97.37459776222153,79.16861857313944,135.0941847320207,75.04698224955568,101.11393580276105,394.5441058414186,51.208584433589465
independent_20260430_173541,trial_001,subject_001,1777541745.6983654,1777541745.6983654,264537.3072694,1040172,001,0,0,1,18.10398845385912,620.8274228243248,844.7472037212888,105.01013361403531,614.5782979820665,836.0966101473574,29.290283323537135,389.14767284817265,890.6380714778506,82.92959141824808,391.88271188861506,891.4632985071994,-129.07092728176545,560.1611268329341,702.9919754453406,-82.20638586276665,648.6636440833121,423.94501771162936,-120.9930206290671,596.9501916009156,305.23925016381435,-59.35478233543343,611.8575876359362,66.46342634329207,2.2020060947191284,550.6504968043578,42.44805253700229,-11.925910382111914,820.5668170285353,59.156752477002954,216.74334822207842,491.54522153173724,664.9367904140088,176.40874943244242,431.91593637672946,401.1051093034727,203.35856321666006,343.1898495248375,333.768880394567,132.35635317691376,209.74581172526692,100.8273790275595,79.4016851328288,132.66043765224293,79.89545018276752,100.95291376423037,391.49194530239856,50.61574794130995
independent_20260430_173541,trial_001,subject_001,1777541745.7088397,1777541745.7088397,264537.3177429,1040173,001,0,0,1,16.427077724330587,622.1306363052671,845.2730621693498,103.69210217910512,616.3777470357339,837.0182146855977,27.32564806149114,391.03984801333115,890.9417573882824,80.96952029549345,393.70367788285,891.8871978466474,-130.06526805162736,561.5630361209597,702.767505571884,-82.02168547065853,648.8011590161896,423.5502754689245,-120.89543260644781,595.6971021167305,305.0985332140248,-59.49048505540387,607.9343377282863,66.89312777033061,1.9824535766402942,546.4762861591149,42.334968006765656,-11.940298496092865,816.4275162182554,58.58002749965454,215.2761345384087,494.06000510573324,665.4382219622704,175.83275299283054,435.85636682533055,401.06504354676065,203.45235777908923,345.6486884662062,336.09965473478434,132.28247816983284,208.36170025496088,104.44827767723213,79.21828851716064,130.37767933755134,85.1228525244962,100.94573932586856,388.4030152815973,50.18144241354837
independent_20260430_173541,trial_001,subject_001,1777541745.7178514,1777541745.7178514,264537.3269733,1040174,001,0,0,1,15.22749941240522,624.1109192957226,845.9239787087862,102.44832770670817,618.0510521898552,838.0238153430087,25.337573059926044,392.9233343967819,891.3127107353546,78.86750265007946,395.3308744349716,892.2796488905973,-130.8008536209833,562.9979552678845,702.7921334901893,-82.05576377657279,648.408795855554,423.2695334607163,-120.62344473790245,593.6164561694486,304.92259281492505,-59.18854995403183,603.7169988561824,66.92325469633747,1.711371007065061,542.0832016265181,42.2844154140124,-11.903395392020256,812.156752691676,58.214187494478665,213.9504977242147,496.7681469461528,665.952109736555,175.5567477611171,440.2389957277301,400.9734292843572,203.13971755328956,348.5109562736097,337.77358248936156,132.80345084668997,207.229497274619,108.41286623832842,79.25395417321351,128.78181483163598,91.2320381105681,101.08131362330727,385.74360945396984,49.644730159674545
independent_20260430_173541,trial_001,subject_001,1777541745.7283666,1777541745.7283666,264537.3373339,1040175,001,0,0,1,14.131594289100622,626.0111919158019,846.6999940915524,101.39554365112063,619.649827132652,839.110371008886,23.33536430888492,394.6670486194557,891.844970033371,76.94778044403174,396.88113750159863,892.738783091381,-131.54549932293872,564.5988013935917,703.0318491012666,-82.68723215645785,647.5631028345081,422.71625064982754,-120.24144122142943,590.8435020648172,304.8759426664066,-59.10009214488019,599.4046853050875,67.03462387962263,1.6275410482329509,537.8161751322543,42.384359114030495,-12.067904933582746,807.9853765530224,58.0129398850348,212.6664080339802,499.5520428483425,666.3313606247834,175.54014019503285,444.90318893331056,400.8262982158738,203.100422511341,351.89664384872486,339.50517905659467,132.87339170892446,206.58823647534115,112.58150459180942,79.62229986587553,127.3768220803852,97.88274364430085,101.08301094469871,383.04088366413646,49.046086944281
independent_20260430_173541,trial_001,subject_001,1777541745.7426336,1777541745.7426336,264537.3515283,1040176,001,0,0,1,13.13886828129115,627.8813338553028,847.4945229332906,100.38064024660295,621.1109279870711,840.2063245914727,21.361768688938863,396.2574328005979,892.383812416482,75.17715009414309,398.31579439121225,893.2373890967175,-132.25355393478245,566.1302117578886,703.4322329834125,-83.88619970711893,646.3497459712008,422.12052381333143,-120.20669553557639,587.7470298973716,304.84993095231346,-59.22852904657864,595.2334867649508,67.22429639441471,1.4670915842454164,533.5625983098369,42.496961843307254,-12.075146266351796,803.8031127851928,57.78840194844268,211.5477666145741,502.4563700415867,666.7067824711773,175.7637218882381,450.0517924113408,400.63369252684436,202.9741014898085,355.6051951415647,341.2250610243779,133.1333669245302,206.14928547044164,117.052263194267,79.87315515247258,126.72371650568276,104.78280082310755,101.1318544447929,380.48340162340264,48.53580905748326
independent_20260430_173541,trial_001,subject_001,1777541745.7476487,1777541745.7476487,264537.3571622,1040177,001,0,0,1,12.603960689281084,630.2195418866239,848.3993022685801,99.4475881133039,622.4407344585835,841.2961382406235,19.86043051209224,397.66213079125794,892.9107708942831,73.42686140467792,399.4827828459946,893.7878436610625,-133.10877675510955,567.5387756224112,703.7858572733268,-85.10529795630757,644.4692256037789,421.8833977257311,-120.60825336769777,584.59837623973,304.94596019707245,-59.23887056839508,590.9798006800477,67.35172735839318,1.1390357397640618,529.3962799223666,42.64634128487904,-12.379430590261311,799.7119987156442,57.644755776881475,210.52018282780344,505.4673411101859,667.1309747048371,176.03940497058025,455.67631322740556,400.4190405178083,203.03511206785444,359.81014004072955,343.01982659205805,132.87661239403943,206.02276453757227,121.79380383427583,79.99259025035717,126.38518793599206,112.62073635803186,101.2189714063644,378.07597635629105,48.10839163705355
independent_20260430_173541,trial_001,subject_001,1777541745.7583697,1777541745.7583697,264537.3672315,1040178,001,0,0,1,11.744053080581528,631.6132817466375,849.2180017950221,98.55139267471597,623.6175189788711,842.3429732285542,18.285306209025464,398.97964589194544,893.3799258258719,71.83276841450532,400.70725207707807,894.1401472141513,-133.98082551178652,568.7861289408804,704.209908875537,-86.45971332078466,643.4468410048833,421.5779300723464,-121.38443964945208,581.7704781218312,304.9946310932785,-59.67707926171947,586.8412676700375,67.51936516504438,0.8719435110522955,525.0919025921346,42.7539232096479,-12.72783778272144,795.5177620116895,57.371678970188036,209.7103749412802,508.55269150686746,667.592413175321,176.53532167120832,461.68419072112437,400.2418666233244,203.2404304590569,364.57974669903797,344.87855454796005,133.54546404483406,206.6107164028443,126.86188078704649,80.17908018728397,126.71811122115317,120.68736508976679,101.26317356432912,375.88184512174496,47.63326133053204
independent_20260430_173541,trial_001,subject_001,1777541745.7679,1777541745.7679,264537.3771621,1040179,001,0,0,1,10.854229371124807,632.7140877502491,850.0053017958903,97.64747239933033,624.644655415385,843.3772956162596,16.915132879268896,399.94705288979645,893.9894190801184,70.33979144871924,401.5556009543846,894.7156938431158,-134.89263585772,569.4903735337751,704.461074952114,-87.5929960194052,642.1192306406326,421.1986785961159,-122.54990044205287,579.5834401220837,305.0975365507713,-59.834060269406365,582.5998712030424,67.46059446228547,0.45431436027318717,520.9451225956818,42.838933321408895,-12.943637979555675,791.3377384633725,57.14157397973161,208.99307170406507,511.5470057700947,668.0273960107312,177.15564839926998,467.99639081828633,400.1438739480056,203.57775218900107,369.7672395822722,346.77049006551147,133.74212831346958,207.43964836086406,132.07966804321933,80.40238519913545,127.71708320814207,129.33282881451262,101.34594191372274,373.8484314278213,47.14791491774718
independent_20260430_173541,trial_001,subject_001,1777541745.7778993,1777541745.7778993,264537.3876923,1040180,001,0,0,1,9.59704863914634,632.8046090737965,850.5535367897253,96.67098391904581,625.518490013313,844.3687299192936,15.455581320018242,400.961947047337,894.3391843769099,69.07061578869552,402.3982302063297,895.0616833938849,-135.8505897375613,570.2258823587428,704.6678789753529,-88.42686805237958,640.9515999716418,420.8623095206008,-123.99257488909306,578.2283854349952,305.0301705488625,-60.37142559203598,578.5326714884645,67.64233783208365,-0.00700361178593501,516.6918252933174,42.913654350342306,-13.286502532259151,787.250651514227,56.96091492121364,208.37393506702475,514.5011528383827,668.525117886924,177.93646517890917,474.68726182328777,400.09878662830124,203.7861846821422,375.3323107020608,348.60340968058966,134.1898776284988,208.83271370403637,137.6523609038435,80.61882045943383,129.53747058907695,138.43445040071518,101.52136140859093,372.1212465221616,46.574745693187644
independent_20260430_173541,trial_001,subject_001,1777541745.7878973,1777541745.7878973,264537.3973621,1040181,001,0,0,1,8.601579444559112,633.6531015358274,851.0626330797102,95.68112287929394,626.2402559957849,845.2882324743474,14.216068254242195,401.8454000860492,894.7539034240042,67.74290666930968,402.9893696475523,895.5834922783775,-136.733130087636,570.3973168469607,704.7569793215831,-89.10012118275655,639.863412368736,420.35577810072743,-125.329080703649,577.3975445129335,305.0623102192411,-60.670700708202205,574.4405497876611,67.70149162578318,-0.23359650620795416,512.4868295814913,43.1017460688422,-13.570572736882363,783.167102965712,56.82607871681419,207.82025047143188,517.4263996504168,668.9941518304213,178.69427828138376,481.5936122382503,400.08465974938895,204.08275739542648,381.2519213277709,350.589222585938,134.52373740077627,210.6160646800926,143.66036036057196,80.75749431629741,132.1167442980663,148.02305770747796,102.19776606531258,370.7421889179494,46.06643618620723
independent_20260430_173541,trial_001,subject_001,1777541745.7978978,1777541745.7978978,264537.4073036,1040182,001,0,0,1,7.551233381633981,634.1520573862638,851.5281342056443,94.67073340243995,626.6968113894145,846.1289335789216,12.781344444960963,402.4044911358487,894.9971686390264,66.58038868689839,403.6002680707242,895.8504131864327,-137.6862969301829,570.5722698348343,704.8380176233059,-89.31931889720485,638.7575156330095,419.9432650903435,-126.36997483099107,576.1589550179417,304.86856361732333,-61.172025821342174,570.4307718470022,67.87628031583324,-0.5641911102855999,508.4075576913379,43.19555969987876,-13.854280275066518,779.0184129823111,56.63512073664554,207.31154457254453,520.367881236148,669.555213365222,179.7341247536029,488.9191703653342,400.3628706610355,204.27595485651628,387.3254042849009,352.65219968869735,134.52653922603744,212.51662011717985,148.7605362742615,80.50862207717945,135.3606273748332,157.9096757555694,102.93580053153123,369.50912418256894,45.62416318387545
independent_20260430_173541,trial_001,subject_001,1777541745.8078966,1777541745.8078966,264537.4173789,1040183,001,0,0,1,6.84944301687492,635.3851515463077,852.0208775356124,93.61587182206553,627.1352587825149,846.9093331094252,11.485245874665347,402.96445436935613,895.3469173669686,65.2224248543937,403.9541903568847,896.1573841620691,-138.61268511044884,570.4997438778568,704.8126807024734,-89.58760518025314,637.5775211227336,419.489019711875,-127.34487323171687,574.5318091967431,304.76849472367337,-61.359203280529066,566.3026594124701,67.91859071941302,-0.7616446703884977,504.1960991965038,43.32456811545002,-14.020268865407864,774.8123763109189,56.43108472213938,206.89571161012483,523.3313558987596,670.1356471781745,180.37154599375387,495.9759661001907,400.5556079738152,204.56560080832293,393.6221263182087,354.88923652648674,134.54277281851267,214.98680471467,154.71103109475948,80.17531111728297,139.76132861393816,168.34537452806381,103.61755362607482,368.4658707467989,45.12407512346143
independent_20260430_173541,trial_001,subject_001,1777541745.8184125,1777541745.8184125,264537.427548,1040184,001,0,0,1,5.787505713349692,635.6774572542674,852.3744027839231,92.5689692862202,627.3969763231663,847.6940028583895,10.255277381144024,403.31783696655805,895.5981674467575,63.931170847269144,404.20995833557475,896.418841765439,-139.3915230127008,570.1488580445179,704.7612183763719,-89.72780617328189,635.7232082361996,419.152950755591,-127.93959749379951,572.038306170359,304.7450231806978,-61.564637525079064,562.176708931019,67.9783792472399,-1.042009652098687,499.9102626159433,43.29734065621992,-14.290646911321844,770.6456527334212,56.297436430011416,206.46067671913522,526.2298058210519,670.7903370096899,181.1585908756439,503.36790242936996,401.06227620247626,204.7810436887339,400.076349638347,357.3781175427182,133.95589907827912,217.9871891178169,160.52535051988457,79.80890615239524,144.95508090637338,178.993448720282,104.10548649045377,367.31318948732735,44.32621605495522
independent_20260430_173541,trial_001,subject_001,1777541745.8284624,1777541745.8284624,264537.4374806,1040185,001,0,0,1,4.430713584427149,635.1904985932058,852.6591809626449,91.50341122658,627.6187731887601,848.4771120559585,9.013682979518725,403.5059473457896,895.7915215211531,62.81516788553687,404.46683396867405,896.5851235074434,-140.16408843350055,569.777195099223,704.6907383265572,-90.39975426746172,633.5350459631204,418.88876258375694,-128.31854130180434,568.9555653493888,304.72251650381514,-61.62869587156502,557.8877238651935,67.85811523515525,-1.2558961365440962,495.7702557776077,43.307782602581604,-14.457005619464399,766.5323181436302,56.18059575792075,206.16332432298796,529.1860393620628,671.6579062658836,181.9073234909605,510.78483579937847,401.77419386740786,204.94838724911148,406.61308565234395,359.9611134011239,133.82001709680245,221.27354778208138,166.60914647678533,79.28094034949196,151.41128338020724,189.58269791883527,105.09263433092573,366.78268899097856,43.66127322568352
independent_20260430_173541,trial_001,subject_001,1777541745.8388531,1777541745.8388531,264537.4480626,1040186,001,0,0,1,3.3678652293630114,635.3103432221296,853.090727985817,90.45525310693726,627.6548585411745,849.3142315858407,8.046012332630648,403.63874771146624,896.0430461288129,61.520288185127434,404.538300351734,896.7438413035843,-141.03438460351262,569.090261269119,704.6889578360185,-91.42784634844965,630.4408458937396,418.5146182837438,-128.55603580883547,565.2489833906534,304.76203761273115,-61.78827791183011,553.7388382753879,67.93406817388788,-1.3676763855774776,491.5671573516386,43.37648655743078,-14.735830572354939,762.3812149999308,56.05847615678452,205.90594415104377,532.0928577703883,672.5197060267225,182.84813017611648,518.3789436811355,402.8619180907283,205.45067889803454,413.11282385446674,362.88140145921676,133.61721814803835,224.88983323279132,172.44074299051297,78.29388757815686,158.65107519216218,199.8202561261326,106.01385036916663,366.02223951114706,42.75574133177865
independent_20260430_173541,trial_001,subject_001,1777541745.8478565,1777541745.8478565,264537.4573386,1040187,001,0,0,1,2.2802297062353407,635.3347261299632,853.5148837598491,89.39077945850175,627.7212892450433,850.2232740539326,7.018062769275992,403.60733308388143,896.3126429026257,60.69256365959646,404.40201716691956,897.1440173120003,-141.74066902314013,568.12997141561,704.6346742481646,-92.78800714775265,627.9873043786575,418.1145396210836,-128.70891950927273,561.1948010457467,304.783878275277,-61.78571971902524,549.493084625617,67.98676737586312,-1.4147888336937222,487.3339217757469,43.47589772222342,-14.922828358525669,758.193811164577,56.01310874638436,205.66290666368923,535.0561823242685,673.5449121097121,183.37519736587862,525.5667206998892,403.88289493975276,205.5772490940562,419.81107984168005,365.538688537353,133.35343079835275,229.12656748645514,177.86676445521772,77.08116827117706,166.31815720695246,209.26344670074624,106.95166770799597,365.6163021732211,41.770337059363214
independent_20260430_173541,trial_001,subject_001,1777541745.858489,1777541745.858489,264537.4673517,1040188,001,0,0,1,1.5205562664779504,636.001474830943,854.1993235706666,88.3276812153949,627.7425373337653,851.2252871390053,6.0014205228950575,403.52465656364507,896.6207140392692,59.59587785271168,404.42942585313455,897.3633897929874,-142.4385925511036,567.0433156294721,704.5685653548335,-93.68040854434689,625.1378682704621,417.797810477926,-128.97574764804784,557.32912943942,304.9011397434798,-62.00043454893211,545.416897939797,68.14754159272243,-1.6453851862719275,483.129577841311,43.54010066039186,-15.117579660501962,753.9926031520257,55.95248198198146,205.50134123011,538.1295923360092,674.672137484415,184.00516570150975,532.8435747143177,405.182164769648,205.15592419226033,426.6467622991757,367.7456407220361,132.83898996803063,233.67786254433443,182.7278132563752,75.24049888978384,174.06592872343597,217.0451398937308,108.58807893994772,366.49752500047873,41.815058225099385
independent_20260430_173541,trial_001,subject_001,1777541745.8684862,1777541745.8684862,264537.477469,1040189,001,0,0,1,0.47466064672911,635.8969176395119,854.7742162717691,87.27513262039068,627.7156501480732,852.2542097134015,5.2740219470428045,403.3579743386491,896.9705205282817,58.89790375214564,404.229175699824,897.7703509866498,-143.1929662435663,565.7725768294493,704.4438525170848,-94.44296345965391,622.5148229858015,417.5320725605053,-129.27661483428494,553.873294164167,304.9686123082133,-62.164538590780914,541.1595607513854,68.23359039432461,-2.014934516561617,478.8763538300369,43.60275092480382,-15.409088638237687,749.8642147242041,55.930144737950926,205.28703365137505,541.1782677611129,675.8236450798692,184.76658774687996,540.0683769859359,406.73736906085634,205.52699253326998,433.1537781174694,370.59433882980284,132.33229467499368,238.5708932359969,187.0531977892626,73.1021153233792,181.0683092923143,221.54971209127703,111.10628298050852,369.3657227717424,43.27996703801481
independent_20260430_173541,trial_001,subject_001,1777541745.8787982,1777541745.8787982,264537.4876649,1040190,001,0,0,1,-0.9646902231245232,634.8951448540586,855.2564562031313,86.1852499283186,627.5906563886682,853.2685205227604,4.389459324852114,403.01240690525515,897.2272421589626,58.032666740843105,403.91736834261104,898.1093656569437,-143.75534371052564,564.4644779326724,704.3965604415786,-95.03663799962361,619.8199072233899,417.1864654683515,-129.75167861990047,550.5726891323263,304.9696541813896,-62.40966405183438,536.920650905929,68.31091568856753,-2.197242288636521,474.56794899139663,43.61155091454922,-15.593149081300464,745.5796266236583,55.862174335457304,205.11037669510495,544.1274862974383,677.1127954140057,185.1641742765939,546.7208136739198,408.0988617725709,205.53719758111686,439.66636399601117,372.874777757493,131.02634191356665,243.71180769514055,190.42446005803245,71.04546663468966,186.74506667618274,223.63590700065754,113.374935808669,375.0099584008573,46.223703364976146
independent_20260430_173541,trial_001,subject_001,1777541745.887818,1777541745.887818,264537.4973261,1040191,001,0,0,1,-2.064772712415592,634.5348246233492,855.8292564447183,85.09405526182975,627.3899673082668,854.2974243592936,3.644802811810004,402.6445791469557,897.6203707689848,57.37922373847758,403.5938324302867,898.5621564753661,-144.2937710806154,563.0641049303113,704.3197801521258,-95.47400453569888,617.0509123978761,417.0532500322574,-130.2589118467668,547.6615908271639,304.9693963933391,-62.52867725660691,532.5191542607491,68.21970616960529,-2.2890719379439473,470.21355102365925,43.715783897139914,-15.85477661107082,741.2888326160951,55.872284440214855,205.0725089480813,546.8922897464431,678.5165688349172,185.59261269628936,553.2506745104315,409.6785202628062,205.53667942740827,445.98719695047754,374.94242837666013,130.16804160063495,249.78621112832926,192.92640234500027,68.62566805966406,192.56310491892674,224.516007414483,115.26186242600166,382.68293664996975,50.26015996625967
independent_20260430_173541,trial_001,subject_001,1777541745.9013193,1777541745.9013193,264537.5109337,1040192,001,0,0,1,-2.826052822691342,634.7947888622224,856.4083561575603,84.04397488625006,627.1675867073005,855.2987173951901,3.0545395005010443,402.1540211567703,897.9669544143316,56.802503110207056,403.2794642150572,898.9388656526083,-144.8609053222448,561.6945698565322,704.281736342364,-95.94064586516146,614.3183667347347,416.7564863110096,-130.80688419063983,544.646119290103,304.89075494588536,-62.73741726901346,528.2131421562174,68.36380112475705,-2.4720307526844234,465.8778689970742,43.84794620949742,-16.05688235787676,736.9012249514756,55.775834008221636,205.03137388314002,549.4415258019897,680.0351252527001,186.0994724530538,559.7691524592863,411.31413838537355,205.58668335676214,452.11591016362416,376.64930483445437,129.43108024888718,256.8163572009025,194.49893357319,66.48428296282943,199.09824998702808,224.45328473136576,116.9211714608245,391.5178516888699,53.74359267173918
independent_20260430_173541,trial_001,subject_001,1777541745.907838,1777541745.907838,264537.5171626,1040193,001,0,0,1,-3.9136197143787617,634.2351353047286,856.871632977711,82.99807875518307,626.8670007920795,856.2836705928538,2.4145829739581934,401.6739287915672,898.276263268226,56.13010100126406,402.78089081304853,899.3986241901048,-145.42549509897609,560.182647712542,704.2339055800935,-96.27039911867172,611.5840419195636,416.38193695507886,-131.26260335146756,541.5438739169049,304.83817088153705,-63.015638405882314,523.8087789185397,68.47218288017417,-2.6714990644734558,461.6015263219422,43.95643536406181,-16.286593163814974,732.5205475730024,55.8738708247335,205.0094006679175,551.7716229688563,681.6587930822124,186.2992417901714,565.8319089540239,412.8478625952367,205.38645515397008,458.2634891725368,378.08326801304605,128.58666656389983,264.2018830691506,195.14454013303765,65.53653352696834,205.95243045136286,223.36020775132434,118.19347965704083,400.6673561440587,56.197005601204474
independent_20260430_173541,trial_001,subject_001,1777541745.918433,1777541745.918433,264537.5279405,1040194,001,0,0,1,-4.910611459982803,633.5911832048688,857.3214138180481,81.99173938051253,626.4265014387686,857.2092240860915,1.820416260860483,401.1075498641657,898.7253042721759,55.469191994786186,402.29918333085004,899.9439255589033,-145.93128350633674,558.7211064912141,704.163787419479,-96.67231223878906,608.6796092269094,416.06744725162343,-131.66255286221718,538.1624769592462,304.8749756896721,-63.205494482451904,519.4967656522279,68.560551256247,-2.9176350388456163,457.17128426150236,43.96658445090888,-16.498763044072174,728.0346895341078,55.89969774812434,204.96955606969368,553.8946178979231,683.3172981561969,186.6029134771624,571.8951388345702,414.53201541338206,205.27905372561594,464.42422439870546,378.96647150132935,128.11006504803905,272.1893767852062,194.96109517709996,64.80362871833167,213.1906975060017,220.97301957844155,119.61964360040574,410.92906029493565,58.197580710601606
independent_20260430_173541,trial_001,subject_001,1777541745.9283583,1777541745.9283583,264537.5372236,1040195,001,0,0,1,-5.89584494103659,632.9068845566303,857.7296063799266,81.03896552794518,625.9541363730142,858.1422324318428,1.1665919100753543,400.45615682327946,899.0614208468085,54.858765700542115,401.7055778016258,900.3782480774133,-146.34105268095104,557.2771295732949,704.1414547231215,-96.92801271831316,605.2731116538844,416.0249649634792,-131.9545510888916,534.4574307234145,304.91661789166693,-63.439314228454506,515.0092839613086,68.47543353405668,-2.987807253728142,452.7077075992553,44.12259754950443,-16.692624843936542,723.600154063162,55.8773487879487,204.9684213837772,555.8335709503203,684.9474256995594,186.8858155924639,577.7766077020186,416.33273518894975,205.11885354869935,470.6091273267199,379.59230440566984,127.6553456030978,280.5784413929638,193.68627690039267,63.80271137558612,220.94272062232582,217.83374191002076,121.92579088273908,422.49568798533295,60.07737313921893
independent_20260430_173541,trial_001,subject_001,1777541745.938369,1777541745.938369,264537.547248,1040196,001,0,0,1,-6.811056127202137,632.2033703447595,858.1677984650153,80.0990146307113,625.412718506933,859.0274892853059,0.6911044477662113,399.74231760667766,899.482934361321,54.35019761085514,401.19282001202606,900.9373503660753,-146.82996709043974,555.5244255758292,704.123668391915,-97.41509739087812,602.149937329653,415.87404975143994,-132.1751074557237,530.6694251725202,305.01114912751507,-63.550671420578084,510.4884706989309,68.69227317772936,-3.3052573119902426,448.25643278960905,44.126912482876186,-17.01311358732083,719.1202843931698,55.8741854247265,204.99593515369344,557.6116684925908,686.5119306793326,187.05130579330717,583.4622666235497,418.1626093736568,205.0351247188154,476.8169033923439,379.8997747633359,127.22856825620177,289.36799590263416,191.5538762284224,63.23629075111841,229.44988707121365,213.48505782168462,123.43352527742036,434.0606619491816,60.96302812110463
independent_20260430_173541,trial_001,subject_001,1777541745.9473681,1777541745.9473681,264537.5570864,1040197,001,0,0,1,-7.7079684651909535,631.3633500405372,858.6007986340483,79.22718806113988,624.804348197357,859.8914918489588,0.09623477015248463,399.13483326590443,899.7814405314745,53.865242834217156,400.47809397500714,901.4799246901699,-147.24121069824096,553.8029124729383,704.0643623564163,-98.01816062585499,599.1281282091844,415.57961471362523,-132.3887682203879,526.7998520107739,305.1828441202352,-63.78354861466559,506.1540496648933,68.8538073338614,-3.5391332702541014,443.6850170404595,44.161860240711434,-17.215075098864954,714.6404129356463,55.832139770440065,205.0530131549486,559.1838329631399,688.0775803480324,187.3210682462633,589.1432745821871,420.0505933168888,205.13590754119247,482.93409074346226,380.07016586896236,127.19307407948503,298.6305657390009,188.66298589638942,62.72843822405565,238.2797124610965,208.19134489910624,125.70499339795552,446.62082569735213,61.77676289807575
independent_20260430_173541,trial_001,subject_001,1777541745.9583454,1777541745.9583454,264537.5672109,1040198,001,0,0,1,-8.499491224220224,630.5555408663207,858.8968775847536,78.4553102695013,624.0198623344461,860.704397202355,-0.4292381050416312,398.3251155322388,900.1275704900422,53.300928443950866,399.7051570556966,901.8900476464513,-147.67237453100137,552.0534942830786,704.0090010439026,-98.59842720347201,595.8269159637294,415.33178316845476,-132.77795466053792,522.7538513640868,305.3425162904501,-63.84511657521311,501.6347958155753,68.83877760858357,-3.6897085298197956,439.2376409341313,44.341067608105206,-17.354602236744565,710.1929070366186,55.7572509871113,205.08820963551614,560.5711379195145,689.5971129727023,187.28773869322873,594.309107897061,421.7719524836193,205.22180355513683,488.89113270297827,379.99807791359177,128.4189915455283,308.08705706424263,185.8853905249567,62.46222293488687,247.61645874417175,201.88503063135715,127.64131100917733,459.78082471284546,62.39850384660309
independent_20260430_173541,trial_001,subject_001,1777541745.9683654,1777541745.9683654,264537.5772799,1040199,001,0,0,1,-9.238583861799079,629.6252335387607,859.1788556394938,77.69077438577959,623.3348434637007,861.4479825456982,-0.7610710758900808,397.4100839990723,900.5346515302183,52.71071397472152,398.98554611325505,902.2619542034716,-148.07573428449305,550.2674492545017,703.9337405942446,-99.1564402154139,592.610670582151,415.0535874180382,-132.84201309273988,519.230701464831,304.99292848369555,-63.939710592080864,497.15957719272234,68.8367307569694,-3.9049734878854987,434.89505995355063,44.33116472618693,-17.648445845091885,705.837884303198,55.80425097182887,205.19958913659315,561.7624251520616,691.0676696748579,187.46007028425893,599.3428758396033,423.60216386911515,205.1851249355493,494.6416081208714,379.7122190148824,128.73865572918817,318.4577743590833,181.49774795735428,62.47567707313719,257.4503602044392,194.64680493068693,129.94943800366318,473.8473285290352,63.00136024275139
independent_20260430_173541,trial_001,subject_001,1777541745.9783611,1777541745.9783611,264537.5872508,1040200,001,0,0,1,-9.935530069848518,628.5819320219772,859.4704735295907,77.01527525940566,622.5026942834281,862.1103082893911,-1.2425352465456305,396.4754842364093,900.716008116579,52.3983947288145,398.04460344323905,902.7039675108666,-148.44053950312184,548.5406565725615,703.9400123001735,-99.6656698598129,589.2769279543058,414.8397822789548,-133.25659477852273,515.3342519608746,305.4197681530159,-64.1115549283541,492.87759723045997,68.9978213583708,-3.634918579906739,430.79058676358505,44.186613565312484,-17.80836823434442,701.3721130898859,55.726810283296544,205.3032339094473,562.7801799308629,692.4885982459273,187.64522841619012,604.0788410247392,425.44302067286884,205.33988310850236,500.35348850531193,379.22929526474707,129.12671776841162,329.26269827856146,176.3354273243957,62.675956642644266,267.9822547632784,186.53737986991575,132.43687037039348,488.87151248680885,63.54329344689937
independent_20260430_173541,trial_001,subject_001,1777541745.988364,1777541745.988364,264537.5972638,1040201,001,0,0,1,-10.569915883700657,627.5450164387753,859.641651893304,76.3677763092969,621.6358462159785,862.7548867107519,-1.693014360821101,395.5558033662233,900.9857622531168,51.938039089878245,397.18887096683915,903.0324771305555,-148.71333318126028,546.5923621593276,703.9107270102393,-100.02178831043574,586.0378677210265,414.6787567102753,-133.6009809999471,511.72956250690174,305.4594736431379,-64.134455484062,488.4862518621401,68.9047464064556,-3.895128131251196,426.31782966012463,44.2990579795384,-18.024060733635228,697.1010434061043,55.70655619313073,205.44489367787935,563.723286310066,693.9240546536344,187.90436151803019,608.4986383750824,427.25544205184,205.54215745672184,505.92261970457105,378.42332709120757,129.75581753507626,340.5643916435574,170.6480821579728,63.33692248039496,278.84194197140704,178.0792308591179,134.74521562291037,504.1277344516779,63.71982157663638
independent_20260430_173541,trial_001,subject_001,1777541745.9983618,1777541745.9983618,264537.6072356,1040202,001,0,0,1,-11.195810846048644,626.4255947244424,859.8139010139815,75.74469008578362,620.7483834084376,863.307754373338,-2.0587710460920774,394.5098267517315,901.2143045665389,51.708376327839154,396.3193651199434,903.3175247020711,-149.13437510045898,544.7368127850654,703.9102999228495,-100.32731854276214,582.7725275565314,414.5157295963724,-133.97611669553405,508.02188469839257,305.4933684545275,-64.51252760402971,484.0521899081651,69.08632642228507,-3.8766146873701763,422.04394291555303,44.37192156439859,-18.224316658635658,692.6980290954162,55.6488741687548,205.6804929281837,564.602550986121,695.327549937338,188.09369870732806,612.6173190564332,429.00781972370515,205.726419825464,511.3649837791051,377.3379224583601,131.0322399803332,352.31284458368725,164.568980799313,64.16867202842867,290.4206376288603,168.86365231203098,137.2152051504975,519.5418366454388,63.59094099844685
independent_20260430_173541,trial_001,subject_001,1777541746.0083606,1777541746.0083606,264537.6174004,1040203,001,0,0,1,-11.766129891054996,625.3064615745348,859.9660310723768,75.16787454019322,619.7356210925205,863.7917012553687,-2.344127976243729,393.5029422847468,901.4508887092453,51.46382515957779,395.3069436846713,903.6387501239468,-149.37671372402772,542.8537162348523,703.8239770974019,-100.65462742258305,579.1276977006903,414.35805160130485,-134.30358162629446,504.3728186948178,305.5730989370094,-64.40715056765127,479.7707547218105,68.933651447725,-4.8452642505152435,417.4893393440574,45.039055392009224,-18.467712951085065,688.4132412426103,55.6166752741622,205.8984889429422,565.3648459881662,696.6607962904362,188.51967596378213,616.5389568020057,430.79642791010303,206.14892712225296,516.8012876577229,376.05205496470194,131.61027418203565,364.52038280589767,158.01142949587114,65.0008780181532,303.00423551258586,159.0678238908882,139.92114753848736,535.2697160714345,63.26924145652568
independent_20260430_173541,trial_001,subject_001,1777541746.0178707,1777541746.0178707,264537.6272499,1040204,001,0,0,1,-12.310785542990002,624.1926603431252,860.0500534884015,74.58943964055366,618.7981117884075,864.2628110760085,-2.4298575374613534,392.3902379465519,901.6951399674043,51.18167748960336,394.22120436571845,903.9387850991855,-149.6891675414707,540.9067561744174,703.8093673745107,-101.03183973584514,575.6458822782553,414.1441928132634,-134.49183149214952,500.5947753196692,305.5976424486589,-64.73606283797416,475.51501035657225,69.2188257434811,-3.9601920819471874,413.15246592911984,44.09633295481133,-18.838684655882815,684.091780056917,55.62854623387587,206.12748117632052,565.9467312012492,697.9323544335139,188.5678517553236,619.8693967422828,432.2960320730427,206.55911476734738,522.0102241242704,374.62528025546357,133.2712926299778,377.3345279073557,151.31424829115406,66.12276808344153,315.7823158808056,149.71393374241666,142.8658417354851,551.1796560397718,62.78030292283315
independent_20260430_173541,trial_001,subject_001,1777541746.0313845,1777541746.0313845,264537.6404568,1040205,001,0,0,1,-12.85623294624345,622.922907956606,860.1483825306959,74.05971533152834,617.7271412735878,864.6091372214133,-2.810976252484972,391.3443313883228,901.8509805444536,50.7097144748743,393.2076336700386,904.1973492456689,-150.0083028937574,538.8929435337473,703.6796081241728,-101.5189131178432,572.316642930243,413.8947179502487,-134.8389454276995,496.8819084314783,305.690484649418,-64.79114772704081,471.23909114148836,69.00370046019898,-4.00948705386491,408.95325886534397,44.13335774614043,-19.028434434679777,679.7995670389935,55.59116196912768,206.29486774165616,566.3252855688642,699.0848903617524,188.8196134041809,623.0812514937842,433.93582859819406,206.8883401328636,527.0916470991361,373.10252471637375,134.58871985694196,390.40204024323765,144.49047292259294,67.23947811939276,329.5922805957033,139.6681150366167,145.92853052519928,567.5986883476046,62.27023619115209
independent_20260430_173541,trial_001,subject_001,1777541746.0380633,1777541746.0380633,264537.6470124,1040206,001,0,0,1,-13.335828106495091,621.7344752285037,860.1653241768205,73.57520245809265,616.6158147446828,864.8936448555075,-2.9649371548825103,390.0845349510754,902.1541434194132,50.60272961603303,391.9933221168941,904.5701098100967,-150.22007608051277,536.7493475676276,703.6410752680277,-101.98087818940472,568.9063012114103,413.71176394674114,-134.96093849764375,492.9596059295142,305.65259058725417,-64.95918026944082,466.8924536432946,69.01258535909705,-4.206396173604144,404.67498663110723,44.16986938806562,-19.27877451531372,675.5348502899552,55.574721650602946,206.48012910349703,566.5051395465218,700.1966837301335,189.07420587187488,625.9570838534016,435.51084922008124,207.29325119717703,532.0151316228413,371.5448425443547,135.53614511177193,403.8657997592638,137.27787698716762,68.46264762171958,343.7585297484658,129.84436970290562,149.23579772116892,583.9014366633576,62.03764624029033
independent_20260430_173541,trial_001,subject_001,1777541746.0480666,1777541746.0480666,264537.6573071,1040207,001,0,0,1,-13.820401525807998,620.5550654641451,860.078577271946,73.08387724470356,615.5643798945323,865.1114807162741,-3.21883475697354,388.95143577836086,902.3522350373106,50.421546591074865,391.08772152159935,904.7665846169456,-150.3518967476243,534.5429184346702,703.52069573733,-102.48243786628677,565.5332754945075,413.397736823982,-135.25252459231933,489.2327982431214,305.76815136962364,-65.00924866718813,462.5732765150784,69.03548471075577,-4.833153547963505,399.87754791840536,44.44079162288088,-19.514273568146113,671.2241678105472,55.53978455867536,206.72940528266034,566.5544241862867,701.210075864521,189.4534472658387,628.6111171746851,437.1921844840355,207.56050151327503,536.7924659387804,369.87614844373894,137.4285749332373,417.7520020984248,130.42202835528366,69.71077386060674,358.5688168895365,120.15051472774897,152.5309805369023,600.3933693528558,61.74924576154948
independent_20260430_173541,trial_001,subject_001,1777541746.058063,1777541746.058063,264537.6676221,1040208,001,0,0,1,-14.315943600197816,619.2305725472395,859.9806164916049,72.61076531346535,614.4719735485974,865.2614799339237,-3.240691989655742,387.82223071537857,902.5383926189264,50.46616634636011,389.98484356049005,905.0072084566937,-150.60594774428162,532.4837366268534,703.3786216444836,-102.84406256188095,562.2409526260162,413.1047952084327,-135.43366186690713,485.44367192142613,305.76460865057044,-65.15817568471334,458.2215319275261,69.01362283100323,-5.081035854932924,395.6001683729013,44.42707523575024,-19.69718225072566,666.887245149919,55.487546665428724,206.99352874286356,566.4787466656687,702.1609425203557,189.47596129465742,630.7270891064536,438.49914062374495,207.96331032848389,541.5299441508744,368.07997432916585,138.49246031565764,432.0896319469508,123.49201875306859,71.15828013595738,373.5631454806795,110.67380661999539,155.85365752305484,617.0956265251326,61.88840985037303
independent_20260430_173541,trial_001,subject_001,1777541746.068583,1777541746.068583,264537.677513,1040209,001,0,0,1,-14.776048584259135,617.9078526101499,859.8516068377309,72.14150041837888,613.3808163595809,865.3754754964584,-3.219926393641945,386.5907117679736,902.7233318663432,50.18750533272551,388.9022282291013,905.2194434220576,-150.85052695324592,530.3149180776624,703.3025934743138,-103.11780474923955,558.9886494953037,412.88541273251155,-135.6083287919538,481.71280303885106,305.78321202143576,-65.24859178021522,453.89845695668214,69.03558655338787,-5.495041910837868,391.0631106971396,44.70312868704297,-19.946671263413688,662.5976590870624,55.48325214727153,207.15562722964708,566.1994429802107,702.9544139328123,189.6888906068312,632.7469785464484,439.75441815694563,208.36968763807153,546.2447684436232,366.2748401650523,140.71156970847727,446.58730952403056,117.30104019770056,72.53459042585793,389.3880904048401,101.53309404962015,159.06904591917427,633.6714814518899,62.00900980424351
independent_20260430_173541,trial_001,subject_001,1777541746.0775783,1777541746.0775783,264537.6872352,1040210,001,0,0,1,-15.265696240915082,616.6241364429761,859.6967261674591,71.65299744395531,612.3010219152508,865.4518726169252,-3.4574048799171644,385.50647234454465,902.7361721196827,50.08900427522565,387.80764704418164,905.3210768209374,-151.0746572480344,528.2910480451201,703.0923923115835,-103.35161867207543,555.7970990562864,412.64594037291596,-135.80035266749655,478.212355102592,305.85849309784743,-65.3751690021915,449.65808687359703,69.0687165729822,-5.549013656560971,386.7382862303546,44.85603827750924,-19.94370744123324,658.3749211272533,55.33957971758187,207.4213790654453,565.8839000895194,703.7359907821765,189.86362414118432,634.6210940781639,440.94455030228664,208.99495111365954,550.9401277530197,364.4520339869807,141.864348712852,461.35746560679263,110.97721389273211,74.08836339908585,405.27851453845136,93.34203440028153,162.2389786852553,650.3221330103114,62.404243321905845
independent_20260430_173541,trial_001,subject_001,1777541746.088434,1777541746.088434,264537.6973034,1040211,001,0,0,1,-15.780320945825851,615.326797957286,859.5611308385625,71.16525888511266,611.2908716418136,865.548220721577,-3.4093893259722603,384.30562623710466,902.8758165907013,50.15989435162965,386.81057102693495,905.5321291592013,-151.28735903439943,526.1400990114992,703.0543460335954,-103.69435592393516,552.7496852386017,412.4771098692572,-135.92511745524072,474.59001115458847,305.93824931493504,-65.59530482720673,445.1420910692233,69.08185079601553,-5.734863515713943,382.2964987295087,44.777951327523546,-20.377872225631915,653.9440149466093,55.404567914272775,207.6523271385307,565.4481774136011,704.3295163768983,190.19348921980804,636.4321129012625,442.1203691853513,209.50882551657546,555.5615646931001,362.3591004739676,144.0819540867027,476.193762772094,105.5927311909756,75.37139820969685,421.0524613607297,85.5490137155364,165.1997010148935,666.7560338657133,62.98932476459503
independent_20260430_173541,trial_001,subject_001,1777541746.0994494,1777541746.0994494,264537.7088017,1040212,001,0,0,1,-16.287499035932672,614.185294896686,859.3837400294065,70.66456399472548,610.2976856340913,865.5566846341053,-3.318322139217235,383.0968157485831,903.0648039012848,50.15766151585963,385.7298434409563,905.7237260109264,-151.43974685198893,524.0006699232696,702.8074564054522,-103.86617614216759,549.6780351820564,412.1928891343701,-136.09593693502242,471.08637815247573,306.01748477199106,-65.7797398187147,440.81874251043917,69.22732400469678,-6.035478530317113,378.0477387555654,44.924024813703994,-20.415839577604178,649.7116983307284,55.25932502923659,207.84973760799718,564.912406832302,704.8715879532051,190.161544890039,637.7277186886677,442.97021772131103,210.21674758876736,560.343768947808,360.39158686340215,145.66186731585285,491.17134152780966,100.40785608393435,76.6458120462588,437.5252637876376,78.39796367319995,167.90793521217728,683.0545291791728,63.98448126718899
independent_20260430_173541,trial_001,subject_001,1777541746.1079612,1777541746.1079612,264537.7173116,1040213,001,0,0,1,-16.82707855989149,612.9539383638919,859.180049261414,70.13366520013736,609.3291987966838,865.5458101301138,-3.1842966918040756,382.1033428941272,903.1054925193217,50.1516441989437,384.73513977178214,905.7419617704085,-151.6529895987804,522.0878526505101,702.618419399883,-104.09529109499476,546.8030423874766,411.9357903507196,-136.15394849734236,467.49618098767814,306.03258152025984,-65.88659201125431,436.48944541608745,69.12958648964315,-6.2303659281665755,373.84368300967844,44.88142137973714,-20.85951714835325,645.2017735178315,55.29314900095941,208.07617268946703,564.3075908021173,705.3336840416424,190.3375486067707,638.9954658682926,443.8880313038681,210.873694729188,565.0050040790571,358.54663467268097,146.9045642748549,506.3502495189052,95.44069130453991,78.2063629320793,453.83077762747496,71.71536885286596,170.37545051536617,699.1932232214493,65.5962538314773
independent_20260430_173541,trial_001,subject_001,1777541746.1229644,1777541746.1229644,264537.7328115,1040214,001,0,0,1,-17.364973947284582,611.708371598583,858.9671108996542,69.63110138659056,608.3935980545361,865.4846715221508,-3.246629877325653,380.95456185326844,903.1675067764628,50.25600684308577,383.84185685620724,905.8861533499805,-151.8096259574453,520.0931281924114,702.4624730917385,-104.24063274946218,543.690348593414,411.6412836193685,-136.2790863086423,464.11839316414586,306.1157643556989,-66.02861524354687,432.11550838501245,69.23763056132758,-6.420415575811596,369.38332017287877,44.84429748769696,-21.048116496473277,640.9517391462208,55.4020728267643,208.34576904983,563.5917938533433,705.6887361426134,190.72621047622522,640.2762645826132,444.9006538011771,211.65526424548568,569.6762472316675,356.4800069920482,148.676894359302,521.3841402424324,91.3979801676243,79.9255451787066,469.7783445434597,66.04774004742251,172.27982317555754,715.0980048894943,67.74037211009087
independent_20260430_173541,trial_001,subject_001,1777541746.1284935,1777541746.1284935,264537.737533,1040215,001,0,0,1,-17.869237830877278,610.5462884830023,858.7359676766263,69.10811631772107,607.4895252537691,865.3543042262452,-2.9745461479148574,379.86859429149735,903.2196904937058,50.37329019568949,382.8349897166543,905.9938866542054,-151.90651933010867,518.0682858908032,702.3115636772434,-104.46308450625311,540.810761773126,411.3701558183482,-136.24652995594448,460.57165023586316,306.13893931958546,-66.08958665511506,427.73270452724694,69.32476386613405,-6.575626666925489,364.99835512482144,45.00962653248648,-21.18210459269187,636.5954731151362,55.31516543771599,208.63607723956625,562.8104409953644,706.0044012525178,190.73387102311975,641.1662561199863,445.5834737443952,212.48005041963992,574.1092190138759,355.30405077404413,150.35760248478095,536.223248508802,87.87011642304289,81.54735511447008,485.4403655690361,60.93395990317692,173.71989169636757,730.8664422461867,70.32275203698924
independent_20260430_173541,trial_001,subject_001,1777541746.1380363,1777541746.1380363,264537.7473247,1040216,001,0,0,1,-18.366485954411242,609.3494687901407,858.4751328039048,68.64932002027841,606.6551180336994,865.1790577028149,-2.842727722727005,378.8428138997348,903.1846392232798,50.95474672884951,381.99316014587845,905.8526083195211,-152.01365154885227,516.1304715615581,702.1784478491611,-104.63700267530905,537.6995137877924,411.10223558759833,-136.55711319025735,457.2218557830416,306.2082312824521,-66.26278196086143,423.4414961862339,69.27537291406988,-6.738030463412423,360.6307051050683,45.0286882131152,-21.374215556005296,632.2325963533445,55.24300125370856,208.9356106836413,561.9144402077868,706.2107037726755,190.88721668357496,642.1602635507976,446.39406778119206,213.08533691970942,578.4576597645327,353.8408385855468,151.94878680520412,550.8468628706565,85.01869440387367,83.38189339218965,500.8998315418077,56.62755480661198,174.68373868011648,746.1473362410773,73.00184232299901
independent_20260430_173541,trial_001,subject_001,1777541746.1485949,1777541746.1485949,264537.7575466,1040217,001,0,0,1,-18.82393668807243,608.2180427538403,858.2136968513324,68.20537294251987,605.8111156627432,864.9680847368811,-2.6117713778254386,377.9087859032986,903.1235995508719,51.300568480424275,381.03450992345955,905.7741980334563,-152.0802662249106,514.3190150290578,701.9571848325967,-104.86354423574056,534.8793573122841,410.81607993277447,-136.57802034316595,453.7136618047482,306.2583307904577,-66.37074131843971,418.9080545515177,69.31768914812164,-6.955926367588649,356.2064434208753,45.04242796794502,-21.58884943979363,627.763579043034,55.11442064885821,209.25539989284331,560.9979281738935,706.3249742272218,191.01247809711037,643.0671752991861,447.1619200729825,214.02786008982068,582.8608014352336,352.7316331927772,153.36045254813232,565.0935747178034,82.72012961438311,85.3274834314513,515.423774750133,53.13700380050098,175.25962234589625,760.9363477545523,76.22552824515476
independent_20260430_173541,trial_001,subject_001,1777541746.1596105,1777541746.1596105,264537.7688608,1040218,001,0,0,1,-19.243472216630526,607.2545217739215,857.9099857463103,67.77635562351904,605.033092337615,864.7375543430101,-2.3728741228967243,376.7979349023575,903.1555044501852,51.46349534961243,380.13108681050244,905.5441155854451,-152.13445847849528,512.5078801831932,701.7665758120979,-104.94215915192014,531.8997333522209,410.51588599461223,-136.72714428412132,450.44091226689136,306.311650389989,-66.47090797448266,414.542778481845,69.3519602864037,-7.110788383241031,351.8402683094052,45.20109864616821,-21.846484861878437,623.4008914636787,55.10873201203471,209.58004438999998,560.1756787254817,706.4484839052544,191.25562465006104,644.0782011714982,448.02892671438275,214.86202813519662,587.1007246303923,351.6641622490351,154.91437109025424,578.9009044194145,81.02017878355313,86.98385428132056,529.959092891609,50.054291072527185,175.5587541486223,775.0699578645576,79.93113925239379
independent_20260430_173541,trial_001,subject_001,1777541746.1676655,1777541746.1676655,264537.7771045,1040219,001,0,0,1,-19.627679810304983,606.0969805682035,857.6009522304131,67.39388256988454,604.3516771512868,864.4855075364429,-2.2076110497493255,375.98725739146994,902.8776017113822,51.481622016851276,379.47657221001964,905.4258805889502,-152.2119533788598,510.68018834639946,701.4594396571014,-104.97582778054935,529.0011393557487,410.192815602226,-136.66188779537788,446.8757849330447,306.37102225843523,-66.52620926915782,410.00174944979676,69.35153194889052,-7.284616587407267,347.41994880854133,45.136362231168164,-22.06988166637997,618.7761670112565,55.066457757227234,209.90225133967317,559.422380889523,706.491551966042,191.3131446413059,644.8404470919007,448.6421819668448,215.60526988055815,591.3015697596976,350.5943193516355,156.30562493719097,592.2775303228839,79.59516917585373,89.3373728343275,543.4992836075553,47.39423759709021,175.63249372398505,788.6147608936766,84.35196529590365
independent_20260430_173541,trial_001,subject_001,1777541746.1803145,1777541746.1803145,264537.78938,1040220,001,0,0,1,-19.98824567022373,605.1475770063153,857.2589585001388,67.08003236628457,603.5891714673722,864.2018765522814,-1.8311218763257018,375.0825110992441,902.7740612876578,51.70619938154305,378.7688941356363,905.2561582282912,-152.2235260022199,509.03142584677283,701.3073437561555,-105.0894197510208,526.2031186585618,409.97588065651144,-136.90407468650997,443.5085953031433,306.4046058271478,-66.8256144154683,405.5997553856984,69.55868165108106,-7.509186126685342,343.0452556731165,45.268051077778374,-22.179821319765068,614.6352896698776,55.07154230408386,210.19974314860232,558.7303510899106,706.5118485231294,191.187839304767,645.4186106818495,449.06010036650315,216.30586606818102,595.3033896149908,349.70475027472,157.79371693051021,605.263920313216,78.74689796082878,90.70788668691199,557.1307424464103,44.75987087441218,175.56231765456343,801.4915924213674,89.49097955536052
independent_20260430_173541,trial_001,subject_001,1777541746.1880343,1777541746.1880343,264537.7971628,1040221,001,0,0,1,-20.28464174805344,604.3071107097013,856.9043892182884,66.77401627295433,602.8868248673755,863.8678362548657,-1.5733850420323403,374.19035447523817,902.6339900220769,51.670891939718366,378.12393459684864,905.0840301236956,-152.27312551371122,507.34499024289863,701.0806064084178,-105.12333149216913,523.1434179636963,409.668413361927,-136.89941469636182,440.1430994059755,306.4354847261607,-66.84949002628215,401.27910854971674,69.51381934527464,-7.553185578667517,338.5763674580593,45.450845833137116,-22.421603394388807,610.095822664529,54.9824179206292,210.43465943135703,558.1814519465386,706.4794910617995,191.21018829396317,646.2564878911746,449.68257793142413,217.07262326361598,599.2272339045509,349.01042630357665,158.87260465354515,617.6360884095255,78.04965636276128,92.39425032735967,570.0773822036589,42.56993434937279,175.16038295389555,813.605939900011,94.98114586786049
independent_20260430_173541,trial_001,subject_001,1777541746.1980352,1777541746.1980352,264537.8074549,1040222,001,0,0,1,-20.552665174005153,603.3404930709486,856.5767714333205,66.5286251835142,602.3228369165178,863.5173756470912,-1.2697910576286633,373.5656462871196,902.5032615595208,51.96185962155067,377.4628403689564,904.8870507962206,-152.3112324790215,505.82615791270143,700.9013826487542,-105.22524519586705,520.2667095866327,409.3072433070496,-137.14254178201978,436.9063888105696,306.61070539282696,-67.0196354384118,396.76372907586165,69.59656453675062,-7.767087960379258,334.18111061832593,45.5167491297733,-22.570120175917022,605.7344825830796,54.91105843890969,210.62725164178173,557.737502959944,706.3902201773959,190.8863480815733,646.7585685808455,449.9637856146995,217.67591639764967,603.0056331843095,348.37134830332207,160.08369515601404,629.5484617242773,77.76920447428716,94.19888334170162,582.4168216206884,40.71614679459285,174.5509425113206,825.1341271500203,100.56786294057439
independent_20260430_173541,trial_001,subject_001,1777541746.2104673,1777541746.2104673,264537.8193797,1040223,001,0,0,1,-20.78749876887473,602.5495306447654,856.2146121269682,66.29422999959132,601.8111763317465,863.1729065523546,-0.8203107492574958,372.80137742843596,902.2744174000059,52.251571866786314,376.8303925502065,904.6598536596817,-152.22790589005024,504.24842238810015,700.7258356321161,-105.33347920746066,517.2679803696325,409.0220985227707,-136.95325305145855,433.26028243056555,306.51899864652626,-67.22401076060356,392.37912614241515,69.63108249675858,-7.886874860884121,329.78368041501346,45.600669083025046,-22.815925224925675,601.3175619977296,54.91055809565038,210.7160283565027,557.3644891836037,706.2136157117072,190.65818643798622,647.3867417617488,450.3353567238262,218.17573202788364,606.6323307998192,347.8920683088223,161.63994394210954,640.8323955457855,78.04670379606549,95.78566933135025,594.3271641570709,39.06827832172285,173.82165926428183,835.85688243278,106.24326145961702
independent_20260430_173541,trial_001,subject_001,1777541746.2174988,1777541746.2174988,264537.8270993,1040224,001,0,0,1,-21.014670149382354,601.7588848591311,855.8101253542676,66.0982171393316,601.3820000038028,862.8025211077536,-0.2603033446139025,372.20604406118645,902.0467032070076,52.59752596778228,376.4463157474832,904.4418471113579,-152.22187966892452,502.71809636492696,700.3888071495227,-105.56620665205894,514.4035816878513,408.6853977841883,-137.15276733728354,429.9924708140894,306.68383750875705,-67.08697828794621,388.3422722136339,69.79191465766115,-8.12202953884325,325.31411164734897,45.60271308304528,-23.049548156683176,596.907700065728,54.92495526959062,210.7494852571456,557.0913521561808,706.0057268399825,190.33022214287445,648.0224912937981,450.6636534670293,218.67908432807252,610.0846699607565,347.53033689476473,162.6851193756594,651.2203233394797,78.01550751253704,97.51662755162239,605.3426343749837,37.92645496815239,172.98075880108144,845.7945892653747,112.00431148178211
independent_20260430_173541,trial_001,subject_001,1777541746.2280083,1777541746.2280083,264537.8373705,1040225,001,0,0,1,-21.2634189509301,601.032473581404,855.4121941537043,65.8894673135359,600.9580927235564,862.4107459140706,0.15093776105181625,371.66641809263234,901.842148209968,53.224138597552766,376.03037465651903,904.3105913955264,-152.13020433164513,501.1190681861298,700.2168741145921,-105.79043347289026,511.71229145013893,408.38609947151804,-137.36913272541182,426.72040880198307,306.78959717228923,-67.24712744742163,384.0302326224867,69.87690876239837,-8.405331297684917,320.8877833751622,45.755194725835835,-23.2037208899431,592.3573502376303,54.79686849746257,210.74785260477708,556.89987172604,705.7379500345548,190.02627256177988,648.5997987499661,450.9393628946485,219.08787082529227,613.3370922027838,347.20842124590837,163.7283196326226,661.231319473287,78.52750966756555,99.12633414318081,615.8394849544298,36.86891199251879,171.92059970113286,854.93100901332,117.49639811714407
independent_20260430_173541,trial_001,subject_001,1777541746.2380102,1777541746.2380102,264537.8471045,1040226,001,0,0,1,-21.454115937242506,600.4606129820367,855.0204266214532,65.67874129349131,600.7386401754231,862.0214414575755,0.6484116497691699,371.13464410247985,901.4325154257335,53.80038141949748,375.7900541044113,904.204499973316,-152.08939048581334,499.6491928620648,699.9273572637893,-105.81599140769826,508.79848524629625,408.0233180873327,-137.49207133076243,423.35306662614954,306.81211802720355,-67.68582632436757,379.23624877537236,69.97056703974815,-8.558778287729137,316.3980655794153,45.855315830548314,-23.41604525758599,588.0033909825707,54.74296130614436,210.7031339776525,556.7349864498877,705.3588582278826,189.6715271827459,649.1822953421686,451.123180325138,219.43848619314153,616.5395778618944,347.0181633538373,164.87158355568346,670.5315683270996,79.24037563079472,100.7498922260769,625.4426796762139,36.18375235713235,170.76530487419652,863.2594849066478,122.72902692995201
independent_20260430_173541,trial_001,subject_001,1777541746.2480087,1777541746.2480087,264537.8571057,1040227,001,0,0,1,0.0,0.0,0.0,65.49533790788973,600.5303385039088,861.6165850150919,1.3433105736735096,370.66691460865695,901.2032038360913,54.62860244265974,375.5266390821311,903.8536914524434,-152.02278362821906,498.23750668677206,699.6829209919593,-105.7374188501648,505.9454115107022,407.74021627344683,-137.4628498950812,420.0540839416573,306.9104810384247,-67.4147796769684,375.2534532472082,70.00044242850196,-8.816148109985617,311.95435498741205,45.901745840386354,-23.626376761824343,583.5919306070592,54.76762276214219,210.75539219585093,556.6655969128454,704.9246904190722,189.24187014793796,649.8193643800565,451.29926615852156,219.68491834263162,619.4200776844239,346.75462069774227,165.85385387593035,678.9933630942134,80.02112993035024,102.32707724427594,634.2454860685466,35.6865138382464,169.43141563184815,870.8311415007846,127.54155347435308
independent_20260430_173541,trial_001,subject_001,1777541746.2580118,1777541746.2580118,264537.8675317,1040228,001,0,0,1,0.0,0.0,0.0,65.3093802992942,600.404417385716,861.1718452576308,1.836128186642731,370.40138151261976,900.949247136346,55.045525071046065,375.3543576477535,903.4042328614867,-151.84345874061802,496.78386521995685,699.4294061573092,-105.88565199905915,503.24608836906316,407.43491621920725,-137.40034735537233,416.67741513805487,307.01645831662745,-68.01017984627113,370.47874211497043,70.10844869107763,-9.005353931452019,307.56243772589744,46.04664343928112,-23.851931506557577,579.1318090296332,54.75511016399202,210.7756258232509,556.6914965030727,704.4510988459858,188.80277095981674,650.5853690324732,451.4069912120448,219.48631387538666,622.354279016733,346.27703505744955,166.6582438176901,686.688291214333,80.77149933400648,103.84728730168422,642.1436784174148,35.34052911550482,167.87574899687775,877.6277924744685,131.81012982661474
independent_20260430_173541,trial_001,subject_001,1777541746.2695296,1777541746.2695296,264537.8789291,1040229,001,0,0,1,0.0,0.0,0.0,65.18876345579527,600.3411278111248,860.7619891830136,2.659039869851342,370.1010796802376,900.6463046351628,55.81871581122335,375.36138274641456,903.0284729193181,-151.7361803329464,495.4140653322906,699.1370435192903,-106.02363305534152,500.4047647763785,407.135470203796,-137.5026822558321,413.2941440064202,307.21294932750465,-67.96739635463187,365.93868071931274,70.15550385174531,-9.187771886778444,303.1419847533652,46.2462088759062,-24.045519720121376,574.6521313715946,54.66563439041194,210.889159529133,556.8434668971587,703.8940381217969,188.32598918239512,651.4654681755561,451.4362960856845,219.6286904957614,625.1036763118641,346.1377924822558,167.38084662152428,693.4762613774824,81.4740395228658,105.28463071533129,648.9956773154479,34.98215246153237,166.26649120198252,883.6930186018122,135.4987495511585
independent_20260430_173541,trial_001,subject_001,1777541746.2775302,1777541746.2775302,264537.8871443,1040230,001,0,0,1,0.0,0.0,0.0,65.04241224774097,600.4560146946678,860.3151903616342,3.446605052688882,369.9315814458384,900.3556885002025,56.34526993853346,375.36568594557656,902.6134230194581,-151.54000885543937,493.99458629418143,698.8247964857868,-106.22403013288125,497.6099987838257,406.7374594036101,-137.5880772500187,410.08628332698845,307.34408066618334,-68.24250324423517,361.583250336055,70.33714587715313,-9.449260771932895,298.63516603493497,46.2906660231187,-24.342452420183832,570.3719036642757,54.62178041007128,211.02583466301496,557.0928838785331,703.318088407109,187.8373678492576,652.446415462735,451.4416740600261,219.71064615800464,627.7136483742787,346.03173124531514,167.8480423017043,699.5271081796338,82.04598164722245,106.35873409630743,655.1249107145704,34.65313538086112,164.59407632672279,888.9098989156513,138.63474065541408
independent_20260430_173541,trial_001,subject_001,1777541746.2884328,1777541746.2884328,264537.8972965,1040231,001,0,0,1,0.0,0.0,0.0,64.94710411406558,600.4738211535214,859.8108246376797,4.050828624738507,369.86351447580415,899.8338589326158,57.401406888204804,375.3654850806794,902.1562790508651,-151.34933262209464,492.63467318949137,698.5577058346342,-106.38650337223902,494.9734560967052,406.3884385121865,-137.63841620643169,406.81292088614913,307.4588384736284,-68.0909867672304,357.65030105299695,70.41558632483485,-9.619183879170516,294.2163659624411,46.56983976338775,-24.411228542049336,565.7533795910447,54.468966995941315,211.24963185801337,557.5643034008468,702.6992664344491,187.27526144117945,653.5094971777825,451.33011968958914,219.73793786795073,630.2105555838502,345.8908193126694,168.20407393542786,704.7247910634892,82.47330499454213,107.42594463721821,660.1596747982262,34.23478748758478,162.81798559052268,893.3081454981586,141.19773893358666
independent_20260430_173541,trial_001,subject_001,1777541746.2980387,1777541746.2980387,264537.9071942,1040232,001,0,0,1,0.0,0.0,0.0,64.8222499653522,600.7356749971457,859.303856235295,5.109281946455605,369.7454698964303,899.476434716629,58.164113609772805,375.6211067123464,901.6282674349026,-151.19643725842627,491.27117517789185,698.240849601291,-106.490671647388,492.4622646386064,405.97421061577927,-137.51282690131134,403.63796745590486,307.57949296231095,-68.49776549876064,352.8948277161692,70.65808613359026,-9.80989906543817,289.7640043177636,46.674190620823126,-24.69926172680573,561.4908064508301,54.465990845850364,211.5274337077316,558.227214193702,702.0941878377362,187.1570475261543,655.1144761447845,451.32175036703046,219.78236750991303,632.6261957957703,345.6768714270331,168.29164447147804,708.9949478908421,82.69023978953562,108.15247826226312,664.3591003867652,33.75425592150602,161.02672299929654,896.9514805748117,143.0627136448969
independent_20260430_173541,trial_001,subject_001,1777541746.3076258,1777541746.3076258,264537.9172813,1040233,001,0,0,1,0.0,0.0,0.0,64.70696353410304,600.952182103599,858.7513740787576,6.082253709671409,369.8027558357798,899.043262538512,59.02925586702599,375.76186886342396,900.9939798357609,-150.9468701039014,490.0489910084257,697.9805045274936,-106.47937005671982,489.8511853523531,405.617131414371,-137.47726305122296,400.4298212922181,307.7044543820614,-68.64368291186922,348.4099390809573,70.91917944174813,-9.901380036728876,285.291766621435,46.877291387828286,-25.065023323068555,557.1074828229484,54.380372851870526,211.7870136769902,559.0663674014514,701.4825743988168,186.4716379267882,656.2173422066813,450.9181961790624,219.7529343433929,634.8429770106804,345.3649538274113,168.17972185643646,712.4770352010423,82.87246331909485,108.61274762663422,667.6587348139955,33.33169976166888,159.18132974242357,899.9081244041544,144.3192560662387
independent_20260430_173541,trial_001,subject_001,1777541746.3181424,1777541746.3181424,264537.9274367,1040234,001,0,0,1,0.0,0.0,0.0,64.57705465207665,601.3637333845369,858.2201201378502,7.059521141895299,369.8892270418217,898.5710526026766,59.90315134572664,376.17083324353666,900.5435090104462,-150.78409434157726,488.87067146410146,697.6608854923398,-106.5239921942559,487.48699251605836,405.3228091270421,-137.56196076191574,397.3961355816133,307.9502624681028,-68.79244214743991,344.1020356524123,71.09639116962329,-10.21544298170484,280.93518797516435,47.10335233265096,-25.288111092365394,552.630312492559,54.299056361965576,212.0474127017619,560.1446764829675,700.8722359826567,185.77107517390303,657.2828943205674,450.5245481302854,219.62215414859614,636.8675107855448,345.01212871058436,167.7654423691561,714.9270234849964,82.54986157852377,108.6228305203618,670.1340805062711,32.72979333555218,157.32647522017402,902.0959667738197,144.9092373053533
independent_20260430_173541,trial_001,subject_001,1777541746.327651,1777541746.327651,264537.9372336,1040235,001,0,0,1,0.0,0.0,0.0,64.48590987354379,601.7576066663429,857.5746457771215,8.11060676737118,370.06959638119616,897.9227042045209,61.08906232343866,376.6084794016553,899.8578643641869,-150.61448570163364,487.71489175114056,697.3789210679288,-106.68283307502371,485.0242549272196,405.05529204262865,-137.74701995896865,394.2586155731971,308.2153400648331,-68.65233538695095,340.1679849920059,71.29102584792766,-10.520192139471744,276.4223809582767,47.3017843620674,-25.5119129988247,548.197624944216,54.23193251964183,212.21668872064862,561.445918967331,700.2775672440158,185.4531180964204,658.8731892492561,450.0723989533679,219.38305564601427,638.598751460424,344.52099763296354,167.3032488482246,716.643002092392,82.18977081060106,108.54399064214127,671.5156679395677,31.896298873304104,155.51317610236612,903.5759920846646,144.9698326335249
independent_20260430_173541,trial_001,subject_001,1777541746.338661,1777541746.338661,264537.9476664,1040236,001,0,0,1,-23.230348781131468,596.9334935052709,850.9542891858945,64.40215051249741,602.4063449019958,857.0270772570365,9.33101545493788,370.29488826361046,897.4429808627672,62.189957329610536,377.21166889437956,899.206961230562,-150.27251518377483,486.5663346289911,697.0872867269846,-106.84184693753039,482.46086148765096,404.7715068582492,-137.79450462737708,391.0251070307133,308.43481524600566,-68.83544661077461,335.7696378591837,71.44909580667823,-10.654002703174454,272.01663495992096,47.58729407801086,-25.7306178316735,543.6924964293305,54.12615282998531,212.38557701105168,562.9731676445274,699.6841041174193,184.99215180837524,660.2859017114116,449.455921504361,219.07026381377293,640.0915425799725,343.8559251652417,166.59859949079473,717.567182502392,81.44608203346714,107.98160864593895,672.0902457109962,31.02045840954213,153.69513932887457,904.2422227596155,144.42767949981362
independent_20260430_173541,trial_001,subject_001,1777541746.3483207,1777541746.3483207,264537.9575949,1040237,001,0,0,1,-22.96962888519756,598.1080563033872,849.87417973319,64.32170860225406,603.1112316000442,856.4029441395974,10.52258078844492,370.7868082411783,896.9009091734117,63.480041238038815,377.82784600985764,898.5063941520227,-149.92820339246222,485.52612491961094,696.6912893550336,-107.03734015528632,479.7685829238271,404.45351981132,-137.76385093612137,387.78926271156945,308.72378338092653,-69.03387228710245,331.3730311472986,71.82081854120459,-10.964511771878225,267.6324322416448,47.79076385499245,-26.036522137674126,539.2819076097484,54.07922645532058,212.52522385228195,564.6693061020137,699.0350933546173,184.45918558034361,661.6278486412955,448.65955315333684,218.6011338011046,641.3459472572147,343.08273193095664,165.5848012862602,717.6596509762435,80.43201522876896,107.21763621365766,672.0032852700581,29.889314850111347,151.89839534241713,904.2619038713941,143.2212691563813
independent_20260430_173541,trial_001,subject_001,1777541746.3576612,1777541746.3576612,264537.9671547,1040238,001,0,0,1,-23.009952501256766,598.5250153379335,849.1661494115659,64.34335717777047,603.941526096933,855.7742096111142,11.793381502181212,371.3292074253431,896.1686079347268,64.51290112949077,378.6084453364956,897.6565411907841,-149.5547675218503,484.54512821650104,696.4423832605821,-107.13561489156345,477.06728447872575,404.11467654432414,-137.77665008157638,384.6528911850763,308.974055658474,-69.54449204236211,326.70546001762665,72.31739623579766,-11.297215966460717,263.14301549170403,47.92053333422599,-26.26036745233005,534.80956081941,54.02865368105892,212.6578190141009,566.498234251979,698.3151152322976,183.84770185963842,662.9884647940823,447.7452024942832,218.0365641040096,642.4095293034725,342.19434983776677,164.55861100199147,717.1210784866184,79.16595445851127,106.46330994423603,670.9475421992355,28.651119348441384,150.01523299966797,903.6881882101105,141.48076507638615
independent_20260430_173541,trial_001,subject_001,1777541746.372489,1777541746.372489,264537.9813449,1040239,001,0,0,1,-22.960287183506,599.0840061870704,848.5401339473899,64.38311620833889,604.8355232070489,855.108004450121,13.06874256238611,372.07830449620303,895.5470437740603,65.85770242114471,379.6812018508839,896.973530718153,-149.2233488999314,483.54741093582254,696.1815005239447,-107.2745789594554,474.4570529954366,403.847678407919,-137.65300811603194,381.36922003450616,309.34271103303485,-69.40317233579519,322.5849153706981,72.31119115939418,-11.390142478803439,258.6577883824372,48.15035794454729,-26.482537744597654,530.3411350626859,53.9582919118287,212.77439922486957,568.4666931324737,697.5296442029338,183.1781033504402,664.3159109445135,446.67826445629004,217.38361244845862,643.3395089852187,341.19670606615074,163.45670302804214,715.9065615199627,77.79784997972423,105.41116970273586,669.2047009465571,27.878337447617476,147.85339986400447,902.6414715844405,138.98702094992117
independent_20260430_173541,trial_001,subject_001,1777541746.377703,1777541746.377703,264537.987369,1040240,001,0,0,1,-22.89767142263597,599.5744376908489,847.959718829633,64.42209912114544,606.0426811078403,854.3962720725559,14.344220821255147,372.8940455932549,894.8810267389761,67.17967137626918,380.645770333597,896.1588989233494,-148.75923867220476,482.54586979265815,695.8680928119379,-107.34488048218695,471.8895241931618,403.5989602405964,-137.63634528487262,378.05857472585166,309.64292501611686,-69.73286759043629,317.8112565317244,72.70801766227973,-11.632590346821976,254.15448894636737,48.407944445491175,-26.829866390776193,525.9328586978901,53.85589354257192,212.9130860255602,570.5619653916779,696.5612149914091,182.45392347040155,665.6360030334604,445.44386602815274,216.57596170256863,644.0567936954982,339.9696208398193,162.15632919092027,714.0581510757951,76.23381404433815,104.60094873051894,665.9443975314128,27.952502630809597,145.23804534442405,901.5463072477793,135.37165739333878
independent_20260430_173541,trial_001,subject_001,1777541746.3877027,1777541746.3877027,264537.996961,1040241,001,0,0,1,-22.793424171595422,600.4102433356301,847.2910499676386,64.53478051305126,607.3301600583789,853.6476135444252,15.773653493117823,373.87687821428585,894.1468206960205,68.56493015000036,381.9478318295047,895.3577697783898,-148.2552248779127,481.7542864212396,695.5048719320865,-107.36060742499696,469.2932207738281,403.36200116014567,-137.54169284062363,374.8426123877184,310.02368569801956,-69.88563177778985,313.49918735648686,73.08265825061436,-11.783657078194341,249.68027896710578,48.68638799275923,-27.048508086178693,521.4294891531109,53.82562376114737,212.9698711378897,572.7151517303713,695.5030287590585,181.591400993498,666.9330268138046,444.0918220584072,215.68873568743138,644.6426491387307,338.74286021083304,160.8058248812054,711.5561846156838,74.42543043336354,103.8599993006467,662.1756677707682,28.12680601666213,142.37008718705786,899.9647536505964,130.9020635741556
independent_20260430_173541,trial_001,subject_001,1777541746.3977046,1777541746.3977046,264538.0072706,1040242,001,0,0,1,-22.60184671381289,601.3922794136984,846.5758063625696,64.64186940069905,608.7418013561726,852.7861900640542,17.375749276989833,375.0734111795935,893.5324262160549,70.04006180434727,383.41897958919543,894.5789960521042,-147.67026884626853,481.0521786768742,695.2290060752103,-107.43855679549175,466.78466537952,403.0947079653978,-137.0431075217365,371.5245507030605,310.2905020357738,-69.819492415219,309.5312397024081,73.30941887130784,-12.081656892395257,245.21396137331772,48.95899908594369,-27.399270011153945,516.8970442200886,53.74173656354363,213.05429187821917,574.9805082245491,694.3341086074718,180.67841840826023,668.1778128097204,442.56802346736055,214.80383237139918,645.1496726550525,337.4122685646461,159.59880983395382,708.8009464097129,72.8558341259445,103.83912146881929,657.8458520415762,28.54355798365095,139.51465566162867,898.6877509868564,126.08155647482033
independent_20260430_173541,trial_001,subject_001,1777541746.408215,1777541746.408215,264538.0172151,1040243,001,0,0,1,-22.47075659067277,602.4185985681687,845.7738734551582,64.80510841147965,610.3044794939048,851.8994681940925,18.999033093104245,376.3590246473444,892.7923544327309,71.46161158566707,385.0504772110384,893.5860686962343,-147.16094566908598,480.4483674655086,694.9421279052937,-107.52418334771981,464.24277718183964,402.823514375452,-136.7810073085341,368.32302272999755,310.55196164093434,-70.13574484192372,304.67498615955014,73.52229935705304,-12.42765452824523,240.69341913892262,49.24716004822012,-27.571865195793194,512.337366865994,53.684485157168204,213.15473707006336,577.3704857673325,693.0156404361426,179.61161536382855,669.4191289688509,440.936051630995,213.72829372964884,645.4669535275017,335.90560759645774,158.80753034114645,706.5883240974009,71.88247279471885,103.51855433997993,654.2093453597078,29.18737509469218,136.7885599681447,897.8473433404006,120.40847173507572
independent_20260430_173541,trial_001,subject_001,1777541746.4192193,1777541746.4192193,264538.0286191,1040244,001,0,0,1,-22.272806867408747,603.6340416126086,844.9271892642922,64.98926127004547,612.0541110925685,850.9189698624477,20.65942198507221,377.865583711291,891.9801287871854,73.18953045832109,386.9297898829666,892.6542502478082,-146.54528860289005,480.09155961446345,694.5459192950028,-107.43248703160126,461.5325337503556,402.5309576867553,-136.97085679887098,365.28651267778946,311.16444515077774,-70.34651122138312,300.42179547906596,73.87918404713639,-12.58394035761743,236.14730630174742,49.35739030137759,-27.841471236766193,507.80159951418284,53.56236397364829,213.2852017160051,579.7669818520262,691.6721431014735,178.48478380940765,670.5568696887785,439.10920411772867,212.7389379770539,645.7194004571631,334.27893634381707,158.09769809539853,704.5150460519429,70.89461708058937,102.89174053249556,651.3176395406819,29.77313742280997,134.0902264335844,896.9933397085472,114.47487980202541
independent_20260430_173541,trial_001,subject_001,1777541746.4287333,1777541746.4287333,264538.0376607,1040245,001,0,0,1,-22.068117572375677,604.989255584536,844.0743219575817,65.18721654379037,613.9750137353718,849.9024108012621,22.306027688605873,379.5058180919137,891.1719340523983,74.74638986852594,388.8785027422129,891.7108116050005,-145.9116025705611,479.6529781880781,694.1492133433853,-107.3054168011575,458.99533096414325,402.33186950675537,-136.31260981938172,361.99674428917797,311.5087539725977,-70.37388668682527,297.9067127468393,73.052811990098,-12.755631029964313,231.57636397957359,49.6004725978093,-28.16915064935694,503.32960927313593,53.48773178194802,213.3823648557894,582.2169775720591,690.1445325614598,177.2217677409762,671.5983549301587,437.15993309160905,211.70054380021423,645.8798569779467,332.58204674490344,157.32526918043214,702.1891242542197,69.84717471405419,102.56107935624489,647.7114097127035,30.11731502033612,131.59240709672807,895.2502278527062,109.0222465107148
independent_20260430_173541,trial_001,subject_001,1777541746.4373147,1777541746.4373147,264538.0470169,1040246,001,0,0,1,-21.762422616047605,606.497905716024,843.1573952870925,65.46423926663577,615.9993496453733,848.7991530477309,23.983329429732375,381.33369475721724,890.382959965761,76.50117810327293,390.9624541496605,890.6649323894875,-145.2503801586761,479.5349983949887,693.7885757902608,-107.06273792558441,456.4776866724327,402.15877272607986,-136.0389469597199,358.82067228249025,311.99456974061684,-72.27087307853311,294.1065114901929,72.26413115053593,-12.994919829550883,227.09235072843603,50.004084707762324,-28.40907181405021,498.83970447606146,53.453105693440314,213.35237492675432,584.68519245489,688.6197900904033,175.9279070241763,672.5132145184705,435.1722651979128,210.6284537307283,646.0218157689153,330.7772922616385,156.99524797245292,699.7404460337015,69.6779443372006,102.01943222568615,644.3016316690215,30.491730559582383,129.12829045655468,893.7491069727171,103.5548812154053
independent_20260430_173541,trial_001,subject_001,1777541746.4483156,1777541746.4483156,264538.0574023,1040247,001,0,0,1,-21.435425489253376,608.2085576684984,842.1412843202282,65.7957526950981,618.1865505902531,847.6544595975419,25.764190334719572,383.2551263654955,889.4202314981598,78.15626529485105,393.120666133954,889.7282091845933,-144.42047378540192,479.4544410739736,693.3590516561815,-106.8603870631651,454.0726601326193,401.9623459548281,-136.00361143990042,355.82790460493317,312.6157637317195,-72.06973478749742,291.4615442316192,70.83289349609268,-13.267054829681575,222.56599651297876,50.23412319008822,-28.69367824245407,494.32027361294746,53.366174462701586,213.25749214242137,587.1332616392199,686.9742970734053,174.8116737041122,673.3444447135788,433.29032248736655,209.75414827673865,646.2127180220069,328.9440486945163,155.94806247501558,697.87718901118,68.61526175934429,101.7448174819498,640.9535378613461,31.185798409128974,127.04722022972356,892.4406942540531,98.25278213653088
independent_20260430_173541,trial_001,subject_001,1777541746.459827,1777541746.459827,264538.0687472,1040248,001,0,0,1,-21.079245496052934,609.7401693938548,841.1991290975847,66.2325665701862,620.4339031004538,846.5384340081814,27.49453921657693,385.37564295347386,888.6773285032598,79.98547976709985,395.4999075253568,888.8240691060038,-143.6906303797172,479.6013525047524,692.9489178264008,-106.59986031895983,451.80465163831286,401.7647544296551,-135.24587463128933,352.8016494947531,313.19538715514534,-72.61105437463488,287.4640602873693,71.22789664950385,-13.632937908165358,218.1872007026318,50.573086885137,-28.940689970425343,489.79488287020496,53.22583170978105,213.1724528362973,589.5322169096538,685.5845257830713,174.15629270935568,674.0018809666161,431.4843695859777,209.0096132137213,646.5952943813296,327.21553219738166,155.23078865956867,696.1512452532661,67.83103664162005,101.79075616711955,637.3713802872732,32.16652972758913,125.60702692414014,890.9840126113477,93.00529777085994
independent_20260430_173541,trial_001,subject_001,1777541746.4678254,1777541746.4678254,264538.0773136,1040249,001,0,0,1,-20.420760457462904,611.9787750689713,840.2338506826194,66.75444343329077,622.6862123813853,845.4786449928365,29.229576044057335,387.4324967153783,887.8870233836324,81.92270333190052,397.90804308280644,888.0911975977929,-142.83760938558376,479.9574510087168,692.5970059484793,-106.25939687272108,449.6341147822673,401.58614477761023,-134.60360794874526,349.92660498200945,313.8469592456927,-72.05247449737799,282.649226690551,72.23627369660603,-13.914233939425866,213.67132805624084,51.13733717780101,-29.214154515164108,485.22318896863163,53.03795253289531,213.20337671736831,591.7379414086626,684.1808517124425,173.92727669882046,674.622896404196,430.0344562712084,208.44305529054319,647.1870577612857,325.66685005988626,154.8206147151857,694.1823900046131,66.96772567525403,101.6571224875165,634.4209217699071,33.220884014908826,124.4338543661859,889.702069011307,87.32371486791088
independent_20260430_173541,trial_001,subject_001,1777541746.478562,1777541746.478562,264538.0874321,1040250,001,0,0,1,-19.855376789586483,613.7208995881931,839.3406456974842,67.34836124735017,625.0415909740656,844.5513085253939,30.777543430414006,389.6046984247044,887.0895344811236,83.53981013620479,400.2124821452554,887.3177994692011,-141.9720932652415,480.4146079376339,692.1415703934424,-105.78504933625574,447.6145207029909,401.3792062941866,-134.01430744244666,347.3045226765312,314.5315854895461,-71.91301860160709,278.2248339073801,74.00074010145858,-14.178448860628386,209.33235469291762,51.780347776803254,-29.520015893168008,480.8728090597942,52.92984618970604,213.40741336928494,593.9377630433311,683.0422123679296,174.10678266140965,675.749709607093,428.9866873479393,208.21215090497034,648.0571521255184,324.51657827412663,154.94797789466492,692.0013220704541,66.20209917313548,101.66144862471154,631.2683244600481,34.17985482374989,123.83682237380344,888.0691427755941,81.80444938229395
independent_20260430_173541,trial_001,subject_001,1777541746.4880996,1777541746.4880996,264538.0972315,1040251,001,0,0,1,-19.132414558077013,615.7210615863817,838.4690103259688,68.08186949548458,627.2226552409886,843.7442257153162,32.2624593579732,391.6946446663819,886.4480901426291,84.98057521728359,402.5337596041721,886.7044998580803,-141.09893025688942,481.12071160275207,691.6951811750533,-105.20302104220656,446.11145801440625,401.26080280045295,-133.48443617752758,345.01015994340116,315.38146932272684,-72.90795237231293,274.00884130908645,75.5591633143142,-14.432676225378039,204.95042656807811,52.53773359168654,-29.780656900714877,476.5510286190629,52.79074072030936,213.668262310297,596.0837283394334,682.0517288454469,174.21456976945868,677.5552777121961,428.10524933083457,208.58562712470686,649.1785248666207,323.64862868027063,155.27386773747915,689.325323962756,65.56859371310303,101.7115633532154,627.9818313947727,35.13287325234309,123.77801981371758,885.9524806909317,76.44722407543989
independent_20260430_173541,trial_001,subject_001,1777541746.4980986,1777541746.4980986,264538.1073445,1040252,001,0,0,1,-18.293109706024598,617.6927651507672,837.7879074213171,68.8713946769531,629.4705147613552,843.1031337774508,33.60998125429122,393.7755079612128,885.935938060364,86.33004068817915,404.7228926264316,886.149886461171,-140.16552087686063,481.6399717138767,691.2881736871491,-104.47568634344233,444.95919445467575,401.1397597003071,-132.7425921032524,342.8245345858203,316.1519280943156,-73.02343599419413,270.3562896114859,76.4734978340052,-14.68051908841552,200.85631442339795,53.691901082666654,-30.030949855240213,472.26887794897345,52.61273143403524,214.07841936344448,598.3873356837947,681.4617511721212,174.6263326676861,679.77058790582,427.50222227477207,209.45433842115582,650.4798257491423,323.13753018629296,155.56858417239044,686.441959753608,65.18689052372355,101.71802486939762,624.450020284205,35.99561030077322,123.84943035805293,883.4357395930507,71.6745581637638
independent_20260430_173541,trial_001,subject_001,1777541746.5082238,1777541746.5082238,264538.1174938,1040253,001,0,0,1,-17.402127459208327,619.5132778942642,837.1803411830899,69.7256020633424,631.189954246858,842.4569134768386,34.8290417034322,395.80122096137956,885.4905410287114,87.72278022152045,406.7908409549312,885.8427953588284,-139.15112581222382,482.67915549185676,690.899113041203,-103.6039244277749,444.1684691905728,400.9552977648999,-132.1059263039048,341.1766515840899,317.0276810481687,-72.33322700244196,266.94798685529514,76.63975880501778,-14.945330071835432,196.67782631585317,54.876982819546015,-30.185040345686616,467.98380261002126,52.47450745227986,214.6916112553993,600.965631113516,681.2723875901169,175.23337772244656,682.0321843301892,427.02088299818234,210.61472018835505,651.951705476973,322.90822657737135,155.86607477567696,683.3498367845666,64.9640061872786,101.79904829205127,620.8587484804578,36.86131723863212,124.34566148317505,880.5354112186551,67.53356889600357
independent_20260430_173541,trial_001,subject_001,1777541746.51774,1777541746.51774,264538.1272554,1040254,001,0,0,1,-16.33661720161303,621.5578762145132,836.7181965272486,70.81002905946124,633.5668886500164,842.4565249226541,35.98895289697532,397.74820934154593,885.19849295377,88.75317606042658,408.8055825457094,885.5404805728417,-138.09713307152506,483.7683413311388,690.4663036235407,-102.71497415276453,443.77758808905287,400.7458888730897,-131.49550761051884,339.9579050504263,317.92523994662855,-73.01689239504071,263.30278143055085,77.93609892220674,-15.198412521686587,192.63172654328827,56.427607470293765,-30.374224418170602,463.810657871682,52.25988286835168,215.49727268444812,603.9769347072692,681.6327353000414,176.03388140236947,684.3938408471817,426.75889976748647,211.84192000415507,653.6044598546318,322.8993615502961,155.96082828068265,679.8856818500328,64.7224418146229,101.81283195517297,617.1153214599265,37.61031657939995,124.48348749494136,877.2693911907089,64.32059698034007
independent_20260430_173541,trial_001,subject_001,1777541746.528251,1777541746.528251,264538.1371991,1040255,001,0,0,1,-15.154492001287773,623.4332505362898,836.4280778796651,71.87737399627049,635.2252212576899,842.2568451727511,37.12578376878496,399.6335116081158,885.0597581404004,89.92691857639062,410.6509909108301,885.383106919327,-136.92445464860745,485.0895254186767,690.0508395244528,-101.8969417841442,443.83631521782684,400.5201938226719,-130.93085078455007,339.07845316720244,318.8272658387864,-73.23226784335665,259.6495463678619,79.58256063994715,-15.483916703067587,188.7836839695949,58.22378584512763,-30.650436077657055,459.7470614067713,52.01664236640332,216.3486543241757,607.4062818160672,682.4448959863679,176.77998904249563,686.9419225989368,426.6000167033727,213.02667317298523,655.3291415315855,322.97182540033793,155.8285166962655,676.2706463424804,64.87476816513409,101.67852879881255,613.1215856155935,38.162242800729075,124.31787053367405,873.5434736284805,62.604144535823316
independent_20260430_173541,trial_001,subject_001,1777541746.5382524,1777541746.5382524,264538.1473579,1040256,001,0,0,1,-13.843169666387682,625.3518677013988,836.261028999073,73.16117102316261,637.076399629342,842.5162737254939,38.31374364743441,401.50057144272245,884.9091806950421,91.140756265735,412.47239990946724,885.4351721737239,-135.68114300478692,486.6148966776302,689.6933318659702,-100.95463260358227,444.0737458679241,400.2421081862859,-130.34070599598445,338.5037756647586,319.92721766479247,-73.51224091926235,255.72597768109395,81.61925057204198,-15.827906665937574,184.97791365304803,60.137411971857084,-30.81167939035501,455.7127405243785,51.85360519641931,217.19009245568847,610.8882707253777,683.3228741095909,177.34270119807366,689.3571728856876,426.43295217642145,214.30777936722944,657.1589267060114,323.0839432772322,155.6035694586135,672.6515576188341,64.97233688947996,101.77058221074034,609.2736275091083,38.73454654590954,124.00800284402854,869.9874948779814,60.50070783298069
independent_20260430_173541,trial_001,subject_001,1777541746.548005,1777541746.548005,264538.1575687,1040257,001,0,0,1,-12.398104080461367,627.3143636456882,836.2225266869357,74.61974875520045,639.2015043511512,843.0548534682684,39.54911623539902,403.28596672099934,884.8047838778858,92.18454619895198,414.32723104440385,885.3752199303135,-134.2904577618416,488.11326195379684,689.4022995339367,-99.99221674594793,444.84753118865586,400.0424582540093,-129.64112134549467,338.10217438822576,321.0087026743368,-73.93979974806268,252.5516537554555,83.70970813517488,-15.815211070618862,181.34372493141777,62.2983830394781,-31.07907067559677,451.8123476905856,51.56463568482667,218.08563416024865,614.2255007977257,684.2852654539192,177.99866623917018,691.4408386420163,426.3273916565476,215.68843819760863,658.9143349872649,323.22098723055973,155.64272410543674,668.9251667355326,65.21544605322158,101.67053124975222,605.1117847758468,39.12034497235225,124.00572446971796,866.2463661026259,59.41538739549378
independent_20260430_173541,trial_001,subject_001,1777541746.5628972,1777541746.5628972,264538.1717649,1040258,001,0,0,1,-10.95401899242582,629.1256547944499,836.3144735289859,76.08387968068065,641.1436011595948,843.5484393292649,40.82302250279413,405.19950743573116,884.8938500709017,93.46614053758292,416.18551550696407,885.3657735834538,-132.82420544237792,489.9031324697039,689.2441940056358,-98.95435885247286,446.06566678697254,399.8233954113922,-129.13039259718687,338.15107860079513,322.3179187921134,-74.16674999025673,249.39718897141907,85.4907055203443,-15.899480775970957,177.76311090413284,64.74866487183075,-31.361642362931082,448.00472275662094,51.308729680551586,219.00178693213024,617.2311615643806,685.0043179985202,178.55027168532527,693.1184105426577,426.2923338789402,216.84951220552685,660.4283703380482,323.3737269003511,155.51378125982893,664.810582730515,65.22106211192039,101.66428568835101,601.0214358518448,39.5154326353689,124.04127749927738,862.0433568164747,58.77824811836908
independent_20260430_173541,trial_001,subject_001,1777541746.567911,1777541746.567911,264538.1772192,1040259,001,0,0,1,-9.412705206075506,630.9220090957201,836.6230411527386,77.60895450442524,643.1537861908913,844.1185371686767,42.27582146926878,407.0559277953047,884.8377153671001,95.18848057240251,418.1963013315739,885.7006548280393,-131.27344747088574,491.6424942286728,689.1568068488806,-98.01190387348811,447.426100763788,399.7863108651144,-128.49077240070395,338.4156163170817,323.7374106088638,-74.36134012014804,246.72780632065053,87.54222374913553,-16.237283094737066,174.3842970519048,67.27221430660076,-31.624431616274503,444.16775337976827,51.06884753953404,220.04212695644148,619.8170150891426,685.4877283348767,178.90184655345507,694.5398855355817,426.174347652315,217.76189432307737,661.5719797230196,323.5539971653295,155.47361410271424,660.8578438665727,65.38379220623813,101.50697227937398,596.9688158201293,39.55922449209118,123.98626681099282,858.1402065843276,58.31638377816115
independent_20260430_173541,trial_001,subject_001,1777541746.5779083,1777541746.5779083,264538.1871499,1040260,001,0,0,1,-7.891550944652293,632.8607426731094,837.0259138965049,79.12239778315134,645.1957533396104,844.7318993221255,44.10595272661806,408.9330191323707,884.9787348042908,96.86670960672467,420.2492195138776,885.714521183931,-129.648949092893,493.51300795102406,689.2394590965688,-97.05210184832535,449.10125408093995,399.830406605847,-127.90692109734523,338.83423883108395,325.43436853909816,-74.84877565697103,244.08862332504742,90.09903164137998,-16.413253527117394,171.06310112346085,70.19550510191462,-31.91079680803052,440.45777439689067,50.736682652748144,220.9814943787406,621.8012470014077,685.543942633655,178.95484228308564,695.7005910219877,425.9133329113197,218.2325250182945,661.985547286471,323.560305588291,154.59483152239562,656.9864184896002,64.9765180692885,101.48317062366556,592.6465129572268,39.71411499075422,123.83700369044652,854.0265731060069,58.037741397260234
independent_20260430_173541,trial_001,subject_001,1777541746.5879138,1777541746.5879138,264538.1976529,1040261,001,0,0,1,-6.416214120982355,634.7200218337714,837.5783755815977,80.57577274046587,647.373855056122,845.3598988160412,45.985115685885,410.92233261415015,885.2056261082026,98.7470452542009,422.41337705044816,886.1817184166574,-127.94201744196756,495.40146395244045,689.4398717415003,-96.20674305698714,451.0608292225534,399.922942059018,-127.42516416548982,339.60203033871966,327.26540198453176,-74.90704615360322,241.16144201248866,92.66384543344371,-16.82596997593096,167.910390099094,73.19719445881401,-32.22613783827641,436.871290609356,50.35781449058772,221.93842599257448,623.3876660318314,685.4436763976801,178.65507821036778,696.434578535288,425.44368743286543,218.30115677040064,661.5734838112463,323.45535280529583,154.2838044295769,652.914596234605,65.07626763555666,101.46605557666757,588.4118964486704,39.80271893487058,123.7018023503847,849.9128599643165,57.72779311082413
independent_20260430_173541,trial_001,subject_001,1777541746.601913,1777541746.601913,264538.2109578,1040262,001,0,0,1,-5.028089310665203,636.500624449942,838.2139296325009,81.95223696892008,649.6339057882258,845.9896062943983,48.10171395241547,412.95805862202604,885.5598222669115,100.99920259988654,424.4806409694507,886.4168689615685,-126.30376903315091,497.32107182510134,689.7568539313985,-95.37958452585552,453.18676185811677,400.0696044688835,-126.7521135798597,340.3981600423509,329.1595287820778,-74.78561322313928,238.7636058901422,95.84192146655255,-17.125755044145425,164.93795103152246,76.45381468967219,-32.54630662527824,433.39174325195796,50.06303575665188,222.83653107346876,624.8166136918852,685.1919196220197,178.3985490266076,696.4313396257611,424.9126750174751,217.95937084369464,660.3015353662421,323.24081423669645,154.426919371844,648.6478259071928,65.79619229581012,101.2629417696828,584.127718879711,39.776793543164096,123.50215222822543,845.7223851700536,57.59537277413027
independent_20260430_173541,trial_001,subject_001,1777541746.6080997,1777541746.6080997,264538.2172901,1040263,001,0,0,1,-3.657053839090254,638.3033905935558,838.9450180048217,83.30654861580761,651.7654209240405,846.6512146419819,50.44510768039966,414.80416748354014,885.9495566351294,103.01020763475456,426.6412053324779,886.9505447413354,-124.52259766573773,499.2136924185302,690.0872407864381,-94.74383057548727,455.59529995432524,400.27660954129044,-126.00173814459362,341.4196693090903,331.26664837931537,-75.00128196993003,236.56764462379684,98.95734849366127,-17.520836109764957,162.00709708678687,79.95910448994587,-32.97092759620917,429.87156318742814,49.57208332797152,223.6636216631624,626.0496460405209,684.9643575892577,178.55022483794104,695.675776283198,424.3359584760585,217.55121507853286,658.2483614501189,322.9066265701723,153.37516047969424,644.6086001718284,65.31631118919472,100.95744519781138,579.8902847073829,39.72388603466843,123.33533905902348,841.4974570225012,57.47744330744911
independent_20260430_173541,trial_001,subject_001,1777541746.6184647,1777541746.6184647,264538.2273839,1040264,001,0,0,1,-2.324035438548212,640.0794061525723,839.7382098357955,84.6223902901551,653.9402894318698,847.3242071434929,52.60038254846093,416.71589015593236,886.4611434955149,105.3297793270466,428.6587292501346,887.5196738399783,-122.79612361785004,501.2088851752144,690.5571611436661,-94.11579907172866,458.43309311960746,400.58121976897087,-125.42341005071764,342.43588572130983,333.5471338276159,-75.27618335716434,234.48764346160476,102.31014581912338,-18.032096311730587,159.5392786330024,84.19861415118032,-33.341221452647396,426.5962077387172,49.119927780010606,224.4339874925854,627.1309118105991,684.8403522882717,178.91111799030938,694.3017443419662,423.7307828420254,217.1006908247063,655.6101000505415,322.5162861546296,153.56292759149866,640.1756998743731,65.95538702097078,100.72934002181357,575.6095587765379,39.67698077187976,123.00142940154335,837.250198308445,57.38649123486659
independent_20260430_173541,trial_001,subject_001,1777541746.6280046,1777541746.6280046,264538.2376592,1040265,001,0,0,1,-1.0352251386306763,641.5753460700921,840.6107571963468,85.90956537001004,655.9735191402208,848.0005439053482,54.70096923738498,418.4586353266536,887.1575616190127,107.29611285655935,430.6860825872301,888.2309076825895,-121.08761836520151,503.00828687969846,690.9908685289603,-93.5541179130321,461.7144684985133,400.76585152528446,-124.51992502584487,344.4949248206947,335.8818100259378,-75.76077733409454,232.95224728205415,105.6512324299593,-18.469330243406855,157.25164935432795,88.89286705444519,-33.84715391652942,423.43569420990946,48.55921644582606,225.1748990169406,628.1687628679176,684.8053960769428,179.17344653137422,692.765962340757,423.12354964325533,216.71755935586646,652.6108822555773,322.17901273545067,153.2481096168755,635.974075747103,66.07519425889008,100.62274528852468,571.2704917481925,39.56856308280431,122.80344890781831,833.0275906121,57.32166738155887
independent_20260430_173541,trial_001,subject_001,1777541746.6380045,1777541746.6380045,264538.2472429,1040266,001,0,0,1,0.3376331511068063,643.3836769112146,841.4172043744168,87.22894186127613,657.7577327391106,848.7184173726516,56.79287354561205,420.00962256046233,887.8347375321337,109.39547484592087,432.4857852899992,889.0362603474132,-119.39187467160002,504.9999252048468,691.4554144620043,-93.23018001536387,465.11840093683685,400.90850073354943,-123.43089167214129,346.32948804822576,338.0358273104602,-75.83213098387787,231.44922135823646,109.32261348906432,-18.823852471695012,155.33149961275092,94.0003243378267,-34.267673228712376,420.3614359902451,47.90421998252639,225.97632233094015,629.1261747045186,684.9190067788511,179.5698354402385,691.0256004634514,422.6053246794715,216.443832305292,649.396141589382,321.8466965240128,152.24727971886517,631.8244596442336,65.36507702003124,100.30770948812986,566.9740975867275,39.540494896693595,122.5046360777024,828.8122562979522,57.22336019922014
independent_20260430_173541,trial_001,subject_001,1777541746.6480033,1777541746.6480033,264538.2574646,1040267,001,0,0,1,1.5991870778261146,644.7370549914843,842.2643093029609,88.5160727707813,659.451713455583,849.3917508598009,58.443988802086885,421.61928261096494,888.5405699239807,111.30540819309867,434.1166751335103,889.8186477673864,-117.74135902838178,506.83966314823004,691.8880264068005,-93.06700036974807,468.97429752509294,400.9845442667447,-122.84157000257069,348.7932450700173,340.46219586794194,-76.21561298671703,230.25065796624344,113.50707494199906,-18.930936384678382,153.87369890616148,99.77920960586438,-34.72718242360325,417.4344865619924,47.387689694507074,226.83715580665054,629.8652668432841,685.0654930978316,180.37597167738002,689.0776283548257,422.1837790743022,216.6004050806489,646.2274735547145,321.58276410195,152.52914965017249,627.432122284857,66.12340888587899,100.1787075316065,562.6867843930044,39.4928261087096,122.33627537824191,824.5638154223542,57.08187336727184
independent_20260430_173541,trial_001,subject_001,1777541746.6575184,1777541746.6575184,264538.2672716,1040268,001,0,0,1,2.847714191195196,645.9360312274787,843.0973130367348,89.76700965373449,660.9682124156948,850.0556893803491,60.58328029609335,423.29628385431647,889.4586329198443,112.93846283490487,435.6041855451583,890.5882953091731,-116.29688873987978,508.61972592654314,692.2303523727552,-93.29381213476354,473.23899086692893,401.03205854474015,-122.74395576389242,351.8153831731785,342.9751571928552,-76.10636620175787,229.29462501979873,117.61825159548643,-18.844357892983272,152.68312145880617,105.9299311735805,-35.152007901247664,414.46661709165016,46.87352022252431,227.92535695818376,630.4703420915097,685.2530226139603,181.25316471541603,687.0377575131866,421.8385226763519,217.04100145941723,643.3379160152889,321.4122443968503,152.4579840077133,623.1399139575618,66.12029530636158,99.94683301219686,558.7388701022084,39.46678289919495,122.27438906156308,820.3619240886142,57.05933234004872
independent_20260430_173541,trial_001,subject_001,1777541746.667848,1777541746.667848,264538.2773705,1040269,001,0,0,1,4.177188962812206,647.230282432126,843.9422098558989,91.03232381918981,662.2861813140561,850.6648280365669,62.21491911835339,424.4578403885081,890.094010419068,114.27539723612608,436.9173303600283,891.1890515581621,-114.93527516827798,510.4818364612196,692.5498377438461,-93.65172825042237,478.02121187977747,401.0890229411077,-122.41679556681173,354.9877118401874,345.2409323659959,-75.91737749281243,228.6758999467712,122.2542117167758,-18.935983467706446,151.82955722818735,112.50201642108036,-35.39840515010489,411.7046762755256,46.400292411736494,228.79585323382838,630.80798664889,685.3452195060486,182.02691499059407,685.116651543739,421.4490477069857,217.84598146176893,640.8787633384711,321.20661068473197,152.36504869057956,618.9117503897654,66.15055337349777,99.99121003428672,554.209339138112,39.57748250937809,122.13508704678179,816.0820540419171,56.91508838952465
independent_20260430_173541,trial_001,subject_001,1777541746.6786966,1777541746.6786966,264538.2875551,1040270,001,0,0,1,5.429346100603201,648.1346898403854,844.7463680055953,92.30774854141448,663.3591761537276,851.207447290261,63.72024024040882,425.51147551365875,890.791063982976,115.7524536279911,438.07706591566983,891.8094812591802,-113.70200894052228,512.3349709072239,692.9816320391258,-94.20160276711432,482.87238736372234,401.0401428690605,-122.14198261435764,358.72998998158073,347.61550099142187,-75.61613203792272,228.1765824511562,126.57795700905494,-18.787448856252066,151.5005453511714,119.56144510387927,-35.74226360474772,409.0037133225582,45.884592788850135,229.8328146499141,631.1496101899526,685.4614688419798,182.7829966625472,683.2408335611344,421.0319298563846,218.82198496212055,638.7593805973228,320.8948795124093,152.51468424779506,614.6443753076458,66.17229893520441,99.94791204195256,549.9016353186064,39.65770524724214,122.12462361765506,811.8984213665631,56.81130965950643
independent_20260430_173541,trial_001,subject_001,1777541746.6877208,1777541746.6877208,264538.2972447,1040271,001,0,0,1,6.722061830851213,649.0477630300763,845.4281524576988,93.57651690198514,664.2760674664806,851.6949100668255,65.40618363495089,426.3196308575071,891.4427189760862,117.37331530758274,439.0054091464979,892.5312274356708,-112.67076040193334,514.2797272441865,693.4002051741611,-94.93843851239889,488.10592583854213,401.1339309950138,-121.48302539047643,362.75713264032896,349.82618526501915,-75.44114868868425,228.15886390141057,131.5313495485905,-18.449939232374234,151.6244636209185,127.0374810559245,-36.16288225538338,406.4551266701033,45.43667789943906,230.88023074832793,631.3598481658032,685.5171707320806,183.55562449609562,681.33458870828,420.55641951316363,219.8136667343477,637.0031869381343,320.5163238348937,152.5412113634956,610.3126598959398,66.14123711513946,99.97889732950584,545.6590357965036,39.68969594158401,122.11846675018624,807.5389660388711,56.678521265066685
independent_20260430_173541,trial_001,subject_001,1777541746.69772,1777541746.69772,264538.3073658,1040272,001,0,0,1,8.009449422798802,649.7795063952539,846.1409573414965,94.90430548097557,664.9813871697247,852.1255266676933,66.75272230802636,427.08772583685504,891.9555213039023,118.76775266135566,439.8757404095532,893.1202648169253,-111.76740025445007,516.3052212744878,693.6891964630645,-95.7482444043235,493.63472058018675,401.24013245109063,-121.28285777435856,367.1467590797954,352.23695103985887,-75.41660098001975,228.69406649656568,136.63016046473405,-18.059063567127787,152.18920789233172,134.83108079697868,-36.67700128531018,404.0127242889054,44.860376466871145,231.89202386309123,631.4153343294056,685.527827589516,184.18122780392943,679.470616232829,420.05463810335755,220.69238062527504,635.4413536638058,320.0545477765779,152.7157319060596,606.0964436926828,66.20728760211227,99.86417502118356,541.3087575561026,39.63063352406116,122.01884270191589,803.2966849378048,56.556826620142004
independent_20260430_173541,trial_001,subject_001,1777541746.7082403,1777541746.7082403,264538.3174581,1040273,001,0,0,1,9.363673625070003,650.3653512620182,846.7916552296967,96.2213615054366,665.6748903212672,852.4952523505183,68.42221188670757,427.61018773006566,892.3803971175561,120.3626356741414,440.5029744424287,893.5694658781339,-110.9120782888303,518.4006444888871,693.9980357214425,-96.81893200588863,499.71073805421474,401.29248325972026,-121.59031601740298,371.98002642863537,354.7948964014915,-75.26250303447716,229.5575558872011,141.97639082429558,-17.453534231579663,153.40857764505608,143.1369765711082,-37.21700149578796,401.72503818264903,44.3514122304024,232.8905007528353,631.309544167335,685.5240867762524,184.57780762104207,677.4799957016378,419.61153623729484,221.40799250106983,633.8212046662699,319.57526431905404,152.01293565518102,601.9188527281545,65.48108724432642,99.78920786697299,537.063079139694,39.77711198410627,121.96890501725376,799.0280221067925,56.45129643573693
independent_20260430_173541,trial_001,subject_001,1777541746.718245,1777541746.718245,264538.3271745,1040274,001,0,0,1,10.711397082970926,650.749111732057,847.3884653418937,97.57769983687807,666.1260960319535,852.8090686885458,69.90217768089394,428.06956775958105,892.831313331835,121.90765159682066,441.0351904759319,894.0719084087376,-110.3123165811961,520.6812551030434,694.2660474589126,-97.81118193733434,505.74590065992464,401.41521133204964,-121.1282487560326,376.86333094540186,357.3215357513498,-75.27575381167577,230.55519808289887,147.4421120366064,-16.539950685866312,155.18222072788856,151.8014696804125,-37.91844709397416,399.5596416571927,43.72858591488917,233.94374527490862,631.0662931722408,685.4514767428799,185.0768944409221,675.3419129831072,419.06859351696863,221.93259863181947,631.9079110826164,319.16426438126246,152.516372241248,597.4568699397971,66.1337228666157,99.70046799799034,532.7502496813025,39.762925061149694,121.76284568568269,794.7251836214537,56.375429581869035
independent_20260430_173541,trial_001,subject_001,1777541746.728367,1777541746.728367,264538.3379771,1040275,001,0,0,1,11.897213541478143,650.445783806094,848.0612823866621,98.91000281190506,666.5480511151917,853.0364799729446,71.26685717935399,428.4240010397526,893.1389991480424,123.22866147873174,441.48905517713695,894.347711753631,-109.54511041969393,522.9399433013425,694.5648117539062,-98.73872660895772,511.93255573563926,401.70648055027624,-121.26831143754805,382.118775670412,360.062710605234,-75.18460010332007,232.2605575185218,153.21732348811796,-15.685985971505376,157.5055565734957,160.41802499320912,-38.45047504763135,397.7457862313935,43.13484029441991,235.0003157197182,630.6940887826537,685.3632896988553,185.46420427415345,672.8858107822352,418.5685878218117,222.36267305877857,629.4364847740233,318.69545542386834,151.9174150354082,593.2900084361514,65.52568059226915,99.59432009808533,528.4037159858973,39.828880421621925,121.6231103368258,790.4081797807922,56.29271746639894
independent_20260430_173541,trial_001,subject_001,1777541746.7411618,1777541746.7411618,264538.3500263,1040276,001,0,0,1,12.986423991098823,649.9597123897418,848.4329756414623,100.23897185451605,666.81813621484,853.2225398396166,72.83019146057241,428.58479446514036,893.3252303275522,124.93420117977378,441.738604326455,894.872059469605,-109.00012923058942,525.3742034726736,694.9074328856091,-99.85817137762238,518.2424050453606,401.94679294865847,-121.17226495949599,387.5048725306767,362.4261992965074,-75.05425018441386,234.25261767268447,159.18620156652756,-14.989928662093975,160.79120747535538,169.90598586444762,-39.1503135540907,396.01223339919767,42.395606357930234,235.82510134417421,630.0090891547824,685.0947914590221,186.04314329249434,670.251307083585,418.112137146609,222.5975487179527,626.3948227645109,318.34169357186903,151.53357268122798,588.9669913494348,65.43965418367927,99.46933674830652,523.9986277530857,39.75114964236273,121.41309174726592,786.13412727917,56.27329239167
independent_20260430_173541,trial_001,subject_001,1777541746.7481763,1777541746.7481763,264538.3574119,1040277,001,0,0,1,14.61460692264917,650.7008983863105,849.0348618960764,101.54430804649664,666.9376199787579,853.3534246308133,74.28254302007385,428.6682852943828,893.6001324339504,126.27685938858902,441.7335219822165,894.9242102714279,-108.53524126354228,527.849046943442,695.3584742767546,-100.75540937108288,524.590938659948,402.4244457830332,-121.32072100878375,393.24295787859114,365.01624007002243,-74.47512276898892,236.36060105738804,164.45067530107718,-14.436556997117604,164.97697178685073,179.77821567350637,-39.728572312276384,393.9570363905351,41.222030728051045,236.65383793288296,629.1830672214047,684.8968689990594,186.57145645170772,667.378760123457,417.6779100286077,222.9081427369738,622.80307737713,317.9527254058872,151.98181542460705,584.4736090015698,66.11886588531058,99.1841563955338,519.7392652670087,39.65308053334693,121.24460925191418,781.8475352789064,56.19074866969241
independent_20260430_173541,trial_001,subject_001,1777541746.7618043,1777541746.7618043,264538.3707302,1040278,001,0,0,1,15.938423787965231,650.6647287987104,849.5501994661608,102.84245419272514,666.9414747696998,853.4701079358733,75.64136137917566,428.5976738147291,893.6833882959344,127.56170226087998,441.74682140252315,895.1739475094193,-108.06999516187344,530.2481512514528,695.8077688591858,-101.70848338821025,531.0974212741626,403.0363715699214,-121.58359344239646,399.22325817226886,367.68259648669516,-74.01392569910173,238.68786499148896,170.17785421301036,-13.598692268534522,170.1202907880685,189.6433029436267,-40.319364838168376,392.4555509157197,40.36594148317232,237.46051168398233,628.1775214230166,684.6067837714342,187.33304514049402,664.2828857573277,417.2261645124013,223.1695649779161,618.9678755674042,317.6661037523487,151.86852807733794,580.1881577058239,66.11912857393257,98.99584216676956,515.4004920648495,39.734464088187266,120.9539012873993,777.6025827726477,56.15631619009216
independent_20260430_173541,trial_001,subject_001,1777541746.7676523,1777541746.7676523,264538.3774223,1040279,001,0,0,1,17.213207856764097,650.4988011610543,850.105055505972,104.05657148783976,666.8644449743023,853.6196857607641,76.90066632731777,428.398088190845,893.7855093637669,128.9220056525685,441.63109293716525,895.5095835793153,-107.6503512389435,532.7331857565518,696.434656853674,-102.47865446969821,537.7014188732463,403.8582701631989,-121.63665834057421,405.1549578845783,370.0178800430544,-73.40437536833988,241.92031977026235,175.84051892993637,-12.432321696641282,176.38500679504966,199.57512579709493,-41.00234994701687,391.2259128503802,39.36792641966428,238.24413383799228,626.9295662464428,684.3433125937465,188.20144821769787,661.0907599088177,416.7791162495224,223.38399096306532,615.024961622257,317.3532581993198,151.59245890562715,575.7821917690154,66.01641886104566,98.87720870831595,511.0313409796586,39.71822264104945,120.76200313350925,773.2801733416933,56.09860285496032
independent_20260430_173541,trial_001,subject_001,1777541746.7786531,1777541746.7786531,264538.3876098,1040280,001,0,0,1,18.435638233037714,650.3618841496137,850.6476793100986,105.24733684634865,666.6127128454657,853.7562918196961,78.19954637613206,428.07931773483125,894.0470121574517,129.91906030562902,441.38972680181683,895.7295942810262,-107.27605095800233,535.1696704009355,697.1647534544571,-103.21890739167316,544.3444382515615,404.82028591081126,-121.80133533794522,411.4195392706089,372.73050199650396,-72.73317099230272,245.60642791915734,181.09506556001278,-11.033061032678592,183.22897044851507,209.08567370129447,-41.80333292812487,389.97036180446037,38.20095624077919,239.0324668864696,625.4933545873038,684.0652332846022,188.8522490069329,657.9518166980902,416.4195949267155,223.76439523394825,611.2772465323021,317.1093232626018,151.41598142606955,571.4012836598264,65.99114018012024,98.66323632102183,506.7551227247084,39.741812124160184,120.55824524000288,769.0078844397899,56.010747955611066
independent_20260430_173541,trial_001,subject_001,1777541746.7892313,1777541746.7892313,264538.3982929,1040281,001,0,0,1,19.614111234338626,650.0352508643201,851.3144921945533,106.39533186335403,666.2836844343643,853.9812075670865,79.28544743578254,427.68970923783087,894.3191607973059,130.87097048899793,440.9741391749578,895.8681774661595,-106.94185283610264,537.4547101740708,697.9701731859229,-103.62007492856713,550.959422190618,406.027126156961,-121.64530348686868,417.5421149623952,374.84575226050885,-72.04865060383135,249.90618519029786,185.68647884914571,-9.573913403358516,190.37094369240822,217.8161581662455,-42.800916103492355,388.7235346974139,36.92620781744545,239.79598551902998,623.9223872038748,683.8075481822758,189.48434605102904,654.8298955211224,416.07307396490364,224.12873733911536,607.7731216412261,316.79237969224886,150.7770256974595,567.3071642395031,65.47745604698919,98.52218433141165,502.4391443677593,39.800265639941344,120.41372738586486,764.6527469576054,56.03081146598751
independent_20260430_173541,trial_001,subject_001,1777541746.7982304,1777541746.7982304,264538.4073571,1040282,001,0,0,1,20.71239760158134,649.7882099236192,852.0247869847473,107.49703121526504,665.8323277953098,854.2145458066282,80.04095611405378,427.2438852584225,894.4988760424817,131.8550805921682,440.4794633960373,896.2928433845408,-106.67476739957921,539.6608972168165,698.925676923674,-103.97721693851076,557.3938475576089,407.2450417941016,-121.79500509563933,423.8969804935153,377.125585328194,-71.44898391598272,254.4843505019114,189.9027135187662,-7.600177737341131,198.01648118736372,225.19030115610323,-43.96322313353949,387.85096687304497,36.04372736031321,240.52149408104782,622.2121256324793,683.5743520209159,189.9562313180586,651.7326594241806,415.70098811038883,224.4605173433211,604.5866547687864,316.5712157554882,151.21655259624225,562.8136350652104,66.08463461233488,98.31034036786156,498.04266991096637,39.772543196946536,120.19130239990915,760.4287644933584,56.01581533884986
independent_20260430_173541,trial_001,subject_001,1777541746.809406,1777541746.809406,264538.4183801,1040283,001,0,0,1,21.782842880577622,649.4314517509798,852.7813534157168,108.59927762143563,665.2383352312514,854.5277417250205,80.72922546673793,426.66913957383787,894.6487930082845,132.56627953524153,439.80944932600767,896.4788221547824,-106.39834167571229,541.8505368607595,699.8895165583481,-104.19162046405354,563.9518036260894,408.61915454325714,-121.80254046092705,430.0155749645174,379.12553832562946,-71.19982993883589,259.2758852924967,194.31759568014542,-5.374414595197822,205.14480833218795,230.60825286044687,-46.008263088872475,389.3189886926017,36.779464328870574,241.22575838141967,620.4749127107314,683.3201480900595,190.37144603868305,648.7499537903414,415.39137775376076,224.79852695691304,601.5018802002064,316.2851016652266,150.99980282672973,558.5070063653006,66.13995864814412,98.0172127939884,493.8318513011352,39.87319566033701,120.11711793771448,756.0328737466886,55.93042283823842
independent_20260430_173541,trial_001,subject_001,1777541746.8179228,1777541746.8179228,264538.4275175,1040284,001,0,0,1,22.823452232322758,649.0137603496441,853.5131762070748,109.6439683069145,664.592925094392,854.821705858481,81.48403191240752,426.0702979485476,895.1489865893262,133.2646192460144,439.0850091780155,896.7059230477715,-106.15071857412885,543.813888901658,700.8508590230897,-104.17525676145338,570.2657939068246,410.0214705500059,-121.79875685551494,436.1173269425686,381.1449383557682,-70.14866496572522,263.5556634705769,197.94466417773035,-3.0655000780050337,210.3827535587525,232.95802767037608,-48.434682521854285,394.0480344364906,39.592906895751646,241.94098690486376,618.7435088044994,683.1594861083126,190.78032000902547,645.7999671276224,415.0903576020203,225.03114987196213,598.4017377743535,316.01368005833183,150.9228081104984,554.2406331186054,66.21180679996664,97.64083478614518,489.9168982918003,39.599971450255964,119.89163029729339,751.7451368646963,55.95307647324199
independent_20260430_173541,trial_001,subject_001,1777541746.8284392,1777541746.8284392,264538.437426,1040285,001,0,0,1,23.882889840785747,648.568708937942,854.2963883011847,110.69219132400546,663.7848233049081,855.1347657558065,82.08092262602965,425.31087496381406,895.362845850123,133.7491469818896,438.3762649649792,896.937249599421,-105.87810501028865,545.7346681078674,701.7497792457243,-104.10184270726823,576.3018501218123,411.35545062861814,-121.68824903110779,441.84709363561393,383.04522186553083,-68.83690858559015,267.90476931490974,201.06120146910192,-1.083446138669498,214.79388483716,233.72193924605176,-50.54659470542034,400.6628574720872,43.82165085361426,242.46985996177963,616.8873426264247,682.8802503017079,191.18835941772096,642.8257199533298,414.8175646007603,225.30469647780467,595.2916757221724,315.8491527548289,150.8306751267552,549.9299135691239,66.27741282946666,97.43907651114236,485.61614144756084,39.70852560485352,119.72780310412683,747.4934755247408,55.97779140505535
independent_20260430_173541,trial_001,subject_001,1777541746.8398044,1777541746.8398044,264538.4487329,1040286,001,0,0,1,24.888958463176664,647.8564215795689,855.0166924333197,111.68354546580487,662.955444421536,855.4002734763329,82.582276464772,424.5107630942763,895.6742707157416,134.36502255837613,437.5062491135021,897.3516052598825,-105.47837703042467,547.3967219013138,702.8590565221339,-103.95301310887642,582.1317438367009,412.78944056987126,-121.29173807656761,447.2006180377339,384.8358332628121,-67.81853562211487,273.2183955585954,203.06115175423446,0.9074224069926795,219.85124035124298,233.44512502376296,-52.69878190156298,409.4184321769551,48.17830617627269,243.09358474289837,614.9673390606509,682.6288707575484,191.54568758596434,639.7388555965117,414.50379423602953,225.54018190279572,591.95135333864,315.689233355144,150.66122087919194,545.5812714648924,66.29127457894454,97.57402254011832,480.86247392969005,40.013065846175635,119.64512841148711,743.0731406196265,55.94106455427397
independent_20260430_173541,trial_001,subject_001,1777541746.8480132,1777541746.8480132,264538.4573483,1040287,001,0,0,1,25.87768531861524,647.3007668136348,855.6559332448317,112.68357423690485,662.0117853182768,855.6636902221553,82.91794506784959,423.7150267399516,896.0743459585681,135.01564867925228,436.5138661820885,897.6529003764258,-105.2869345955669,549.0273731231613,704.0474108218979,-103.83335188615085,587.6476128014102,414.3981427270668,-120.6729048004657,452.538465125256,386.5140759786513,-67.58927971257819,280.01004878107756,203.91526516232463,2.4745667822585635,225.79818772154582,232.2500352577642,-54.19633792974129,418.6959670934944,51.58175819535708,243.70255474204234,613.0206008410389,682.4642104339573,191.95024047119756,636.5557103270604,414.20327236600093,225.66502728392953,588.4352920853576,315.5152446364992,150.48718133725598,541.2699489311743,66.33516464390456,97.42558490721089,476.56419735573456,40.071457526928945,119.48799478553723,738.8268996409103,55.96060274431104
independent_20260430_173541,trial_001,subject_001,1777541746.8580709,1777541746.8580709,264538.4671318,1040288,001,0,0,1,26.837701446621157,646.5841949913869,856.2264485893295,113.61412255542116,661.0119988371299,855.8800855742486,83.41066518262912,422.7851732188072,896.5060385485929,135.59624585247988,435.54875267738953,897.9398944537647,-105.04961601405928,550.4057952263481,705.3257053220034,-103.67458955498248,593.2806395798086,416.24986019241504,-119.94214755236898,457.8421616514483,388.0693368742773,-67.83129823212107,287.6421840342411,203.75050289197338,3.2503742563175986,231.64316740616377,229.9879097989532,-55.46711465641815,428.6879314042282,54.497560410429905,244.13363228466505,610.9654722220874,682.1573986268318,192.34354294526145,633.364905688632,413.9503866417199,225.76781595090662,584.7549638684399,315.36442184113116,150.34021477893972,536.901600648147,66.3703519132121,97.17976482783222,472.30154760761474,40.18191532633058,119.29578846922269,734.4458932119343,55.95815111124788
independent_20260430_173541,trial_001,subject_001,1777541746.868289,1777541746.868289,264538.4774532,1040289,001,0,0,1,27.76950591422539,645.8073138740846,856.8362415287122,114.51128032811191,659.9024436645452,856.0904921253151,83.86954558546569,421.7627081009453,896.8704022784864,135.85562325078604,434.4501701791127,898.2588031672727,-104.81701081376819,551.6790488893693,706.5831383096587,-103.35767743139036,598.4852761936825,418.19769489992547,-118.86315818538415,463.1195931844938,389.07361353658496,-67.71346165987892,295.1083843440813,202.4673546345889,3.0235905418483235,237.43386711162793,226.8274306080989,-56.67403294508841,439.27625662677417,56.93996828369747,244.5995796204293,608.8813626619692,681.9439517167535,192.72246620597753,630.1512256228041,413.7532464330992,225.89299905856694,581.1231645254067,315.2786098574328,150.2420223199378,532.6051856163058,66.42120129253894,96.9582682412076,467.93343647760105,40.177368537446846,119.09158203042156,730.1684165555104,55.989106015947385
independent_20260430_173541,trial_001,subject_001,1777541746.877545,1777541746.877545,264538.4873448,1040290,001,0,0,1,28.605406840248403,644.7797014544507,857.4529066906462,115.33983042951965,658.7756355681514,856.2690123380199,84.51646561255026,420.6685341601449,897.4529329817487,136.46334125981298,433.2932788394748,898.7163459495066,-104.62118521822865,552.7763676142171,707.9384058409497,-103.03541126353447,603.5499084667789,420.14585729657057,-118.00034380206004,468.40774486847545,389.73408621978245,-67.55226600400808,302.2334525057664,200.76224552375058,2.521719940079295,244.22461164052987,222.63980075346234,-57.83731636132502,450.5858121802092,58.74349277643325,245.0671298451923,606.7107862982114,681.6881988928766,193.01685926843714,626.8537575398555,413.5393426992466,225.935301520525,577.3806701544239,315.13465854316644,150.0529736556454,528.316466614547,66.53074842449057,96.36335006648956,464.0472894905355,40.0053902739019,118.94260347491205,725.8318133980499,55.94146045849892
independent_20260430_173541,trial_001,subject_001,1777541746.888235,1777541746.888235,264538.4972314,1040291,001,0,0,1,29.413653531090485,643.6997266302019,858.0812051626967,116.09404341852795,657.5542161088407,856.4128879562344,84.98935534895978,419.5366153856746,897.9329954881676,136.9062213387699,432.2419222932589,899.0431870788606,-104.49261379574774,553.726078488634,709.2376172340086,-102.6332214773432,608.4238170037969,422.1645183957911,-117.17801716001841,473.47880390149453,390.169258000183,-67.82336475146083,310.0677547040094,198.35442745995715,2.0407544217627125,251.457417653895,217.90657497406556,-59.0386561616909,462.27838729271707,59.897838146198964,245.45818110144185,604.4469047786433,681.4551428013543,193.20436263535314,623.4897446673068,413.2865611977126,225.9978431779257,573.7625523495698,315.09823600501426,149.09355309354535,524.0669523498723,65.89707448032968,96.12471040010757,459.71546278425984,40.15625780144519,118.70245160953482,721.4409572130339,55.98380564406046
independent_20260430_173541,trial_001,subject_001,1777541746.900412,1777541746.900412,264538.509321,1040292,001,0,0,1,30.15399190952488,642.7184444985865,858.6858328255171,116.78814556350775,656.2766060884497,856.5332495226972,85.3416263679533,418.3742453761274,898.3515397320106,137.14512423608326,430.9781365576272,899.369583170511,-104.30778804708414,554.4311910173731,710.515251770977,-102.23597823691485,613.1123178985591,424.0532519996875,-116.43892260741372,478.57415143758084,390.2408070882945,-68.31422307072751,318.982871735039,195.24115905805422,1.5984495712845999,259.495139323151,212.46030881031743,-60.572734692409085,474.60158400870245,60.64901415708595,245.8202707426124,602.1388738426726,681.1947461064194,193.37566924849796,620.1940325812358,413.0239787090722,226.0646083066314,570.1243516131319,314.94507424538415,149.52268383009772,519.5670124107268,66.55239727427521,95.99685662553001,455.2688361502461,40.13403598976104,118.53695484611198,717.0999701932632,56.041594499329996
independent_20260430_173541,trial_001,subject_001,1777541746.9142203,1777541746.9142203,264538.5230854,1040293,001,0,0,1,30.810005664545496,641.5226811324773,859.2274689904191,117.40076600262199,654.9782539658828,856.609191775939,85.7670962951278,417.1883554478378,898.9841112006419,137.8063609692932,429.74036462495843,899.8173658015544,-104.33207182240986,555.0985456501354,711.7608319183742,-101.86163151683895,617.7252787920406,425.9987703732581,-115.61462644035446,483.6100850998876,390.01905261082777,-69.5261905934991,328.18071930687955,191.57525514828527,1.06936046611428,268.0928660488969,205.9708824712654,-62.4577061412526,487.9410853445445,61.44647449019625,246.1626623946381,599.7774640794418,680.9022400147459,193.63379373881625,616.885529914919,412.824238773779,226.04749261407633,566.5483151172693,314.83233781575734,149.31938575778813,515.1306778931187,66.60386648891284,96.19900047211212,450.49144096189644,40.550017185639824,118.39032064815275,712.6699445004323,56.01180964148876
independent_20260430_173541,trial_001,subject_001,1777541746.9202387,1777541746.9202387,264538.5296345,1040294,001,0,0,1,31.381575959211276,640.3009760429651,859.7137515257148,117.92063904419999,653.621643211166,856.6319196802567,86.17175643958926,415.8942155337576,899.3716659934571,138.11092603581255,428.42280925293613,900.2263562892022,-104.2235969172029,555.6444101606594,712.9670688093893,-101.34356766092526,622.1154936892291,427.9778239488197,-114.9188863844629,488.47228231290984,389.42084925205245,-70.34136270860867,337.89797466090107,187.20627272236868,0.44359003416254883,277.15484392139274,198.76894410139923,-64.24573319804081,501.4249117435907,61.90652986063967,246.43988165506804,597.420796294221,680.6389916736844,193.8509813384503,613.5340600689624,412.5452973354125,226.1224269858317,562.9871184772522,314.72705051754565,149.22738131513856,510.796944499798,66.64190663073973,96.03523751240836,446.0737849476668,40.58974136707594,118.21806944276541,708.3551525040227,56.070379863241314
independent_20260430_173541,trial_001,subject_001,1777541746.930962,1777541746.930962,264538.5406605,1040295,001,0,0,1,31.87528227467767,639.1170860304243,860.086935973003,118.36105609406054,652.1876470932348,856.5864739407174,86.52080727366818,414.5608026271438,899.7274785606786,138.70483198018835,427.19040737399445,900.758531801779,-104.08905021449569,556.0163764491283,714.0979961465968,-100.92218874707577,626.1672767783897,429.9057000276285,-114.86423497838669,493.35530234610644,388.5672274699268,-70.79491241169117,347.84067928558864,181.6194100107507,-0.3432865269750496,286.8463102239368,190.9052856674075,-66.00390556006505,515.4629902603667,62.17786000119116,246.68361536802217,595.014091420645,680.3862500790777,194.05239653626373,610.2307360256509,412.2583244062111,226.07890178186867,559.2871130523948,314.5555947544554,148.9755857033056,506.5612089873969,66.6455760266253,96.15256087522661,441.60758668912075,40.883377705363806,118.06481837856673,703.9403039073268,55.9912031186476
independent_20260430_173541,trial_001,subject_001,1777541746.9399803,1777541746.9399803,264538.5491452,1040296,001,0,0,1,32.299216087358744,637.7981111555397,860.393934842624,118.75517784259745,650.6804612996043,856.4983596358019,86.69569242046073,413.28089972267156,900.2173856306944,138.95521659516112,425.8267294565943,901.0591829019954,-104.14769428299455,556.464145751521,715.1639677148402,-100.42519868433612,629.8128660561023,431.777340017749,-114.5563604046337,498.26785487326083,386.96631675246243,-71.54034867468243,358.25892417326946,175.7622200718701,-1.4891959696281645,297.16314073962917,182.35304204627917,-67.67015356942233,530.1689062786704,62.2018978140401,246.92869035191998,592.6117013270449,680.1287753171517,194.1426258611916,606.8164358615927,412.0351506561197,226.1828938921278,555.6763756932896,314.4615732272062,148.2021534254137,502.36213965605936,66.17251652291341,95.20964588549437,437.64515152546477,40.281448302262056,117.83546098708646,699.5921924064747,56.04998642752086
independent_20260430_173541,trial_001,subject_001,1777541746.9484155,1777541746.9484155,264538.5575372,1040297,001,0,0,1,32.645097175122984,636.3339802638662,860.5763395576956,119.08675626572348,649.1845539336891,856.3732337734181,87.12186549045335,411.86847563581216,900.5832891700885,139.33499500008625,424.4133596395199,901.4571230622781,-104.24145591148434,556.7750028297335,716.2707518741475,-99.97665122156849,633.5528018690128,433.5787348834161,-114.81042797488878,503.26771270110874,384.91793661758174,-72.99909424053473,369.6248511218379,169.72126856212887,-2.434874056040603,308.02491495767146,173.7541598876847,-69.16625650071805,545.3573805701188,62.02551125161729,247.1497033801816,590.1737747331198,679.9097106817297,194.28475935047027,603.3794440037508,411.7346474450655,226.1390982026276,551.9131959609782,314.25475908300785,148.41112512018597,497.78281270385975,66.57680441977497,94.99913751372948,433.24662339139,40.23254696085687,117.71208688209498,695.1510067978364,55.9900526874007
independent_20260430_173541,trial_001,subject_001,1777541746.958717,1777541746.958717,264538.5676752,1040298,001,0,0,1,32.96121025591013,634.968625374224,860.7059725408857,119.38046563028225,647.6695820797581,856.17902333607,87.3750872220006,410.43566165923744,900.8426858631145,139.73767935074366,423.0172399246187,901.885425041806,-104.21017343810506,556.8834922212349,717.3037427169946,-99.40521367547153,636.9634543355179,435.29185404090424,-115.26714445572802,508.44798310391513,382.67987567950206,-74.19337640712105,381.7055770988742,163.0381036196121,-3.992715586248361,319.63419011895036,164.2597914613613,-70.75001558791851,560.9063954859405,61.84830539934645,247.34534262458405,587.7928661621127,679.6273916856421,194.50685132882649,599.9086549981,411.4384886587186,226.18003044317166,548.1714537941386,314.18584491017384,148.1517102220446,493.40027991123264,66.51735659210723,94.76213814008123,428.8283046168223,40.238057736044404,117.48755865394787,690.8648054377145,56.069807849716184
independent_20260430_173541,trial_001,subject_001,1777541746.9673429,1777541746.9673429,264538.5771149,1040299,001,0,0,1,33.24430086619089,633.5558813426354,860.77115234557,119.65245358213326,646.1113807954164,855.9638460981656,87.54348495692405,409.057277827197,901.2320398950612,139.7948100881702,421.5854108218892,902.0613974732472,-104.28835456195762,556.8868053270307,718.3170584027896,-98.89525313511898,640.3458838445821,436.85813916541457,-115.8752537122455,513.7179972904923,380.11553336801853,-75.47696435988696,394.163721032265,156.1943340346032,-5.262441762687671,331.4327798844439,155.0289306205784,-72.30375933296799,576.7352250411108,61.5563740561768,247.48071763751028,585.4065570489769,679.3624673123394,194.5434258057552,596.3420097905167,411.223017540197,226.04275322008888,544.2646468259088,313.9917340662629,147.89826802184984,489.0827466826987,66.52434591157395,95.4589947320902,423.8097901532278,41.13734895811604,117.29441712614825,686.3785710225399,55.98724707768375
independent_20260430_173541,trial_001,subject_001,1777541746.9801705,1777541746.9801705,264538.5891405,1040300,001,0,0,1,33.47845375485133,632.2040540652714,860.8611698032826,119.86357303774034,644.5813788000024,855.7354718016747,87.65536221933597,407.6707984543848,901.5449885421168,139.8599808945579,420.190247048022,902.3171052603578,-104.34138917489558,556.8131450907376,719.2968357576378,-98.34572655208916,643.2806284389459,438.4277092385114,-116.55887751140037,518.8274556906099,377.4406354346904,-76.75594688697896,406.62604729626145,149.03378199063192,-6.971320228110868,344.4760840856457,145.40440495538664,-74.02009634067984,593.1660069396585,61.59877396621725,247.55517199031158,583.0143569171946,679.1467550261523,194.72925372408662,592.826168197306,410.96242215005884,226.17421796317345,540.5055400116544,313.9429038488089,147.76715552103445,484.75927187981455,66.60036225614179,94.33325705475643,420.22570991410737,40.45437471237811,117.16102882518176,682.1097011817731,56.07436139823163
independent_20260430_173541,trial_001,subject_001,1777541746.9881802,1777541746.9881802,264538.5973124,1040301,001,0,0,1,33.69340088456576,630.8706973940202,860.8728393273822,120.04595953555575,643.0666267549536,855.5281566258788,87.82388123261723,406.25139350544885,901.9495802473581,139.7798777004151,418.7795907394998,902.4760314119561,-104.47787408931733,556.6293171504335,720.075093588703,-97.88316269986977,645.9987091256534,439.92387116197995,-117.07583165715637,523.9271029356287,374.73234001344815,-78.28171816819868,419.71077785307847,141.93468488161355,-8.622695000497389,357.6409181055817,135.8808024400855,-75.48628756372662,609.4678315138477,61.47014373543481,247.63568185140332,580.6226480277742,678.924316003573,194.86207532675945,589.2408942635875,410.6809088311864,226.08027368228082,536.5896237983416,313.7348906845477,147.5647776230997,480.32210926420714,66.49985088384837,95.15513939492055,415.34829071681366,41.04918615878647,116.97920308917281,677.6443364487474,56.016694200093674
independent_20260430_173541,trial_001,subject_001,1777541746.9981914,1777541746.9981914,264538.6072666,1040302,001,0,0,1,33.864746009850855,629.4872258558844,860.8991565540731,120.21476307929578,641.5568648449726,855.2724224735048,87.44386221100372,404.9973792483413,902.1966397591676,139.66029599922993,417.38463413672804,902.7509756489765,-104.78745208743038,556.5471956163848,720.9005126720215,-97.47941068713565,648.4472655549694,441.2933154183776,-117.56080876960921,528.9534440236577,371.8989610380925,-79.93612655686337,433.2123346476491,134.99556973887746,-10.939850659527036,371.04946605594785,126.92960829783945,-76.74713515136231,625.8057070322386,61.35120788364336,247.70420169678758,578.2901696645262,678.7079123517623,194.96870089124602,585.7788710469342,410.4405337618126,226.02862259339582,532.8313861839085,313.64656772911223,147.38077180865457,475.9801712786018,66.53837159719157,93.99370797869707,411.4939437273473,40.27273359121072,116.83853873596776,673.3005451554433,56.08492969385688
independent_20260430_173541,trial_001,subject_001,1777541747.0090768,1777541747.0090768,264538.6181941,1040303,001,0,0,1,34.0079129934074,628.2170548418458,860.8504825406028,120.36916575122352,640.0927581442476,855.029571369478,87.41343323343158,403.62317192917743,902.4214099362696,139.7154543640081,415.9479586749402,902.9782769218747,-105.01642993026941,556.1546641280465,721.5636651811628,-97.12862715992118,650.5524189784585,442.6030876253496,-118.06627099844025,533.8214604595544,368.9120583769609,-81.84939986234116,447.48465195836457,128.72290566512112,-12.854924420231677,384.9948940563445,118.09045806621775,-77.95517681405322,642.25366619286,61.419524606207354,247.7486725665486,575.9320831669237,678.4432343309866,195.0023752457868,582.217589360108,410.11592569939444,226.00341412475888,529.0741345869483,313.4710953330056,147.1803330662236,471.6024490031794,66.50865061147591,93.970124939266,407.4484365977168,40.1779652421263,116.67332601017715,668.8565015035032,56.0362317288468
independent_20260430_173541,trial_001,subject_001,1777541747.019582,1777541747.019582,264538.6284494,1040304,001,0,0,1,34.15913674853775,626.9864211406394,860.7598296915262,120.53688032506517,638.6250624037934,854.8135951790797,87.02349829742569,402.4014246042653,902.7170545452311,139.39588286906664,414.635783765945,903.284910716585,-105.28930177309755,555.6935970194205,722.2279651803643,-96.97624291817189,652.3717913713668,443.83425057147457,-118.60923944405535,538.8057376691403,366.0588037018623,-83.3958351767768,461.5993613927166,122.26009082992942,-14.04853132556516,399.4232837027751,109.78718144828996,-79.05026722035984,658.7879778078305,61.72983534929203,247.74821180097697,573.5498034355013,678.1716439071654,195.07046037247483,578.8157429824192,409.8682835455439,225.93362842241376,525.3241718623855,313.3649875083864,146.93268153698062,467.20571412938074,66.482469550364,93.78737592426899,403.11096617603465,40.300586171185806,116.42019486018513,664.5366643550849,56.11483387883735
independent_20260430_173541,trial_001,subject_001,1777541747.0275552,1777541747.0275552,264538.6372605,1040305,001,0,0,1,0.0,0.0,0.0,120.6966575033964,637.258154384874,854.5495473819424,86.77239543623787,401.175408393803,902.9252480640909,139.11712981033284,413.3064352802692,903.3567609114658,-105.5659590111375,555.3414632681146,722.6947033267805,-96.96266981602558,653.9974359535452,445.02645371871967,-119.15258443703185,543.5606367970086,363.117825811698,-84.77527042494694,475.7703923963444,116.0965505876027,-16.099266540169385,414.01910558508547,101.83069119602933,-80.02187233401291,675.0662241718908,62.24156605070644,247.744176476828,571.2360880573907,677.9321617980595,194.96603965766545,575.3259303027426,409.5915614357947,225.84247751696242,521.5808630601736,313.20241895530927,146.7181447893515,462.80574027539797,66.45623817355317,93.63432048708813,398.72305177762644,40.17748375679456,116.2458481510171,660.2620945378014,56.10636831368396
independent_20260430_173541,trial_001,subject_001,1777541747.0385635,1777541747.0385635,264538.647517,1040306,001,0,0,1,0.0,0.0,0.0,120.86288906069487,635.8914711543413,854.2870539682599,86.3941159145087,400.04058709334475,903.1674190980222,138.82806688013395,412.0251817726514,903.6171249915616,-105.83880385628031,554.7284680005357,723.1195663872046,-96.89277783317515,655.3574478665045,446.0697549598171,-119.84202793671906,548.6136365608048,360.23236152490546,-86.1528240336037,490.0712809685543,110.28828340628033,-17.674417262088724,429.1430264820215,93.92010656812236,-80.71241609585886,691.2903500419836,63.16201541223824,247.70256518766155,568.9450990024292,677.7114002944726,195.04458111503905,571.857667999013,409.2941270183952,225.66425899453674,517.7571215864233,313.0813929985064,146.51376483214327,458.42298412605584,66.46797754037951,93.52457577456904,394.32248722178974,40.258908030329565,116.04075844442197,655.8447022268514,56.178740779477295
independent_20260430_173541,trial_001,subject_001,1777541747.047562,1777541747.047562,264538.6571737,1040307,001,0,0,1,0.0,0.0,0.0,121.02020816521089,634.6122801154087,854.0538552133926,86.12283999344027,398.8808516593142,903.3294326294148,138.44778306146617,410.7846329352769,903.6679925518897,-106.19666748697766,554.3282193046169,723.5171562560179,-96.93985608990373,656.5526845700005,446.87819015393296,-120.44519850986029,553.5619940154777,357.3459966936384,-87.53306095525782,504.48535360966235,105.31424327802141,-19.11073100789895,444.65983683601337,86.47105082821358,-81.71834436466891,707.1029314193177,64.70523035967715,247.6038802106053,566.6461574846451,677.4673800066755,194.99137583428902,568.2861485832958,409.0803874924961,225.59771151385203,513.9433217286726,312.9690274312297,146.34575140657105,453.9720878123442,66.46941536567626,93.56406168602852,389.42578646718897,40.83361045236216,115.86070125411065,651.3800444812047,56.16081318641012
independent_20260430_173541,trial_001,subject_001,1777541747.0585625,1777541747.0585625,264538.6676381,1040308,001,0,0,1,0.0,0.0,0.0,121.12644387766822,633.3785949563531,853.7444616375366,85.54353713448913,397.8841052919064,903.5524399941846,137.89325099504268,409.68325356446934,903.8486889780952,-106.55029770065131,553.6815365092472,723.7892380257805,-96.96261831052283,657.8610785492386,447.7209620807358,-121.41571583365359,558.7413102704277,354.52934710936955,-88.80284929837597,519.1150558083095,101.00389564365646,-19.834669152101682,459.73173695962686,80.12288990961116,-82.45342560157289,722.719275893274,66.50809849770926,247.51574633467274,564.3584559580593,677.2269806530128,195.1229895753505,564.7751724593829,408.79338940412555,225.555451956937,510.1168016613852,312.908529318428,146.24565780665048,449.52396301545997,66.57226925675336,92.96329368065093,385.583919317273,40.37327208190568,115.68169039870894,647.0671614330521,56.19824999213501
independent_20260430_173541,trial_001,subject_001,1777541747.069841,1777541747.069841,264538.6787895,1040309,001,0,0,1,0.0,0.0,0.0,121.2191844560348,632.1611249021496,853.419323662382,84.72686775198967,396.57401860101373,903.4922825713434,137.46870940276108,408.48318441068636,903.8172075291294,-106.87898890567098,553.1714345697859,723.9936964985661,-97.05831252044145,658.9994892179801,448.4228781443748,-122.30899350952352,563.7218969813728,352.046736627642,-89.8036085927385,533.1589656345,96.92732133875002,-21.198902144376945,474.33341049638693,74.55506373405672,-82.94999448043319,737.9308578296013,68.56316167515774,247.4083747456599,562.1314948529139,676.9384443380015,195.14103367860918,561.1673066458546,408.51554882888195,225.44326080966974,506.266491971711,312.76254585108666,146.10370764078434,445.09466382556724,66.59948040290799,92.85211715765215,381.1470205129289,40.36903972153775,115.5276461601276,642.5824318505956,56.16264988486052
independent_20260430_173541,trial_001,subject_001,1777541747.0783691,1777541747.0783691,264538.6875702,1040310,001,0,0,1,0.0,0.0,0.0,121.27829927755886,630.9577530664099,853.1027645378119,84.07093974067945,395.6562271605428,903.4631336116435,136.96472923337126,407.38514875148985,903.8187789972923,-107.27303169733425,552.5251635238318,724.1555279578616,-97.20617856661003,660.1673714899962,449.23173490024175,-123.34139446312523,568.6849525103113,349.818808645136,-90.8817110680176,547.2252092627451,93.68872590998284,-22.40257145377837,488.8257009459506,69.7333368131195,-83.09480584824898,752.5879120466097,70.7409276588985,247.27846571601535,559.9059866824061,676.6683137374501,195.21618234052687,557.7353876318552,408.3098493567322,225.32224228296514,502.50005094605973,312.669206768803,145.51851809170432,440.7024742804118,66.19819273249418,92.98607611296983,376.1925334953011,40.76182838861999,115.23583284648241,638.4033531627223,56.19769752257698
independent_20260430_173541,trial_001,subject_001,1777541747.0883813,1777541747.0883813,264538.6974344,1040311,001,0,0,1,0.0,0.0,0.0,121.26178895641638,629.8233230618021,852.7275755227249,83.56829538715029,394.7397163021706,903.4645710851169,136.39007744405455,406.3339570202251,903.7543959144011,-107.77868389545554,551.9040861831894,724.2088676751551,-97.33784546650742,661.139301743148,449.9471283555684,-124.41470093303519,573.5746891624113,348.0432204952582,-91.89844633308486,561.0324062322493,90.99979023487276,-23.41845286932564,503.05504921995674,65.67225575572701,-83.07779373209992,766.9111442508628,72.9788234462487,247.10228656399073,557.7340478461774,676.4241265450705,195.13563343334027,554.2089206455922,407.98707810558614,225.2435809174106,498.73879660991884,312.53338986217375,145.72105978422454,436.1798801580664,66.63887271089686,92.6905281655853,371.8188155651258,40.78677061759162,115.18848483228051,633.7347315025737,56.1423935247084
independent_20260430_173541,trial_001,subject_001,1777541747.0978916,1777541747.0978916,264538.7073544,1040312,001,0,0,1,0.0,0.0,0.0,121.25317371264347,628.7038344799539,852.3785174296777,83.07951869279357,393.8031059817411,903.3811058831025,135.84290498850655,405.33824004198823,903.7850176040085,-108.30520248054039,551.1657268089912,724.2190151042137,-97.56621663298537,662.2270899186618,450.7190130121095,-125.0005879096999,578.0826908143533,346.04824091327026,-92.77478160080649,574.3443289511571,88.8380792273833,-24.61210993771762,516.7846046963458,62.354437528176156,-82.91692278008335,780.6358493516748,74.94767760730159,246.90305762720556,555.6318079847352,676.1851268501938,195.14243311697857,550.7700156248366,407.7942756677553,225.03791627341644,494.97351162922206,312.46481520385527,145.4600612786734,431.682498722744,66.52413469455229,92.29307481762018,367.7828125058058,40.53512172613985,115.01622725984596,629.3195582646591,56.17802311313215
independent_20260430_173541,trial_001,subject_001,1777541747.1079278,1777541747.1079278,264538.717203,1040313,001,0,0,1,0.0,0.0,0.0,121.17547471151464,627.7054364541432,852.0159340103158,82.42064795921904,393.0073466830492,903.2901413062963,135.27357263638515,404.388128287306,903.7791492462059,-108.84102929651479,550.7326236465332,724.2504360980323,-97.66574842811332,663.0622526364364,451.39408986727494,-125.55786817478392,582.5143474000967,344.39387303081554,-93.77931216459248,586.8702721458055,87.01154546640683,-25.883173577252975,530.0778219967092,59.77119817056922,-82.60896293783847,793.9091010399662,76.77737075310736,246.71258866031764,553.569381485426,675.9237524615812,195.042023317169,547.3405158577715,407.497157201931,225.00835648873374,491.2882202788495,312.4170141733152,145.33606550823018,427.18816504581144,66.60810196545606,92.05494959535864,362.7957681249691,40.82979051719375,114.767697791,624.8560260988977,56.17838406050302
independent_20260430_173541,trial_001,subject_001,1777541747.1184545,1777541747.1184545,264538.7273502,1040314,001,0,0,1,0.0,0.0,0.0,121.11258786557137,626.738154964655,851.6504914255985,81.73568237885243,392.27076916352667,903.0647682497188,134.4525219786228,403.5124137087296,903.5533232462251,-109.58835323508887,550.3278623887185,724.2867978844336,-97.86171440366589,663.7838741193812,452.00356863427606,-126.44233319154172,587.0868367579502,343.12398253528,-94.40055343166325,599.287311248041,85.67678576025527,-26.83900822428923,542.8684528254039,57.85485196898025,-82.21474531016007,806.6226501616496,78.89480890260461,246.466226906744,551.5276555414433,675.6328965711369,195.0252878104631,543.844309588258,407.21224594129853,224.89400107447415,487.5721964170705,312.3411651897774,145.2330526972211,422.6940424600291,66.68045505784723,91.97886074467468,358.93526663190744,40.51728675090355,114.63979497097496,620.4144764772428,56.166071741832596
independent_20260430_173541,trial_001,subject_001,1777541747.1279683,1777541747.1279683,264538.7373393,1040315,001,0,0,1,0.0,0.0,0.0,121.03928225081145,625.869034996199,851.2989909210136,80.82986769878907,391.6845512415487,902.8966571264427,133.78563482365814,402.67185397181623,903.3588330759985,-110.20753529602372,549.9046986516399,724.2064617517278,-97.99063462284009,664.5604444231549,452.6128996644025,-127.11474618247802,591.2898371562779,341.6386948732551,-95.67738199071572,611.1038900344689,85.13374493073425,-28.2316552324826,554.6665977538823,56.05968297118109,-81.89952270336246,818.4915454970803,82.15663907119539,246.20814134664786,549.493565737221,675.355771427594,194.91439922711155,540.4575740596338,407.0106228177525,224.6863647906722,483.80737229989575,312.2670940227136,144.96771390513948,418.2319805545152,66.63810453317608,91.72373752454023,354.45495310255717,40.6782593093321,114.45134845835194,615.9985970830886,56.26640111293675
independent_20260430_173541,trial_001,subject_001,1777541747.1379678,1777541747.1379678,264538.7471823,1040316,001,0,0,1,0.0,0.0,0.0,120.96852518313045,625.1011316491673,850.9313275905947,79.90821705445032,391.18383094801396,902.6984040224759,132.93503655458304,401.97049168109726,903.1660311996002,-110.8121409307076,549.7133632200832,724.0132699690447,-98.24064288600593,665.418506980303,453.0020583705903,-127.87007350366261,595.3984720403298,340.27264411457503,-95.84569758910867,622.1598489246379,84.20529060417003,-28.976406574512996,566.4021430239279,53.801387096255,-81.48210776165048,829.6151668088485,86.37505302431025,245.91739598341428,547.5590520654414,675.0689905789201,194.88076591143505,537.0891012481644,406.67675879885076,224.45829828816719,480.0426469737982,312.2218219615582,144.53702088562937,413.86222848702965,66.43637322802925,91.55007408121308,350.09951968580015,40.709996899837364,114.22898110169074,611.487352087088,56.130165758367866
independent_20260430_173541,trial_001,subject_001,1777541747.1509666,1777541747.1509666,264538.7604689,1040317,001,0,0,1,0.0,0.0,0.0,120.92010592738824,624.4100150268191,850.5819978845011,78.97153607778125,390.6337146075004,902.441265999635,132.0471608753538,401.38435661286485,903.0893579918223,-111.58234352474386,549.689891920413,723.8231121997883,-98.4078140644023,666.3325995314594,453.3488226457134,-128.93594495635074,599.4335787262365,339.185997596068,-96.67909560370902,632.4788324003473,83.77315638272077,-29.873207008473187,577.3644344364828,51.65888890068001,-80.93547287737853,839.8631200281372,90.87041745138409,245.5911750665155,545.64754619016,674.7669355084197,194.6810404122177,533.6592322528463,406.4222129642997,224.26296866824347,476.2978871571054,312.14392338254453,144.50534024753358,409.3631703067729,66.7178973023691,91.32516997333344,345.6588813103618,40.733556804767616,113.97756943688431,607.3951032796433,56.185798967170165
independent_20260430_173541,trial_001,subject_001,1777541747.1574807,1777541747.1574807,264538.7672034,1040318,001,0,0,1,0.0,0.0,0.0,120.84410893479027,623.9028562824354,850.2105792013386,77.92983498899095,390.41092089280886,902.0496829022694,130.95454969313678,400.81273981590607,902.6518174893073,-112.07903192913348,549.7612754114206,723.6090899102159,-98.8045926998059,667.3720328664582,453.79941425627715,-129.86102959260046,603.1262971703184,338.1028899620809,-97.2479599193008,642.5188356245014,83.52558429455726,-30.449869553585547,587.9754666363883,49.95560733816299,-80.0469914977309,849.4075884769524,95.24464377422208,245.20518508645156,543.8415804685728,674.4941571450595,194.61463093846783,530.506043548962,406.21920048759574,224.11780900600832,472.6710491422405,312.1587416870912,144.35319538732054,404.97289077142534,66.88099947795195,91.15609554076227,341.21045116898523,40.866390587478435,114.00207952689985,602.7135947661982,56.133655748030854
independent_20260430_173541,trial_001,subject_001,1777541747.1678503,1777541747.1678503,264538.7774376,1040319,001,0,0,1,0.0,0.0,0.0,120.78554273753149,623.4460143464012,849.8434911225005,77.01032990768763,390.08813534379397,901.7920105676403,129.904076756272,400.34263548003685,902.370006983376,-112.82129795238163,550.236162933459,723.3490030723904,-99.08222752697786,667.5497662751418,453.9505165667289,-130.69900379132375,606.6764182820223,337.0815912953235,-97.93133301446676,651.8953962654014,83.56377393782434,-32.30704551436775,596.6878429170173,48.91707557880501,-78.75867691543769,858.093281136703,99.3164633597496,244.84726806470806,542.0974502937402,674.2048541186211,194.4016987389663,527.2955568700255,405.9158282066553,223.87691184378357,469.1450265290511,312.18323602819453,144.34226211787708,400.33232205063786,66.91513428937485,90.8690760910544,336.811208880206,40.972182644087965,113.82666264761441,598.261238063112,56.112668837947965
independent_20260430_173541,trial_001,subject_001,1777541747.1784742,1777541747.1784742,264538.787637,1040320,001,0,0,1,0.0,0.0,0.0,120.71589610684244,623.0344779667499,849.4498932295847,75.64520697313844,390.07297143830294,901.3140274696248,128.77912253177465,400.00532223109167,902.1324578777185,-113.41149222135333,550.4916492188653,723.0344358768084,-99.22374486054814,668.1153054081154,453.84227623165583,-131.6704600397855,610.0853172807953,336.1258647681136,-98.51559974594299,660.4352780389617,83.58427587862498,-33.5188321336994,605.2069834803581,47.738951688599755,-77.18628376808766,866.091329641754,103.22374729677901,244.43832921787083,540.3993767434658,673.9232974007023,194.3303610492078,524.2920658641077,405.653976499321,223.6398080341593,465.6450917104313,312.17033044795636,143.73892556576956,396.48581595939567,67.1093012817799,90.73399691427038,332.42656750894037,41.16880984898412,113.59165807326413,593.8243918212434,56.06945273582553
independent_20260430_173541,trial_001,subject_001,1777541747.1882646,1777541747.1882646,264538.7972749,1040321,001,0,0,1,0.0,0.0,0.0,120.61389317793275,622.8360548140835,849.0805441888174,74.23152389872797,390.07262238320493,901.0252058268678,127.49375379917761,399.68240405725953,901.6824880636871,-114.12739129587447,551.0452404649229,722.7021545690815,-99.34278850000064,669.3154210703582,453.8011826424689,-132.7445712472075,613.3837648612601,335.2316927553507,-99.29820016931447,668.247338469158,83.5943276509315,-34.88801077614417,612.8739401707821,46.583095390610666,-75.22735775537657,873.3199508071028,106.92225467972416,243.94687473834995,538.7484519404666,673.5809439458872,194.0831397650185,521.3437238647141,405.3654736779192,223.38904885539367,462.25033174346373,312.20239069179013,143.51157367703547,392.1397035959398,67.23120351261923,90.41832259770587,327.94431235609545,41.232341820602564,113.45359169998972,589.3442726468038,55.91934563704764
independent_20260430_173541,trial_001,subject_001,1777541747.198262,1777541747.198262,264538.8075468,1040322,001,0,0,1,0.0,0.0,0.0,120.53537693048162,622.6186639315353,848.6498676832331,72.86576985406009,390.1484676413532,900.5563647961711,126.28896695196339,399.51924130357145,901.4415076648515,-114.88439738153502,551.6933200554645,722.2844200011341,-99.45492073398701,669.8697104371548,453.57305876663014,-133.5809717471926,616.4920425756034,334.36578828616683,-99.98954924864529,675.4515438612364,83.61846098272272,-36.501051589495155,620.0049894850258,45.55284806251258,-73.26776526910321,879.7785328364165,110.42378965168776,243.45087366676267,537.2417094801125,673.2600304965723,193.77011953962955,518.5440521725268,405.07284658103026,223.03550977935208,458.90102706790725,312.2729028683624,142.72358453891167,387.8874934255394,66.79405622207246,90.24767317171957,323.49213607348196,41.38558499980544,113.31442422562891,584.9182754783237,55.88727520518825
independent_20260430_173541,trial_001,subject_001,1777541747.2077088,1777541747.2077088,264538.8170983,1040323,001,0,0,1,0.0,0.0,0.0,120.39166615857305,622.5439610129499,848.2102361215369,71.51723445534049,390.39539736797207,900.2618965808444,124.67475628230049,399.429497880901,900.9120808867241,-115.71027297483526,552.5154903644442,721.841674227532,-99.55467353115772,670.7129796698358,453.2231486175954,-134.33736548426387,619.3635021591383,333.5357400226183,-100.51673021137731,682.0551709922507,83.66045371268851,-38.051168146951404,626.2930968141864,44.60797584193598,-71.1040968354367,885.479657019642,113.44118031085085,242.86401655439727,535.8213342029088,672.9253949064954,193.49053142923884,515.933184314537,404.7774143286896,222.66685503101573,455.593400181418,312.2924871952159,142.41716429860935,383.4904077952247,66.91736845721165,90.0388023141932,318.97726375089553,41.63321292884031,113.19845008974923,580.4780469990051,55.865979846993916
independent_20260430_173541,trial_001,subject_001,1777541747.218225,1777541747.218225,264538.8273508,1040324,001,0,0,1,0.0,0.0,0.0,120.22233807155446,622.5321719849663,847.7477486680722,69.95413814624408,390.69411052726207,899.6478617272195,123.27450290746523,399.44829779605965,900.590094112915,-116.40591467322453,553.408362738483,721.2283342926969,-99.54250049605763,671.4534604672539,452.78966374995775,-135.27664134969964,621.9245475030255,332.71844653735354,-101.37330917316638,687.9696997820687,83.70232644745168,-39.676680004637944,631.8717316023088,43.47594507317205,-68.84297926594499,890.4918374208023,115.88909324485205,242.20844732758414,534.4733475791032,672.496900555354,193.100053869088,513.3183870139442,404.36497253467076,222.29463055497237,452.3719447483552,312.3192473748488,142.10820694810715,379.1108156958975,66.98357818500443,89.78535109319505,314.5163398361331,41.7733377165777,113.30135860928607,576.1455034293367,55.8731086216593
independent_20260430_173541,trial_001,subject_001,1777541747.2283912,1777541747.2283912,264538.8375751,1040325,001,0,0,1,0.0,0.0,0.0,120.00515884705743,622.6593544856219,847.2398971401474,68.44392944143024,391.02951429347553,899.2910123211071,121.58616467299258,399.57702823303583,900.0940627909656,-117.28783894151445,554.4103019893344,720.6124732587048,-99.44362103444027,672.0945532461361,452.30115086168337,-135.81837300400355,624.5560183261306,331.8404985357119,-102.03117678645638,693.1602653123078,83.57081846665012,-41.39780396188621,636.5099408060788,42.464808104602795,-66.62363914499353,894.933931384582,117.7597591337224,241.50905449343233,533.1831682619555,672.1213252517647,192.69446463593755,510.79520724713785,403.92402212679923,221.86347811318072,449.2452700325838,312.4174370842879,142.5018116089029,374.7016059320643,67.82741858721408,89.66468892078875,310.0815051411663,41.9453849475749,112.96868845992512,571.6560607744466,55.744655812034885
independent_20260430_173541,trial_001,subject_001,1777541747.238443,1777541747.238443,264538.8474327,1040326,001,0,0,1,0.0,0.0,0.0,119.76849886099276,622.8548100183314,846.7064486795641,66.47473022945057,391.5497381581242,898.7110475981423,120.06720987173894,399.7817886814704,899.7279437068211,-118.17064303072658,555.5318584845168,719.8897815705012,-99.37159067982921,672.921659622691,451.65009640619564,-136.6125877755103,626.6509905638244,330.91476936845004,-102.55434878931102,697.6629976359982,83.35294712996001,-42.738428624150394,640.6626966643128,41.56254166363862,-64.4270800636899,898.5660075524517,119.09480556974486,240.7721095918383,531.9759723140048,671.7797022091208,192.38348114899438,508.4478648559756,403.53655128593414,221.40755823787282,446.17833187218986,312.5077011635399,142.19255970284144,370.2924282417747,68.04320856185863,89.50066196095969,305.64225604692854,42.20656974407342,112.87056315517506,567.2393411719872,55.65935750531368
independent_20260430_173541,trial_001,subject_001,1777541747.248329,1777541747.248329,264538.8573891,1040327,001,0,0,1,0.0,0.0,0.0,119.45316194211131,623.2085279721646,846.1445888766701,64.7898812455144,392.361668521506,898.211627713174,118.1542841736407,400.16083057768736,899.16314173449,-119.10172954242232,556.783185188032,719.0818688134511,-99.25092552395097,673.4740262428115,450.9114096267235,-137.16464893482396,628.6657820829573,329.88443979094114,-102.77416402579655,701.2779506160534,82.85022928082172,-44.04344137430434,643.9740596166762,40.344946059107535,-62.305745456698,901.520111099982,120.16678939482048,239.92940371507424,530.8163173794038,671.4099791054382,191.92217666057095,506.21201307353647,403.1812297195289,220.95221594255278,443.1472021898806,312.6589814605484,141.4309330248813,366.03873489515564,67.62429753759633,89.36706743966297,301.1158355420024,42.511725149917346,112.68977445867048,562.7028584547456,55.443974664181134
independent_20260430_173541,trial_001,subject_001,1777541747.258872,1777541747.258872,264538.8686201,1040328,001,0,0,1,0.0,0.0,0.0,119.10124429766908,623.6400095484041,845.5604263188677,62.779129510312636,393.2025210115249,897.6716877124321,116.2663314394192,400.6706528087987,898.7273302096411,-120.02262956951715,558.0140627328129,718.2081430095886,-99.27489652617791,674.2128859257006,450.0122521594421,-137.58672445351252,630.7959793912531,328.7542472451095,-102.95285283790922,704.1446912847692,82.10500769121572,-45.44866110600019,646.5622000020365,38.46259087888848,-60.2893144976861,903.7071985095675,120.80392866178,239.01655069040697,529.7725109274461,671.0322131970818,191.49126890446433,504.0597916721287,402.80800292581614,220.43098094900552,440.2015704456389,312.8704044230469,141.70507376377398,361.5828364685834,68.4618751045644,89.12227443922423,296.68989674205346,42.87838485167351,112.5530372331473,558.2247360528103,55.34187688515016
independent_20260430_173541,trial_001,subject_001,1777541747.2697237,1777541747.2697237,264538.8785918,1040329,001,0,0,1,0.0,0.0,0.0,118.66677927717961,624.2109439893808,844.9388249105942,60.70602700261604,394.05797706401574,896.981620336006,114.26720883172925,401.3078234403984,898.1508352760179,-120.91317565568264,559.4190324552923,717.2242971575057,-99.30104288469936,674.9248273775346,448.9726971836038,-138.0721669887003,632.2928897547698,327.69856359624845,-102.96227677062768,706.271042769713,81.16098300971531,-46.07328543312414,648.5400340220415,36.813349752377064,-58.36348985505428,905.1297938650761,121.06336232565445,238.0698528188345,528.8859324363821,670.6558886716265,190.9336363871556,501.9491101438734,402.45278719632836,219.85192450315665,437.32932408785433,313.042637356106,141.4475771492163,357.26298475885176,68.70574421381451,88.8172126855698,292.2677766037146,43.05470390149636,112.52484496374576,553.8589525714531,55.25486029723831
independent_20260430_173541,trial_001,subject_001,1777541747.2777374,1777541747.2777374,264538.8874391,1040330,001,0,0,1,0.0,0.0,0.0,118.13107280302378,624.9663311461011,844.3409006969582,58.80265684763325,395.25709267518573,896.3404915131069,112.37049929239315,402.0456396442538,897.5618659600391,-121.87936017481958,561.0505513337409,716.2328635945265,-99.3948648425099,675.9154707738503,447.7514259123728,-138.63401739631672,633.7338511029667,326.4436710567357,-102.78005310883324,707.6323612219409,79.97459167184762,-46.19076392053141,649.696356775901,35.35133603829818,-56.452092125019966,905.8183978642543,120.90835982789028,237.03333072704686,528.0811835014232,670.2092267690149,190.37836499399168,499.96196038413854,402.1512934855275,219.2581283301187,434.56114175503194,313.2397241517093,141.13763623422366,352.88132602471984,68.9408245091973,88.64524777596424,287.8096682484445,43.45171954853929,112.3955407578401,549.4951253674764,55.145125299884754
independent_20260430_173541,trial_001,subject_001,1777541747.2877378,1777541747.2877378,264538.8972881,1040331,001,0,0,1,0.0,0.0,0.0,117.54855878077824,625.8480659800324,843.6615058388923,56.74314869705804,396.4652628874916,895.722992157308,110.23801444851459,403.03399900263423,896.9763052309848,-122.86614752286637,562.5952464435114,715.1075837980615,-99.33834194555693,676.791544735083,446.42559403494596,-139.2593386287755,634.9777131893964,325.1167634563548,-102.42971684983951,708.0952835357384,78.59806617463542,-45.997669726595795,649.6949686389447,34.90146573601596,-54.43443014361298,906.0025726746392,119.50155363630705,235.92717018114215,527.4062338189287,669.7904283077747,189.77523785293258,498.048007400932,401.73780125784475,218.63213454181889,431.95215493862634,313.47509266901557,141.08896136662818,348.2365894538377,69.28121368592544,88.52113494910003,283.444605206259,43.7288262471939,112.21562810305778,545.0405261157849,55.005781503197696
independent_20260430_173541,trial_001,subject_001,1777541747.3018317,1777541747.3018317,264538.910748,1040332,001,0,0,1,0.0,0.0,0.0,116.87786530616701,626.8815811986594,842.9819275237224,54.67161393889222,397.97260655412714,894.9819132025549,108.06346117975062,404.1168539955992,896.2170541724386,-124.03470363148142,564.5747930052282,713.9737055013699,-99.410614567542,677.4263243074693,444.8661258029913,-139.33750621093424,635.8816179204566,323.62550052896364,-102.2154876345967,707.8687170263818,77.04512107414305,-45.57875957351268,648.1510352398112,35.65252955617344,-52.343447426331544,905.4834763918309,116.81928570335197,234.73502702582178,526.833473427724,669.2597497598985,189.16430655034284,496.27084124195494,401.2771427671382,218.02924041827467,429.3327837905649,313.6320302737926,140.70775550427558,343.96662405861343,69.38483593593632,88.35309698758861,279.0580802675463,43.95007915287048,111.94127282656082,540.5987329822607,54.76383161444303
independent_20260430_173541,trial_001,subject_001,1777541747.308352,1777541747.308352,264538.9172717,1040333,001,0,0,1,0.0,0.0,0.0,116.08572292147485,628.0336595408954,842.2368492875632,52.441958194843394,399.4387876843212,894.1802928310831,105.8191211221271,405.35849501734594,895.5032848144514,-125.1990509338343,566.599504187133,712.7375256654007,-99.42978353987192,678.1601951627995,443.2107270217425,-139.65434090671067,636.4878880404947,322.1390299460047,-101.74053440167663,706.6579698329916,75.16753484962868,-45.49175709407878,645.5404291727946,36.03285745696309,-50.08710098541209,904.1770210939437,112.82421541414658,233.50746385089948,526.4729141630885,668.7606864223882,188.5157694037127,494.6839493150918,400.8089106808361,217.28794436184867,426.8200843467486,313.8375760288081,140.47342447710213,339.68498553244007,69.75066315505542,88.02328773660078,274.69320653623726,44.26124502569248,111.92598139692099,536.2298614223696,54.709253520005866
independent_20260430_173541,trial_001,subject_001,1777541747.3183472,1777541747.3183472,264538.9275608,1040334,001,0,0,1,0.0,0.0,0.0,115.21403883039449,629.2739140090636,841.4230105707882,50.16998781532507,401.0114819043363,893.2352413451964,103.64260836568086,406.6948589845851,894.7764546982356,-126.33953156402714,568.8340217606672,711.5192253701903,-99.41102354058756,678.9457789181879,441.4683616078036,-140.15667233729928,637.0830473147867,320.56052212019,-101.77397914021336,704.3804965390821,73.63711542918993,-45.729374867761216,641.8533583058658,36.35220761038298,-47.77065863334837,901.8710521889631,107.77165173258815,232.2040170777102,526.2846422180215,668.1922307985217,187.7937444404404,493.28759403546456,400.29917747173374,216.5866943106314,424.5365613908282,314.07886498208114,140.14977027466324,335.46427270280276,70.03987924191394,87.82422694641241,270.2167855778504,44.516240173817884,111.88017248473605,531.7667558257695,54.617347432988424
independent_20260430_173541,trial_001,subject_001,1777541747.3285902,1777541747.3285902,264538.9375664,1040335,001,0,0,1,26.984612140024275,632.4311812171795,847.4079318225054,114.22687636287912,630.6538852751924,840.6038333088927,47.83403456366682,402.93767745297504,892.3834598196191,101.45582514175737,408.12942537322004,893.9400573765259,-127.49631014280045,571.3130559031644,710.1487542202129,-99.25164632684421,679.9441720276498,439.5674508476532,-140.23754149449803,637.332095749251,319.06396987646025,-100.76139598339587,701.8273985539272,71.67195220695261,-45.624658556458044,638.2523102306361,36.697300551436946,-45.236862890966755,899.5688916986815,102.10259259426057,230.76635661981507,526.2627237175502,667.5643243209207,187.0186719953443,492.08997345047806,399.7941626338627,215.77194050720854,422.3391644310318,314.2743200629351,139.8329950463572,331.1208956357306,70.33628614523826,87.42989387544262,265.5438611552754,45.171854452467464,111.7622600643478,527.3718874305366,54.53772840834661
independent_20260430_173541,trial_001,subject_001,1777541747.3379316,1777541747.3379316,264538.9472036,1040336,001,0,0,1,25.87990910972426,634.3732978158168,846.4879794809476,113.14799036627335,632.1764347796221,839.7302746345291,45.31744125170381,404.7899692669177,891.4395150935082,99.00534978011274,409.7708489605767,893.1807913804267,-128.5035522134245,573.9802599837367,708.7302847936741,-98.67367666623475,681.0095890224515,437.5001989004513,-140.30192535274531,637.3922202249059,317.37976704603943,-101.1651140357564,699.6797129978921,71.43199646001118,-45.69860122384185,634.9642937699246,37.25239685628946,-42.991987558321426,897.8179417032495,95.76303278764266,229.28133020308184,526.4654309870438,666.8897719799595,186.30196046910373,491.24193216340336,399.14587655367427,214.90630768611337,420.39303165578525,314.43509149780596,139.59218211646467,327.0742716650713,70.79100660005209,87.52142045241868,261.4648527906031,45.365353270601474,111.52057245311269,522.9220200465653,54.36546980103617
independent_20260430_173541,trial_001,subject_001,1777541747.3476899,1777541747.3476899,264538.9573851,1040337,001,0,0,1,25.15532052838609,637.5569626695822,845.6451713835155,111.98462075713432,633.8005570035912,838.8524200115774,42.739132574550524,406.77705335921826,890.509130369755,96.5930096272626,411.4370718953239,892.2733721411262,-129.31736987544883,576.5820259640279,707.4273615079154,-98.01814650595244,682.2969815676754,435.5029314433625,-140.30233417992477,637.3195728267218,315.6948123678728,-100.97851057796592,697.5302499920715,70.03192396529433,-45.883923884094564,631.6345189095026,37.92639396131917,-41.56840501020102,895.6076771448026,89.90007582049687,227.71578293182938,526.8950365967014,666.1632364986946,185.34551306061462,490.55680533581716,398.4325201595406,213.93522444049745,418.6035683133962,314.60475991002465,139.19724782566553,322.8415589693961,71.11494969207452,87.53158238745117,257.05810631606784,45.785479804559266,111.41324062881485,518.6852926907752,54.19230255517158
independent_20260430_173541,trial_001,subject_001,1777541747.3577497,1777541747.3577497,264538.9672671,1040338,001,0,0,1,23.494685097416365,638.9288127170088,844.5505479977434,110.74936026627991,635.5247555397953,837.9738649861075,40.087716377932786,408.94945339270777,889.5426498867498,93.78815309535908,413.2494593649343,891.3171450181674,-130.143027170121,579.4867160885736,706.2211206647803,-97.85588965335857,683.4132665100811,433.46388788463327,-140.18236518667592,637.442338406507,314.17584927014957,-101.0123817023041,695.0839842663456,68.8848921816829,-46.1460746912355,628.2568162897439,38.5826490316805,-40.780117544346375,893.3693167730828,84.70166556523331,225.95668322230208,527.5209448544648,665.3682781179612,183.95267509095342,489.8067382022515,397.66516044340875,212.90669874930907,417.1080140392589,314.80738882693817,138.71271441321863,318.79799855569314,71.55094246781901,87.17543974951656,252.5394652817248,46.27366459858471,111.28710411946109,514.3291935462735,53.99809642172716
independent_20260430_173541,trial_001,subject_001,1777541747.3697472,1777541747.3697472,264538.9788457,1040339,001,0,0,1,22.15270209427466,641.2313729422447,843.61684050294,109.50489964442228,637.6235600503977,837.1599041424977,37.384070065266755,411.1113784621596,888.6724224609724,91.20136611877048,415.06800194154573,890.4243745432126,-130.92648629049518,582.1087676251681,705.3461948408052,-98.34060722853225,684.4613480241147,432.0632408455702,-140.1048375531834,637.9781443633601,312.93651432836054,-101.32045743686388,692.4493711622891,68.02375272328382,-46.3068660949247,625.0906579135967,39.579232201104574,-40.961925610283274,891.2533792637563,79.98996087214924,224.12824477962414,528.4329113572683,664.5459673682388,182.5212564346983,489.4920381864341,396.903258657548,211.74781135249071,415.82510723605657,315.0497383141484,138.35357006718067,314.7804551597185,71.97513545843096,87.26583787552119,248.45647254208285,46.69871183458709,111.21578047012787,510.04144953312976,53.87836711706361
independent_20260430_173541,trial_001,subject_001,1777541747.3805592,1777541747.3805592,264538.9894395,1040340,001,0,0,1,20.8045246799956,643.5603184480401,842.8776459080033,108.05828144407059,639.167851891469,836.3204160621517,34.65555349815288,413.2786029846066,887.9885046863313,88.55497225279014,416.95081011123506,889.52341858147,-132.0112958539397,584.9346498351337,704.8185217680589,-99.17188138649279,685.4421851511654,431.2600932941094,-140.30236271861932,638.8697746929071,311.9914394288507,-101.60280441913116,689.3769135607915,67.45860817488636,-46.73595796195364,621.7459831611446,40.49828250148702,-41.950419848634304,888.9772498562434,75.50899844405059,222.2047829766929,529.6071853177651,663.7558165385782,180.9759898047,489.5451213444981,396.2128720704245,210.38771353718667,414.78530233016807,315.42692389034863,138.05981621428313,310.94606838733824,72.6497657363206,87.2020110748081,244.2187419860357,47.44754423952962,110.95363592738079,505.672510660753,53.734475482959745
independent_20260430_173541,trial_001,subject_001,1777541747.3876028,1777541747.3876028,264538.9973668,1040341,001,0,0,1,19.434351563924796,645.9552645490905,842.3736172175542,106.64297584834372,641.1088576787465,835.6979321407429,32.08138644043128,415.4863967067257,887.3091772863677,85.97924081856071,418.8846243956409,888.6443146001999,-133.24929794850732,587.5123707186273,704.4727835839374,-100.21258241184866,686.9238596111987,430.7826808774484,-141.29756827299803,640.0185027345342,311.3600954431038,-102.34174338884323,686.2544886839012,66.77535550147053,-47.089299358780465,618.4674449905245,41.503534643745255,-43.3286136824078,886.612555460259,70.92368051291807,220.25919216592524,531.0235684564717,662.9696808143858,179.27483237769837,489.8596214508781,395.56333517948696,209.09065433152722,414.04916132834245,315.8670595160252,137.84572238472265,307.37663650977055,73.24552744558494,86.49088303451286,239.73593469775298,48.40458415556967,110.8238740684227,501.4545477457221,53.577856883435345
independent_20260430_173541,trial_001,subject_001,1777541747.3986008,1777541747.3986008,264539.0077053,1040342,001,0,0,1,17.9909735138844,648.2806922898461,842.219738949069,105.10674583203968,643.1466040329693,835.225901656914,29.748601638670532,417.70465399186503,886.6663643711526,83.62126323328322,420.8399366384213,887.9240797457852,-134.7006277790547,590.1993137644806,704.3512369743274,-101.4768297282156,688.8887810195428,430.18896443381345,-143.1476983428728,641.373747312164,310.9118025924913,-103.04783307143485,683.101573941035,66.31100083900817,-47.56816729876711,614.837757731243,42.43019883826557,-44.35939130797772,884.0425006941861,66.37040332898887,218.31829384158863,532.6146729301017,662.2838839008496,177.5412715790151,490.446870181106,394.9865184791862,207.62999112844957,413.4207190384846,316.47277087739343,137.14019385888005,304.2468678013518,74.1798156502806,86.27647769898869,235.63782348346507,49.65846700269541,110.43257743486684,497.4024241946872,53.3427788788235
independent_20260430_173541,trial_001,subject_001,1777541747.4117365,1777541747.4117365,264539.0206625,1040343,001,0,0,1,16.383013309356336,650.6241122263559,842.2429112870547,103.47282730052682,645.2120534723267,834.9487572691544,27.604167586663362,419.71762034496203,886.3260370639942,81.36037008749923,422.88226081370766,887.416708320311,-136.31387479859563,592.8235501636018,704.3915994651318,-103.23589524877406,690.8276735826614,429.60985351991206,-145.53938690894915,642.612273387234,310.64717399853924,-103.66477755413368,679.6270954679902,66.04318014014412,-47.94006005209337,611.2708949826115,43.19993204513821,-44.890482800145875,880.9099717661018,62.7676123688295,216.20467022913616,534.2706045593106,661.7509858745155,175.83293581171813,491.2957715537932,394.53581085151325,206.18979083556553,413.06580146633036,317.2885292294659,137.0462120806008,302.3032652757724,73.50038942092257,86.43310668052943,232.0069040404752,51.269509992128796,110.2778701343744,493.4278058820397,53.136738211770236
independent_20260430_173541,trial_001,subject_001,1777541747.4177542,1777541747.4177542,264539.0273211,1040344,001,0,0,1,14.639152516126803,652.8675349386274,842.4426546354595,101.68702583813274,647.44966157976,834.843409985586,25.317863493968602,421.83885700132925,886.0177447836368,79.21790151162924,424.7913439779988,886.7734414406829,-138.08632486748593,595.6520258062716,704.725202089745,-104.86797138157272,692.9234731035077,429.11086591544864,-147.83471199690385,643.6913131459511,310.6348940079267,-104.07428768992683,675.8582611449045,65.93551821035655,-48.60944210784309,607.3324032612564,43.71231094061231,-45.390349964000556,877.5750515611999,60.58169611561027,214.2317878771724,536.0540094657547,661.2934309064353,174.2375706038394,492.36348995704583,394.2500315736461,204.81188214005485,412.9458950864973,318.2722834277611,136.72856149605943,298.94569384052903,76.36728174477169,86.24039161838287,228.2174670203308,53.389105847580765,110.01610448714028,489.4760267075692,52.90837173898658
independent_20260430_173541,trial_001,subject_001,1777541747.4282587,1777541747.4282587,264539.0374698,1040345,001,0,0,1,12.702376183109278,655.0796119272646,842.8241517221271,99.71404619832595,649.6341368246583,834.9038782346137,23.35879308788402,423.78501093908886,885.9722650194119,77.23434262617467,426.83127466235857,886.6300982031025,-139.6890244133607,598.7292350444163,705.2257204293321,-105.96992740819832,695.0360355865977,428.6824960885217,-149.79466420370701,644.7994015098644,310.6714240896975,-104.58299385393208,672.0502432407126,65.93114167998804,-49.025119779495185,603.2858566897648,44.02294239232259,-46.16467155108995,873.8365387470728,59.41238711747564,212.16773045659383,537.9215908272508,661.0138280408449,172.8039611410297,493.7900320998455,394.09386398702867,203.47676251967582,413.0735657596226,319.36125411972256,136.11312849058496,295.18954554343736,78.95316123687843,86.10908900793267,224.7801385703676,56.03075994273272,109.8181172366323,485.8362289970437,52.677358624796234
independent_20260430_173541,trial_001,subject_001,1777541747.4382691,1777541747.4382691,264539.0472391,1040346,001,0,0,1,10.59720114824668,657.1954555932701,843.3660279836669,97.5877307822264,651.7726074534369,835.1093945554567,21.076639054011842,425.94273161851515,885.9306572094173,75.19131368775165,428.7823401803676,886.5187882083844,-141.28134036579337,601.9448116515816,705.7313566053716,-106.74734774775085,697.1780810872633,428.26847382502893,-151.52613204599413,645.9763751080806,310.9547085695299,-105.07395939708607,668.0234463633675,66.0295708848776,-49.52180766884399,599.1858574590061,44.25577820447401,-46.746620648053806,870.0056585529147,58.73011101663279,210.0048089101859,539.8736719185638,660.9333520414156,171.3368427933655,495.48807415761854,393.9601179407923,202.24760224394512,413.5488981276972,320.6892829830267,136.19575671744266,292.89056073082685,80.90420745488474,85.70886343712985,221.15635014027526,59.28106372616564,109.73953013142643,482.0674495615436,52.437653747645925
independent_20260430_173541,trial_001,subject_001,1777541747.4482672,1777541747.4482672,264539.0573071,1040347,001,0,0,1,8.36977887030743,659.1899156711423,844.0210407497304,95.35345903277417,653.8110710788598,835.5290683795697,19.072954924359284,427.8953732892296,885.9634843143319,72.94828012140684,430.7367159700336,886.4804004308381,-142.68497516103173,605.1398875585287,706.341755052397,-107.0998906722976,699.4401438588292,427.9362258022713,-152.99371272181446,647.2587909842332,311.2165590730167,-105.97033283083509,664.1116133273696,66.52075841468088,-49.96252917527364,595.149251669795,44.329628783363695,-47.02739031420802,865.9720417225249,58.26008313242905,207.87715238961596,541.9795011577844,661.0136151140027,170.00431843030913,497.67042431544473,393.976781173078,201.03308261823435,414.42359639015456,322.15779737468125,136.1044463342483,290.50690347372597,83.93342402036014,85.77113773023929,218.21515462124856,62.46455626847551,109.49803739740261,478.6518220275958,52.128753496283984
independent_20260430_173541,trial_001,subject_001,1777541747.4605365,1777541747.4605365,264539.0694463,1040348,001,0,0,1,6.1211148180343775,661.290934407576,844.7843289857642,93.11820092238811,655.7304028983298,836.1620559439123,16.734500531843842,429.8625249949456,886.15486371016,70.5247705070833,432.6165070826654,886.5576495649277,-144.23317153641526,608.127359868556,706.8150403856464,-107.05864061892042,700.9102043819297,427.42020497008974,-154.3992256505668,648.5340026531169,311.49968764427575,-106.2809518852351,659.9556476103771,66.89986784965596,-50.310198225035705,590.9817675765635,44.471421582621005,-47.321166414259295,862.0606133521009,57.92317041830251,205.67551382639226,544.0463670051503,661.265620388385,168.76293436492062,500.2631879979835,394.05830088695296,199.97205330093112,415.6197296362475,323.70783745268386,135.716265163617,287.69954923188857,87.14827777446328,85.75669953154078,215.1268168375247,66.12955263696331,109.42152850336946,475.17170571000355,51.83962555992004
independent_20260430_173541,trial_001,subject_001,1777541747.4680614,1777541747.4680614,264539.0773141,1040349,001,0,0,1,3.9465284635853606,663.3804606269965,845.6458322941268,90.9527237142307,657.5907042127118,836.9604527574447,14.059990594818805,431.93105178975526,886.4797475632354,68.0071464125161,434.43436831071836,886.9874746239946,-145.6718353513219,610.7439203401207,707.0392473651578,-106.89523488380345,701.7297144725986,427.1692301022051,-155.27970434019807,649.4244869320444,311.5963433558098,-106.24551464515218,655.9182363909285,66.98958641817428,-50.58984193553831,586.9612054547739,44.633844052364736,-47.574402935324635,858.0327513187268,57.61385268233994,203.64299726253077,546.1847828657419,661.7339673704624,167.83246692392612,503.3000278457005,394.2146824516767,199.05110689414622,417.215681724957,325.4942745516884,135.68105342435976,286.03400867479456,90.48669122057225,85.31678724585501,212.24030528080718,70.19981099129241,109.24965443785834,472.0194821399826,51.51214249954708
independent_20260430_173541,trial_001,subject_001,1777541747.4780622,1777541747.4780622,264539.0872677,1040350,001,0,0,1,1.9732007607370552,665.5382598183729,846.4716541622628,88.925387411042,659.3159350042032,837.8876792962634,11.259754689274757,433.8986258604595,886.8723432939623,65.24513221432933,436.1844586873762,887.4287201492382,-147.1950173209054,612.9806074573728,707.0961830408141,-106.73273874823327,702.6616153397645,426.8059352226342,-155.8287545158595,649.8304653616833,311.6564933795613,-105.67740559693641,651.6857383298905,66.90345906395494,-50.83205912728325,582.7287087381214,44.69815454709503,-47.76511643775109,853.9653760361832,57.32243064690294,201.5959454547971,548.2627064995537,662.372711693433,167.05586428972669,506.6887668168154,394.48917530599425,198.3130946481122,419.23189071523655,327.46485321516616,135.59123277581227,284.3899446064714,94.31113410858491,85.1786480571749,209.7836262518506,74.5458439195752,109.1075534697896,468.8953706614743,51.11605631922501
independent_20260430_173541,trial_001,subject_001,1777541747.4885411,1777541747.4885411,264539.0974094,1040351,001,0,0,1,0.16990443627995672,667.5409232544527,847.3777823641611,87.11177947864908,660.8636698307968,838.9922680084168,8.476150752336627,435.82147746578926,887.4273812077536,62.5925050332333,437.7690837017342,888.1804834562012,-148.5801376126814,614.5960896990582,706.9553123418603,-106.62429972518375,702.8680417455823,426.4623392532836,-155.99437499149053,649.1290964208665,311.62017283216016,-106.56555087610747,647.8307247822464,67.50596422414785,-51.10714110892398,578.5628340545574,44.71568540890233,-48.040071604796324,849.9844254181055,57.01255898637457,199.7578226926086,550.4550731435921,663.2042069976729,166.80863242738207,510.8456829738872,394.8801905277305,197.7269411654651,421.60952362567326,329.587388571831,135.41777469112182,282.96929733214733,98.37595269288173,85.1011095667195,207.6079683683157,79.55709128937517,109.14626634751198,465.95993645302974,50.631115979177984
independent_20260430_173541,trial_001,subject_001,1777541747.4975524,1777541747.4975524,264539.1071125,1040352,001,0,0,1,-1.4119239743529495,669.459556096464,848.2942806414957,85.47464184058576,662.275232696109,840.1531801082883,5.525603515109309,437.534472478285,888.0761751371622,59.38100589629193,439.2925444798639,888.7568547680327,-149.9143001360376,615.9904695396818,706.784400825727,-106.82295297180123,702.7637490731247,425.9443188126857,-155.9836811318265,647.3073734212389,311.4837946630718,-105.74252460843663,643.4883095421735,67.20365115561728,-51.27154896908278,574.4354155201426,44.777838109852716,-48.19294783297312,845.8479751632175,56.75591062049967,197.9985760188517,552.6803542409774,664.0830102975643,166.42109183328563,514.9620683786353,395.36473092277174,197.41134919338415,424.4671401704982,331.8913182786543,135.50851623817996,282.1986429639083,102.6810394778422,85.21249717559917,205.54598032179416,85.41525924653935,108.93351498516971,463.2453698842174,50.0851693977161
independent_20260430_173541,trial_001,subject_001,1777541747.5085533,1777541747.5085533,264539.1175773,1040353,001,0,0,1,-2.862526188078675,671.1950443536356,849.1599226569347,83.98838760809461,663.510079723394,841.3923174576508,2.454430527620282,439.2934844033251,888.8818474396996,56.41976420167568,440.609564973957,889.5528666435816,-151.25271700749434,617.1931662860044,706.655259638815,-107.42475936393072,701.9601712028488,425.39877046027544,-155.92168628093046,644.4439061211082,311.43690371917785,-105.74711454093519,639.2924420837975,67.36535381415622,-51.47649967350306,570.1978050880263,44.753154968518636,-48.33027852741036,841.7424078842041,56.678163178636154,196.49162087959647,554.9931990865041,664.9933548180662,166.42610080767196,519.8022572948286,395.86278427408354,197.20855588111496,427.78611512220175,334.295259381067,135.67880166521937,281.6751498413446,107.33897042884638,85.11736727783222,204.19642585054163,91.99604372086252,109.00840076724369,460.75765394289454,49.50098592552654
independent_20260430_173541,trial_001,subject_001,1777541747.5190682,1777541747.5190682,264539.128564,1040354,001,0,0,1,-4.13835497690266,672.7878501705508,850.0263046759381,82.67267265619563,664.4943002247213,842.6591095872458,-0.39710673623409104,440.76965381607744,889.7778419183763,53.60294933866912,441.7956025122193,890.508291497211,-152.48555410315834,618.2867994894585,706.7056353775458,-108.64425226057428,700.4728181817302,424.91565833269027,-156.03167165783233,640.8591668431588,311.3840972691969,-105.90360915216247,635.1224131101676,67.5294433847255,-51.739108613456786,565.9022950062907,44.8012378275116,-48.462793290764374,837.5239220949433,56.6194727501735,195.14424363877416,557.3212924759737,665.9919620049841,166.9398417712103,525.2491259894858,396.5446999505633,197.08714153692895,431.50487735067884,336.7458808643427,135.92757305062895,281.4495276024982,112.35489458603843,84.78489364738368,203.75090821852143,99.11629592146463,109.20073470632788,458.4905651669232,48.88051253186198
independent_20260430_173541,trial_001,subject_001,1777541747.5285716,1777541747.5285716,264539.1376437,1040355,001,0,0,1,-5.289496946336187,674.172733553386,850.8584200715273,81.42795009716103,665.3397318762778,843.8917144774313,-3.164255124851937,442.04178580234037,890.5074099040634,50.74563711330598,442.7285873344926,891.1029291301112,-153.76256064205427,619.3680220141721,706.8860054874435,-110.17949939277156,698.7892753109631,424.4874060661785,-156.21518389188972,637.0220212046115,311.27349297250606,-105.97979819521478,630.788917758228,67.59200972311186,-51.91624397999275,561.6893929994466,44.84000413981888,-48.65052097773723,833.3204487797377,56.52180574732399,193.98190840131824,559.7090461665995,666.9120796540759,167.11774101936925,530.618484926495,396.9768797611177,197.15769211875724,435.80406426010876,339.36277350096753,136.2372733298386,281.7047530283048,117.5440845872441,84.98148144476922,203.5218714130569,107.10386665010637,109.24151997319417,456.3130279715164,48.28991948313868
independent_20260430_173541,trial_001,subject_001,1777541747.5395837,1777541747.5395837,264539.1491356,1040356,001,0,0,1,-6.445615772112797,675.2966110298901,851.5494633335178,80.27678396621187,665.9995329218414,845.096560952292,-5.821716536239169,443.28389745796767,891.4429836616389,48.12298127217844,443.55627796986204,891.9769792874398,-155.12206080123855,620.3809770517822,707.1696366925808,-111.76471382139177,696.9976350223234,423.992397513381,-156.9785563858074,633.6241607746531,311.31770852646014,-106.18990267125503,626.5189642321761,67.63751550251689,-52.133120888203976,557.4198782892001,44.89577291321655,-48.86379926333824,829.1665056177746,56.43605540605653,192.9478558072365,562.1374517508563,667.8604679987006,167.69443534034698,536.5563642693215,397.635378981301,197.32949929787182,440.46563399999866,341.91508715348874,136.66662848697774,282.3715087740026,123.08294256090407,85.19967285112767,203.85859836479253,115.5923942314092,109.36058913160016,454.2027902881312,47.719919103998
independent_20260430_173541,trial_001,subject_001,1777541747.5475826,1777541747.5475826,264539.1574262,1040357,001,0,0,1,-7.523108009429589,676.1825969558885,852.2474106298226,79.14734696726981,666.5343214168234,846.1884669961203,-8.000318496505946,444.1660251470992,892.2137119260601,45.82681196547107,444.18304951737235,892.7763702856552,-156.40617536588377,621.0494145949722,707.4027577720393,-113.31095728042462,695.2373362085752,423.66710030161477,-158.15767846163263,630.7274375644882,311.2618286895404,-106.58477865310485,622.3606183087114,67.63606245282666,-52.41410418777922,553.2382809869741,44.99092826119285,-49.17157686267282,824.9651591606204,56.28968043812483,192.02932687416032,564.5837559923788,668.8508678188801,168.3235422286769,542.7335877920601,398.37507066211066,197.52676869262606,445.5339407329374,344.64327047148356,137.0086821001798,283.44090047372964,128.79507915215856,85.31606889563675,204.61315399143663,124.59957536695548,109.52183967709513,452.29195559190157,47.250230787410885
independent_20260430_173541,trial_001,subject_001,1777541747.5572727,1777541747.5572727,264539.1672096,1040358,001,0,0,1,-8.547435669722846,676.9367076361434,852.7800833138981,78.03582063189828,666.8856222040425,847.2145001496166,-10.150545740339936,444.92767083509875,892.8657979430824,43.644833607804344,444.66049252505286,893.356234947448,-157.79801101755646,621.4563233796612,707.5928402860789,-114.74635551198355,693.4928712636068,423.2728031827513,-159.5487482487003,628.6073101034933,311.16049344338745,-107.00960078205519,618.0559317581377,67.61126993013258,-52.77234551429307,548.9121947270814,45.005370724779965,-49.51018243558244,820.684543978939,56.13538701892519,191.31545071561828,567.0800337711665,669.8093451107624,169.02203051990406,549.1558278851977,399.17750528922323,197.7516259751339,450.9129337337079,347.3547998444804,137.53682007311383,284.8186671866294,134.8653407466464,85.17427644686694,206.26602817890486,133.9436876383777,109.85695918913359,450.54104122254233,46.762218834021134
independent_20260430_173541,trial_001,subject_001,1777541747.567676,1777541747.567676,264539.1773285,1040359,001,0,0,1,-9.653674523987014,677.3634981884569,853.2319581031435,76.89661853292019,667.1910037093317,848.1362456203424,-12.035768314926917,445.5207936817768,893.4399605162816,41.73806421088455,445.01790030069657,893.8823023000426,-159.14075475124199,621.6567270000874,707.66868938471,-116.0113161073997,691.8361956820991,422.7375796234001,-160.958251908822,626.8008736692473,310.88585970648523,-107.46400199568232,613.7994161791618,67.6934080682924,-53.29485112058433,544.6520152405161,45.13464164629365,-49.866206567233135,816.4565216583719,56.06773245857748,190.60681833907483,569.4053321125324,670.6701453581856,169.76251406859947,555.7549060121179,400.07789658829216,198.0656297095258,456.5425371243115,350.1678005791679,138.00648065788263,286.36127691889874,141.14265963105603,84.69319134558694,208.6744295100277,143.72548602422236,110.28051546759272,448.88245589220077,46.29534213419135
independent_20260430_173541,trial_001,subject_001,1777541747.5776756,1777541747.5776756,264539.1872972,1040360,001,0,0,1,-10.910873645176087,677.4448166000113,853.5883019496495,75.70971374742415,667.3055220637663,848.9070868659986,-13.942629786322183,445.8966536617933,893.913663933284,39.71485034145045,445.15406604558166,894.2667765975272,-160.4164870645028,621.4791542037467,707.6662146008648,-116.93164538362733,690.1697064080901,422.0599300884871,-162.3811037076679,625.1656621041519,310.65572936288476,-108.64809664824948,609.7326507782057,68.09519018321555,-53.38117780589333,540.4319462547687,45.21133444471273,-50.04232840895792,812.189089544751,56.02470312772183,190.02563194157472,571.6568343112351,671.6082062610909,170.56164122153658,562.3418513186217,401.07020051624926,198.31018084987315,462.22660446422304,352.9409491520483,138.25276834639962,287.8718281258458,147.24966815664212,83.69178654632859,211.76711189841905,153.61937006067723,110.6336794657437,447.6018483700333,45.77956376477874
independent_20260430_173541,trial_001,subject_001,1777541747.5876837,1777541747.5876837,264539.1974143,1040361,001,0,0,1,-12.129176787415625,677.7450401475575,853.8673552617814,74.42565314552306,667.4078121412166,849.5907721730139,-15.537367066762688,446.09426785543064,894.2331590218707,38.126143326991404,445.33579886563507,894.6742921616554,-161.67897584452052,621.2372669032824,707.6469375123505,-117.44127606115829,688.2990068290463,421.53540186848755,-163.54924643278125,623.4499162656859,310.3657012161161,-109.10603068626901,605.397777934361,68.02674642261196,-53.117300640561545,536.6230337988981,44.89490307373202,-50.34327158066888,807.9173586456411,55.97358631418356,189.44118561848705,573.8612919633712,672.5327611317467,171.4242487922438,568.9345611700537,402.1502238970918,198.50622861693694,468.0612463130978,355.683612843119,137.9588484109919,290.35303320917194,153.28604104976264,82.61679177203204,215.783672832388,164.0143076237398,111.21027163355119,446.4548846902264,45.31702228837122
independent_20260430_173541,trial_001,subject_001,1777541747.6005485,1777541747.6005485,264539.2096425,1040362,001,0,0,1,-13.489939394913979,677.7236384345465,854.0516585273095,73.09519940395313,667.4264816681819,850.2331576779504,-17.164547840968023,446.3138325271991,894.4865221302756,36.44941201202649,445.4355300771862,894.9854037093249,-162.7421622335225,620.6537161812314,707.5355545999405,-117.9838623879883,686.3083396378859,421.0774523005147,-164.42904237593422,621.1357194477581,310.12403791157,-109.29733452504864,601.0024422240838,67.99675356927824,-53.83777324890424,532.0751818437625,45.040007561999396,-50.612826094197,803.6329254179585,55.85752852092242,188.99374756158394,576.0555148020294,673.4708021438333,172.24119327072634,575.4410226563284,403.3118414395231,199.08576758078348,473.7149619109802,358.5990373615698,136.73252509556818,293.0924843904657,158.6140280091232,81.64476192770961,220.9922375682866,174.70661725070852,111.79311919705172,445.468058477669,44.76401705093644
independent_20260430_173541,trial_001,subject_001,1777541747.6075764,1777541747.6075764,264539.2172422,1040363,001,0,0,1,-14.847125746937651,677.7083845214606,854.2997303578559,71.77140697100617,667.3057987716207,850.8363857616627,-18.606162389952974,446.3273111846303,894.7586057046036,35.00538967498115,445.368773072533,895.284350742158,-163.81658675366745,620.1269638587083,707.4486882741961,-118.49090576637441,684.069014500518,420.6618720455796,-165.10162839373825,618.2453655316147,309.83066397833954,-109.54306642498983,596.7340293463159,68.00192416900516,-54.20880866077494,527.4135563076441,45.23652978475982,-50.71831344632847,799.2737841176521,55.75665427468398,188.67270038850813,578.3032669120437,674.5333619926806,173.04753911428827,581.9122234735954,404.6086058256526,199.28792612077783,479.4590148937647,361.3373222055806,135.88422646712107,296.02666068123045,164.50584973759993,80.29723848889982,226.78209183126572,185.02030686485202,112.33668839943428,444.6823775427626,43.963736401744505
independent_20260430_173541,trial_001,subject_001,1777541747.6178548,1777541747.6178548,264539.2274447,1040364,001,0,0,1,-16.16465598624636,677.6500948648916,854.5449078701794,70.46283848740252,667.193604134126,851.5344697288945,-19.985541323480337,446.2497857806823,894.9062104346326,33.722566111702335,445.19822697386996,895.5075618244373,-164.72923460458128,619.1145087444551,707.307529623509,-119.37554522172205,681.3134446859724,420.1626059665017,-165.65008707617622,614.7070372997522,309.621783125976,-108.93568419667774,592.2636442439062,67.5464881115525,-54.34019574415067,523.1343258513851,45.16706210251425,-50.920041696185,795.0233270989683,55.74022858846186,188.33624063027654,580.4738758931037,675.6434123607407,173.83727462523203,588.3007557848023,406.0846449901472,199.36358992852695,485.18756136573734,364.0527322647779,134.90279823538734,299.36474409487846,170.0543887448392,78.4453910092663,233.07243422186636,194.48468214478578,112.70575304928568,443.6707110018138,43.06398226988372
independent_20260430_173541,trial_001,subject_001,1777541747.62836,1777541747.62836,264539.2377434,1040365,001,0,0,1,-17.47532142860593,677.5112119582893,854.8657518010866,69.17860084827058,667.0987780700434,852.278003496828,-21.02140251679016,446.09835848051915,895.1167834750427,32.554750048002674,445.00796306995164,895.7331513991677,-165.63736293831124,618.0819258999778,707.158931053212,-120.59584824718388,678.3566241913866,419.6531002819954,-166.13711393876645,610.7230024231371,309.5903843266835,-109.78339840276112,588.0068178361557,67.8190406086071,-54.469270664906276,518.9486461049985,45.05105168805407,-51.21659251594928,790.6881972947843,55.67616523793284,188.07322741799726,582.585939430955,676.9077419293194,174.5938964009915,594.5491969848488,407.75078233570065,199.3551630115271,490.77177879315406,366.83377294751216,133.000828334379,302.94560523498194,174.9795149329258,75.88113084665133,239.56059725065614,203.26306862058547,113.79745530564864,443.3249093882861,42.715890288005625
independent_20260430_173541,trial_001,subject_001,1777541747.6383686,1777541747.6383686,264539.2472569,1040366,001,0,0,1,-18.708673484627724,677.3136062885994,855.2272800998659,67.94910311291535,666.9141710528759,853.085933693879,-22.26393044351893,445.9619124258212,895.4476727868042,31.43563886225134,444.79168047885565,896.0628679016721,-166.54272663849807,616.9028390741262,706.982393667742,-121.83522986526853,675.2920363714691,419.2856821447369,-166.42096352448434,606.5694105455339,309.3944961151667,-109.17322180978387,583.520490003793,67.44974266965535,-54.723156642937646,514.6248266043605,45.09921214273334,-51.33628995577491,786.2741218933824,55.62724693255309,187.8859169772687,584.6304735043818,678.20331355979,175.29267115629744,600.6250636507485,409.57747098648423,199.12601181400063,496.27037927744215,369.65039996334207,131.8230133592284,306.7721245188992,179.64452960812432,72.90530651946378,246.2361066716514,209.58655858825452,115.68726499246632,444.00742477285604,43.276913325864854
independent_20260430_173541,trial_001,subject_001,1777541747.6483693,1777541747.6483693,264539.2581425,1040367,001,0,0,1,-19.890384894215394,677.1057398619266,855.6802921967603,66.80702966644635,666.7325580316768,853.9741354919831,-23.2898618058609,445.6123841996571,895.735758914167,30.40091878531094,444.4517518905537,896.4266611479553,-167.39247464968054,615.5205317268034,706.8850213795868,-122.83021471763277,672.1278397150965,419.01001962958003,-166.86701343007175,602.4985690758011,309.3611383755455,-110.18039186122138,579.4071304617433,67.98580608937561,-54.88571423510476,510.22945800545085,45.23041670509556,-51.59298432748412,782.0959337364438,55.615808211054265,187.73135310180018,586.6035798372287,679.5982047815896,175.8510087100569,606.3371193076204,411.465871720778,198.85152966664924,501.55753009586994,372.4269426551518,130.0680569452272,310.6836186042082,183.64264081378215,69.67725978895903,251.7980242529255,213.0297935896959,117.77741048578928,447.1030118262452,44.95588627290137
independent_20260430_173541,trial_001,subject_001,1777541747.6582057,1777541747.6582057,264539.2676425,1040368,001,0,0,1,-21.03476529676917,676.6248509236614,856.1992417706538,65.71001402195108,666.4831862085323,854.9119435816714,-24.118700538810792,445.1612520828881,896.0833448301696,29.40659790091561,444.21034351520973,896.8173410140212,-168.13313883035417,614.0477865111953,706.7424798539896,-123.74872816807448,669.2482067338067,418.72243703507394,-167.3006917505522,598.6176376983874,309.2947021494461,-110.40572715046343,575.0509228554449,67.91061247053686,-55.065410611676725,505.88005070201535,45.21825056927086,-51.960392998450935,777.6918288156869,55.66314705995202,187.68020868273177,588.5674459989264,680.9935453960228,176.44212502611165,611.7966696458396,413.4339953536156,198.471142193636,506.50436094001657,375.1656416300921,128.39686323560244,315.2408579372122,186.82817845167068,66.42558861243452,256.81737259113186,214.73350151350334,119.36693983045407,452.50143957052103,48.48298129952971
independent_20260430_173541,trial_001,subject_001,1777541747.668206,1777541747.668206,264539.2774157,1040369,001,0,0,1,-22.061857053440693,676.3285540056115,856.6387904339905,64.6927452118825,666.1868659164758,855.8462261032549,-24.93066381370011,444.6375322097509,896.4713340439946,28.7159103348989,443.7014533782651,897.2719872309135,-168.8594865979271,612.3831692299044,706.6400571786405,-124.51044127326205,666.2884516253109,418.37861752023633,-167.83432758356423,595.1297374090839,309.2145209845534,-110.59309675806365,570.7351686485326,67.98669080938838,-55.45617483132172,501.53754851196913,45.275036649398615,-52.21561851783032,773.4425189180652,55.62466053257175,187.69793670433373,590.4885736307333,682.5966919696419,176.88439735858478,616.879152906978,415.3869230970408,197.9663700520064,511.23364197595265,377.58029146231104,126.76206687411913,320.5814293528698,188.9774093365128,62.912836578828724,262.52273094253945,214.81916675617467,120.91790072697496,459.64400903673925,52.70971763796258
independent_20260430_173541,trial_001,subject_001,1777541747.680514,1777541747.680514,264539.289484,1040370,001,0,0,1,-23.11404715134299,675.7580920306983,857.1168663637714,63.68399305981653,665.8630978664204,856.8091365849109,-25.58873860248964,444.1705712389406,896.9196470035098,28.07928731356315,443.29924444468287,897.941833009932,-169.51027003184907,610.7472712444097,706.5096517469876,-125.14894750295126,663.2098308740652,418.0836525660762,-168.37523869562318,591.9492531728904,309.15521900494946,-110.81910845739097,566.4320641589677,68.06109400635988,-55.57974560772065,497.18862620597696,45.38794716843547,-52.39837756739928,769.0883049389231,55.58567585565313,187.67821687925525,592.3040310239561,684.3422147141226,177.305149983373,621.7481812215983,417.29048785682994,197.2794060829827,515.6818463883438,379.6375850388553,125.1890851800501,326.6602710343685,190.05953135226022,59.96705820191165,268.7691912821194,214.10346847893757,122.60089037520737,467.88116202609,56.33348838628342
independent_20260430_173541,trial_001,subject_001,1777541747.6880655,1777541747.6880655,264539.2971107,1040371,001,0,0,1,-24.135198248084528,675.1011365872962,857.6196393869818,62.72552190570763,665.4605624401594,857.7837281193891,-26.15986580259681,443.6309762693567,897.4078984459743,27.348854741617952,442.71249174067884,898.3790214000422,-170.10149796088785,608.8768213871664,706.424906594875,-125.72503104804936,660.4047181080349,417.79853172987373,-168.91651850484618,588.8437059110126,309.13464962810104,-111.0462726638199,562.1400716810906,68.121048177003,-55.68571880157727,492.84745249670107,45.43836371952715,-52.54737275360443,764.7802197653377,55.640556218715,187.6734258947468,594.0034754001556,686.0734532216372,177.73303884393061,626.3642758188598,419.254151280843,196.675018171958,520.089321583007,381.3441753301731,123.66532270257176,333.15691683118905,190.48305375152444,57.5257435106613,274.7631491834058,212.6611846863033,123.80869707721354,476.6574632101865,59.29465670441321
independent_20260430_173541,trial_001,subject_001,1777541747.6980631,1777541747.6980631,264539.3074729,1040372,001,0,0,1,-25.074954194021316,674.4672406954668,858.0802376018956,61.80789906285057,664.9678827123508,858.7776390913871,-26.881886762519162,442.97992634784197,897.8362147879998,26.763813090063888,442.1996378136428,899.0880424408119,-170.63645672575038,607.0947312031675,706.3681641840286,-126.10130111704953,657.5238993576859,417.5258482425626,-169.30228281672544,585.6418178940463,309.09030725798846,-111.21113180798021,557.8917764386217,68.19359870586784,-55.343501384090914,488.7476264451247,45.302559383322546,-52.79312209204533,760.4573787086686,55.636616148328315,187.66725900068283,595.5802316581255,687.8002565486315,178.0636779842669,630.7668032420844,421.25062664562273,196.02366307662888,524.5388443747414,382.72486754124907,123.32044096757636,339.68468693005644,190.72371676530355,55.67229541607092,281.32022858040807,210.25299129855568,124.90340036631004,485.7351118152441,61.10653364365453
independent_20260430_173541,trial_001,subject_001,1777541747.7083092,1777541747.7083092,264539.3174269,1040373,001,0,0,1,-25.998547665727756,673.6136209913154,858.5641004770873,60.941290459438136,664.355249845177,859.7298943329592,-27.37187395775352,442.24446799387,898.2677172511997,26.263932357109276,441.4827590319515,899.6514052058943,-171.16443065660786,605.3768191519365,706.3712815323115,-126.47867217688147,654.40748237848,417.4130159445314,-169.64824141792997,582.1508414610136,309.2489968173716,-111.44535190886447,553.4068461738979,68.23541882024925,-55.91264246494256,484.2814854245633,45.54038387977258,-52.95473666796228,756.0884206001352,55.63334587261409,187.64890473984153,597.0226708820157,689.5324220410558,178.46899502839503,635.1644606105737,423.40576340720094,195.328189590895,529.0358001304213,383.60845937318686,122.07445100579716,347.15069619536285,189.1076178931447,54.501883000420555,289.0132937069236,206.57159220294199,126.55286895168948,495.2914567375929,62.35347788405661
independent_20260430_173541,trial_001,subject_001,1777541747.717827,1777541747.717827,264539.3274434,1040374,001,0,0,1,-26.804000134610497,672.9196746080285,859.0455569732006,60.11976045118532,663.7453942357154,860.6399792500281,-27.92797534697314,441.54308470435933,898.6845533088941,25.81696203884572,440.843494928695,900.3154971245951,-171.57630616567067,603.4305930319751,706.2911510126556,-126.98826382327718,651.2031435906293,417.252402804671,-170.0016765255028,578.4105497537894,309.29903255050283,-110.6786664930818,548.9686885887388,67.89751369936175,-56.10338133728564,480.00854083464276,45.68884292544416,-53.172051769662005,751.7036216525861,55.67690513093278,187.61623168457749,598.2765050394928,691.2090289017083,178.4617270129699,639.1323619154472,425.2456294914612,194.83782276866486,533.3983883748485,384.11427432639505,121.01812690929546,355.11226253028485,186.8084057545103,52.97832078152263,296.96101585394,202.15406634063518,128.6094951459099,505.9387340498707,63.47920473476819
independent_20260430_173541,trial_001,subject_001,1777541747.7283378,1777541747.7283378,264539.3374354,1040375,001,0,0,1,-27.519898976068294,672.3006402115963,859.5090417998678,59.37742078710916,663.0432039802294,861.5084042993556,-28.29187538681147,440.87804148862483,899.3087881811784,25.30378727536121,440.11363951918884,900.9150842032269,-172.05399626757628,601.649284373314,706.3100834932799,-127.61475720219673,647.7979122370319,417.0925926285211,-170.2758679902482,574.4938154529472,309.3930486638945,-111.71377736297711,544.7111971781534,68.43661251346849,-56.23617595548979,475.5572538354205,45.76521353297339,-53.39083951933158,747.3030775952543,55.702605446677595,187.61606325427744,599.2961380115073,692.7402579820287,178.66713862663218,643.1527219901466,427.2155480382338,194.39055421132954,537.8338481467965,384.31702012366577,120.20827179933072,363.3634440005314,183.655352355999,51.467145093283,305.54361627344196,196.53934515794072,130.8910673300574,517.1235390136234,64.29606373154623
independent_20260430_173541,trial_001,subject_001,1777541747.738335,1777541747.738335,264539.3474749,1040376,001,0,0,1,-28.197035876594878,671.3295031302222,859.81162092486,58.740438753110595,662.1931478634789,862.2803230994508,-28.790163310395467,440.0474259379507,899.7305495291287,24.862298359770257,439.29859222483043,901.4695451836329,-172.4610418812248,599.8352379761179,706.2649219131014,-128.28908932889325,644.1663961094829,416.86412940293087,-170.50722738033835,570.3205049306046,309.4349439186501,-111.10450609542106,539.9093271827605,67.89662280725975,-56.3927838049369,471.11129751959214,45.749972237059886,-53.52807839567993,742.9178962767944,55.69778715460461,187.6166653071406,600.1037063847343,694.23922004695,178.5302656450495,646.7220688887979,428.8907285714322,194.05637446860078,542.1565412878501,384.0858016511311,119.65405097115543,372.2269383371388,179.6805913178945,50.36579929438381,314.29887627316117,190.1233557460564,133.54512336526966,529.3413205131792,65.12596067900817
independent_20260430_173541,trial_001,subject_001,1777541747.7476695,1777541747.7476695,264539.3572678,1040377,001,0,0,1,-28.741910973991725,670.5345804387237,860.0915652391225,58.20278956374448,661.314213247849,862.9718522782024,-29.381936942641886,439.20304106163127,900.1400160846936,24.288808874372506,438.5809617765558,901.9699500823426,-172.85787652246128,597.906112782019,706.1968878959773,-128.89217747596354,640.2409856488092,416.6902581345165,-170.8342058035391,566.3410237344793,309.4313210697835,-111.85027677161229,535.5535027496763,68.17272252678822,-56.41378367595739,466.79402851789365,45.751596193861694,-53.930568371615614,738.4766872971253,55.78928937767786,187.6091985110675,600.6737796301178,695.6356491828064,178.6654067927721,650.2607199109708,430.70610077518927,193.84207112149505,546.4840504340737,383.5897941722442,119.4232022303018,381.61211892120036,175.08454999856443,49.72176221447157,323.7245055680979,182.72250397332186,136.16746040235705,542.0193497533206,65.73424803756554
independent_20260430_173541,trial_001,subject_001,1777541747.757669,1777541747.757669,264539.3675094,1040378,001,0,0,1,-29.224312788769556,669.4549331410333,860.3232208988384,57.7330323667529,660.4287428049151,863.567958560193,-29.7485836555645,438.27930387052527,900.5584724736041,23.858728999706,437.7057392421868,902.4930442081607,-173.13445038757675,595.9261188953258,706.1751067187325,-129.49452516097784,636.9632719525371,416.4007222447015,-171.13565873130878,562.3315492984019,309.3922848648841,-111.40511830684635,531.2608088789395,67.9819816210998,-56.72471257678861,462.33052854734206,45.86351609395592,-54.11467989467605,734.059603751548,55.82093233591846,187.68293837539392,601.0647029659061,696.9422637287886,178.68544232714314,653.4237571473204,432.3193454464993,193.74335784393114,550.6634227424692,382.66232943359125,119.3381866209007,391.47487023160943,169.65145779187,49.307512433362625,334.04953355349886,174.1445607973387,138.83527037858934,555.2559476554625,66.06615697766007
independent_20260430_173541,trial_001,subject_001,1777541747.7688265,1777541747.7688265,264539.3776901,1040379,001,0,0,1,-29.609634769536676,668.5111515527663,860.423918611576,57.30801516077768,659.4742356662958,864.0341219608109,-30.19252686187717,437.34179676843627,900.9379278701663,23.477811781102076,436.74854939779055,902.9933641667371,-173.4761437619988,594.0506012982145,706.1329313472121,-129.9567783224877,633.4607550099988,416.2116864821599,-171.46517265931317,558.493112207551,309.45102712672093,-112.26837010405609,526.7779584940657,68.22760072383521,-56.94444513147722,457.9303190912903,45.862526508374714,-54.36459581932831,729.6675427122378,55.836522019225285,187.78475620468723,601.2821971673272,698.2081250016727,178.68003952950164,656.2929429042192,433.83892803854036,193.7756346453247,554.8274700038173,381.4272312073014,119.54707455338827,402.04271487218404,163.8433946698638,49.32950179473827,344.6320575112264,165.34411338512885,141.64277121251234,568.862477713305,66.03312814776743
independent_20260430_173541,trial_001,subject_001,1777541747.7778459,1777541747.7778459,264539.3873812,1040380,001,0,0,1,-29.897579924858267,667.5458656702818,860.5125692476958,56.98791476132634,658.4990874771773,864.4496783779088,-30.44479479267096,436.373879353283,901.320763415512,23.05151609857197,435.85146245534605,903.4581691256227,-173.6752857986336,592.1279710372111,706.0758620619763,-130.38755867436583,629.6399135652416,416.0106425151916,-171.80334248634324,554.6292877383335,309.3890047217449,-111.93401480634881,522.294672034964,68.01764641549961,-57.085125482167996,453.7044800962357,46.064492240847976,-54.517157019434364,725.2057928031172,55.795777187231366,187.90717646490083,601.3386824587186,699.3465713362898,178.5906828649383,658.7317668309195,435.15359318036855,193.8988214043796,558.8959867027976,379.7824951737508,120.03341086368697,413.0041477429278,157.52011001865557,49.417979081973016,356.24482662590736,156.24168414972334,144.77234513003842,582.75694063883,65.43480943642956
independent_20260430_173541,trial_001,subject_001,1777541747.788845,1777541747.788845,264539.3980396,1040381,001,0,0,1,-30.215067263424768,666.4216058524447,860.5237431499603,56.68208232480266,657.448915199046,864.7848073677809,-30.80909881297748,435.50937572404735,901.6565923570597,22.80477281916838,434.8519020326196,903.9361373447815,-173.96778633551125,590.2411565089003,706.0533353058167,-130.7672428784804,626.2619887196224,415.80046409750554,-172.19288178381868,550.9302773586198,309.3584535562687,-112.69351816727873,518.2789512941868,68.44771699587545,-57.61500368474265,449.0687304988707,45.94757120416283,-54.816463942425926,720.9143779734768,55.81901577289348,188.08363495582662,601.2243774701783,700.3714018314049,178.78527911742535,661.1487145648215,436.577877422097,194.04942393823444,562.9470650619153,377.97409475113443,121.07835887402254,424.35009589013805,150.75631075595246,49.983350549780035,368.30978988539334,146.94001622034506,148.1318813402676,596.8459481874387,64.52770147851697
independent_20260430_173541,trial_001,subject_001,1777541747.8006039,1777541747.8006039,264539.409816,1040382,001,0,0,1,-30.178878410772732,666.0763353686388,860.5790903220383,56.38612112740643,656.4237737572057,865.0164796486756,-30.930895682830915,434.4386296818974,902.0508418973137,22.545744975726812,433.81728532820983,904.3428712197058,-174.11817849221478,588.1936922278353,706.0111506464996,-131.24094606548087,622.8734140303865,415.5448609655436,-172.57172390342944,547.3344443011791,309.3546174090183,-112.1684546339784,513.7855731708017,68.16239461633712,-57.47967987275259,444.15640560059825,46.0377176954399,-54.96498575769871,716.4537096641704,55.73321956357941,188.2872798457808,600.9983859949768,701.3160733519887,178.75150721722503,663.0213808782985,437.6707039231035,194.30404143099946,566.832781851318,376.0889005505798,122.22759223380686,436.05643686478066,143.84520297499472,50.89661467954503,380.9305387371317,137.43828979238856,151.75042873634493,611.2497177618524,63.6116265183907
independent_20260430_173541,trial_001,subject_001,1777541747.8073344,1777541747.8073344,264539.4173955,1040383,001,0,0,1,-30.4666906008786,664.9235442186173,860.4859789811982,56.11767250123569,655.4326644659797,865.2192774537193,-31.210474035653363,433.34187492282865,902.3840111865883,22.43503567546867,432.8137719425288,904.609112799623,-174.2969617320585,586.1294618583136,705.9541351042485,-131.61431306955237,619.4088767691021,415.2751086730203,-172.79799317005953,543.5107351011583,309.3303233123116,-113.2744055120333,509.51159753044874,68.51133637175138,-57.91646271834027,439.5407203732631,46.33577925862543,-55.22952009446023,712.117829432548,55.803200854421576,188.4647835236119,600.6234994913066,702.1105215086016,178.88296039920243,664.6608177560449,438.8154528624576,194.55272011650624,570.3550203677063,374.05500428315753,123.65903742272945,448.33892192802676,136.74470590762422,51.78825123351864,394.14895188418865,127.82296127570109,155.3137900064926,626.1082029292257,62.824368616308384
independent_20260430_173541,trial_001,subject_001,1777541747.817863,1777541747.817863,264539.4272916,1040384,001,0,0,1,-31.052910101884738,663.0033478696665,860.2447882163358,55.841140200713426,654.4248193063811,865.2937573573518,-31.158404945185918,432.3008260026872,902.6938480236652,22.375343060261187,431.8405399230912,904.9646338650026,-174.51313206357713,584.1969731846796,705.8308386569364,-132.0329626703098,616.0073584580557,415.0200827280377,-173.10299213678508,539.823574610875,309.3586292232713,-112.65663309526829,505.0225507053507,68.13798331004304,-57.98036326284451,435.2437683327578,46.1990257345053,-55.38789939265553,707.8052419939173,55.76895689512942,188.6133233145376,600.1307133230438,702.7674928965421,179.3004248134947,666.0442123608406,439.93505384764296,194.74886515827944,573.8403079031276,372.0369074222606,125.25688505158617,461.11129481450894,129.64167615084307,53.282006658991065,407.8845082958265,118.1614092951821,159.02048583875026,641.123025701368,62.20113971854175
independent_20260430_173541,trial_001,subject_001,1777541747.828369,1777541747.828369,264539.4373186,1040385,001,0,0,1,-31.365970798422673,661.8188897725133,859.988307930351,55.542094408215334,653.3878026508199,865.2956950048118,-30.963760987988834,431.22783701172733,902.9418496874156,22.487752690855398,430.76512144672074,905.3199120942522,-174.72815304019832,582.1891524213066,705.7296016231296,-132.46824663900708,612.7018621157545,414.7703254977285,-173.3367338430249,535.8790749362324,309.2682606078531,-113.52094476106952,500.43555289092444,68.3208613692407,-58.29315327915131,430.8362092049039,46.22422360888101,-55.747071533230645,703.3807751047168,55.794324503886216,188.6877400570273,599.488468710737,703.3350656064604,179.4113953003689,666.8860439005252,440.7165812913341,195.0857238265662,577.284111940989,369.8451175070665,127.06510224444659,474.1389394439851,122.61089279673388,55.04059116814778,422.2779223606432,108.63162477649249,162.64104955951728,656.3318055777506,61.71806455272699
independent_20260430_173541,trial_001,subject_001,1777541747.8378694,1777541747.8378694,264539.4472708,1040386,001,0,0,1,-31.722470052968763,660.5745939117824,859.7581787755555,55.18503023293842,652.379151622376,865.2005495697263,-31.12893325871203,430.10266407157553,903.0721092416588,22.45973497458409,429.8850201278129,905.5247821258804,-174.82999804047284,580.1027945028118,705.5903673628899,-132.93319885705301,609.5113845495481,414.4771657120071,-173.65660914062548,532.1622818371784,309.27226924029833,-113.0431777406084,495.8623912375728,68.00535153456997,-58.43833681735759,426.5349117638921,46.198288526177,-55.93570881312764,698.9234297088915,55.73625838178894,188.87162439466215,598.8142534133997,703.7718276942261,179.8585988798617,667.7873280277568,441.5755860229568,195.55992800890087,580.7231643638522,367.38528745320997,129.15305995481634,487.6225405671808,115.88031329023082,56.721272360935544,436.55210697210276,99.78955470031053,166.18705343503734,671.656035938275,61.248518994791155
independent_20260430_173541,trial_001,subject_001,1777541747.8518667,1777541747.8518667,264539.4609174,1040387,001,0,0,1,-32.123513699108926,659.3598662466632,859.4642183362745,54.8206710085948,651.47440158748,865.0459230322047,-30.845755163321478,429.0952871797047,903.2357401704766,22.65114103154701,428.87932352724926,905.7127159267077,-174.91193876092785,578.0269640188017,705.4333486396373,-133.2868616143427,606.0901779110501,414.1231523563648,-173.7635355326598,528.4516948412878,309.2406178148501,-114.03936935588204,491.6299836107747,68.41994010824627,-58.67531988653793,422.0016167166042,46.245533071182656,-56.12023136822597,694.5646229794038,55.71934496975189,189.10370638100636,598.0943047705176,704.1346561502287,180.03739862878155,668.3357948114907,442.0518173221473,196.37151050593857,584.3204005422004,364.85536712992666,131.29521380089358,501.4066486424385,109.54924797387731,58.500917196032745,451.5582389302262,90.86399287146953,169.63311514277177,687.1391094261521,61.1417767575998
independent_20260430_173541,trial_001,subject_001,1777541747.8581824,1777541747.8581824,264539.4674455,1040388,001,0,0,1,-32.262397601927496,658.9280670428493,859.1935505228182,54.4428576077495,650.569835912498,864.8460245238326,-30.717868225721908,427.9977024981593,903.4875896285466,22.89347579095313,428.0147579456362,905.9842681301076,-175.0700815582817,575.8918641410805,705.2901461479792,-133.66354570864684,602.8965888213513,413.8423956665054,-174.02824100099375,524.6878659288578,309.1321551403691,-113.52645966007407,487.140922095148,68.12000362920143,-58.881182022939655,417.51912901908474,46.29667198670301,-56.30046667487233,690.144529401574,55.653128363120864,189.4106912449637,597.297431133659,704.4121684032486,180.50161573996039,669.0202483335257,442.6404902180592,197.40384412545382,588.0938241305793,362.2342704341328,133.59902647857706,515.3397082832528,103.39856338715337,60.58061861505455,466.60735500947385,82.83998361109076,172.8616519967978,702.5840763443874,61.41871979882643
independent_20260430_173541,trial_001,subject_001,1777541747.870469,1777541747.870469,264539.4795747,1040389,001,0,0,1,-32.99155679096749,657.1295875939614,858.7777175059289,53.99771372370692,649.786265075926,864.5717621213063,-30.252725157158668,427.02039411392326,903.5645670968958,23.138983160791756,427.130582298043,906.007041143935,-175.25604989653294,573.8823999360029,705.1335421177279,-133.85271526137342,599.8116954206727,413.44442921679064,-174.15516145698462,521.1781903375376,309.13261381527593,-114.21075360725759,483.0503789122944,68.45462616102301,-59.15882880487996,413.3055109051279,46.21585326793116,-56.612017572544644,685.704646161054,55.68224087513411,189.61464723003985,596.3508104976403,704.6036417015854,180.85952260308187,669.4986930547439,443.03575983717195,198.61242047667236,591.8959193857474,359.676755862229,135.9024557808887,529.4217203554114,97.80894839350789,63.02916236652161,481.8802631288125,75.69861571450174,175.65666268006441,718.0742215593066,62.28630068023703
independent_20260430_173541,trial_001,subject_001,1777541747.8782263,1777541747.8782263,264539.4873893,1040390,001,0,0,1,-33.13209570109348,656.7800862531639,858.4782151940715,53.62265547751706,648.9873237981052,864.2975977981594,-30.06326349734129,426.0749013368384,903.7266903579213,23.305835855551738,426.36906417478343,906.0808710666658,-175.4355721026503,571.8525872833656,704.9555709152529,-133.99648670732873,596.5481745536623,413.064901278316,-174.3548598999638,517.5758935878848,309.1008905352627,-113.55416756694254,478.62409313009414,68.15658940708796,-59.339915905956666,408.8831329537572,46.253347035887806,-56.74213136695729,681.1731324591411,55.611123329605356,189.9221455208903,595.372606861217,704.7117797925437,181.15213939945713,669.7865196434285,443.2327499327908,199.68129487339965,595.9034821614151,356.92694279213896,138.7584981963257,543.4287345110051,93.00373543379793,65.63106601125416,496.7833575365382,69.05602757098933,178.09635084241629,733.4517069957797,63.6617544563122
independent_20260430_173541,trial_001,subject_001,1777541747.8882282,1777541747.8882282,264539.4975053,1040391,001,0,0,1,-33.837172100312095,655.1212527090568,858.0765017269973,53.27275691074894,648.2028965729145,863.97336827131,-29.777902154100122,425.11456862317385,903.7297805435576,23.741727610461634,425.62317085219104,906.1845045012345,-175.43110696394442,569.7661671201591,704.7211189250938,-134.24465196025545,593.5098539855385,412.7770162522164,-174.52376218675084,514.0537939509037,309.0998973017523,-114.31407334089292,474.14619409674646,68.56748443383482,-59.5392147551913,404.4396594190929,46.22687513449072,-56.938294694781376,676.8739279198088,55.60519729471014,190.28042311927013,594.3707151492303,704.7190800020921,181.68800235447458,670.3589392518853,443.7167093152246,200.71009577610502,599.8352609892236,354.8349286737434,141.43863044408232,557.5446487041309,88.63997345849965,68.64542799836437,511.3030420302614,63.26118086127765,180.0853845581685,748.6067237298607,65.52627008432091
independent_20260430_173541,trial_001,subject_001,1777541747.8995957,1777541747.8995957,264539.5084603,1040392,001,0,0,1,-34.20913347057589,654.1711441576081,857.630209299373,52.91062063355649,647.5817804588776,863.6306319487279,-29.291326492978104,424.27767799081016,903.7710993918836,24.14447219460353,424.8438122010214,906.2374123390862,-175.4940261846119,567.6698170528665,704.4926228188327,-134.53339330734627,590.3738288372242,412.494369091665,-174.65764400956067,510.40931188597466,309.10492882287383,-114.0697851007132,469.68011672986466,68.20323579360523,-59.677489681559635,400.00027606699746,46.32049022898967,-57.16484794391861,672.3675346578397,55.53242002000971,190.641210559844,593.3772444824643,704.6625237781855,181.97279550052713,670.7949107809856,443.9885408474311,201.84643147501356,603.8470719869289,352.9581964602982,144.1083058069147,571.3106111330295,85.04707313654603,71.72616549422536,525.6236124978874,58.27029068920568,181.5400646514608,763.3646771922713,67.70678955528253
independent_20260430_173541,trial_001,subject_001,1777541747.9081254,1777541747.9081254,264539.5171886,1040393,001,0,0,1,-34.52800986839078,653.2417926301418,857.256567893147,52.628235022856565,646.9834520748565,863.258408542918,-28.839356199776574,423.4571396223564,903.753966293026,24.491636317053718,424.28311021575405,906.1189483734179,-175.54821337369407,565.8556271277808,704.2766142504039,-134.83536289973776,587.1893785123849,412.18793871802245,-174.86001066856412,506.8492655181277,309.1050462617589,-114.91542008946728,465.46913342889894,68.67997736303215,-59.964866145577936,395.4641809938592,46.29477374336,-57.42125271714761,667.9488061752868,55.520251071930865,191.10613408744973,592.4554268659052,704.5733825675334,182.48950705846556,671.5636602816874,444.53420697561137,203.1460608517276,607.8743773191821,351.3648248347969,146.8398871858533,584.8703621501128,82.10927127706813,74.94372834759682,539.4452523325714,54.0738055309179,182.57292908623285,777.751555625054,70.15651758624134
independent_20260430_173541,trial_001,subject_001,1777541747.9181318,1777541747.9181318,264539.5274691,1040394,001,0,0,1,-34.801372401266256,652.2869004207511,856.8894661136247,52.39891732366553,646.4033637203028,862.8546930954781,-28.356517656402936,422.66419635948057,903.6902939956784,25.072415358287234,423.60262115534243,906.0048783057658,-175.58224366424733,564.2063066705464,704.1116576655699,-135.15461500639407,584.1354715222596,411.84789598714224,-174.84634868562102,503.153715887537,309.14525975015454,-114.21031938568184,460.8772875783498,68.21912194113669,-60.01549640232669,391.10352343146957,46.41521058396473,-57.67093423259055,663.5056772203608,55.46766038447239,191.52909689987825,591.5864760184297,704.4623872465922,182.72346113896194,672.1822507438833,444.8344295046882,204.39795527758056,611.8655984535051,349.9846243198861,149.49203682280003,597.8981626032354,79.89168075628243,77.94836860895931,552.9959497357131,50.34797102685493,183.42305320956302,791.5716802446932,73.01095825167559
independent_20260430_173541,trial_001,subject_001,1777541747.928458,1777541747.928458,264539.5376648,1040395,001,0,0,1,-34.97292211967275,651.640135695491,856.4884868335154,52.25761337886768,645.8826799228207,862.487216922471,-27.828059674984477,421.9295236586877,903.6490171786049,25.4694155544226,423.0463864622006,905.8267579050776,-175.4800585148493,562.251213434895,703.9093077186049,-135.27212192321443,580.9136244240915,411.53340368088595,-175.0557213510712,499.6550900838779,309.17639574837676,-115.00099770724167,456.495531597884,68.65776937887462,-60.28915030793032,386.596751850386,46.5621145981889,-57.799324482275765,659.1001314322946,55.45527781939434,191.78633036146056,591.262502545308,704.2315287324276,183.11047014813803,673.1025807393116,445.39545109117523,205.84256283741354,615.957767696181,348.853721644303,152.0205392983517,610.4591386212264,77.95326496857973,81.35429946124265,565.1915256273296,47.48490161527134,183.97138533251152,804.747247999212,76.11356801937666
independent_20260430_173541,trial_001,subject_001,1777541747.9374652,1777541747.9374652,264539.5471919,1040396,001,0,0,1,-35.10965948563192,650.8561450812421,856.1001262014161,52.15504492540175,645.3923263418772,862.0945618467088,-27.332193913389034,421.276201039244,903.5088352114219,26.042699806413054,422.51102254193745,905.8256085980512,-175.31064553428843,560.5710027008507,703.6663631130806,-135.30714611841435,577.8955854068179,411.25194940250043,-174.9712955496755,496.0806040737719,309.1682215374462,-114.45798127184626,452.0933576412654,68.3895492690437,-60.4365636906204,382.1965787752798,46.50232043705032,-58.033876438442455,654.695330229444,55.4212901893925,192.28897753924383,590.796218227029,704.1054272874363,183.25620927969373,673.876495330179,445.6877384414327,207.82220068805313,619.9760065067128,348.1215371065604,154.5723955850882,622.5424042550175,76.63533906595407,84.20289667401792,577.4950139094547,44.87264059930312,184.50602454961412,817.1636011559121,79.69188109757799
independent_20260430_173541,trial_001,subject_001,1777541747.9491172,1777541747.9491172,264539.5579809,1040397,001,0,0,1,-35.18769908315675,650.1568025101411,855.7669501255928,52.092836432018586,644.9793636146478,861.6755417487594,-26.601497626672824,420.5995567401572,903.361660974979,26.562685185730096,422.08481999397264,905.5464732439381,-175.18023121154155,558.9401870757423,703.4253875861341,-135.35572889341375,574.8745075935883,410.9512899068109,-175.0278071559722,492.6527179506932,309.3191464726167,-115.27430246076256,447.7369873148748,68.72282245964445,-60.65821271362626,377.8510800427176,46.619265719460245,-58.28115642726885,650.3665721607355,55.416474917120304,192.7171274658884,590.5085099829638,704.0212303465835,183.5442008439263,674.9380777735264,446.1831193791361,209.1019536703876,623.9626191286602,347.1626420069938,156.9316052508505,634.0784255188777,75.65853260887617,87.09744181809248,589.1748841685591,42.406277616152245,184.95158580319944,828.8888324170392,83.77204882326808
independent_20260430_173541,trial_001,subject_001,1777541747.9627194,1777541747.9627194,264539.5716315,1040398,001,0,0,1,-35.21920826616787,649.4107599542895,855.404628272801,52.08308826068007,644.6197821769238,861.2764285523142,-26.034362183204365,420.09875412525616,903.1615519917225,27.29264458621121,421.60258293139543,905.2925513796561,-175.0089882165933,557.4307724968805,703.2750142647272,-135.38776138615697,572.0506611669766,410.65525072444626,-175.0107449022571,489.3033528461437,309.3006026991375,-114.69683883885867,443.2792064986809,68.50756048717264,-60.91469846804155,373.44196239601945,46.658391128925416,-58.45917736309357,645.9827624058945,55.33013756917339,193.19132638868908,590.4664816019733,703.9186447741989,183.6297815152891,675.8186182889839,446.33708001552253,210.49405104805672,627.8313969609927,346.5146001066142,159.11756121038013,645.0090623492254,74.97450932350863,89.87165547414088,600.3365323572255,40.36559083377505,185.1594386676044,839.8602122546534,88.11235833404834
